StockCode,description,product_category,rank_revenue,total_revenue,cumulative_revenue_pct,abc_class,sku_count,cumulative_sku_count,cumulative_sku_pct
22423,REGENCY CAKESTAND 3 TIER,Kitchen & Tableware,1,95134.625,1.3122686149037956,A,1,1,0.02554278416347382
47566,PARTY BUNTING,Other,2,66027.24,2.223035591498495,A,1,2,0.05108556832694764
85123A,CREAM HANGING HEART T-LIGHT HOLDER,Home Decor,3,61307.195,3.0686951803841076,A,1,3,0.07662835249042146
85099B,JUMBO BAG RED RETROSPOT,Bags & Packaging,4,47772.21,3.7276558043167007,A,1,4,0.10217113665389528
22086,PAPER CHAIN KIT 50'S CHRISTMAS ,Christmas,5,37507.455,4.245026383340021,A,1,5,0.1277139208173691
84879,ASSORTED COLOUR BIRD ORNAMENT,Other,6,36728.655,4.751654345810356,A,1,6,0.15325670498084293
23298,SPOTTY BUNTING,Other,7,34205.375,5.223476672050827,A,1,7,0.17879948914431673
79321,CHILLI LIGHTS,Other,8,33013.13,5.67885340138296,A,1,8,0.20434227330779056
22960,JAM MAKING SET WITH JARS,Other,9,30796.14,6.103649399498088,A,1,9,0.22988505747126436
22720,SET OF 3 CAKE TINS PANTRY DESIGN ,Home Decor,10,28418.85,6.495653519203808,A,1,10,0.2554278416347382
23084,RABBIT NIGHT LIGHT,Other,11,28020.335,6.882160600086193,A,1,11,0.28097062579821197
20725,LUNCH BAG RED RETROSPOT,Bags & Packaging,12,27816.055,7.265849882163436,A,1,12,0.30651340996168586
22112,CHOCOLATE HOT WATER BOTTLE,Other,13,27165.9,7.640571051933276,A,1,13,0.33205619412515963
23284,DOORMAT KEEP CALM AND COME IN,Other,14,26761.15,8.009709178495847,A,1,14,0.35759897828863346
23203,JUMBO BAG VINTAGE DOILY ,Stationery,15,25559.745,8.362275356881941,A,1,15,0.38314176245210724
23355,HOT WATER BOTTLE KEEP CALM,Other,16,24610.915,8.701753557784768,A,1,16,0.4086845466155811
22457,NATURAL SLATE HEART CHALKBOARD ,Home Decor,17,24200.985,9.035577263562319,A,1,17,0.4342273307790549
22114,HOT WATER BOTTLE TEA AND SYMPATHY,Kitchen & Tableware,18,23770.805,9.363467149631646,A,1,18,0.45977011494252873
22386,JUMBO BAG PINK POLKADOT,Bags & Packaging,19,23508.49,9.687738713331822,A,1,19,0.48531289910600256
22726,ALARM CLOCK BAKELIKE GREEN,Other,20,23302.335,10.009166614839545,A,1,20,0.5108556832694764
22699,ROSES REGENCY TEACUP AND SAUCER ,Kitchen & Tableware,21,23058.045000000002,10.327224827341453,A,1,21,0.5363984674329502
22727,ALARM CLOCK BAKELIKE RED ,Other,22,23032.055,10.644924538810734,A,1,22,0.5619412515964239
22910,PAPER CHAIN KIT VINTAGE CHRISTMAS,Christmas,23,22976.370000000003,10.961856142161428,A,1,23,0.5874840357598978
23245,SET OF 3 REGENCY CAKE TINS,Kitchen & Tableware,24,22904.34,11.27779417762523,A,1,24,0.6130268199233717
21931,JUMBO STORAGE BAG SUKI,Bags & Packaging,25,22748.155,11.591577827410648,A,1,25,0.6385696040868455
22411,JUMBO SHOPPER VINTAGE RED PAISLEY,Stationery,26,22104.13,11.896477920922903,A,1,26,0.6641123882503193
20685,DOORMAT RED RETROSPOT,Other,27,21708.385,12.195919184456011,A,1,27,0.6896551724137931
82484,WOOD BLACK BOARD ANT WHITE FINISH,Other,28,21667.435,12.494795591610274,A,1,28,0.7151979565772669
22139,RETROSPOT TEA SET CERAMIC 11 PC ,Kitchen & Tableware,29,21299.325,12.788594360629816,A,1,29,0.7407407407407408
22697,GREEN REGENCY TEACUP AND SAUCER,Kitchen & Tableware,30,20575.25,13.072405379160653,A,1,30,0.7662835249042145
22178,VICTORIAN GLASS HANGING T-LIGHT,Home Decor,31,20405.145,13.353870002225717,A,1,31,0.7918263090676885
22138,BAKING SET 9 PIECE RETROSPOT ,Other,32,19927.925,13.62875194492173,A,1,32,0.8173690932311622
22666,RECIPE BOX PANTRY YELLOW DESIGN,Home Decor,33,19469.75,13.897313910294729,A,1,33,0.8429118773946359
48138,DOORMAT UNION FLAG,Other,34,19194.135,14.162074095671256,A,1,34,0.8684546615581098
22469,HEART OF WICKER SMALL,Home Decor,35,19072.260000000002,14.42515316087265,A,1,35,0.8939974457215836
23199,JUMBO BAG APPLES,Bags & Packaging,36,19047.945,14.68789682966741,A,1,36,0.9195402298850575
22111,SCOTTIE DOG HOT WATER BOTTLE,Other,37,19034.875,14.950460213410363,A,1,37,0.9450830140485313
82482,WOODEN PICTURE FRAME WHITE FINISH,Other,38,18948.3,15.211829398349932,A,1,38,0.9706257982120051
20727,LUNCH BAG  BLACK SKULL.,Bags & Packaging,39,18945.605,15.473161408980808,A,1,39,0.996168582375479
22383,LUNCH BAG SUKI DESIGN ,Home Decor,40,18783.14,15.732252408828066,A,1,40,1.0217113665389528
22197,POPCORN HOLDER,Other,41,18644.989999999998,15.989437794298341,A,1,41,1.0472541507024267
22961,JAM MAKING SET PRINTED,Other,42,18555.735,16.24539201356364,A,1,42,1.0727969348659003
22090,PAPER BUNTING RETROSPOT,Stationery,43,18420.81,16.49948510347813,A,1,43,1.0983397190293742
20728,LUNCH BAG CARS BLUE,Bags & Packaging,44,18253.725,16.751273455222666,A,1,44,1.1238825031928479
84946,ANTIQUE SILVER T-LIGHT GLASS,Other,45,18002.33,16.999594112965745,A,1,45,1.1494252873563218
82494L,WOODEN FRAME ANTIQUE WHITE ,Other,46,17980.24,17.247610065521798,A,1,46,1.1749680715197957
21621,VINTAGE UNION JACK BUNTING,Stationery,47,17627.395,17.49075894240035,A,1,47,1.2005108556832695
82486,3 DRAWER ANTIQUE WHITE WOOD CABINET,Other,48,17467.899999999998,17.731707776100784,A,1,48,1.2260536398467434
23209,LUNCH BAG VINTAGE DOILY ,Stationery,49,17372.595,17.971341991066517,A,1,49,1.251596424010217
23201,JUMBO BAG ALPHABET,Bags & Packaging,50,17369.185,18.210929169151864,A,1,50,1.277139208173691
85099C,JUMBO  BAG BAROQUE BLACK WHITE,Bags & Packaging,51,17260.85,18.449021995202973,A,1,51,1.3026819923371646
22722,SET OF 6 SPICE TINS PANTRY DESIGN,Home Decor,52,16743.025,18.679972043369446,A,1,52,1.3282247765006385
21181,PLEASE ONE PERSON METAL SIGN,Home Decor,53,16705.245000000003,18.91040096152389,A,1,53,1.3537675606641124
21754,HOME BUILDING BLOCK WORD,Home Decor,54,16497.275,19.137961181726965,A,1,54,1.3793103448275863
48187,DOORMAT NEW ENGLAND,Other,55,16394.09,19.364098087999608,A,1,55,1.40485312899106
23206,LUNCH BAG APPLE DESIGN,Home Decor,56,16378.655,19.590022086867922,A,1,56,1.4303959131545338
21137,BLACK RECORD COVER FRAME,Other,57,16364.369999999999,19.81574904120945,A,1,57,1.4559386973180077
22470,HEART OF WICKER LARGE,Home Decor,58,16324.605000000001,20.04092748483291,A,1,58,1.4814814814814816
22326,ROUND SNACK BOXES SET OF4 WOODLAND ,Bags & Packaging,59,16198.945000000002,20.264372598723387,A,1,59,1.5070242656449553
23202,JUMBO BAG VINTAGE LEAF,Stationery,60,16037.645,20.485592771614897,A,1,60,1.532567049808429
15056N,EDWARDIAN PARASOL NATURAL,Other,61,16025.425000000001,20.706644384190177,A,1,61,1.5581098339719028
22835,HOT WATER BOTTLE I AM SO POORLY,Other,62,15925.64,20.926319581777346,A,1,62,1.583652618135377
21175,GIN AND TONIC DIET METAL SIGN,Home Decor,63,15693.210000000001,21.142788684904566,A,1,63,1.6091954022988506
20712,JUMBO BAG WOODLAND ANIMALS,Bags & Packaging,64,15647.775,21.358631066430494,A,1,64,1.6347381864623245
22698,PINK REGENCY TEACUP AND SAUCER,Kitchen & Tableware,65,15399.185000000001,21.57104444558238,A,1,65,1.6602809706257982
20726,LUNCH BAG WOODLAND,Bags & Packaging,66,15368.555,21.78303532043917,A,1,66,1.6858237547892718
20914,SET/5 RED RETROSPOT LID GLASS BOWLS,Kitchen & Tableware,67,15288.250000000002,21.993918483659744,A,1,67,1.711366538952746
21929,JUMBO BAG PINK VINTAGE PAISLEY,Stationery,68,15238.27,22.204112232428187,A,1,68,1.7369093231162196
21731,RED TOADSTOOL LED NIGHT LIGHT,Other,69,15205.04,22.41384761300447,A,1,69,1.7624521072796935
85099F,JUMBO BAG STRAWBERRY,Bags & Packaging,70,15153.935,22.622878061096234,A,1,70,1.7879948914431671
22629,SPACEBOY LUNCH BOX ,Bags & Packaging,71,15126.32,22.831527593219704,A,1,71,1.8135376756066413
22382,LUNCH BAG SPACEBOY DESIGN ,Home Decor,72,15042.335,23.039018652498793,A,1,72,1.839080459770115
23344,JUMBO BAG 50'S CHRISTMAS ,Christmas,73,15006.91,23.246021066180308,A,1,73,1.864623243933589
23173,REGENCY TEAPOT ROSES ,Kitchen & Tableware,74,14979.525,23.452645736469037,A,1,74,1.8901660280970627
22624,IVORY KITCHEN SCALES,Kitchen & Tableware,75,14943.525,23.65877382972141,A,1,75,1.9157088122605364
22077,6 RIBBONS RUSTIC CHARM,Accessories,76,14830.045,23.863336601804775,A,1,76,1.9412515964240102
21479,WHITE SKULL HOT WATER BOTTLE ,Other,77,14732.855,24.066558753828062,A,1,77,1.966794380587484
21733,RED HANGING HEART T-LIGHT HOLDER,Home Decor,78,14631.165,24.26837821366173,A,1,78,1.992337164750958
21523,DOORMAT FANCY FONT HOME SWEET HOME,Home Decor,79,14491.48,24.468270885625344,A,1,79,2.0178799489144317
22728,ALARM CLOCK BAKELIKE PINK,Other,80,14352.345,24.666244356312504,A,1,80,2.0434227330779056
82483,WOOD 2 DRAWER CABINET WHITE FINISH,Other,81,14152.985,24.86146789372282,A,1,81,2.0689655172413794
22384,LUNCH BAG PINK POLKADOT,Bags & Packaging,82,14144.34,25.056572183675385,A,1,82,2.0945083014048533
22467,GUMBALL COAT RACK,Other,83,14077.93,25.250760426933955,A,1,83,2.1200510855683268
48194,DOORMAT HEARTS,Home Decor,84,14018.79,25.444132904472255,A,1,84,2.1455938697318007
21485,RETROSPOT HEART HOT WATER BOTTLE,Home Decor,85,13915.295,25.63607779200009,A,1,85,2.1711366538952745
84347,ROTATING SILVER ANGELS T-LIGHT HLDR,Other,86,13803.165,25.826475979997767,A,1,86,2.1966794380587484
21928,JUMBO BAG SCANDINAVIAN BLUE PAISLEY,Bags & Packaging,87,13752.380000000001,26.01617364952903,A,1,87,2.2222222222222223
23240,SET OF 4 KNICK KNACK TINS DOILY ,Other,88,13664.545,26.204659740060638,A,1,88,2.2477650063856958
21843,RED RETROSPOT CAKE STAND,Kitchen & Tableware,89,13548.369999999999,26.39154333511453,A,1,89,2.27330779054917
84029E,RED WOOLLY HOTTIE WHITE HEART.,Home Decor,90,13495.735,26.577700893159868,A,1,90,2.2988505747126435
21212,PACK OF 72 RETROSPOT CAKE CASES,Kitchen & Tableware,91,13416.785,26.76276943017688,A,1,91,2.324393358876118
84029G,KNITTED UNION FLAG HOT WATER BOTTLE,Other,92,13395.705,26.947547193751497,A,1,92,2.3499361430395913
20724,RED RETROSPOT CHARLOTTE BAG,Bags & Packaging,93,13228.92,27.130024357298133,A,1,93,2.375478927203065
22630,DOLLY GIRL LUNCH BOX,Bags & Packaging,94,12893.215,27.3078708710118,A,1,94,2.401021711366539
23301,GARDENERS KNEELING PAD KEEP CALM ,Other,95,12674.045,27.482694196140567,A,1,95,2.4265644955300125
85066,CREAM SWEETHEART MINI CHEST,Home Decor,96,12559.97,27.65594399278541,A,1,96,2.452107279693487
22083,PAPER CHAIN KIT RETROSPOT,Stationery,97,12502.740000000002,27.828404369880523,A,1,97,2.4776500638569603
22625,RED KITCHEN SCALES,Kitchen & Tableware,98,12435.0,27.99993035451891,A,1,98,2.503192848020434
22355,CHARLOTTE BAG SUKI DESIGN,Home Decor,99,12433.57,28.171436614013906,A,1,99,2.528735632183908
23313,VINTAGE CHRISTMAS BUNTING,Christmas,100,12405.925,28.342561543726415,A,1,100,2.554278416347382
22865,HAND WARMER OWL DESIGN,Home Decor,101,12343.800000000001,28.51282953320605,A,1,101,2.579821200510856
21232,STRAWBERRY CERAMIC TRINKET POT,Other,102,12278.53,28.68219720093118,A,1,102,2.6053639846743293
22993,SET OF 4 PANTRY JELLY MOULDS,Other,103,12211.055,28.850634131558323,A,1,103,2.630906768837803
20713,JUMBO BAG OWLS,Bags & Packaging,104,12189.99,29.01878049565017,A,1,104,2.656449553001277
22752,SET 7 BABUSHKA NESTING BOXES,Bags & Packaging,105,12152.039999999999,29.186403384782867,A,1,105,2.681992337164751
21755,LOVE BUILDING BLOCK WORD,Other,106,12130.800000000001,29.353733293464114,A,1,106,2.707535121328225
84978,HANGING HEART JAR T-LIGHT HOLDER,Home Decor,107,12085.605,29.520439791057644,A,1,107,2.7330779054916987
22969,HOMEMADE JAM SCENTED CANDLES,Home Decor,108,12024.824999999999,29.68630790108815,A,1,108,2.7586206896551726
23356,LOVE HOT WATER BOTTLE,Other,109,11964.800000000001,29.85134803787958,A,1,109,2.7841634738186465
48184,DOORMAT ENGLISH ROSE ,Other,110,11957.710000000001,30.01629037658245,A,1,110,2.80970625798212
23328,SET 6 SCHOOL MILK BOTTLES IN CRATE,Other,111,11930.745,30.1808607652913,A,1,111,2.835249042145594
21524,DOORMAT SPOTTY HOME SWEET HOME,Home Decor,112,11902.885,30.345046858549235,A,1,112,2.8607918263090677
21166,COOK WITH WINE METAL SIGN ,Home Decor,113,11837.85,30.508335871597208,A,1,113,2.8863346104725416
15056BL,EDWARDIAN PARASOL BLACK,Other,114,11743.650000000001,30.670325508066735,A,1,114,2.9118773946360155
22427,ENAMEL FLOWER JUG CREAM,Other,115,11743.045,30.832306799283295,A,1,115,2.937420178799489
20750,RED RETROSPOT MINI CASES,Other,116,11683.9,30.993472255810552,A,1,116,2.9629629629629632
22328,ROUND SNACK BOXES SET OF 4 FRUITS ,Bags & Packaging,117,11584.995,31.153273435899475,A,1,117,2.9885057471264367
22499,WOODEN UNION JACK BUNTING,Other,118,11545.380000000001,31.31252817434132,A,1,118,3.0140485312899106
84997D,CHILDRENS CUTLERY POLKADOT PINK,Toys & Kids,119,11503.665,31.471207504142296,A,1,119,3.0395913154533845
22113,GREY HEART HOT WATER BOTTLE,Home Decor,120,11372.985,31.628084259301332,A,1,120,3.065134099616858
82583,HOT BATHS METAL SIGN,Home Decor,121,11253.07,31.7833069301461,A,1,121,3.0906768837803322
20719,WOODLAND CHARLOTTE BAG,Bags & Packaging,122,11246.505,31.938439044650764,A,1,122,3.1162196679438057
22501,PICNIC BASKET WICKER LARGE,Other,123,11078.42,32.09125262717892,A,1,123,3.1417624521072796
23243,SET OF TEA COFFEE SUGAR TINS PANTRY,Kitchen & Tableware,124,11059.0,32.24379833398358,A,1,124,3.167305236270754
22084,PAPER CHAIN KIT EMPIRE,Stationery,125,10928.845000000001,32.394548707894735,A,1,125,3.1928480204342273
22502,PICNIC BASKET WICKER SMALL,Other,126,10827.15,32.54389632064726,A,1,126,3.218390804597701
21930,JUMBO STORAGE BAG SKULLS,Bags & Packaging,127,10807.880000000001,32.69297812674725,A,1,127,3.2439335887611747
22193,RED DINER WALL CLOCK,Home Decor,128,10748.449999999999,32.841240166923086,A,1,128,3.269476372924649
85152,HAND OVER THE CHOCOLATE   SIGN ,Home Decor,129,10746.800000000001,32.98947944731809,A,1,129,3.295019157088123
22776,SWEETHEART 3 TIER CAKE STAND ,Home Decor,130,10511.8,33.134477183170254,A,1,130,3.3205619412515963
20749,ASSORTED COLOUR MINI CASES,Other,131,10451.324999999999,33.2786407385704,A,1,131,3.34610472541507
22558,CLOTHES PEGS RETROSPOT PACK 24 ,Bags & Packaging,132,10385.445,33.42189555799403,A,1,132,3.3716475095785436
22379,RECYCLING BAG RETROSPOT ,Bags & Packaging,133,10378.515,33.56505478633816,A,1,133,3.397190293742018
22385,JUMBO BAG SPACEBOY DESIGN,Home Decor,134,10355.81,33.70790082630423,A,1,134,3.422733077905492
22867,HAND WARMER BIRD DESIGN,Home Decor,135,10245.965,33.849231685588144,A,1,135,3.4482758620689653
22189,CREAM HEART CARD HOLDER,Home Decor,136,10234.07,33.99039846754296,A,1,136,3.473818646232439
23207,LUNCH BAG ALPHABET DESIGN,Home Decor,137,10154.0,34.1304607794061,A,1,137,3.4993614303959135
22659,LUNCH BOX I LOVE LONDON,Bags & Packaging,138,10141.125,34.27034549600972,A,1,138,3.524904214559387
23200,JUMBO BAG PEARS,Bags & Packaging,139,10103.005000000001,34.40970439270706,A,1,139,3.550446998722861
71477,COLOURED GLASS STAR T-LIGHT HOLDER,Other,140,10012.305,34.54781219114895,A,1,140,3.5759897828863343
21481,FAWN BLUE HOT WATER BOTTLE,Other,141,9919.61,34.684641372691274,A,1,141,3.601532567049808
22941,CHRISTMAS LIGHTS 10 REINDEER,Christmas,142,9904.449999999999,34.82126144012607,A,1,142,3.6270753512132825
21430,SET/3 RED GINGHAM ROSE STORAGE BOX,Bags & Packaging,143,9899.61,34.95781474553709,A,1,143,3.6526181353767564
21915,RED  HARMONICA IN BOX ,Bags & Packaging,144,9898.22,35.09434887755699,A,1,144,3.67816091954023
22866,HAND WARMER SCOTTY DOG DESIGN,Home Decor,145,9833.715,35.22999324008439,A,1,145,3.7037037037037033
23108,SET OF 10 LED DOLLY LIGHTS,Toys & Kids,146,9830.68,35.365595738408864,A,1,146,3.729246487867178
22900,SET 2 TEA TOWELS I LOVE LONDON ,Kitchen & Tableware,147,9749.525,35.50007880036154,A,1,147,3.7547892720306515
47590B,PINK HAPPY BIRTHDAY BUNTING,Other,148,9711.6,35.63403873220024,A,1,148,3.7803320561941254
22607,WOODEN ROUNDERS GARDEN SET ,Other,149,9674.289999999999,35.76748401711598,A,1,149,3.805874840357599
22554,PLASTERS IN TIN WOODLAND ANIMALS,Other,150,9615.27,35.900115191568254,A,1,150,3.8314176245210727
84997B,CHILDRENS CUTLERY RETROSPOT RED ,Toys & Kids,151,9593.155,36.03244131598833,A,1,151,3.856960408684547
22568,FELTCRAFT CUSHION OWL,Textile,152,9588.325,36.16470081632271,A,1,152,3.8825031928480205
22087,PAPER BUNTING WHITE LACE,Stationery,153,9572.705,36.29674485739852,A,1,153,3.9080459770114944
22622,BOX OF VINTAGE ALPHABET BLOCKS,Stationery,154,9565.4,36.428688134717376,A,1,154,3.933588761174968
85048,15CM CHRISTMAS GLASS BALL 20 LIGHTS,Christmas,155,9558.755000000001,36.56053975219161,A,1,155,3.959131545338442
48185,DOORMAT FAIRY CAKE,Kitchen & Tableware,156,9527.57,36.69196120980811,A,1,156,3.984674329501916
47566B,TEA TIME PARTY BUNTING,Kitchen & Tableware,157,9526.395,36.823366459701894,A,1,157,4.01021711366539
21216,"SET 3 RETROSPOT TEA,COFFEE,SUGAR",Kitchen & Tableware,158,9433.375,36.95348860970898,A,1,158,4.035759897828863
22734,SET OF 6 RIBBONS VINTAGE CHRISTMAS,Christmas,159,9427.81,37.083533997182535,A,1,159,4.061302681992337
22692,DOORMAT WELCOME TO OUR HOME,Home Decor,160,9405.05,37.21326543761866,A,1,160,4.086845466155811
22730,ALARM CLOCK BAKELIKE IVORY,Other,161,9395.205,37.34286107802915,A,1,161,4.112388250319285
20723,STRAWBERRY CHARLOTTE BAG,Bags & Packaging,162,9357.76,37.47194020935281,A,1,162,4.137931034482759
22551,PLASTERS IN TIN SPACEBOY,Other,163,9291.16,37.60010067315923,A,1,163,4.163473818646232
23343,JUMBO BAG VINTAGE CHRISTMAS ,Christmas,164,9214.125,37.7271985310769,A,1,164,4.189016602809707
22617,BAKING SET SPACEBOY DESIGN,Home Decor,165,9188.325,37.853940508785186,A,1,165,4.21455938697318
22456,NATURAL SLATE CHALKBOARD LARGE ,Other,166,9093.575,37.979375523321416,A,1,166,4.2401021711366536
22171,3 HOOK PHOTO SHELF ANTIQUE WHITE,Other,167,9067.205,38.104446795178525,A,1,167,4.265644955300128
21936,RED RETROSPOT PICNIC BAG,Bags & Packaging,168,9050.84,38.229292331391186,A,1,168,4.291187739463601
22356,CHARLOTTE BAG PINK POLKADOT,Bags & Packaging,169,8988.095,38.35327237521092,A,1,169,4.316730523627076
22169,FAMILY ALBUM WHITE PICTURE FRAME,Other,170,8973.23,38.47704737409606,A,1,170,4.342273307790549
23208,LUNCH BAG VINTAGE LEAF DESIGN,Home Decor,171,8972.985,38.60081899349859,A,1,171,4.3678160919540225
47590A,BLUE HAPPY BIRTHDAY BUNTING,Other,172,8886.300000000001,38.72339489677901,A,1,172,4.393358876117497
22621,TRADITIONAL KNITTING NANCY,Other,173,8785.025,38.844573832299545,A,1,173,4.418901660280971
22191,IVORY DINER WALL CLOCK,Home Decor,174,8781.724999999999,38.96570724825842,A,1,174,4.444444444444445
23077,DOUGHNUT LIP GLOSS ,Other,175,8758.725,39.08652340666629,A,1,175,4.469987228607918
21314,SMALL GLASS HEART TRINKET POT,Home Decor,176,8739.255000000001,39.20707099966033,A,1,176,4.4955300127713915
82600,N0 SINGING METAL SIGN,Home Decor,177,8579.630000000001,39.3254167562814,A,1,177,4.521072796934866
22556,PLASTERS IN TIN CIRCUS PARADE ,Other,178,8498.185,39.44263907632678,A,1,178,4.54661558109834
22662,LUNCH BAG DOLLY GIRL DESIGN,Home Decor,179,8377.43,39.55819572526036,A,1,179,4.572158365261814
22619,SET OF 6 SOLDIER SKITTLES,Other,180,8327.285,39.67306068376374,A,1,180,4.597701149425287
23300,GARDENERS KNEELING PAD CUP OF TEA ,Kitchen & Tableware,181,8305.935,39.78763114449695,A,1,181,4.6232439335887605
22041,"RECORD FRAME 7"" SINGLE SIZE ",Other,182,8276.785,39.90179951576878,A,1,182,4.648786717752236
84375,SET OF 20 KIDS COOKIE CUTTERS,Other,183,8242.325,40.015492552466384,A,1,183,4.674329501915709
21155,RED RETROSPOT PEG BAG,Bags & Packaging,184,8219.675,40.12887315944527,A,1,184,4.699872286079183
20679,EDWARDIAN PARASOL RED,Other,185,8217.425000000001,40.24222273035939,A,1,185,4.725415070242656
21218,RED SPOTTY BISCUIT TIN,Other,186,8214.22,40.35552809212347,A,1,186,4.75095785440613
22144,CHRISTMAS CRAFT LITTLE FRIENDS,Christmas,187,8171.96,40.468250527622104,A,1,187,4.776500638569605
23322,LARGE WHITE HEART OF WICKER,Home Decor,188,8158.975,40.58079385054249,A,1,188,4.802043422733078
21790,VINTAGE SNAP CARDS,Stationery,189,8153.764999999999,40.69326530773068,A,1,189,4.827586206896552
21080,SET/20 RED RETROSPOT PAPER NAPKINS ,Stationery,190,8144.085,40.8056032408713,A,1,190,4.853128991060025
35970,ZINC FOLKART SLEIGH BELLS,Other,191,8142.145,40.917914414027194,A,1,191,4.878671775223499
21340,CLASSIC METAL BIRDCAGE PLANT HOLDER,Other,192,8141.575,41.030217724713346,A,1,192,4.904214559386974
21217,RED RETROSPOT ROUND CAKE TINS,Kitchen & Tableware,193,8090.875,41.14182168940664,A,1,193,4.929757343550447
85014B,RED RETROSPOT UMBRELLA,Other,194,8058.6,41.252980458993044,A,1,194,4.955300127713921
84997C,CHILDRENS CUTLERY POLKADOT BLUE,Toys & Kids,195,8018.225,41.363582303639376,A,1,195,4.980842911877394
21484,CHICK GREY HOT WATER BOTTLE,Other,196,7981.075,41.47367170837181,A,1,196,5.006385696040868
23174,REGENCY SUGAR BOWL GREEN,Kitchen & Tableware,197,7969.63,41.583603242988104,A,1,197,5.031928480204343
22507,MEMO BOARD RETROSPOT  DESIGN,Home Decor,198,7959.085,41.69338932191417,A,1,198,5.057471264367816
21914,BLUE HARMONICA IN BOX ,Bags & Packaging,199,7948.525,41.803029738242905,A,1,199,5.08301404853129
22844,VINTAGE CREAM DOG FOOD CONTAINER,Stationery,200,7904.87,41.91206798594604,A,1,200,5.108556832694764
23170,REGENCY TEA PLATE ROSES ,Kitchen & Tableware,201,7899.85,42.021036988740214,A,1,201,5.134099616858237
23076,ICE CREAM SUNDAE LIP GLOSS,Other,202,7889.19,42.1298589495564,A,1,202,5.159642401021712
22766,PHOTO FRAME CORNICE,Other,203,7872.490000000001,42.238450553802956,A,1,203,5.185185185185185
22192,BLUE DINER WALL CLOCK,Home Decor,204,7826.325,42.34640536696943,A,1,204,5.210727969348659
71053,WHITE MOROCCAN METAL LANTERN,Other,205,7809.235,42.4541244439817,A,1,205,5.236270753512133
22693,GROW A FLYTRAP OR SUNFLOWER IN TIN,Other,206,7787.735,42.56154695415281,A,1,206,5.261813537675606
22771,CLEAR DRAWER KNOB ACRYLIC EDWARDIAN,Other,207,7746.635,42.66840253887409,A,1,207,5.287356321839081
22654,DELUXE SEWING KIT ,Other,208,7691.42,42.77449649856588,A,1,208,5.312899106002554
22795,SWEETHEART RECIPE BOOK STAND,Home Decor,209,7679.575,42.88042707061891,A,1,209,5.338441890166028
22749,FELTCRAFT PRINCESS CHARLOTTE DOLL,Toys & Kids,210,7636.73,42.985766647029635,A,1,210,5.363984674329502
21559,STRAWBERRY LUNCH BOX WITH CUTLERY,Bags & Packaging,211,7615.43,43.09081241536054,A,1,211,5.389527458492975
22725,ALARM CLOCK BAKELIKE CHOCOLATE,Other,212,7610.11,43.19578480064051,A,1,212,5.41507024265645
20711,JUMBO BAG TOYS ,Bags & Packaging,213,7606.56,43.30070821790717,A,1,213,5.440613026819923
22633,HAND WARMER UNION JACK,Other,214,7590.705000000001,43.405412934370744,A,1,214,5.466155810983397
22729,ALARM CLOCK BAKELIKE ORANGE,Other,215,7590.67,43.51011716805109,A,1,215,5.491698595146871
22149,FELTCRAFT 6 FLOWER FRIENDS,Other,216,7535.705,43.61406322515358,A,1,216,5.517241379310345
22847,BREAD BIN DINER STYLE IVORY,Other,217,7490.924999999999,43.717391595598066,A,1,217,5.542784163473819
22173,METAL 4 HOOK HANGER FRENCH CHATEAU,Kitchen & Tableware,218,7354.275000000001,43.818835042375426,A,1,218,5.568326947637293
23082,SET 6 PAPER TABLE LANTERN HEARTS ,Home Decor,219,7344.75,43.920147103145254,A,1,219,5.593869731800766
20972,PINK CREAM FELT CRAFT TRINKET BOX ,Bags & Packaging,220,7249.315,44.02014275198553,A,1,220,5.61941251596424
22570,FELTCRAFT CUSHION RABBIT,Textile,221,7248.84,44.120131848767684,A,1,221,5.644955300127714
22424,ENAMEL BREAD BIN CREAM,Other,222,7241.549999999999,44.22002038869998,A,1,222,5.670498084291188
22966,GINGERBREAD MAN COOKIE CUTTER,Other,223,7227.275,44.319712022043554,A,1,223,5.696040868454662
21174,POTTERING IN THE SHED METAL SIGN,Home Decor,224,7187.455,44.41885438600971,A,1,224,5.721583652618135
22555,PLASTERS IN TIN STRONGMAN,Other,225,7135.455,44.517279472034474,A,1,225,5.747126436781609
23319,BOX OF 6 MINI 50'S CRACKERS,Bags & Packaging,226,7133.54,44.615678142919656,A,1,226,5.772669220945083
23321,SMALL WHITE HEART OF WICKER,Home Decor,227,7116.49,44.713841629402914,A,1,227,5.7982120051085575
23256,CHILDRENS CUTLERY SPACEBOY ,Toys & Kids,228,7051.62,44.811110311654275,A,1,228,5.823754789272031
22561,WOODEN SCHOOL COLOURING SET,Accessories,229,7049.345,44.90834761299571,A,1,229,5.849297573435504
85150,LADIES & GENTLEMEN METAL SIGN,Home Decor,230,7031.79,45.005342764062895,A,1,230,5.874840357598978
22804,PINK HANGING HEART T-LIGHT HOLDER,Home Decor,231,7010.575000000001,45.10204527952379,A,1,231,5.900383141762452
22627,MINT KITCHEN SCALES,Kitchen & Tableware,232,7009.535,45.198733449425866,A,1,232,5.9259259259259265
23080,RED METAL BOX TOP SECRET,Bags & Packaging,233,6978.55,45.29499421823151,A,1,233,5.9514687100894
21136,PAINTED METAL PEARS ASSORTED,Other,234,6943.985,45.390778204113225,A,1,234,5.977011494252873
22158,3 HEARTS HANGING DECORATION RUSTIC,Home Decor,235,6942.455,45.486541085470904,A,1,235,6.002554278416347
21791,VINTAGE HEADS AND TAILS CARD GAME ,Stationery,236,6921.35,45.58201284854102,A,1,236,6.028097062579821
84380,SET OF 3 BUTTERFLY COOKIE CUTTERS,Other,237,6903.28,45.6772353575265,A,1,237,6.0536398467432955
23318,BOX OF 6 MINI VINTAGE CRACKERS,Stationery,238,6891.555,45.77229613413001,A,1,238,6.079182630906769
23078,ICE CREAM PEN LIP GLOSS ,Other,239,6881.905,45.867223800500156,A,1,239,6.104725415070242
48188,DOORMAT WELCOME PUPPIES,Other,240,6870.38,45.961992493249646,A,1,240,6.130268199233716
15036,ASSORTED COLOURS SILK FAN,Other,241,6812.075,46.05595693810735,A,1,241,6.15581098339719
22667,RECIPE BOX RETROSPOT ,Bags & Packaging,242,6809.625000000001,46.149887588138974,A,1,242,6.1813537675606645
84755,COLOUR GLASS T-LIGHT HOLDER HANGING,Home Decor,243,6801.49,46.24370602555418,A,1,243,6.206896551724138
22970,LONDON BUS COFFEE MUG,Kitchen & Tableware,244,6729.3,46.33652868807345,A,1,244,6.232439335887611
22569,FELTCRAFT CUSHION BUTTERFLY,Textile,245,6727.745,46.42932990122351,A,1,245,6.257982120051085
23581,JUMBO BAG PAISLEY PARK,Bags & Packaging,246,6707.08,46.5218460653609,A,1,246,6.283524904214559
22690,DOORMAT HOME SWEET HOME BLUE ,Home Decor,247,6673.07,46.613893102137006,A,1,247,6.309067688378034
82582,AREA PATROLLED METAL SIGN,Home Decor,248,6663.435,46.70580723558685,A,1,248,6.334610472541508
23493,VINTAGE DOILY TRAVEL SEWING KIT,Stationery,249,6622.08,46.7971509261662,A,1,249,6.360153256704981
22605,WOODEN CROQUET GARDEN SET,Other,250,6607.9,46.888299020568454,A,1,250,6.385696040868455
22487,WHITE WOOD GARDEN PLANT LADDER,Other,251,6595.224999999999,46.979272278472486,A,1,251,6.411238825031928
23320,GIANT 50'S CHRISTMAS CRACKER,Christmas,252,6565.02,47.06982889444923,A,1,252,6.436781609195402
23169,CLASSIC GLASS COOKIE JAR,Other,253,6561.59,47.16033819766944,A,1,253,6.462324393358876
22632,HAND WARMER RED RETROSPOT,Other,254,6532.415000000001,47.25044506658312,A,1,254,6.487867177522349
22652,TRAVEL SEWING KIT,Other,255,6508.62,47.34022371186958,A,1,255,6.513409961685824
23171,REGENCY TEA PLATE GREEN ,Kitchen & Tableware,256,6505.865,47.42996435521895,A,1,256,6.538952745849298
22750,FELTCRAFT PRINCESS LOLA DOLL,Toys & Kids,257,6505.34,47.51969775681987,A,1,257,6.564495530012772
23439,HAND WARMER RED LOVE HEART,Home Decor,258,6477.635,47.6090490010099,A,1,258,6.590038314176246
23238,SET OF 4 KNICK KNACK TINS LONDON ,Other,259,6462.86,47.698196441707935,A,1,259,6.615581098339719
22367,CHILDRENS APRON SPACEBOY DESIGN,Home Decor,260,6430.305,47.78689482503324,A,1,260,6.641123882503193
84378,SET OF 3 HEART COOKIE CUTTERS,Home Decor,261,6423.625,47.87550106573069,A,1,261,6.666666666666667
21922,UNION STRIPE WITH FRINGE  HAMMOCK,Accessories,262,6421.025000000001,47.964071442531065,A,1,262,6.69220945083014
22634,CHILDS BREAKFAST SET SPACEBOY ,Toys & Kids,263,6417.775,48.0525969894601,A,1,263,6.717752234993614
23103,JINGLE BELL HEART DECORATION,Home Decor,264,6413.86,48.141068533636435,A,1,264,6.743295019157087
22560,TRADITIONAL MODELLING CLAY,Other,265,6390.2,48.22921371634944,A,1,265,6.7688378033205625
22557,PLASTERS IN TIN VINTAGE PAISLEY ,Stationery,266,6389.14,48.31734427762749,A,1,266,6.794380587484036
22768,FAMILY PHOTO FRAME CORNICE,Other,267,6378.815,48.405332417852755,A,1,267,6.81992337164751
23311,VINTAGE CHRISTMAS STOCKING ,Christmas,268,6339.7,48.492781013334216,A,1,268,6.845466155810984
23175,REGENCY MILK JUG PINK ,Other,269,6332.525,48.58013063825358,A,1,269,6.871008939974457
84836,ZINC METAL HEART DECORATION,Home Decor,270,6330.57,48.667453296281096,A,1,270,6.896551724137931
21977,PACK OF 60 PINK PAISLEY CAKE CASES,Kitchen & Tableware,271,6305.595,48.75443145398965,A,1,271,6.922094508301405
22580,ADVENT CALENDAR GINGHAM SACK,Christmas,272,6299.72,48.84132857308464,A,1,272,6.947637292464878
22352,LUNCH BOX WITH CUTLERY RETROSPOT ,Bags & Packaging,273,6292.27,48.92812292832072,A,1,273,6.973180076628352
21889,WOODEN BOX OF DOMINOES,Bags & Packaging,274,6270.035,49.01461057826781,A,1,274,6.998722860791827
22492,MINI PAINT SET VINTAGE ,Stationery,275,6268.87,49.101082158430266,A,1,275,7.0242656449553005
22170,PICTURE FRAME WOOD TRIPLE PORTRAIT,Other,276,6265.71,49.187510150163966,A,1,276,7.049808429118774
84997A,CHILDRENS CUTLERY POLKADOT GREEN ,Toys & Kids,277,6262.78,49.27389772604443,A,1,277,7.075351213282248
23083,SET 6 PAPER TABLE LANTERN STARS ,Stationery,278,6262.04,49.36027509450804,A,1,278,7.100893997445722
84406B,CREAM CUPID HEARTS COAT HANGER,Home Decor,279,6250.395,49.44649183409419,A,1,279,7.126436781609195
22940,FELTCRAFT CHRISTMAS FAIRY,Christmas,280,6211.905,49.53217765006565,A,1,280,7.151979565772669
22989,SET 2 PANTRY DESIGN TEA TOWELS,Home Decor,281,6211.5,49.617857879545454,A,1,281,7.177522349936143
22791,T-LIGHT GLASS FLUTED ANTIQUE,Other,282,6209.34,49.703508314403074,A,1,282,7.203065134099616
21668,RED STRIPE CERAMIC DRAWER KNOB,Other,283,6201.8099999999995,49.78905488189726,A,1,283,7.228607918263092
22759,SET OF 3 NOTEBOOKS IN PARCEL,Stationery,284,6171.74,49.87418666962803,A,1,284,7.254150702426565
21908,CHOCOLATE THIS WAY METAL SIGN,Home Decor,285,6170.935,49.95930735334452,A,1,285,7.2796934865900385
22505,MEMO BOARD COTTAGE DESIGN,Home Decor,286,6160.26,50.04428078817591,A,1,286,7.305236270753513
23204,CHARLOTTE BAG APPLES DESIGN,Home Decor,287,6156.325,50.12919994437849,A,1,287,7.330779054916986
23283,DOORMAT VINTAGE LEAF,Stationery,288,6150.26,50.21403544114423,A,1,288,7.35632183908046
71459,HANGING JAM JAR T-LIGHT HOLDERS,Home Decor,289,6138.945,50.29871486098869,A,1,289,7.381864623243933
22553,PLASTERS IN TIN SKULLS,Other,290,6133.795,50.38332324272934,A,1,290,7.4074074074074066
22992,REVOLVER WOODEN RULER ,Other,291,6133.415,50.4679263828235,A,1,291,7.432950191570881
22179,SET 10 NIGHT OWL LIGHTS,Other,292,6114.35,50.55226654399549,A,1,292,7.458492975734356
23535,WALL ART BICYCLE SAFETY,Home Decor,293,6096.965,50.63636689984035,A,1,293,7.4840357598978295
23534,WALL ART STOP FOR TEA ,Home Decor,294,6088.49,50.72035035317457,A,1,294,7.509578544061303
20971,PINK BLUE FELT CRAFT TRINKET BOX,Bags & Packaging,295,6087.61,50.80432166795901,A,1,295,7.535121328224776
22784,LANTERN CREAM GAZEBO ,Other,296,6085.05,50.888257670598634,A,1,296,7.560664112388251
21669,BLUE STRIPE CERAMIC DRAWER KNOB,Other,297,6075.275,50.97205883877909,A,1,297,7.586206896551724
84030E,ENGLISH ROSE HOT WATER BOTTLE,Other,298,6048.505,51.05549074675779,A,1,298,7.611749680715198
22109,FULL ENGLISH BREAKFAST PLATE,Kitchen & Tableware,299,6038.43,51.138783682135355,A,1,299,7.637292464878671
21121,SET/10 RED POLKADOT PARTY CANDLES,Home Decor,300,6020.305,51.22182660476893,A,1,300,7.662835249042145
21231,SWEETHEART CERAMIC TRINKET BOX,Home Decor,301,5999.88,51.3045877889034,A,1,301,7.68837803320562
21912,VINTAGE SNAKES & LADDERS,Stationery,302,5992.855,51.387252071546754,A,1,302,7.713920817369094
21533,RETROSPOT LARGE MILK JUG,Other,303,5954.825,51.46939177572642,A,1,303,7.7394636015325675
21623,VINTAGE UNION JACK MEMOBOARD,Stationery,304,5912.429999999999,51.550946691476774,A,1,304,7.765006385696041
21770,OPEN CLOSED METAL SIGN,Home Decor,305,5909.925,51.63246705374167,A,1,305,7.790549169859514
84991,60 TEATIME FAIRY CAKE CASES,Kitchen & Tableware,306,5889.95,51.713711884720425,A,1,306,7.816091954022989
21210,SET OF 72 RETROSPOT PAPER  DOILIES,Stationery,307,5869.464999999999,51.7946741495717,A,1,307,7.841634738186462
22663,JUMBO BAG DOLLY GIRL DESIGN,Home Decor,308,5834.78,51.87515797624225,A,1,308,7.867177522349936
84970S,HANGING HEART ZINC T-LIGHT HOLDER,Home Decor,309,5824.855,51.95550489938265,A,1,309,7.892720306513409
23109,PACK OF SIX LED TEA LIGHTS,Kitchen & Tableware,310,5812.575,52.035682434578426,A,1,310,7.918263090676884
84947,ANTIQUE SILVER TEA GLASS ENGRAVED,Kitchen & Tableware,311,5803.8150000000005,52.115739136028694,A,1,311,7.943805874840358
21935,SUKI  SHOULDER BAG,Bags & Packaging,312,5786.605,52.19555844606797,A,1,312,7.969348659003832
22840,ROUND CAKE TIN VINTAGE RED,Kitchen & Tableware,313,5737.400000000001,52.2746990318552,A,1,313,7.9948914431673055
22413,METAL SIGN TAKE IT OR LEAVE IT ,Home Decor,314,5714.540000000001,52.35352429122436,A,1,314,8.02043422733078
22988,SOLDIERS EGG CUP ,Kitchen & Tableware,315,5693.87,52.43206443261181,A,1,315,8.045977011494253
22947,WOODEN ADVENT CALENDAR RED,Christmas,316,5680.175,52.51041566781836,A,1,316,8.071519795657727
22952,60 CAKE CASES VINTAGE CHRISTMAS,Christmas,317,5677.065,52.58872400428648,A,1,317,8.0970625798212
21259,VICTORIAN SEWING BOX SMALL ,Bags & Packaging,318,5667.025,52.66689385093668,A,1,318,8.122605363984674
22147,FELTCRAFT BUTTERFLY HEARTS,Home Decor,319,5665.615,52.74504424831964,A,1,319,8.148148148148149
21672,WHITE SPOT RED CERAMIC DRAWER KNOB,Other,320,5643.98,52.82289621669756,A,1,320,8.173690932311622
21035,SET/2 RED RETROSPOT TEA TOWELS ,Kitchen & Tableware,321,5627.35,52.90051879407229,A,1,321,8.199233716475096
22767,TRIPLE PHOTO FRAME CORNICE ,Other,322,5622.54,52.978075023237444,A,1,322,8.22477650063857
22968,ROSE COTTAGE KEEPSAKE BOX ,Stationery,323,5610.8,53.05546931311353,A,1,323,8.250319284802043
20718,RED RETROSPOT SHOPPER BAG,Bags & Packaging,324,5583.52,53.132487307946505,A,1,324,8.275862068965518
22141,CHRISTMAS CRAFT TREE TOP ANGEL,Christmas,325,5571.59,53.209340742667166,A,1,325,8.301404853128991
21888,BINGO SET,Other,326,5554.655,53.28596057927364,A,1,326,8.326947637292465
85014A,BLACK/BLUE POLKADOT UMBRELLA,Other,327,5550.55,53.36252379230416,A,1,327,8.352490421455938
23229,VINTAGE DONKEY TAIL GAME ,Stationery,328,5537.355,53.438904996057055,A,1,328,8.378033205619413
21165,BEWARE OF THE CAT METAL SIGN ,Home Decor,329,5535.75,53.515264060750425,A,1,329,8.403575989782887
23254,CHILDRENS CUTLERY DOLLY GIRL ,Toys & Kids,330,5516.360000000001,53.59135566353448,A,1,330,8.42911877394636
22668,PINK BABY BUNTING,Toys & Kids,331,5511.845,53.667384987281906,A,1,331,8.454661558109834
22846,BREAD BIN DINER STYLE RED ,Other,332,5489.049999999999,53.743099881208664,A,1,332,8.480204342273307
23247,BISCUIT TIN 50'S CHRISTMAS,Christmas,333,5457.83,53.818384132494465,A,1,333,8.505747126436782
21169,YOU'RE CONFUSING ME METAL SIGN ,Home Decor,334,5446.885,53.89351741056741,A,1,334,8.531289910600256
22303,COFFEE MUG APPLES DESIGN,Home Decor,335,5432.505,53.96845233370195,A,1,335,8.55683269476373
22909,SET OF 20 VINTAGE CHRISTMAS NAPKINS,Christmas,336,5418.1449999999995,54.04318917777421,A,1,336,8.582375478927203
23236,STORAGE TIN VINTAGE DOILY ,Stationery,337,5414.005,54.117868915487286,A,1,337,8.607918263090678
23382,BOX OF 6 CHRISTMAS CAKE DECORATIONS,Christmas,338,5412.6,54.19252927290215,A,1,338,8.633461047254151
23052,RECYCLED ACAPULCO MAT TURQUOISE,Other,339,5393.1,54.26692065108898,A,1,339,8.659003831417625
22620,4 TRADITIONAL SPINNING TOPS,Other,340,5374.4349999999995,54.34105456787627,A,1,340,8.684546615581098
22294,HEART FILIGREE DOVE  SMALL,Home Decor,341,5369.94,54.41512648150305,A,1,341,8.710089399744572
21213,PACK OF 72 SKULL CAKE CASES,Kitchen & Tableware,342,5369.83,54.48919687781112,A,1,342,8.735632183908045
23126,FELTCRAFT GIRL AMELIE KIT,Other,343,5368.2,54.56324479021448,A,1,343,8.76117496807152
23118,PARISIENNE JEWELLERY DRAWER ,Other,344,5367.145,54.637278150151914,A,1,344,8.786717752234994
84970L,SINGLE HEART ZINC T-LIGHT HOLDER,Home Decor,345,5360.135,54.71121481550533,A,1,345,8.812260536398467
48116,DOORMAT MULTICOLOUR STRIPE,Other,346,5356.54,54.78510189212413,A,1,346,8.837803320561942
22631,CIRCUS PARADE LUNCH BOX ,Bags & Packaging,347,5350.295,54.858902826420945,A,1,347,8.863346104725416
84988,SET OF 72 PINK HEART PAPER DOILIES,Home Decor,348,5333.025,54.932465541678376,A,1,348,8.88888888888889
22150,3 STRIPEY MICE FELTCRAFT,Other,349,5325.615,55.00592604482916,A,1,349,8.914431673052363
22834,HAND WARMER BABUSHKA DESIGN,Home Decor,350,5324.08,55.07936537448687,A,1,350,8.939974457215836
22837,HOT WATER BOTTLE BABUSHKA ,Other,351,5307.975,55.152582554889825,A,1,351,8.96551724137931
22635,CHILDS BREAKFAST SET DOLLY GIRL ,Toys & Kids,352,5293.925,55.225605932310565,A,1,352,8.991060025542783
23172,REGENCY TEA PLATE PINK,Kitchen & Tableware,353,5282.185,55.29846737044222,A,1,353,9.016602809706258
21670,BLUE SPOT CERAMIC DRAWER KNOB,Other,354,5255.54,55.37096127259794,A,1,354,9.042145593869732
22381,TOY TIDY PINK POLKADOT,Toys & Kids,355,5247.59,55.443345513991474,A,1,355,9.067688378033207
84945,MULTI COLOUR SILVER T-LIGHT HOLDER,Other,356,5246.205,55.515710650962916,A,1,356,9.09323116219668
23480,MINI LIGHTS WOODLAND MUSHROOMS,Other,357,5245.255,55.58806268381811,A,1,357,9.118773946360154
21122,SET/10 PINK POLKADOT PARTY CANDLES,Home Decor,358,5242.01,55.660369955771,A,1,358,9.144316730523627
21673,WHITE SPOT BLUE CERAMIC DRAWER KNOB,Other,359,5197.3,55.732060506632365,A,1,359,9.1698595146871
22273,FELTCRAFT DOLL MOLLY,Toys & Kids,360,5163.240000000001,55.803281240442125,A,1,360,9.195402298850574
22585,PACK OF 6 BIRDY GIFT TAGS,Stationery,361,5141.3,55.87419933813583,A,1,361,9.220945083014048
21671,RED SPOT CERAMIC DRAWER KNOB,Other,362,5135.89,55.94504281133603,A,1,362,9.246487867177521
23582,VINTAGE DOILY JUMBO BAG RED ,Stationery,363,5133.37,56.01585152414369,A,1,363,9.272030651340996
72741,GRAND CHOCOLATECANDLE,Home Decor,364,5112.375,56.0863706359825,A,1,364,9.297573435504471
48111,DOORMAT 3 SMILEY CATS,Other,365,5105.93,56.15680084673801,A,1,365,9.323116219667945
47591D,PINK FAIRY CAKE CHILDRENS APRON,Kitchen & Tableware,366,5105.349999999999,56.22722305708571,A,1,366,9.348659003831418
23312,VINTAGE CHRISTMAS GIFT SACK,Christmas,367,5104.650000000001,56.297635611768804,A,1,367,9.374201787994892
48173C,DOORMAT BLACK FLOCK ,Other,368,5104.18,56.36804168336281,A,1,368,9.399744572158365
23188,VINTAGE  2 METRE FOLDING RULER,Stationery,369,5086.045,56.43819760427478,A,1,369,9.425287356321839
20969,RED FLORAL FELTCRAFT SHOULDER BAG,Bags & Packaging,370,5073.39,56.50817896456465,A,1,370,9.450830140485312
22464,HANGING METAL HEART LANTERN,Home Decor,371,5067.01,56.57807232036862,A,1,371,9.476372924648786
22943,CHRISTMAS LIGHTS 10 VINTAGE BAUBLES,Christmas,372,5048.325,56.64770793889694,A,1,372,9.50191570881226
22978,PANTRY ROLLING PIN,Other,373,5037.215,56.71719030823431,A,1,373,9.527458492975734
22488,NATURAL SLATE RECTANGLE CHALKBOARD,Other,374,5010.3550000000005,56.78630217592735,A,1,374,9.55300127713921
21891,TRADITIONAL WOODEN SKIPPING ROPE,Other,375,5005.55,56.85534776437983,A,1,375,9.578544061302683
22798,ANTIQUE GLASS DRESSING TABLE POT,Other,376,4996.025000000001,56.92426196682479,A,1,376,9.604086845466156
22366,DOORMAT AIRMAIL ,Other,377,4989.95,56.99309237189486,A,1,377,9.62962962962963
22971,QUEENS GUARD COFFEE MUG,Kitchen & Tableware,378,4983.04,57.06182746176156,A,1,378,9.655172413793103
21380,WOODEN HAPPY BIRTHDAY GARLAND,Other,379,4965.385,57.13031902197335,A,1,379,9.680715197956577
22371,AIRLINE BAG VINTAGE TOKYO 78,Stationery,380,4964.95,57.198804581879294,A,1,380,9.70625798212005
22333,RETROSPOT PARTY BAG + STICKER SET,Stationery,381,4950.54,57.26709137303263,A,1,381,9.731800766283524
22088,PAPER BUNTING COLOURED LACE,Stationery,382,4929.2,57.33508380435387,A,1,382,9.757343550446999
22796,PHOTO FRAME 3 CLASSIC HANGING,Home Decor,383,4917.9,57.40292036566091,A,1,383,9.782886334610472
21756,BATH BUILDING BLOCK WORD,Other,384,4903.3,57.4705555373921,A,1,384,9.808429118773947
21257,VICTORIAN SEWING BOX MEDIUM,Bags & Packaging,385,4892.325,57.538039322096246,A,1,385,9.83397190293742
22636,CHILDS BREAKFAST SET CIRCUS PARADE,Toys & Kids,386,4890.15,57.60549310527111,A,1,386,9.859514687100894
23263,SET OF 3 WOODEN HEART DECORATIONS,Home Decor,387,4855.26,57.67246562253491,A,1,387,9.885057471264368
21156,RETROSPOT CHILDRENS APRON,Toys & Kids,388,4850.75,57.7393759297311,A,1,388,9.910600255427841
21907,I'M ON HOLIDAY METAL SIGN,Home Decor,389,4846.805,57.806231820360395,A,1,389,9.936143039591315
22429,ENAMEL MEASURING JUG CREAM,Accessories,390,4820.81,57.87272914098802,A,1,390,9.961685823754788
22895,SET OF 2 TEA TOWELS APPLE AND PEARS,Kitchen & Tableware,391,4807.150000000001,57.93903803821797,A,1,391,9.987228607918263
22623,BOX OF VINTAGE JIGSAW BLOCKS ,Stationery,392,4802.95,58.00528900146035,A,1,392,10.012771392081737
84949,SILVER HANGING T-LIGHT HOLDER,Home Decor,393,4788.6900000000005,58.07134326502111,A,1,393,10.038314176245212
22845,VINTAGE CREAM CAT FOOD CONTAINER,Stationery,394,4782.705,58.13731497264958,A,1,394,10.063856960408685
82001S,SILVER RECORD COVER FRAME,Other,395,4763.72,58.20302480486039,A,1,395,10.089399744572159
21094,SET/6 RED SPOTTY PAPER PLATES,Kitchen & Tableware,396,4743.62,58.26845738155926,A,1,396,10.114942528735632
22904,CALENDAR PAPER CUT DESIGN,Home Decor,397,4742.785000000001,58.33387844042964,A,1,397,10.140485312899106
22665,RECIPE BOX BLUE SKETCHBOOK DESIGN,Home Decor,398,4736.905000000001,58.399218391717426,A,1,398,10.16602809706258
21154,RED RETROSPOT OVEN GLOVE ,Other,399,4707.48,58.46415246024702,A,1,399,10.191570881226053
21558,SKULL LUNCH BOX WITH CUTLERY ,Bags & Packaging,400,4689.595,58.528839826546196,A,1,400,10.217113665389528
23307,SET OF 60 PANTRY DESIGN CAKE CASES ,Home Decor,401,4684.495,58.59345684443189,A,1,401,10.242656449553001
23494,VINTAGE DOILY DELUXE SEWING KIT ,Stationery,402,4671.85,58.65789943963357,A,1,402,10.268199233716475
23198,PANTRY MAGNETIC  SHOPPING LIST,Other,403,4632.445,58.72179848988755,A,1,403,10.29374201787995
22781,GUMBALL MAGAZINE RACK,Other,404,4629.55,58.78565760707151,A,1,404,10.319284802043423
22296,HEART IVORY TRELLIS LARGE,Home Decor,405,4629.345,58.84951389652513,A,1,405,10.344827586206897
21428,SET3 BOOK BOX GREEN GINGHAM FLOWER ,Bags & Packaging,406,4621.56,58.913262801194634,A,1,406,10.37037037037037
20676,RED RETROSPOT BOWL,Kitchen & Tableware,407,4616.95,58.97694811641588,A,1,407,10.395913154533844
22898,CHILDRENS APRON APPLES DESIGN,Home Decor,408,4614.8949999999995,59.040605085364625,A,1,408,10.421455938697317
21172,PARTY METAL SIGN ,Home Decor,409,4608.03,59.104167359831315,A,1,409,10.446998722860792
22907,PACK OF 20 NAPKINS PANTRY DESIGN,Home Decor,410,4605.24,59.167691149577685,A,1,410,10.472541507024266
22207,FRYING PAN UNION FLAG,Other,411,4597.98,59.231114796288395,A,1,411,10.49808429118774
22637,PIGGY BANK RETROSPOT ,Other,412,4597.705,59.2945346497023,A,1,412,10.523627075351213
22991,GIRAFFE WOODEN RULER,Other,413,4585.165,59.35778152878187,A,1,413,10.549169859514688
21535,RED RETROSPOT SMALL MILK JUG,Other,414,4577.96,59.42092902348514,A,1,414,10.574712643678161
23192,BUNDLE OF 3 ALPHABET EXERCISE BOOKS,Other,415,4569.765,59.483963477943604,A,1,415,10.600255427841635
48129,DOORMAT TOPIARY,Other,416,4563.805,59.54691572131494,A,1,416,10.625798212005108
22271,FELTCRAFT DOLL ROSIE,Toys & Kids,417,4536.875000000001,59.609496497475476,A,1,417,10.651340996168582
21955,DOORMAT UNION JACK GUNS AND ROSES,Other,418,4534.48,59.672044237469294,A,1,418,10.676883780332057
22297,HEART IVORY TRELLIS SMALL,Home Decor,419,4527.27,59.73449252411777,A,1,419,10.70242656449553
23205,CHARLOTTE BAG VINTAGE ALPHABET ,Stationery,420,4518.595,59.796821149494285,A,1,420,10.727969348659004
23234,BISCUIT TIN VINTAGE CHRISTMAS,Christmas,421,4500.8550000000005,59.85890507274235,A,1,421,10.753512132822477
22110,BIRD HOUSE HOT WATER BOTTLE,Other,422,4482.11,59.920730431086355,A,1,422,10.77905491698595
22485,SET OF 2 WOODEN MARKET CRATES,Other,423,4444.7,59.982039763126735,A,1,423,10.804597701149426
21258,VICTORIAN SEWING BOX LARGE,Bags & Packaging,424,4436.25,60.04323253750166,A,1,424,10.8301404853129
21932,SCANDINAVIAN PAISLEY PICNIC BAG,Bags & Packaging,425,4420.805,60.10421226653416,A,1,425,10.855683269476373
22120,WELCOME  WOODEN BLOCK LETTERS,Other,426,4419.35,60.16517192557812,A,1,426,10.881226053639846
23351,ROLL WRAP 50'S CHRISTMAS,Christmas,427,4416.125,60.2260870995959,A,1,427,10.906768837803321
21539,RED RETROSPOT BUTTER DISH,Other,428,4400.4,60.28678536600547,A,1,428,10.932311621966795
22751,FELTCRAFT PRINCESS OLIVIA DOLL,Toys & Kids,429,4392.925,60.34738052371094,A,1,429,10.957854406130268
23293,SET OF 12 FAIRY CAKE BAKING CASES,Kitchen & Tableware,430,4391.905,60.40796161173372,A,1,430,10.983397190293742
22645,CERAMIC HEART FAIRY CAKE MONEY BANK,Home Decor,431,4390.14,60.468518353687905,A,1,431,11.008939974457215
22418,10 COLOUR SPACEBOY PEN,Other,432,4374.635,60.5288612226713,A,1,432,11.03448275862069
23184,BULL DOG BOTTLE OPENER,Other,433,4371.175,60.58915636508399,A,1,433,11.060025542784164
22302,COFFEE MUG PEARS  DESIGN,Home Decor,434,4370.52,60.649442472553346,A,1,434,11.085568326947637
22748,POPPY'S PLAYHOUSE KITCHEN,Kitchen & Tableware,435,4365.58,60.70966043861831,A,1,435,11.11111111111111
37449,CERAMIC CAKE STAND + HANGING CAKES,Home Decor,436,4355.139999999999,60.76973439734271,A,1,436,11.136653895274586
23569,TRADTIONAL ALPHABET STAMP SET,Other,437,4354.975,60.829806080089035,A,1,437,11.16219667943806
21033,JUMBO BAG CHARLIE AND LOLA TOYS,Bags & Packaging,438,4353.245,60.88985389955,A,1,438,11.187739463601533
22082,RIBBON REEL STRIPES DESIGN ,Home Decor,439,4339.605,60.949713571489426,A,1,439,11.213282247765006
22365,DOORMAT RESPECTABLE HOUSE,Other,440,4330.38,61.00944599556327,A,1,440,11.23882503192848
23541,WALL ART CLASSIC PUDDINGS ,Home Decor,441,4325.205,61.06910703668815,A,1,441,11.264367816091953
21108,FAIRY CAKE FLANNEL ASSORTED COLOUR,Kitchen & Tableware,442,4306.5,61.128510064661235,A,1,442,11.289910600255428
23158,SET OF 5 LUCKY CAT MAGNETS ,Other,443,4295.38,61.18775970550531,A,1,443,11.315453384418902
23215,JINGLE BELL HEART ANTIQUE SILVER,Home Decor,444,4290.6900000000005,61.246944653396596,A,1,444,11.340996168582375
22838,3 TIER CAKE TIN RED AND CREAM,Kitchen & Tableware,445,4288.375,61.30609766862567,A,1,445,11.36653895274585
22174,PHOTO CUBE,Other,446,4287.685,61.36524116612823,A,1,446,11.392081736909324
21164,HOME SWEET HOME METAL SIGN ,Home Decor,447,4284.705000000001,61.424343558087216,A,1,447,11.417624521072797
22721,SET OF 3 CAKE TINS SKETCHBOOK,Kitchen & Tableware,448,4277.065,61.483340565364045,A,1,448,11.44316730523627
21933,PINK VINTAGE PAISLEY PICNIC BAG,Stationery,449,4269.455,61.542232601772916,A,1,449,11.468710089399744
22646,CERAMIC STRAWBERRY CAKE MONEY BANK,Kitchen & Tableware,450,4263.349999999999,61.601040426992704,A,1,450,11.494252873563218
22745,POPPY'S PLAYHOUSE BEDROOM ,Other,451,4260.165,61.65980431893858,A,1,451,11.519795657726691
22142,CHRISTMAS CRAFT WHITE FAIRY ,Christmas,452,4256.965,61.71852407070344,A,1,452,11.545338441890166
21242,RED RETROSPOT PLATE ,Kitchen & Tableware,453,4256.4,61.77723602896761,A,1,453,11.57088122605364
23583,LUNCH BAG PAISLEY PARK  ,Bags & Packaging,454,4253.28,61.83590495055529,A,1,454,11.596424010217115
22089,PAPER BUNTING VINTAGE PAISLEY,Stationery,455,4252.155000000001,61.894558354110586,A,1,455,11.621966794380588
23162,REGENCY TEA STRAINER,Kitchen & Tableware,456,4245.52,61.95312023575931,A,1,456,11.647509578544062
21934,SKULL SHOULDER BAG,Bags & Packaging,457,4232.0,62.011495625143276,A,1,457,11.673052362707535
23012,GLASS APOTHECARY BOTTLE PERFUME,Other,458,4171.235000000001,62.06903283387132,A,1,458,11.698595146871009
23503,PLAYING CARDS KEEP CALM & CARRY ON,Stationery,459,4163.66,62.126465554514624,A,1,459,11.724137931034482
22942,CHRISTMAS LIGHTS 10 SANTAS ,Christmas,460,4160.25,62.18385123827753,A,1,460,11.749680715197956
22595,GINGHAM HEART DECORATION,Home Decor,461,4159.4,62.24122519730487,A,1,461,11.775223499361429
23007, SPACEBOY BABY GIFT SET,Toys & Kids,462,4144.725,62.298396732220866,A,1,462,11.800766283524904
23154,SET OF 4 JAM JAR MAGNETS,Other,463,4136.7,62.35545757183917,A,1,463,11.826309067688378
23165,LARGE CERAMIC TOP STORAGE JAR,Other,464,4131.86,62.4124516494337,A,1,464,11.851851851851853
20970,PINK FLORAL FELTCRAFT SHOULDER BAG,Bags & Packaging,465,4130.43,62.46942600188484,A,1,465,11.877394636015326
22549,PICTURE DOMINOES,Other,466,4118.13,62.52623069051523,A,1,466,11.9029374201788
22979,PANTRY WASHING UP BRUSH,Other,467,4100.5599999999995,62.58279302196426,A,1,467,11.928480204342273
23050,RECYCLED ACAPULCO MAT GREEN,Other,468,4082.05,62.639100030053775,A,1,468,11.954022988505747
23112,PARISIENNE CURIO CABINET,Other,469,4064.4,62.695163577457414,A,1,469,11.97956577266922
22694,WICKER STAR ,Other,470,4052.7450000000003,62.751066358045534,A,1,470,12.005108556832694
22772,PINK DRAWER KNOB ACRYLIC EDWARDIAN,Other,471,4051.32,62.80694948245931,A,1,471,12.030651340996169
22626,BLACK KITCHEN SCALES,Kitchen & Tableware,472,4037.2999999999997,62.86263921770503,A,1,472,12.056194125159642
22741,FUNKY DIVA PEN,Other,473,4034.61,62.918291847611094,A,1,473,12.081736909323118
23397,FOOT STOOL HOME SWEET HOME ,Home Decor,474,4029.5249999999996,62.97387433601078,A,1,474,12.107279693486591
22649,STRAWBERRY FAIRY CAKE TEAPOT,Kitchen & Tableware,475,4025.55,63.02940199402936,A,1,475,12.132822477650064
23168,CLASSIC CAFE SUGAR DISPENSER,Other,476,4022.82,63.08489199495602,A,1,476,12.158365261813538
21937,STRAWBERRY   PICNIC BAG,Bags & Packaging,477,4021.05,63.140357580845055,A,1,477,12.183908045977011
23110,PARISIENNE KEY CABINET ,Other,478,3977.475,63.19522210161301,A,1,478,12.209450830140485
23133,LARGE IVORY HEART WALL ORGANISER,Home Decor,479,3964.71,63.249910544440155,A,1,479,12.234993614303958
22723,SET OF 6 HERB TINS SKETCHBOOK,Other,480,3962.61,63.30457002027353,A,1,480,12.260536398467432
23296,SET OF 6 TEA TIME BAKING CASES,Kitchen & Tableware,481,3961.96,63.35922053013263,A,1,481,12.286079182630907
21975,PACK OF 60 DINOSAUR CAKE CASES,Kitchen & Tableware,482,3957.375,63.413807795388635,A,1,482,12.31162196679438
84077,WORLD WAR 2 GLIDERS ASSTD DESIGNS,Home Decor,483,3956.9949999999994,63.46838981899814,A,1,483,12.337164750957855
22957,SET 3 PAPER VINTAGE CHICK PAPER EGG,Stationery,484,3944.4750000000004,63.52279914414943,A,1,484,12.362707535121329
21124,SET/10 BLUE POLKADOT PARTY CANDLES,Home Decor,485,3940.34,63.57715143191059,A,1,485,12.388250319284802
22327,ROUND SNACK BOXES SET OF 4 SKULLS,Bags & Packaging,486,3933.2250000000004,63.63140557673804,A,1,486,12.413793103448276
21116,OWL DOORSTOP,Other,487,3930.125,63.68561696076513,A,1,487,12.43933588761175
23349,ROLL WRAP VINTAGE CHRISTMAS,Christmas,488,3925.675,63.739766962353016,A,1,488,12.464878671775223
20682,RED RETROSPOT CHILDRENS UMBRELLA,Toys & Kids,489,3911.455,63.793720816011536,A,1,489,12.490421455938696
22964,3 PIECE SPACEBOY COOKIE CUTTER SET,Other,490,3903.2400000000002,63.84756135354913,A,1,490,12.51596424010217
22841,ROUND CAKE TIN VINTAGE GREEN,Kitchen & Tableware,491,3897.35,63.90132064556605,A,1,491,12.541507024265645
22801,ANTIQUE GLASS PEDESTAL BOWL,Kitchen & Tableware,492,3897.095,63.95507642016229,A,1,492,12.567049808429118
22295,HEART FILIGREE DOVE LARGE,Home Decor,493,3893.445,64.00878184736459,A,1,493,12.592592592592592
22301,COFFEE MUG CAT + BIRD DESIGN,Home Decor,494,3883.1600000000003,64.06234540526634,A,1,494,12.618135376756069
84792,ENCHANTED BIRD COATHANGER 5 HOOK,Other,495,3863.0350000000003,64.11563136281097,A,1,495,12.643678160919542
21892,TRADITIONAL WOODEN CATCH CUP GAME ,Kitchen & Tableware,496,3858.55,64.16885545513317,A,1,496,12.669220945083016
22938,CUPCAKE LACE PAPER SET 6,Kitchen & Tableware,497,3850.98,64.22197512833966,A,1,497,12.694763729246489
21326,AGED GLASS SILVER T-LIGHT HOLDER,Other,498,3848.1,64.27505507538325,A,1,498,12.720306513409962
21041,RED RETROSPOT OVEN GLOVE DOUBLE,Other,499,3831.4550000000004,64.32790542451656,A,1,499,12.745849297573436
22779,WOODEN OWLS LIGHT GARLAND ,Other,500,3827.86,64.38070618491527,A,1,500,12.77139208173691
20979,36 PENCILS TUBE RED RETROSPOT,Other,501,3824.19,64.43345632204388,A,1,501,12.796934865900383
23241,TREASURE TIN GYMKHANA DESIGN,Home Decor,502,3817.1,64.48610866108395,A,1,502,12.822477650063856
23389,SPACEBOY MINI BACKPACK,Bags & Packaging,503,3811.465,64.53868327202402,A,1,503,12.848020434227331
23163,REGENCY SUGAR TONGS,Other,504,3810.19,64.59124029586071,A,1,504,12.873563218390805
22689,DOORMAT MERRY CHRISTMAS RED ,Christmas,505,3807.98,64.64376683538491,A,1,505,12.899106002554278
21871,SAVE THE PLANET MUG,Kitchen & Tableware,506,3802.705,64.69622061257945,A,1,506,12.924648786717752
84992,72 SWEETHEART FAIRY CAKE CASES,Home Decor,507,3785.74,64.74844037784564,A,1,507,12.950191570881225
23159,SET OF 5 PANCAKE DAY MAGNETS,Kitchen & Tableware,508,3785.425,64.80065579806276,A,1,508,12.975734355044699
23049,RECYCLED ACAPULCO MAT RED,Other,509,3749.6,64.85237705515966,A,1,509,13.001277139208172
21877,HOME SWEET HOME MUG,Home Decor,510,3743.81,64.90401844611655,A,1,510,13.026819923371647
23237,SET OF 4 KNICK KNACK TINS LEAF,Other,511,3728.765,64.95545230925367,A,1,511,13.05236270753512
84692,BOX OF 24 COCKTAIL PARASOLS,Bags & Packaging,512,3716.34,65.00671478434423,A,1,512,13.077905491698596
23571,TRADITIONAL NAUGHTS & CROSSES,Other,513,3714.86,65.05795684460107,A,1,513,13.10344827586207
22775,PURPLE DRAWERKNOB ACRYLIC EDWARDIAN,Other,514,3694.44,65.10891723532785,A,1,514,13.128991060025545
22584,PACK OF 6 PANETTONE GIFT BOXES,Bags & Packaging,515,3691.875,65.15984224494078,A,1,515,13.154533844189018
23130,MISTLETOE HEART WREATH GREEN,Home Decor,516,3683.355,65.21064973132178,A,1,516,13.180076628352491
23526,WALL ART DOG LICENCE ,Home Decor,517,3678.365,65.26138838660802,A,1,517,13.205619412515965
23013,GLASS APOTHECARY BOTTLE TONIC,Other,518,3674.1600000000003,65.31206903893766,A,1,518,13.231162196679438
23129,HEART SHAPED HOLLY WREATH,Home Decor,519,3667.025,65.36265127245746,A,1,519,13.256704980842912
23127,FELTCRAFT GIRL NICOLE KIT,Other,520,3654.275,65.41305763494354,A,1,520,13.282247765006385
21716,BOYS VINTAGE TIN SEASIDE BUCKET,Stationery,521,3641.6949999999997,65.46329047134304,A,1,521,13.307790549169859
20677,PINK POLKADOT BOWL,Kitchen & Tableware,522,3619.785,65.51322108544069,A,1,522,13.333333333333334
22222,CAKE PLATE LOVEBIRD WHITE,Kitchen & Tableware,523,3614.875,65.5630839719481,A,1,523,13.358876117496807
22466,FAIRY TALE COTTAGE NIGHT LIGHT,Stationery,524,3611.615,65.61290189064611,A,1,524,13.38441890166028
22899,CHILDREN'S APRON DOLLY GIRL ,Toys & Kids,525,3608.605,65.66267828998637,A,1,525,13.409961685823754
22508,DOORSTOP RETROSPOT HEART,Home Decor,526,3606.64,65.71242758449672,A,1,526,13.435504469987228
22839,3 TIER CAKE TIN GREEN AND CREAM,Kitchen & Tableware,527,3603.9249999999997,65.76213942882224,A,1,527,13.461047254150701
23008,DOLLY GIRL BABY GIFT SET,Toys & Kids,528,3595.475,65.81173471548229,A,1,528,13.486590038314175
22842,BISCUIT TIN VINTAGE RED,Stationery,529,3589.4,65.86124620476745,A,1,529,13.512132822477648
22274,FELTCRAFT DOLL EMILY,Toys & Kids,530,3582.4550000000004,65.91066189606603,A,1,530,13.537675606641125
23091,ZINC HERB GARDEN CONTAINER,Other,531,3576.12,65.9599902036,A,1,531,13.563218390804598
21844,RED RETROSPOT MUG,Kitchen & Tableware,532,3574.3150000000005,66.00929361331313,A,1,532,13.588761174968072
22219,LOVEBIRD HANGING DECORATION WHITE ,Home Decor,533,3573.19,66.05858150499388,A,1,533,13.614303959131547
22188,BLACK HEART CARD HOLDER,Home Decor,534,3571.065,66.10784008483569,A,1,534,13.63984674329502
22628,PICNIC BOXES SET OF 3 RETROSPOT ,Bags & Packaging,535,3570.385,66.15708928488901,A,1,535,13.665389527458494
22946,WOODEN ADVENT CALENDAR CREAM,Christmas,536,3560.775,66.20620592646125,A,1,536,13.690932311621967
15056P,EDWARDIAN PARASOL PINK,Other,537,3544.275,66.25509497022517,A,1,537,13.71647509578544
21498,RED RETROSPOT WRAP ,Stationery,538,3541.81,66.30395001225588,A,1,538,13.742017879948914
85049E,SCANDINAVIAN REDS RIBBONS,Other,539,3541.585,66.35280195068015,A,1,539,13.767560664112388
23081,GREEN METAL BOX ARMY SUPPLIES,Bags & Packaging,540,3541.25,66.40164926817918,A,1,540,13.793103448275861
22195,LARGE HEART MEASURING SPOONS,Home Decor,541,3527.585,66.45030809331153,A,1,541,13.818646232439335
21390,FILIGRIS HEART WITH BUTTERFLY,Home Decor,542,3518.92,66.49884739510998,A,1,542,13.84418901660281
22813,PACK 3 BOXES BIRD PANETTONE ,Bags & Packaging,543,3518.2549999999997,66.54737752402706,A,1,543,13.869731800766283
21658,GLASS  BEURRE DISH,Other,544,3510.985,66.59580737197041,A,1,544,13.895274584929757
84078A,SET/4 WHITE RETRO STORAGE CUBES ,Other,545,3506.75,66.64417880314296,A,1,545,13.92081736909323
23404,HOME SWEET HOME BLACKBOARD,Home Decor,546,3506.36,66.69254485473095,A,1,546,13.946360153256704
22061,LARGE CAKE STAND  HANGING STRAWBERY,Home Decor,547,3505.64,66.74090097477821,A,1,547,13.971902937420177
22212,FOUR HOOK  WHITE LOVEBIRDS,Other,548,3502.5950000000003,66.78921509268449,A,1,548,13.997445721583654
23182,TOILET SIGN OCCUPIED OR VACANT,Home Decor,549,3499.36,66.83748458762652,A,1,549,14.022988505747128
21527,RED RETROSPOT TRADITIONAL TEAPOT ,Kitchen & Tableware,550,3483.125,66.88553014011896,A,1,550,14.048531289910601
22809,SET OF 6 T-LIGHTS SANTA,Christmas,551,3479.0250000000005,66.9335191380045,A,1,551,14.074074074074074
21745,GAOLERS KEYS DECORATIVE GARDEN ,Other,552,3463.845,66.98129874590637,A,1,552,14.099616858237548
22980,PANTRY SCRUBBING BRUSH,Other,553,3459.7850000000003,67.02902235095358,A,1,553,14.125159642401023
22926,IVORY GIANT GARDEN THERMOMETER,Other,554,3450.55,67.07661857019717,A,1,554,14.150702426564497
22896,PEG BAG APPLES DESIGN,Home Decor,555,3441.71,67.12409285219071,A,1,555,14.17624521072797
22431,WATERING CAN BLUE ELEPHANT,Accessories,556,3439.3599999999997,67.17153471873884,A,1,556,14.201787994891443
84987,SET OF 36 TEATIME PAPER DOILIES,Kitchen & Tableware,557,3437.4449999999997,67.2189501701474,A,1,557,14.227330779054917
21110,LARGE CAKE TOWEL PINK SPOTS,Kitchen & Tableware,558,3431.3,67.2662808586146,A,1,558,14.25287356321839
72760B,VINTAGE CREAM 3 BASKET CAKE STAND,Kitchen & Tableware,559,3426.475,67.31354499196513,A,1,559,14.278416347381864
23014,GLASS APOTHECARY BOTTLE ELIXIR,Other,560,3419.5800000000004,67.36071401701939,A,1,560,14.303959131545337
22950,36 DOILIES VINTAGE CHRISTMAS,Christmas,561,3415.8999999999996,67.40783228086549,A,1,561,14.329501915708812
22739,RIBBON REEL CHRISTMAS SOCK BAUBLE,Christmas,562,3414.395,67.4549297850327,A,1,562,14.355044699872286
21974,SET OF 36 PAISLEY FLOWER DOILIES,Other,563,3401.225,67.50184562476745,A,1,563,14.38058748403576
22669,RED BABY BUNTING ,Toys & Kids,564,3390.1,67.54860800840416,A,1,564,14.406130268199233
85053,FRENCH ENAMEL CANDLEHOLDER,Home Decor,565,3385.85,67.59531176836298,A,1,565,14.431673052362706
23531,WALL ART BIG LOVE ,Home Decor,566,3385.445,67.64200994183014,A,1,566,14.457215836526183
21992,VINTAGE PAISLEY STATIONERY SET,Stationery,567,3384.255,67.68869170066748,A,1,567,14.482758620689657
22596,CHRISTMAS STAR WISH LIST CHALKBOARD,Christmas,568,3378.75,67.73529752459969,A,1,568,14.50830140485313
21494,ROTATING LEAVES T-LIGHT HOLDER,Other,569,3374.965,67.78185113897403,A,1,569,14.533844189016603
23332,IVORY WICKER HEART LARGE,Home Decor,570,3373.51,67.82838468335984,A,1,570,14.559386973180077
22854,CREAM SWEETHEART EGG HOLDER,Home Decor,571,3358.2000000000003,67.87470704456713,A,1,571,14.58492975734355
23191,BUNDLE OF 3 RETRO NOTE BOOKS,Other,572,3329.8650000000002,67.9206385582654,A,1,572,14.610472541507026
23295,SET OF 12 MINI LOAF BAKING CASES,Other,573,3328.92,67.96655703681645,A,1,573,14.636015325670499
23132,SMALL IVORY HEART WALL ORGANISER,Home Decor,574,3320.005,68.01235254358198,A,1,574,14.661558109833972
22468,BABUSHKA LIGHTS STRING OF 10,Accessories,575,3317.025,68.05810694480395,A,1,575,14.687100893997446
22417,PACK OF 60 SPACEBOY CAKE CASES,Kitchen & Tableware,576,3315.855,68.10384520727224,A,1,576,14.71264367816092
21086,SET/6 RED SPOTTY PAPER CUPS,Kitchen & Tableware,577,3292.79,68.1492653155921,A,1,577,14.738186462324393
21993,FLORAL FOLK STATIONERY SET,Other,578,3292.09,68.19467576824736,A,1,578,14.763729246487866
84509A,SET OF 4 ENGLISH ROSE PLACEMATS,Other,579,3288.955,68.24004297731905,A,1,579,14.78927203065134
23157,SET OF 6 NATIVITY MAGNETS ,Other,580,3286.2650000000003,68.28537308105106,A,1,580,14.814814814814813
84032A,CHARLIE+LOLA PINK HOT WATER BOTTLE,Other,581,3281.525,68.33063780213998,A,1,581,14.840357598978288
23275,SET OF 3 HANGING OWLS OLLIE BEAK,Home Decor,582,3275.855,68.37582431234564,A,1,582,14.865900383141762
22577,WOODEN HEART CHRISTMAS SCANDINAVIAN,Christmas,583,3272.0299999999997,68.42095806124121,A,1,583,14.891443167305235
23306,SET OF 36 PANTRY PAPER DOILIES,Stationery,584,3263.955,68.46598042514877,A,1,584,14.916985951468712
22890,NOVELTY BISCUITS CAKE STAND 3 TIER,Kitchen & Tableware,585,3253.25,68.51085512635704,A,1,585,14.942528735632186
85132C,CHARLIE AND LOLA FIGURES TINS,Other,586,3236.95,68.5555049885183,A,1,586,14.968071519795659
22780,LIGHT GARLAND BUTTERFILES PINK,Other,587,3221.19,68.59993746028809,A,1,587,14.993614303959133
23032,DRAWER KNOB CRACKLE GLAZE IVORY,Other,588,3210.555,68.64422323492505,A,1,588,15.019157088122606
21715,GIRLS VINTAGE TIN SEASIDE BUCKET,Stationery,589,3208.745,68.68848404277213,A,1,589,15.04469987228608
85049A,TRADITIONAL CHRISTMAS RIBBONS,Christmas,590,3200.555,68.73263187934346,A,1,590,15.070242656449553
22800,ANTIQUE TALL SWIRLGLASS TRINKET POT,Other,591,3198.445,68.77675061098292,A,1,591,15.095785440613026
21463,MIRRORED DISCO BALL ,Other,592,3190.025,68.82075319877111,A,1,592,15.121328224776502
23350,ROLL WRAP VINTAGE SPOT ,Stationery,593,3170.49,68.86448632454804,A,1,593,15.146871008939975
21833,CAMOUFLAGE LED TORCH,Other,594,3170.105,68.90821413970946,A,1,594,15.172413793103448
21906,PHARMACIE FIRST AID TIN,Other,595,3168.32,68.95191733292614,A,1,595,15.197956577266922
23299,FOOD COVER WITH BEADS SET 2 ,Other,596,3166.07,68.99558949007807,A,1,596,15.223499361430395
22550,HOLIDAY FUN LUDO,Other,597,3160.88,69.0391900573739,A,1,597,15.249042145593869
23297,SET 40 HEART SHAPE PETIT FOUR CASES,Home Decor,598,3159.455,69.08277096849538,A,1,598,15.274584929757342
82552,WASHROOM METAL SIGN,Home Decor,599,3146.93,69.12617911218965,A,1,599,15.300127713920816
23393,HOME SWEET HOME CUSHION COVER ,Home Decor,600,3140.05,69.16949235449474,A,1,600,15.32567049808429
84050,PINK HEART SHAPE EGG FRYING PAN,Home Decor,601,3139.93,69.21280394154302,A,1,601,15.351213282247764
22738,RIBBON REEL SNOWY VILLAGE,Other,602,3134.945,69.2560467664656,A,1,602,15.37675606641124
21890,S/6 WOODEN SKITTLES IN COTTON BAG,Bags & Packaging,603,3131.555,69.29924283038392,A,1,603,15.402298850574713
23092,LARGE ANTIQUE WHITE PHOTO FRAME,Other,604,3130.8450000000003,69.34242910069956,A,1,604,15.427841634738188
20675,BLUE POLKADOT BOWL,Kitchen & Tableware,605,3122.165,69.38549564077422,A,1,605,15.453384418901662
22430,ENAMEL WATERING CAN CREAM,Accessories,606,3114.2,69.4284523131796,A,1,606,15.478927203065135
23089,GLASS BON BON JAR,Other,607,3111.4049999999997,69.47137043189564,A,1,607,15.504469987228608
23255,CHILDRENS CUTLERY CIRCUS PARADE,Toys & Kids,608,3103.145,69.51417461376944,A,1,608,15.530012771392082
21531,RED RETROSPOT SUGAR JAM BOWL,Kitchen & Tableware,609,3096.27,69.55688396322309,A,1,609,15.555555555555555
22432,WATERING CAN PINK BUNNY,Accessories,610,3085.42,69.59944364987552,A,1,610,15.581098339719029
22578,WOODEN STAR CHRISTMAS SCANDINAVIAN,Christmas,611,3079.535,69.64192215997632,A,1,611,15.606641123882504
22079,RIBBON REEL HEARTS DESIGN ,Home Decor,612,3072.165,69.68429900972272,A,1,612,15.632183908045977
23323,WHITE WICKER STAR ,Other,613,3069.98,69.7266457200018,A,1,613,15.657726692209451
20975,12 PENCILS SMALL TUBE RED RETROSPOT,Other,614,3066.57,69.76894539340049,A,1,614,15.683269476372924
20717,STRAWBERRY SHOPPER BAG,Bags & Packaging,615,3060.885,69.81116664900883,A,1,615,15.708812260536398
22187,GREEN CHRISTMAS TREE CARD HOLDER,Christmas,616,3058.1,69.85334948886589,A,1,616,15.734355044699871
47567B,TEA TIME KITCHEN APRON,Kitchen & Tableware,617,3056.23,69.89550653430469,A,1,617,15.759897828863345
22746,POPPY'S PLAYHOUSE LIVINGROOM ,Other,618,3055.415,69.93765233779114,A,1,618,15.785440613026818
22661,CHARLOTTE BAG DOLLY GIRL DESIGN,Home Decor,619,3048.49,69.97970261916711,A,1,619,15.810983397190292
23395,BELLE JARDINIERE CUSHION COVER,Textile,620,3046.855,70.02173034766936,A,1,620,15.836526181353769
23342,MINT DINER WALL CLOCK,Home Decor,621,3046.475,70.0637528345251,A,1,621,15.862068965517242
23144,ZINC T-LIGHT HOLDER STARS SMALL,Other,622,3037.26,70.10564821145336,A,1,622,15.887611749680715
84997b,CHILDRENS CUTLERY RETROSPOT RED ,Toys & Kids,623,3028.2799999999997,70.14741971999865,A,1,623,15.91315453384419
23239,SET OF 4 KNICK KNACK TINS POPPIES,Other,624,3027.5899999999997,70.18918171081742,A,1,624,15.938697318007664
23166,MEDIUM CERAMIC TOP STORAGE JAR,Other,625,3027.235,70.23093880483485,A,1,625,15.964240102171138
21429,RED GINGHAM ROSE JEWELLERY BOX,Bags & Packaging,626,3007.825,70.27242816106686,A,1,626,15.989782886334611
22778,GLASS CLOCHE SMALL,Other,627,3002.525,70.31384441012408,A,1,627,16.015325670498086
22148,EASTER CRAFT 4 CHICKS ,Other,628,2996.75,70.35518099994836,A,1,628,16.04086845466156
23051,RECYCLED ACAPULCO MAT BLUE,Other,629,2994.45,70.39648586401755,A,1,629,16.066411238825033
23210,WHITE ROCKING HORSE HAND PAINTED,Other,630,2992.3,70.43776107140263,A,1,630,16.091954022988507
22998,TRAVEL CARD WALLET KEEP CALM,Home Decor,631,2990.475,70.47901110509073,A,1,631,16.11749680715198
23085,ANTIQUE SILVER BAUBLE LAMP  ,Other,632,2979.125,70.5201045790743,A,1,632,16.143039591315453
23426,METAL SIGN DROP YOUR PANTS,Home Decor,633,2977.5550000000003,70.56117639678158,A,1,633,16.168582375478927
23177,TREASURE ISLAND BOOK BOX,Bags & Packaging,634,2977.065,70.60224145552364,A,1,634,16.1941251596424
23053,RECYCLED ACAPULCO MAT PINK,Other,635,2976.2,70.64329458262301,A,1,635,16.219667943805874
23354,6 GIFT TAGS 50'S CHRISTMAS ,Christmas,636,2974.2000000000003,70.68432012210927,A,1,636,16.245210727969347
22378,WALL TIDY RETROSPOT ,Home Decor,637,2971.925,70.72531428068558,A,1,637,16.27075351213282
21868,POTTING SHED TEA MUG,Kitchen & Tableware,638,2964.34,70.76620381323909,A,1,638,16.296296296296298
23353,6 GIFT TAGS VINTAGE CHRISTMAS ,Christmas,639,2955.07,70.80696547720575,A,1,639,16.32183908045977
22592,CARDHOLDER HOLLY WREATH METAL,Stationery,640,2955.015,70.84772638251304,A,1,640,16.347381864623244
21746,SMALL RED RETROSPOT WINDMILL,Other,641,2948.215,70.88839348993568,A,1,641,16.372924648786718
22493,PAINT YOUR OWN CANVAS SET,Other,642,2943.9900000000002,70.9290023185256,A,1,642,16.39846743295019
22972,CHILDREN'S SPACEBOY MUG,Kitchen & Tableware,643,2943.665,70.96960666412838,A,1,643,16.424010217113665
23176,ABC TREASURE BOOK BOX ,Bags & Packaging,644,2933.13,71.010065691979,A,1,644,16.44955300127714
22653,BUTTON BOX ,Bags & Packaging,645,2931.23,71.05049851159716,A,1,645,16.47509578544061
21876,POTTERING MUG,Kitchen & Tableware,646,2930.035,71.09091484761643,A,1,646,16.500638569604085
22300,COFFEE MUG DOG + BALL DESIGN,Home Decor,647,2925.79,71.13127262892687,A,1,647,16.526181353767562
21098,CHRISTMAS TOILET ROLL,Christmas,648,2924.52,71.17161289210296,A,1,648,16.551724137931036
20828,GLITTER BUTTERFLY CLIPS,Other,649,2910.98,71.21176638713816,A,1,649,16.57726692209451
23189,SET OF 12 FORK CANDLES,Home Decor,650,2903.31,71.25181408367699,A,1,650,16.602809706257982
23530,WALL ART ONLY ONE PERSON ,Home Decor,651,2895.695,71.29175674037883,A,1,651,16.628352490421456
21385,IVORY HANGING DECORATION  HEART,Home Decor,652,2894.54,71.3316834652341,A,1,652,16.65389527458493
22435,SET OF 9 HEART SHAPED BALLOONS,Home Decor,653,2887.775,71.37151687498795,A,1,653,16.679438058748403
22812,PACK 3 BOXES CHRISTMAS PANETTONE,Christmas,654,2887.4,71.41134511206435,A,1,654,16.704980842911876
23156,SET OF 5 MINI GROCERY MAGNETS,Other,655,2885.9900000000002,71.45115389987347,A,1,655,16.73052362707535
22951,60 CAKE CASES DOLLY GIRL DESIGN,Home Decor,656,2878.475,71.49085902722628,A,1,656,16.756066411238827
23570,TRADITIONAL PICK UP STICKS GAME ,Toys & Kids,657,2871.47,71.53046752896407,A,1,657,16.7816091954023
22465,HANGING METAL STAR LANTERN,Home Decor,658,2866.41,71.57000623404065,A,1,658,16.807151979565774
22855,FINE WICKER HEART ,Home Decor,659,2861.63,71.60947900472185,A,1,659,16.832694763729247
22151,PLACE SETTING WHITE HEART,Home Decor,660,2861.17,71.64894543025203,A,1,660,16.85823754789272
23329,DECORATIVE WICKER HEART LARGE,Home Decor,661,2853.19,71.68830178120584,A,1,661,16.883780332056194
20974,12 PENCILS SMALL TUBE SKULL,Other,662,2847.805,71.72758385251127,A,1,662,16.909323116219667
82551,LAUNDRY 15C METAL SIGN,Home Decor,663,2843.765,71.76681019683816,A,1,663,16.93486590038314
22360,GLASS JAR ENGLISH CONFECTIONERY,Other,664,2840.92,71.80599729778541,A,1,664,16.960408684546614
22740,POLKADOT PEN,Other,665,2837.4,71.84513584453354,A,1,665,16.985951468710088
23314,VINTAGE CHRISTMAS TABLECLOTH,Christmas,666,2834.975,71.88424094130075,A,1,666,17.011494252873565
21714,CITRONELLA CANDLE GARDEN POT,Home Decor,667,2830.7,71.92328706954488,A,1,667,17.037037037037038
21411,GINGHAM HEART  DOORSTOP RED,Home Decor,668,2829.985,71.96232333521733,A,1,668,17.06257982120051
22426,ENAMEL WASH BOWL CREAM,Kitchen & Tableware,669,2824.175,72.00127945887364,A,1,669,17.088122605363985
23543,WALL ART KEEP CALM ,Home Decor,670,2818.35,72.0401552336067,A,1,670,17.11366538952746
21238,RED RETROSPOT CUP,Kitchen & Tableware,671,2804.315,72.07883741226462,A,1,671,17.139208173690932
22072,RED RETROSPOT TEA CUP AND SAUCER ,Kitchen & Tableware,672,2801.795,72.11748483052999,A,1,672,17.164750957854405
22810,SET OF 6 T-LIGHTS SNOWMEN,Other,673,2801.0550000000003,72.1561220413785,A,1,673,17.19029374201788
22180,RETROSPOT LAMP,Other,674,2788.5,72.1945860709856,A,1,674,17.215836526181356
21243,PINK POLKADOT PLATE ,Kitchen & Tableware,675,2782.955,72.23297361393527,A,1,675,17.24137931034483
21990,MODERN FLORAL STATIONERY SET,Other,676,2781.875,72.27134625957386,A,1,676,17.266922094508303
22224,WHITE LOVEBIRD LANTERN,Other,677,2755.135,72.3093500588249,A,1,677,17.292464878671776
23147,SINGLE ANTIQUE ROSE HOOK IVORY,Other,678,2752.2,72.34731337325367,A,1,678,17.31800766283525
22892,SET OF SALT AND PEPPER TOADSTOOLS,Other,679,2742.3,72.38514012899745,A,1,679,17.343550446998723
47599A,PINK PARTY BAGS,Bags & Packaging,680,2742.045,72.42296336732055,A,1,680,17.369093231162196
21244,BLUE POLKADOT PLATE ,Kitchen & Tableware,681,2739.2,72.46074736226397,A,1,681,17.39463601532567
23035,DRAWER KNOB CERAMIC IVORY,Other,682,2738.9649999999997,72.49852811566285,A,1,682,17.420178799489143
23231,WRAP  VINTAGE DOILY ,Stationery,683,2732.61,72.53622120942102,A,1,683,17.445721583652617
21260,FIRST AID TIN,Other,684,2722.905,72.57378043428646,A,1,684,17.47126436781609
23388,WOODLAND MINI BACKPACK,Bags & Packaging,685,2719.59,72.61129393268314,A,1,685,17.496807151979567
22848,BREAD BIN DINER STYLE PINK,Other,686,2716.6749999999997,72.64876722213369,A,1,686,17.52234993614304
21625,VINTAGE UNION JACK APRON,Stationery,687,2709.61,72.68614305834085,A,1,687,17.547892720306514
23266,SET OF 3 WOODEN STOCKING DECORATION,Home Decor,688,2702.27,72.72341764800781,A,1,688,17.573435504469987
22348,TEA BAG PLATE RED RETROSPOT,Kitchen & Tableware,689,2701.0049999999997,72.76067478850948,A,1,689,17.59897828863346
22849,BREAD BIN DINER STYLE MINT,Other,690,2699.7749999999996,72.79791496262906,A,1,690,17.624521072796934
22380,TOY TIDY SPACEBOY  ,Toys & Kids,691,2696.135,72.83510492729276,A,1,691,17.650063856960408
22644,CERAMIC CHERRY CAKE MONEY BANK,Kitchen & Tableware,692,2693.96,72.87226489042716,A,1,692,17.675606641123885
85174,S/4 CACTI CANDLES,Home Decor,693,2690.795,72.9093811961638,A,1,693,17.70114942528736
22737,RIBBON REEL CHRISTMAS PRESENT ,Christmas,694,2689.2,72.94647550077896,A,1,694,17.72669220945083
21135,VICTORIAN  METAL POSTCARD SPRING,Stationery,695,2687.325,72.98354394200682,A,1,695,17.752234993614305
22460,EMBOSSED GLASS TEALIGHT HOLDER,Kitchen & Tableware,696,2682.44,73.0205450004896,A,1,696,17.77777777777778
72807C,SET/3 VANILLA SCENTED CANDLE IN BOX,Home Decor,697,2676.18,73.05745970974328,A,1,697,17.803320561941252
22843,BISCUIT TIN VINTAGE GREEN,Stationery,698,2671.19,73.09430558790223,A,1,698,17.828863346104725
23131,MISTLETOE HEART WREATH CREAM,Home Decor,699,2665.755,73.13107649672246,A,1,699,17.8544061302682
22962,JAM JAR WITH PINK LID,Other,700,2664.8599999999997,73.16783506008584,A,1,700,17.879948914431672
84968C,SET OF 16 VINTAGE PISTACHIO CUTLERY,Stationery,701,2661.37,73.2045454830643,A,1,701,17.905491698595146
22965,3 TRADITIONAl BISCUIT CUTTERS  SET,Other,702,2660.86,73.24124887120139,A,1,702,17.93103448275862
23489,VINTAGE BELLS GARLAND,Stationery,703,2660.675,73.27794970748428,A,1,703,17.956577266922093
23196,VINTAGE LEAF MAGNETIC NOTEPAD,Stationery,704,2649.865,73.3145014327182,A,1,704,17.982120051085566
23264,SET OF 3 WOODEN SLEIGH DECORATIONS,Home Decor,705,2649.26,73.35104481269916,A,1,705,18.007662835249043
22925,BLUE GIANT GARDEN THERMOMETER,Other,706,2648.425,73.38757667485162,A,1,706,18.033205619412517
84997d,CHILDRENS CUTLERY POLKADOT PINK,Toys & Kids,707,2648.0299999999997,73.4241030884505,A,1,707,18.05874840357599
20754,RETROSPOT RED WASHING UP GLOVES,Other,708,2647.77,73.46062591565965,A,1,708,18.084291187739463
23146,TRIPLE HOOK ANTIQUE IVORY ROSE,Other,709,2645.2599999999998,73.49711412041432,A,1,709,18.109833971902937
22606,WOODEN SKITTLES GARDEN SET,Other,710,2644.85,73.53359666970832,A,1,710,18.135376756066414
23111,PARISIENNE SEWING BOX,Bags & Packaging,711,2636.3999999999996,73.56996266133685,A,1,711,18.160919540229887
22908,PACK OF 20 NAPKINS RED APPLES,Bags & Packaging,712,2618.835,73.60608636475305,A,1,712,18.18646232439336
75049L,LARGE CIRCULAR MIRROR MOBILE,Other,713,2614.78,73.64215413428363,A,1,713,18.212005108556834
16161P,WRAP ENGLISH ROSE ,Stationery,714,2611.98,73.67818328115584,A,1,714,18.237547892720308
23497,CLASSIC CHROME BICYCLE BELL ,Other,715,2609.5,73.71417821938775,A,1,715,18.26309067688378
22354,RETROSPOT PADDED SEAT CUSHION,Textile,716,2606.73,73.7501349487755,A,1,716,18.288633461047255
85184C,SET 4 VALENTINE DECOUPAGE HEART BOX,Home Decor,717,2605.215,73.78607078054628,A,1,717,18.314176245210728
22236,CAKE STAND 3 TIER MAGIC GARDEN,Kitchen & Tableware,718,2602.6,73.82197054151288,A,1,718,18.3397190293742
23010,CIRCUS PARADE BABY GIFT SET,Toys & Kids,719,2598.375,73.85781202364676,A,1,719,18.365261813537675
22794,SWEETHEART WIRE MAGAZINE RACK,Home Decor,720,2592.7000000000003,73.89357522592839,A,1,720,18.39080459770115
23396,LE JARDIN BOTANIQUE CUSHION COVER,Textile,721,2586.16,73.92924821671507,A,1,721,18.41634738186462
21874,GIN AND TONIC MUG,Kitchen & Tableware,722,2584.945,73.96490444802679,A,1,722,18.441890166028095
22906,12 MESSAGE CARDS WITH ENVELOPES,Stationery,723,2579.995,74.00049239999599,A,1,723,18.46743295019157
22894,TABLECLOTH RED APPLES DESIGN ,Home Decor,724,2574.35,74.03600248592713,A,1,724,18.492975734355042
35004B,SET OF 3 BLACK FLYING DUCKS,Other,725,2571.5099999999998,74.07147339744763,A,1,725,18.51851851851852
23100,SILVER BELLS TABLE DECORATION,Home Decor,726,2569.91,74.10692223887764,A,1,726,18.544061302681992
23310,BUBBLEGUM RING ASSORTED,Accessories,727,2566.56,74.14232487105564,A,1,727,18.569604086845466
23333,IVORY WICKER HEART MEDIUM,Home Decor,728,2564.945,74.17770522623604,A,1,728,18.595146871008943
22773,GREEN DRAWER KNOB ACRYLIC EDWARDIAN,Other,729,2557.3,74.21298012776525,A,1,729,18.620689655172416
22029,SPACEBOY BIRTHDAY CARD,Stationery,730,2544.45,74.2480777788801,A,1,730,18.64623243933589
22196,SMALL HEART MEASURING SPOONS,Home Decor,731,2533.775,74.28302818110987,A,1,731,18.671775223499363
22822,CREAM WALL PLANTER HEART SHAPED,Home Decor,732,2526.35,74.31787616432588,A,1,732,18.697318007662837
23232,WRAP VINTAGE LEAF DESIGN,Home Decor,733,2522.01,74.35266428242142,A,1,733,18.72286079182631
22489,PACK OF 12 TRADITIONAL CRAYONS,Bags & Packaging,734,2516.66,74.38737860365181,A,1,734,18.748403575989784
21561,DINOSAUR LUNCH BOX WITH CUTLERY,Bags & Packaging,735,2516.28,74.42208768323572,A,1,735,18.773946360153257
72351B,SET/6 PINK  BUTTERFLY T-LIGHTS,Other,736,2510.7250000000004,74.45672013822416,A,1,736,18.79948914431673
22131,FOOD CONTAINER SET 3 LOVE HEART ,Home Decor,737,2506.04,74.49128796922884,A,1,737,18.825031928480204
22927,GREEN GIANT GARDEN THERMOMETER,Other,738,2494.75,74.52570006815739,A,1,738,18.850574712643677
22358,KINGS CHOICE TEA CADDY ,Kitchen & Tableware,739,2493.695,74.56009761462002,A,1,739,18.87611749680715
22956,36 FOIL HEART CAKE CASES,Home Decor,740,2493.335,74.59449019531229,A,1,740,18.901660280970624
23340,VINTAGE CHRISTMAS CAKE FRILL,Christmas,741,2492.08,74.62886546477733,A,1,741,18.927203065134098
21012,ANTIQUE ALL GLASS CANDLESTICK,Home Decor,742,2490.91,74.66322459548867,A,1,742,18.95274584929757
21787,RAIN PONCHO RETROSPOT,Other,743,2483.4249999999997,74.69748047955788,A,1,743,18.978288633461045
22670,FRENCH WC SIGN BLUE METAL,Home Decor,744,2483.0,74.73173050125929,A,1,744,19.00383141762452
23230,WRAP ALPHABET DESIGN,Home Decor,745,2479.44,74.76593141700934,A,1,745,19.029374201787995
21730,GLASS STAR FROSTED T-LIGHT HOLDER,Other,746,2478.65,74.8001214356522,A,1,746,19.05491698595147
22937,BAKING MOULD CHOCOLATE CUPCAKES,Kitchen & Tableware,747,2473.9900000000002,74.83424717515648,A,1,747,19.080459770114942
23341,PINK DINER WALL CLOCK,Home Decor,748,2469.575,74.86831201500476,A,1,748,19.10600255427842
22616,PACK OF 12 LONDON TISSUES ,Bags & Packaging,749,2466.8799999999997,74.90233968054434,A,1,749,19.131545338441892
22967,SET 3 SONG BIRD PAPER EGGS ASSORTED,Stationery,750,2461.335,74.9362908594265,A,1,750,19.157088122605366
23190,BUNDLE OF 3 SCHOOL EXERCISE BOOKS  ,Other,751,2453.05,74.97012775662131,A,1,751,19.18263090676884
23054,RECYCLED ACAPULCO MAT LAVENDER,Other,752,2433.15,75.00369015706545,A,1,752,19.208173690932313
22374,AIRLINE BAG VINTAGE JET SET RED,Stationery,753,2427.38,75.03717296724571,A,1,753,19.233716475095786
21115,ROSE CARAVAN DOORSTOP,Other,754,2426.675,75.07064605279233,A,1,754,19.25925925925926
22974,CHILDRENS DOLLY GIRL MUG,Kitchen & Tableware,755,2425.19,75.10409865453622,A,1,755,19.284802043422733
21497,FANCY FONTS BIRTHDAY WRAP,Stationery,756,2424.18,75.13753732453547,A,1,756,19.310344827586206
22064,PINK DOUGHNUT TRINKET POT ,Other,757,2417.795,75.1708879210798,A,1,757,19.33588761174968
23294,SET OF 6 SNACK LOAF BAKING CASES,Other,758,2412.98,75.20417210044553,A,1,758,19.361430395913153
22278,OVERNIGHT BAG VINTAGE ROSE PAISLEY,Stationery,759,2410.05,75.237415863958,A,1,759,19.386973180076627
23308,SET OF 60 VINTAGE LEAF CAKE CASES ,Kitchen & Tableware,760,2405.52,75.27059714152675,A,1,760,19.4125159642401
22283,6 EGG HOUSE PAINTED WOOD,Other,761,2399.05,75.30368917316702,A,1,761,19.438058748403574
23424,GINGHAM RECIPE BOOK BOX,Bags & Packaging,762,2397.3,75.33675706564578,A,1,762,19.463601532567047
22990,COTTON APRON PANTRY DESIGN,Home Decor,763,2391.025,75.36973840198837,A,1,763,19.489144316730524
84969,BOX OF 6 ASSORTED COLOUR TEASPOONS,Kitchen & Tableware,764,2389.14,75.40269373700558,A,1,764,19.514687100893997
23265,SET OF 3 WOODEN TREE DECORATIONS,Home Decor,765,2387.615,75.43562803646778,A,1,765,19.54022988505747
21328,BALLOONS  WRITING SET ,Other,766,2381.38,75.46847633154603,A,1,766,19.565772669220944
22930,BAKING MOULD HEART MILK CHOCOLATE,Home Decor,767,2380.3,75.5013097293132,A,1,767,19.59131545338442
22805,BLUE DRAWER KNOB ACRYLIC EDWARDIAN,Other,768,2374.595,75.5340644334139,A,1,768,19.616858237547895
23309,SET OF 60 I LOVE LONDON CAKE CASES ,Kitchen & Tableware,769,2374.475,75.56681748225783,A,1,769,19.64240102171137
23164,REGENCY CAKE SLICE,Kitchen & Tableware,770,2359.85,75.59936879668074,A,1,770,19.66794380587484
22361,GLASS JAR DAISY FRESH COTTON WOOL,Other,771,2359.005,75.63190845533711,A,1,771,19.693486590038315
20973,12 PENCIL SMALL TUBE WOODLAND,Other,772,2357.82,75.66443176833269,A,1,772,19.71902937420179
84997c,CHILDRENS CUTLERY POLKADOT BLUE,Toys & Kids,773,2355.64,75.69692501082996,A,1,773,19.744572158365262
22215,CAKE STAND WHITE TWO TIER LACE,Kitchen & Tableware,774,2355.35,75.72941425312332,A,1,774,19.770114942528735
23352,ROLL WRAP 50'S RED CHRISTMAS ,Christmas,775,2349.97,75.76182928473736,A,1,775,19.79565772669221
22241,GARLAND WOODEN HAPPY EASTER,Other,776,2336.445,75.79405775511762,A,1,776,19.821200510855682
23390,DOLLY GIRL MINI BACKPACK,Bags & Packaging,777,2328.09,75.82617097824401,A,1,777,19.846743295019156
21452,TOADSTOOL MONEY BOX,Bags & Packaging,778,2327.26,75.85827275251096,A,1,778,19.87228607918263
21109,LARGE CAKE TOWEL CHOCOLATE SPOTS,Kitchen & Tableware,779,2324.86,75.89034142164216,A,1,779,19.897828863346103
84832,ZINC WILLIE WINKIE  CANDLE STICK,Home Decor,780,2317.7799999999997,75.92231243062287,A,1,780,19.923371647509576
82580,BATHROOM METAL SIGN,Home Decor,781,2312.92,75.95421640170368,A,1,781,19.94891443167305
23542,WALL ART 70'S ALPHABET ,Home Decor,782,2307.72,75.98604864499035,A,1,782,19.974457215836527
84032B,CHARLIE + LOLA RED HOT WATER BOTTLE,Other,783,2299.3700000000003,76.01776570999219,A,1,783,20.0
23211,RED ROCKING HORSE HAND PAINTED,Other,784,2298.215,76.04946684314746,A,1,784,20.025542784163473
23242,TREASURE TIN BUFFALO BILL ,Other,785,2297.055,76.08115197548709,A,1,785,20.051085568326947
23194,GYMKHANA TREASURE BOOK BOX,Bags & Packaging,786,2292.895,76.11277972559142,A,1,786,20.076628352490424
22425,ENAMEL COLANDER CREAM,Other,787,2289.425,76.14435961118699,A,1,787,20.102171136653897
85062,PEARL CRYSTAL PUMPKIN T-LIGHT HLDR,Other,788,2285.65,76.17588742516276,A,1,788,20.12771392081737
23552,BICYCLE PUNCTURE REPAIR KIT ,Other,789,2283.33,76.2073832375073,A,1,789,20.153256704980844
21240,BLUE POLKADOT CUP,Kitchen & Tableware,790,2280.93,76.23884594471608,A,1,790,20.178799489144318
22567,20 DOLLY PEGS RETROSPOT,Toys & Kids,791,2278.665,76.270277408953,A,1,791,20.20434227330779
20978,36 PENCILS TUBE SKULLS,Other,792,2276.455,76.3016783888774,A,1,792,20.229885057471265
37500,TEA TIME TEAPOT IN GIFT BOX,Kitchen & Tableware,793,2275.8,76.33307033385852,A,1,793,20.255427841634738
21499,BLUE POLKADOT WRAP,Stationery,794,2275.02,76.36445151967048,A,1,794,20.28097062579821
22945,CHRISTMAS METAL TAGS ASSORTED ,Christmas,795,2271.595,76.39578546169497,A,1,795,20.306513409961685
22433,WATERING CAN GREEN DINOSAUR,Accessories,796,2269.25,76.42708705724309,A,1,796,20.33205619412516
22807,SET OF 6 T-LIGHTS TOADSTOOLS,Other,797,2268.5550000000003,76.45837906609562,A,1,797,20.35759897828863
20829,GLITTER HANGING BUTTERFLY STRING,Home Decor,798,2260.9900000000002,76.48956672480149,A,1,798,20.383141762452105
22963,JAM JAR WITH GREEN LID,Other,799,2259.6949999999997,76.52073652052788,A,1,799,20.40868454661558
47559B,TEA TIME OVEN GLOVE,Kitchen & Tableware,800,2254.425,76.55183362289364,A,1,800,20.434227330779056
84968A,SET OF 16 VINTAGE ROSE CUTLERY,Stationery,801,2247.99,76.58284196211417,A,1,801,20.45977011494253
22078,RIBBON REEL LACE DESIGN ,Home Decor,802,2246.11,76.61382436897837,A,1,802,20.485312899106003
23212,HEART WREATH DECORATION WITH BELL,Home Decor,803,2245.41,76.64479712017796,A,1,803,20.510855683269476
21500,PINK POLKADOT WRAP ,Stationery,804,2241.21,76.67571193738996,A,1,804,20.53639846743295
23407,SET OF 2 TRAYS HOME SWEET HOME,Home Decor,805,2239.25,76.7065997187411,A,1,805,20.561941251596423
22349,DOG BOWL CHASING BALL DESIGN,Home Decor,806,2229.525,76.7373533553234,A,1,806,20.5874840357599
22329,ROUND CONTAINER SET OF 5 RETROSPOT,Other,807,2222.815,76.76801443546367,A,1,807,20.613026819923373
23009,I LOVE LONDON BABY GIFT SET,Toys & Kids,808,2222.35,76.79866910148387,A,1,808,20.638569604086847
22563,HAPPY STENCIL CRAFT,Other,809,2221.635,76.82931390493236,A,1,809,20.66411238825032
22441,GROW YOUR OWN BASIL IN ENAMEL MUG,Kitchen & Tableware,810,2219.885,76.85993456921936,A,1,810,20.689655172413794
22331,WOODLAND PARTY BAG + STICKER SET,Stationery,811,2218.24,76.89053254269457,A,1,811,20.715197956577267
22743,MAKE YOUR OWN FLOWERPOWER CARD KIT,Stationery,812,2217.8450000000003,76.92112506761619,A,1,812,20.74074074074074
21381,MINI WOODEN HAPPY BIRTHDAY GARLAND,Other,813,2213.15,76.95165283061598,A,1,813,20.766283524904214
23504,PLAYING CARDS JUBILEE UNION JACK,Stationery,814,2204.3650000000002,76.98205941502512,A,1,814,20.791826309067687
22175,PINK OWL SOFT TOY,Toys & Kids,815,2200.255,77.01240930688925,A,1,815,20.81736909323116
21813,GARLAND WITH STARS AND BELLS,Other,816,2195.995,77.04270043713743,A,1,816,20.842911877394634
23167,SMALL CERAMIC TOP STORAGE JAR ,Other,817,2195.235,77.0729810840926,A,1,817,20.868454661558108
22045,SPACEBOY GIFT WRAP,Stationery,818,2192.82,77.10322841900494,A,1,818,20.893997445721585
23253,16 PIECE CUTLERY SET PANTRY DESIGN,Home Decor,819,2180.1,77.13330029669774,A,1,819,20.919540229885058
22672,FRENCH BATHROOM SIGN BLUE METAL,Home Decor,820,2176.27,77.1633193441114,A,1,820,20.94508301404853
22357,KINGS CHOICE BISCUIT TIN,Other,821,2174.8,77.19331811462942,A,1,821,20.970625798212005
21563,RED HEART SHAPE LOVE BUCKET ,Home Decor,822,2172.935,77.22329115969819,A,1,822,20.99616858237548
22902,TOTE BAG I LOVE LONDON,Bags & Packaging,823,2171.9100000000003,77.25325006611524,A,1,823,21.021711366538952
84596B,SMALL DOLLY MIX DESIGN ORANGE BOWL,Home Decor,824,2165.485,77.28312034732511,A,1,824,21.047254150702425
22774,RED DRAWER KNOB ACRYLIC EDWARDIAN,Other,825,2164.82,77.31298145565361,A,1,825,21.0727969348659
21239,PINK  POLKADOT CUP,Kitchen & Tableware,826,2164.785,77.34284208119888,A,1,826,21.098339719029376
23128,FELTCRAFT BOY JEAN-PAUL KIT,Other,827,2164.715,77.37270174117768,A,1,827,21.12388250319285
22691,DOORMAT WELCOME SUNRISE,Other,828,2162.48,77.40253057199882,A,1,828,21.149425287356323
22792,FLUTED ANTIQUE CANDLE HOLDER,Home Decor,829,2160.33,77.43232974613585,A,1,829,21.174968071519796
22736,RIBBON REEL MAKING SNOWMEN ,Other,830,2157.0,77.462082986897,A,1,830,21.20051085568327
21704,BAG 250g SWIRLY MARBLES,Bags & Packaging,831,2155.535,77.49181601973156,A,1,831,21.226053639846743
22107,PIZZA PLATE IN BOX,Kitchen & Tableware,832,2153.06,77.52151491289484,A,1,832,21.251596424010216
22939,ADULT APRON APPLE DELIGHT,Textile,833,2152.84,77.55121077142067,A,1,833,21.27713920817369
21976,PACK OF 60 MUSHROOM CAKE CASES,Kitchen & Tableware,834,2148.7,77.58084952358735,A,1,834,21.302681992337163
21313,GLASS HEART T-LIGHT HOLDER ,Home Decor,835,2144.04,77.61042399661542,A,1,835,21.328224776500637
23065,LARGE DECO JEWELLERY STAND,Other,836,2142.075,77.6399713648136,A,1,836,21.353767560664114
22588,CARD HOLDER GINGHAM HEART,Home Decor,837,2141.32,77.66950831868782,A,1,837,21.379310344827587
84796B,BLUE SAVANNAH PICNIC HAMPER FOR 2,Other,838,2133.7599999999998,77.69894099138439,A,1,838,21.40485312899106
23252,VINTAGE RED ENAMEL TRIM JUG ,Stationery,839,2133.3,77.72836731892995,A,1,839,21.430395913154534
21794,CLASSIC FRENCH STYLE BASKET NATURAL,Other,840,2132.275,77.7577795078238,A,1,840,21.455938697318008
21903,MAN FLU METAL SIGN,Home Decor,841,2132.155,77.78719004146085,A,1,841,21.48148148148148
82494l,WOODEN FRAME ANTIQUE WHITE ,Other,842,2124.54,77.8164955352609,A,1,842,21.507024265644954
21700,BIG DOUGHNUT FRIDGE MAGNETS,Other,843,2122.065,77.8457668893897,A,1,843,21.532567049808428
22437,SET OF 9 BLACK SKULL BALLOONS,Other,844,2121.405,77.87502913960618,A,1,844,21.5581098339719
23079,TOADSTOOL BEDSIDE LIGHT ,Other,845,2114.95,77.90420235080127,A,1,845,21.58365261813538
20977,36 PENCILS TUBE WOODLAND,Other,846,2111.22,77.93332411109787,A,1,846,21.60919540229885
23330,DECORATIVE WICKER HEART MEDIUM,Home Decor,847,2110.42,77.96243483634922,A,1,847,21.634738186462325
37448,CERAMIC CAKE DESIGN SPOTTED MUG,Home Decor,848,2109.13,77.9915277675901,A,1,848,21.6602809706258
22760,"TRAY, BREAKFAST IN BED",Other,849,2108.275,78.02060890512638,A,1,849,21.685823754789272
22891,TEA FOR ONE POLKADOT,Kitchen & Tableware,850,2107.64,78.04968128359546,A,1,850,21.711366538952745
20983,12 PENCILS TALL TUBE RED RETROSPOT,Other,851,2105.77,78.07872786764628,A,1,851,21.73690932311622
22070,SMALL RED RETROSPOT MUG IN BOX ,Kitchen & Tableware,852,2105.7,78.10777348613065,A,1,852,21.762452107279692
22165,"DIAMANTE HEART SHAPED WALL MIRROR, ",Home Decor,853,2096.525,78.13669254643978,A,1,853,21.787994891443166
23029,DRAWER KNOB CRACKLE GLAZE GREEN,Other,854,2095.795,78.1656015372701,A,1,854,21.813537675606643
22244,3 HOOK HANGER MAGIC GARDEN,Other,855,2094.21,78.19448866491705,A,1,855,21.839080459770116
23316,RED REFECTORY CLOCK ,Other,856,2091.5,78.22333841134818,A,1,856,21.86462324393359
23197,SKETCHBOOK MAGNETIC SHOPPING LIST,Other,857,2086.375,78.25211746452067,A,1,857,21.890166028097063
22504,CABIN BAG VINTAGE RETROSPOT,Stationery,858,2074.475,78.28073237139502,A,1,858,21.915708812260537
21042,RED RETROSPOT APRON ,Textile,859,2067.3,78.30924830770728,A,1,859,21.94125159642401
22733,3D TRADITIONAL CHRISTMAS STICKERS,Christmas,860,2066.955,78.33775948515628,A,1,860,21.966794380587483
37450,CERAMIC CAKE BOWL + HANGING CAKES,Home Decor,861,2060.165,78.3661770026587,A,1,861,21.992337164750957
21588,RETROSPOT GIANT TUBE MATCHES,Other,862,2059.425,78.39458431274426,A,1,862,22.01787994891443
22185,SLATE TILE NATURAL HANGING,Home Decor,863,2058.46,78.42297831180647,A,1,863,22.043422733077904
22851,SET 20 NAPKINS FAIRY CAKES DESIGN ,Home Decor,864,2054.0899999999997,78.45131203193401,A,1,864,22.06896551724138
23292,SPACEBOY CHILDRENS CUP,Kitchen & Tableware,865,2053.965,78.47964402783572,A,1,865,22.094508301404854
22914,BLUE COAT RACK PARIS FASHION,Other,866,2046.72,78.50787608760885,A,1,866,22.120051085568328
22732,3D VINTAGE CHRISTMAS STICKERS ,Christmas,867,2031.605,78.53589965399578,A,1,867,22.1455938697318
22983,CARD BILLBOARD FONT,Stationery,868,2023.28,78.56380838694304,A,1,868,22.171136653895275
22498,WOODEN REGATTA BUNTING,Other,869,2018.76,78.5916547718846,A,1,869,22.196679438058748
46000S,POLYESTER FILLER PAD 40x40cm,Other,870,2014.7749999999999,78.61944618850704,A,1,870,22.22222222222222
23152,IVORY SWEETHEART WIRE LETTER RACK ,Home Decor,871,2014.545,78.64723443255396,A,1,871,22.2477650063857
23093,SMALL PARISIENNE HEART PHOTO FRAME ,Home Decor,872,2009.2600000000002,78.67494977633316,A,1,872,22.273307790549172
22782,SET 3 WICKER STORAGE BASKETS ,Other,873,2006.8749999999998,78.70263222188372,A,1,873,22.298850574712645
21078,SET/20 STRAWBERRY PAPER NAPKINS ,Stationery,874,2002.29,78.73025142283117,A,1,874,22.32439335887612
21810,CHRISTMAS HANGING STAR WITH BELL,Christmas,875,1996.625,78.75779248186444,A,1,875,22.349936143039592
23028,DRAWER KNOB CRACKLE GLAZE BLUE,Other,876,1989.155,78.78523050116266,A,1,876,22.375478927203066
22311,OFFICE MUG WARMER BLACK+SILVER ,Kitchen & Tableware,877,1987.8100000000002,78.81264996779105,A,1,877,22.40102171136654
21985,PACK OF 12 HEARTS DESIGN TISSUES ,Home Decor,878,1984.09,78.84001812145901,A,1,878,22.426564495530013
23490,T-LIGHT HOLDER HANGING LOVE BIRD,Home Decor,879,1983.42,78.86737703327657,A,1,879,22.452107279693486
22660,DOORMAT I LOVE LONDON,Other,880,1982.45,78.89472256510179,A,1,880,22.47765006385696
21249,WOODLAND  HEIGHT CHART STICKERS ,Stationery,881,1980.2250000000001,78.92203740570737,A,1,881,22.503192848020433
72802C,VANILLA SCENT CANDLE JEWELLED BOX,Home Decor,882,1979.6,78.94934362518386,A,1,882,22.528735632183906
22121,NOEL WOODEN BLOCK LETTERS ,Christmas,883,1978.125,78.97662949879566,A,1,883,22.55427841634738
23290,SPACEBOY CHILDRENS BOWL,Kitchen & Tableware,884,1973.925,79.00385743841989,A,1,884,22.579821200510857
22973,CHILDREN'S CIRCUS PARADE MUG,Kitchen & Tableware,885,1970.71,79.03104103095602,A,1,885,22.60536398467433
23357,HOT WATER BOTTLE SEX BOMB,Other,886,1959.32,79.05806751203536,A,1,886,22.630906768837804
23358,HOT STUFF HOT WATER BOTTLE,Other,887,1959.03,79.08508999291082,A,1,887,22.656449553001277
22604,SET OF 4 NAPKIN CHARMS CUTLERY,Accessories,888,1958.07,79.11209923173196,A,1,888,22.68199233716475
21201,TROPICAL  HONEYCOMB PAPER GARLAND ,Stationery,889,1954.6200000000001,79.13906088192046,A,1,889,22.707535121328227
23031,DRAWER KNOB CRACKLE GLAZE PINK,Other,890,1944.175,79.16587845579937,A,1,890,22.7330779054917
22744,MAKE YOUR OWN MONSOON CARD KIT,Stationery,891,1943.88,79.19269196050534,A,1,891,22.758620689655174
21718,RED METAL BEACH SPADE ,Other,892,1943.45,79.21949953387451,A,1,892,22.784163473818648
22065,CHRISTMAS PUDDING TRINKET POT ,Christmas,893,1941.0549999999998,79.24627407107694,A,1,893,22.80970625798212
23360,SET 8 CANDLES VINTAGE DOILY,Home Decor,894,1937.6499999999999,79.27300164036802,A,1,894,22.835249042145595
37370,RETRO COFFEE MUGS ASSORTED,Kitchen & Tableware,895,1935.385,79.29969796668722,A,1,895,22.860791826309068
23066,SMALL DECO JEWELLERY STAND,Other,896,1935.275,79.32639277568771,A,1,896,22.88633461047254
22186,RED STAR CARD HOLDER,Stationery,897,1933.1299999999999,79.35305799697312,A,1,897,22.911877394636015
84880,WHITE WIRE EGG HOLDER,Other,898,1932.575,79.37971556269588,A,1,898,22.93742017879949
22312,OFFICE MUG WARMER POLKADOT,Kitchen & Tableware,899,1928.3650000000002,79.406315056493,A,1,899,22.962962962962962
21989,PACK OF 20 SKULL PAPER NAPKINS,Stationery,900,1926.3799999999999,79.43288716958409,A,1,900,22.988505747126435
22199,FRYING PAN RED RETROSPOT,Other,901,1926.29,79.4594580412326,A,1,901,23.01404853128991
22829,SWEETHEART WIRE WALL TIDY,Home Decor,902,1918.1499999999999,79.48591663129567,A,1,902,23.039591315453382
23536,WALL ART VILLAGE SHOW ,Home Decor,903,1915.05,79.51233246055835,A,1,903,23.065134099616856
84356,POMPOM CURTAIN,Other,904,1914.345,79.53873856518744,A,1,904,23.090676883780333
21622,VINTAGE UNION JACK CUSHION COVER,Stationery,905,1913.2,79.565128875908,A,1,905,23.116219667943806
22377,BOTTLE BAG RETROSPOT ,Bags & Packaging,906,1912.005,79.5915027030297,A,1,906,23.14176245210728
22183,CAKE STAND VICTORIAN FILIGREE MED,Kitchen & Tableware,907,1911.17,79.61786501232294,A,1,907,23.167305236270757
23437, 50'S CHRISTMAS GIFT BAG LARGE,Christmas,908,1910.395,79.64421663141607,A,1,908,23.19284802043423
23412,HEART MIRROR ANTIQUE WHITE,Home Decor,909,1909.6100000000001,79.67055742237108,A,1,909,23.218390804597703
22483,RED GINGHAM TEDDY BEAR ,Other,910,1908.9650000000001,79.69688931632083,A,1,910,23.243933588761177
21471,STRAWBERRY RAFFIA FOOD COVER,Other,911,1906.415,79.72318603606384,A,1,911,23.26947637292465
22364,GLASS JAR DIGESTIVE BISCUITS,Other,912,1901.8700000000001,79.74942006295602,A,1,912,23.295019157088124
84031A,CHARLIE+LOLA RED HOT WATER BOTTLE ,Other,913,1897.81,79.77559808699354,A,1,913,23.320561941251597
22115,METAL SIGN EMPIRE TEA,Home Decor,914,1896.4850000000001,79.80175783423736,A,1,914,23.34610472541507
21811,HANGING HEART WITH BELL,Home Decor,915,1895.645,79.82790599468366,A,1,915,23.371647509578544
20751,FUNKY WASHING UP GLOVES ASSORTED,Other,916,1894.4900000000002,79.8540382232834,A,1,916,23.397190293742018
22602,RETROSPOT WOODEN HEART DECORATION,Home Decor,917,1890.0249999999999,79.88010886253682,A,1,917,23.42273307790549
22491,PACK OF 12 COLOURED PENCILS,Bags & Packaging,918,1888.83,79.90616301819138,A,1,918,23.448275862068964
22075,6 RIBBONS ELEGANT CHRISTMAS ,Christmas,919,1885.01,79.93216448150487,A,1,919,23.473818646232438
22639,SET OF 4 NAPKIN CHARMS HEARTS,Home Decor,920,1884.2549999999999,79.9581555304944,A,1,920,23.49936143039591
22747,POPPY'S PLAYHOUSE BATHROOM,Other,921,1881.875,79.9841137502243,A,1,921,23.524904214559385
23491,VINTAGE JINGLE BELLS HEART,Home Decor,922,1881.4,80.01006541789609,B,1,922,23.550446998722858
23075,PARLOUR CERAMIC WALL HOOK,Home Decor,923,1880.95,80.03601087835492,B,1,923,23.575989782886335
22156,HEART DECORATION WITH PEARLS ,Home Decor,924,1878.0549999999998,80.06191640574374,B,1,924,23.60153256704981
22167, OVAL WALL MIRROR DIAMANTE ,Home Decor,925,1874.1999999999998,80.08776875800827,B,1,925,23.627075351213282
21749,LARGE RED RETROSPOT WINDMILL,Other,926,1873.54,80.11361200636044,B,1,926,23.652618135376756
23227,FILIGREE HEART BUTTERFLY WHITE ,Home Decor,927,1865.565,80.13934524910528,B,1,927,23.678160919540232
22574,HEART WOODEN CHRISTMAS DECORATION,Christmas,928,1860.865,80.16501366095925,B,1,928,23.703703703703706
23367,SET 12 COLOUR PENCILS SPACEBOY ,Other,929,1860.175,80.19067255508668,B,1,929,23.72924648786718
22897,OVEN MITT APPLES DESIGN,Home Decor,930,1853.125,80.21623420287783,B,1,930,23.754789272030653
22291,HANGING CHICK CREAM DECORATION,Home Decor,931,1849.4699999999998,80.241745434306,B,1,931,23.780332056194126
21534,DAIRY MAID LARGE MILK JUG,Other,932,1849.02,80.26725045852119,B,1,932,23.8058748403576
22579,WOODEN TREE CHRISTMAS SCANDINAVIAN,Christmas,933,1843.4299999999998,80.2926783753577,B,1,933,23.831417624521073
22059,CERAMIC STRAWBERRY DESIGN MUG,Home Decor,934,1841.36,80.31807773901461,B,1,934,23.856960408684547
23681,LUNCH BAG RED VINTAGE DOILY,Stationery,935,1837.74,80.34342716909177,B,1,935,23.88250319284802
22571,ROCKING HORSE RED CHRISTMAS ,Christmas,936,1837.08,80.36876749525659,B,1,936,23.908045977011493
22704,WRAP RED APPLES ,Stationery,937,1833.78,80.39406230185973,B,1,937,23.933588761174967
22243,5 HOOK HANGER RED MAGIC TOADSTOOL,Other,938,1825.44,80.41924206811613,B,1,938,23.95913154533844
22593,CHRISTMAS GINGHAM STAR,Christmas,939,1824.97,80.44441535128345,B,1,939,23.984674329501914
22777,GLASS CLOCHE LARGE,Other,940,1823.3999999999999,80.46956697817446,B,1,940,24.010217113665387
22055,MINI CAKE STAND  HANGING STRAWBERY,Home Decor,941,1823.085,80.4947142600164,B,1,941,24.03575989782886
22863,SOAP DISH BROCANTE,Other,942,1822.105,80.51984802392789,B,1,942,24.061302681992338
23068,ALUMINIUM STAMPED HEART,Home Decor,943,1820.2900000000002,80.54495675208048,B,1,943,24.08684546615581
21864,UNION JACK FLAG PASSPORT COVER ,Other,944,1818.135,80.57003575457993,B,1,944,24.112388250319285
22933,BAKING MOULD EASTER EGG MILK CHOC,Other,945,1817.7700000000002,80.59510972233997,B,1,945,24.137931034482758
47504K,ENGLISH ROSE GARDEN SECATEURS,Other,946,1813.995,80.62013161848022,B,1,946,24.163473818646235
35961,FOLKART ZINC HEART CHRISTMAS DEC,Christmas,947,1810.615,80.64510689155429,B,1,947,24.18901660280971
23213,STAR WREATH DECORATION WITH BELL,Home Decor,948,1806.305,80.67002271332206,B,1,948,24.214559386973182
23148,MINIATURE ANTIQUE ROSE HOOK IVORY,Other,949,1803.8600000000001,80.69490480923278,B,1,949,24.240102171136655
72351A,SET/6 TURQUOISE BUTTERFLY T-LIGHTS,Other,950,1803.68,80.71978442225831,B,1,950,24.26564495530013
23145,ZINC T-LIGHT HOLDER STAR LARGE,Other,951,1803.005,80.74465472446441,B,1,951,24.291187739463602
85034C,3 ROSE MORRIS BOXED CANDLES,Home Decor,952,1799.94,80.76948274865342,B,1,952,24.316730523627076
37446,MINI CAKE STAND WITH HANGING CAKES,Home Decor,953,1799.215,80.79430077233263,B,1,953,24.34227330779055
23394,POSTE FRANCE CUSHION COVER,Textile,954,1795.75,80.8190710004721,B,1,954,24.367816091954023
11001,ASSTD DESIGN RACING CAR PEN,Home Decor,955,1794.0049999999999,80.84381715841913,B,1,955,24.393358876117496
23274,STAR T-LIGHT HOLDER WILLIE WINKIE,Other,956,1790.8,80.8685191072161,B,1,956,24.41890166028097
21832,CHOCOLATE CALCULATOR,Other,957,1790.1,80.89321140034848,B,1,957,24.444444444444443
21735,TWO DOOR CURIO CABINET,Other,958,1788.95,80.91788783060332,B,1,958,24.469987228607916
23193,BUFFALO BILL TREASURE BOOK BOX,Bags & Packaging,959,1784.13,80.9424977747105,B,1,959,24.49553001277139
21034,REX CASH+CARRY JUMBO SHOPPER,Bags & Packaging,960,1782.675,80.96708764882914,B,1,960,24.521072796934863
23315,IVORY REFECTORY CLOCK,Other,961,1780.6499999999999,80.99164959048947,B,1,961,24.54661558109834
22831,WHITE BROCANTE SOAP DISH,Other,962,1776.3750000000002,81.01615256362675,B,1,962,24.572158365261814
22573,STAR WOODEN CHRISTMAS DECORATION,Christmas,963,1773.8,81.04062001771213,B,1,963,24.597701149425287
85123a,WHITE HANGING HEART T-LIGHT HOLDER,Home Decor,964,1773.075,81.06507747128774,B,1,964,24.62324393358876
23438, RED SPOT GIFT BAG LARGE,Bags & Packaging,965,1770.435,81.08949850921401,B,1,965,24.648786717752238
22928,YELLOW GIANT GARDEN THERMOMETER,Other,966,1762.9750000000001,81.1138166453433,B,1,966,24.67432950191571
16156S,WRAP PINK FAIRY CAKES ,Kitchen & Tableware,967,1760.73,81.13810381437688,B,1,967,24.699872286079184
22852,DOG BOWL VINTAGE CREAM,Kitchen & Tableware,968,1757.8799999999999,81.16235167106171,B,1,968,24.725415070242658
20674,GREEN POLKADOT BOWL,Kitchen & Tableware,969,1756.93,81.18658642363033,B,1,969,24.75095785440613
20982,12 PENCILS TALL TUBE SKULLS,Other,970,1755.705,81.21080427878591,B,1,970,24.776500638569605
10135,COLOURING PENCILS BROWN TUBE,Accessories,971,1754.8700000000001,81.235010616113,B,1,971,24.802043422733078
47599B,BLUE PARTY BAGS ,Bags & Packaging,972,1754.72,81.2592148843691,B,1,972,24.82758620689655
21495,SKULLS AND CROSSBONES WRAP,Stationery,973,1754.01,81.28340935902254,B,1,973,24.853128991060025
21918,SET 12 KIDS COLOUR  CHALK STICKS,Other,974,1752.71,81.30758590172745,B,1,974,24.8786717752235
21870,I CAN ONLY PLEASE ONE PERSON MUG,Kitchen & Tableware,975,1749.865,81.33172320105268,B,1,975,24.904214559386972
23500,KEY RING BASEBALL BOOT ASSORTED ,Accessories,976,1749.61,81.35585698295725,B,1,976,24.929757343550445
22548,HEADS AND TAILS SPORTING FUN,Other,977,1749.365,81.3799873853792,B,1,977,24.95530012771392
23302,KNEELING MAT HOUSEWORK  DESIGN,Home Decor,978,1742.385,81.40402150703132,B,1,978,24.980842911877392
84596F,SMALL MARSHMALLOWS PINK BOWL,Kitchen & Tableware,979,1741.28,81.42804038652719,B,1,979,25.006385696040866
21592,RETROSPOT CIGAR BOX MATCHES ,Bags & Packaging,980,1741.025,81.45205574860239,B,1,980,25.03192848020434
22763,KEY CABINET MA CAMPAGNE,Other,981,1740.6999999999998,81.47606662769046,B,1,981,25.057471264367813
72807A,SET/3 ROSE CANDLE IN JEWELLED BOX,Home Decor,982,1740.355,81.50007274791525,B,1,982,25.08301404853129
22314,OFFICE MUG WARMER CHOC+BLUE,Kitchen & Tableware,983,1736.9150000000002,81.52403141744546,B,1,983,25.108556832694763
23427,STOOL HOME SWEET HOME ,Home Decor,984,1736.475,81.54798401770078,B,1,984,25.134099616858236
22200,FRYING PAN PINK POLKADOT,Other,985,1736.0149999999999,81.57193027280508,B,1,985,25.15964240102171
20963,APPLE BATH SPONGE,Other,986,1735.545,81.5958700448203,B,1,986,25.185185185185183
21900,"KEY FOB , SHED",Other,987,1732.86,81.6197727804649,B,1,987,25.210727969348657
23553,LANDMARK FRAME CAMDEN TOWN ,Other,988,1732.25,81.64366710188749,B,1,988,25.236270753512137
23228,FILIGREE HEART BIRD WHITE ,Home Decor,989,1731.13,81.6675459742467,B,1,989,25.26181353767561
85049G,CHOCOLATE BOX RIBBONS ,Bags & Packaging,990,1729.955,81.69140863888323,B,1,990,25.287356321839084
22428,ENAMEL FIRE BUCKET CREAM,Other,991,1728.3,81.71524847476988,B,1,991,25.312899106002558
23048,SET OF 10 LANTERNS FAIRY LIGHT STAR,Other,992,1725.2450000000001,81.73904617057748,B,1,992,25.33844189016603
21329,DINOSAURS  WRITING SET ,Other,993,1721.615,81.76279379486724,B,1,993,25.363984674329505
20981,12 PENCILS TALL TUBE WOODLAND,Other,994,1717.62,81.78648631289978,B,1,994,25.389527458492978
21878,PACK OF 6 SANDCASTLE FLAGS ASSORTED,Bags & Packaging,995,1715.5649999999998,81.81015048465983,B,1,995,25.41507024265645
21114,LAVENDER SCENTED FABRIC HEART,Home Decor,996,1714.775,81.8338037593127,B,1,996,25.440613026819925
15060B,FAIRY CAKE DESIGN UMBRELLA,Home Decor,997,1714.385,81.85745165438098,B,1,997,25.4661558109834
22119,PEACE WOODEN BLOCK LETTERS,Other,998,1712.15,81.88106872029162,B,1,998,25.49169859514687
21812,GARLAND WITH HEARTS AND BELLS,Home Decor,999,1708.015,81.90462874881209,B,1,999,25.517241379310345
22223,CAKE PLATE LOVEBIRD PINK,Kitchen & Tableware,1000,1705.835,81.92815870683425,B,1,1000,25.54278416347382
22996,TRAVEL CARD WALLET VINTAGE TICKET,Home Decor,1001,1703.65,81.95165852538908,B,1,1001,25.568326947637292
72807B,SET/3 OCEAN SCENT CANDLE JEWEL BOX,Home Decor,1002,1702.0149999999999,81.97513579107016,B,1,1002,25.593869731800766
23359,SET OF 12 T-LIGHTS VINTAGE DOILY,Stationery,1003,1698.1599999999999,81.99855988162695,B,1,1003,25.61941251596424
79000,MOROCCAN TEA GLASS,Kitchen & Tableware,1004,1694.1399999999999,82.02192852108132,B,1,1004,25.644955300127712
23434,3 RAFFIA RIBBONS 50'S CHRISTMAS ,Christmas,1005,1689.8300000000002,82.04523770922941,B,1,1005,25.67049808429119
21713,CITRONELLA CANDLE FLOWERPOT,Home Decor,1006,1685.515,82.06848737710217,B,1,1006,25.696040868454663
23233,WRAP POPPIES  DESIGN,Home Decor,1007,1680.87,82.09167297274344,B,1,1007,25.721583652618136
22594,CHRISTMAS GINGHAM TREE,Christmas,1008,1680.8,82.11485760281823,B,1,1008,25.74712643678161
23403,LETTER HOLDER HOME SWEET HOME,Home Decor,1009,1679.815,82.13802864599357,B,1,1009,25.772669220945083
23371,SET 36 COLOUR PENCILS SPACEBOY ,Other,1010,1675.075,82.16113430652581,B,1,1010,25.798212005108557
23134,LARGE ZINC HEART WALL ORGANISER,Home Decor,1011,1668.9499999999998,82.18415547999281,B,1,1011,25.82375478927203
23436,VINTAGE CHRISTMAS GIFT BAG LARGE ,Christmas,1012,1666.8,82.2071469967757,B,1,1012,25.849297573435503
23399,HOME SWEET HOME HANGING HEART,Home Decor,1013,1666.5,82.23013437541663,B,1,1013,25.874840357598977
23400,SHELF WITH 4 HOOKS HOME SWEET HOME,Home Decor,1014,1664.995,82.25310099437867,B,1,1014,25.90038314176245
21577,SAVE THE PLANET COTTON TOTE BAG,Bags & Packaging,1015,1664.8999999999999,82.2760663029291,B,1,1015,25.925925925925924
22076,6 RIBBONS EMPIRE  ,Other,1016,1660.275,82.29896781512414,B,1,1016,25.951468710089397
22452,MEASURING TAPE BABUSHKA PINK,Accessories,1017,1656.4350000000002,82.32181635910199,B,1,1017,25.97701149425287
22853,CAT BOWL VINTAGE CREAM,Kitchen & Tableware,1018,1655.96,82.34465835102172,B,1,1018,26.002554278416344
23214,JINGLE BELL HEART ANTIQUE GOLD,Home Decor,1019,1654.48,82.36747992810773,B,1,1019,26.028097062579818
15058B,PINK POLKADOT GARDEN PARASOL,Other,1020,1651.825,82.39026488263731,B,1,1020,26.053639846743295
47566b,TEA TIME PARTY BUNTING,Kitchen & Tableware,1021,1650.99,82.41303831933841,B,1,1021,26.079182630906768
23273,HEART T-LIGHT HOLDER WILLIE WINKIE,Home Decor,1022,1649.05,82.43578499605476,B,1,1022,26.10472541507024
23291,DOLLY GIRL CHILDRENS CUP,Kitchen & Tableware,1023,1646.665,82.45849877454246,B,1,1023,26.130268199233715
23445,ICE CREAM BUBBLES,Other,1024,1645.965,82.48120289736556,B,1,1024,26.155810983397192
23370,SET 36 COLOURING PENCILS DOILY,Accessories,1025,1641.01,82.50383867187713,B,1,1025,26.181353767560665
23251,VINTAGE RED ENAMEL TRIM MUG ,Kitchen & Tableware,1026,1638.5,82.52643982393424,B,1,1026,26.20689655172414
22412,METAL SIGN NEIGHBOURHOOD WITCH ,Home Decor,1027,1637.7,82.54902994094608,B,1,1027,26.232439335887612
23235,STORAGE TIN VINTAGE LEAF,Stationery,1028,1636.92,82.5716092987888,B,1,1028,26.25798212005109
22789,T-LIGHT HOLDER SWEETHEART HANGING,Home Decor,1029,1633.095,82.59413589532141,B,1,1029,26.283524904214563
21107,CREAM SLICE FLANNEL PINK SPOT ,Other,1030,1632.085,82.6166485601094,B,1,1030,26.309067688378036
85034B,3 WHITE CHOC MORRIS BOXED CANDLES,Home Decor,1031,1628.76,82.63911536049055,B,1,1031,26.33461047254151
22375,AIRLINE BAG VINTAGE JET SET BROWN,Stationery,1032,1626.3,82.66154822810753,B,1,1032,26.360153256704983
21584,RETROSPOT SMALL TUBE MATCHES,Other,1033,1625.375,82.68396833645347,B,1,1033,26.385696040868456
22955,36 FOIL STAR CAKE CASES ,Kitchen & Tableware,1034,1623.2250000000001,82.70635878811528,B,1,1034,26.41123882503193
23181,BULL DOG BOTTLE TOP WALL CLOCK,Home Decor,1035,1619.05,82.72869165063467,B,1,1035,26.436781609195403
22080,RIBBON REEL POLKADOTS ,Other,1036,1617.68,82.75100561563909,B,1,1036,26.462324393358877
22027,TEA PARTY BIRTHDAY CARD,Kitchen & Tableware,1037,1616.91,82.77330895941245,B,1,1037,26.48786717752235
22986,WRAP GINGHAM ROSE ,Stationery,1038,1614.24,82.79557547372227,B,1,1038,26.513409961685824
21557,SET OF 6 FUNKY BEAKERS,Other,1039,1610.285,82.81778743352713,B,1,1039,26.538952745849297
23289,DOLLY GIRL CHILDRENS BOWL,Kitchen & Tableware,1040,1606.75,82.83995063222578,B,1,1040,26.56449553001277
17003,BROCADE RING PURSE ,Accessories,1041,1605.6,82.86209796804688,B,1,1041,26.590038314176244
85038,6 CHOCOLATE LOVE HEART T-LIGHTS,Home Decor,1042,1603.795,82.88422040604712,B,1,1042,26.615581098339717
22783,SET 3 WICKER OVAL BASKETS W LIDS,Other,1043,1603.0249999999999,82.90633222281633,B,1,1043,26.641123882503194
21506,"FANCY FONT BIRTHDAY CARD, ",Stationery,1044,1602.98,82.92844341886423,B,1,1044,26.666666666666668
23161,REGENCY CAKE FORK,Kitchen & Tableware,1045,1600.91,82.95052606173255,B,1,1045,26.69220945083014
22975,SPACEBOY CHILDRENS EGG CUP,Kitchen & Tableware,1046,1600.255,82.97259966965755,B,1,1046,26.717752234993615
51014A,"FEATHER PEN,HOT PINK",Other,1047,1589.97,82.99453140828204,B,1,1047,26.743295019157088
21706,FOLDING UMBRELLA RED/WHITE POLKADOT,Other,1048,1589.88,83.01646190546393,B,1,1048,26.76883780332056
22227,HANGING HEART MIRROR DECORATION ,Home Decor,1049,1585.745,83.03833536525569,B,1,1049,26.794380587484035
23346,SPACEBOY BEAKER,Other,1050,1585.49,83.06020530762677,B,1,1050,26.81992337164751
22449,SILK PURSE BABUSHKA PINK,Other,1051,1583.95,83.08205400753573,B,1,1051,26.845466155810982
23406,HOME SWEET HOME KEY HOLDER,Home Decor,1052,1583.29,83.10389360353237,B,1,1052,26.871008939974455
22101,MIRROR MOSAIC VOTIVE HOLDER,Other,1053,1582.805,83.12572650953281,B,1,1053,26.89655172413793
85061W,WHITE JEWELLED HEART DECORATION,Home Decor,1054,1581.57,83.14754238018214,B,1,1054,26.922094508301402
16169E,WRAP 50'S  CHRISTMAS,Christmas,1055,1578.09,83.16931024838465,B,1,1055,26.947637292464876
37495,FAIRY CAKE BIRTHDAY CANDLE SET,Home Decor,1056,1577.99,83.19107673720649,B,1,1056,26.97318007662835
22037,ROBOT BIRTHDAY CARD,Stationery,1057,1575.89,83.21281425903452,B,1,1057,26.998722860791823
22601,CHRISTMAS RETROSPOT ANGEL WOOD,Christmas,1058,1574.425,83.23453157293595,B,1,1058,27.024265644955296
22859,EASTER TIN BUNNY BOUQUET,Other,1059,1573.095,83.25623054107464,B,1,1059,27.04980842911877
23348,CHILDRENS TOY COOKING UTENSIL SET,Toys & Kids,1060,1572.95,83.2779275091114,B,1,1060,27.07535121328225
23155,KNICKERBOCKERGLORY MAGNET ASSORTED ,Other,1061,1572.085,83.29961254550547,B,1,1061,27.100893997445723
20961,STRAWBERRY BATH SPONGE ,Other,1062,1571.68,83.32129199540786,B,1,1062,27.126436781609197
85178,VICTORIAN SEWING KIT,Other,1063,1571.505,83.34296903139413,B,1,1063,27.15197956577267
22562,MONSTERS STENCIL CRAFT,Other,1064,1568.025,83.36459806493355,B,1,1064,27.177522349936144
22799,SWEETHEART WIRE FRUIT BOWL,Home Decor,1065,1566.55,83.38620675260827,B,1,1065,27.203065134099617
21913,VINTAGE SEASIDE JIGSAW PUZZLES,Stationery,1066,1565.83,83.40780550874229,B,1,1066,27.228607918263094
84279P,CHERRY BLOSSOM  DECORATIVE FLASK,Other,1067,1565.57,83.42940067848657,B,1,1067,27.254150702426568
22198,LARGE POPCORN HOLDER ,Other,1068,1564.335,83.45097881287977,B,1,1068,27.27969348659004
22476,EMPIRE UNION JACK TV DINNER TRAY,Other,1069,1562.295,83.47252880790755,B,1,1069,27.305236270753515
23101,SILVER STARS TABLE DECORATION,Home Decor,1070,1561.97,83.49407431994823,B,1,1070,27.330779054916988
21744,SNOWFLAKE PORTABLE TABLE LIGHT ,Other,1071,1557.65,83.51556024274453,B,1,1071,27.35632183908046
85015,SET OF 12  VINTAGE POSTCARD SET,Stationery,1072,1555.715,83.53701947452511,B,1,1072,27.381864623243935
85040A,S/4 PINK FLOWER CANDLES IN BOWL,Home Decor,1073,1554.295,83.55845911910039,B,1,1073,27.40740740740741
82581,TOILET METAL SIGN,Home Decor,1074,1547.085,83.57979931033033,B,1,1074,27.43295019157088
20665,RED RETROSPOT PURSE ,Other,1075,1546.2700000000002,83.6011282596079,B,1,1075,27.458492975734355
22284,HEN HOUSE DECORATION,Home Decor,1076,1545.095,83.62244100116277,B,1,1076,27.48403575989783
21980,PACK OF 12 RED RETROSPOT TISSUES ,Bags & Packaging,1077,1542.3899999999999,83.64371643047089,B,1,1077,27.509578544061302
15058A,BLUE POLKADOT GARDEN PARASOL,Other,1078,1542.0,83.66498648019444,B,1,1078,27.535121328224776
22318,FIVE HEART HANGING DECORATION,Home Decor,1079,1541.6200000000001,83.68625128827149,B,1,1079,27.56066411238825
21626,VINTAGE UNION JACK PENNANT,Stationery,1080,1540.925,83.707506509653,B,1,1080,27.586206896551722
23401,RUSTIC MIRROR WITH LACE HEART,Home Decor,1081,1539.56,83.72874290248852,B,1,1081,27.611749680715196
46000M,POLYESTER FILLER PAD 45x45cm,Other,1082,1537.6000000000001,83.74995225946319,B,1,1082,27.63729246487867
23501,KEY RING BASEBALL BOOT UNION JACK,Accessories,1083,1536.43,83.77114547768416,B,1,1083,27.662835249042146
23096,PETIT TRAY CHIC,Other,1084,1535.09,83.79232021220434,B,1,1084,27.68837803320562
23135,SMALL ZINC HEART WALL ORGANISER,Home Decor,1085,1528.05,83.81339783832632,B,1,1085,27.713920817369093
23226,FILIGREE HEART DAISY WHITE,Home Decor,1086,1527.64,83.83446980898759,B,1,1086,27.739463601532567
23020,GLASS  SONGBIRD STORAGE JAR,Other,1087,1521.0,83.85545018877328,B,1,1087,27.76500638569604
22445,PENCIL CASE LIFE IS BEAUTIFUL,Other,1088,1516.46,83.87636794467716,B,1,1088,27.790549169859514
23090,VINTAGE GLASS T-LIGHT HOLDER,Stationery,1089,1510.99,83.89721024845912,B,1,1089,27.816091954022987
22208,WOOD STAMP SET THANK YOU,Other,1090,1510.845,83.91805055213914,B,1,1090,27.84163473818646
22350,ILLUSTRATED CAT BOWL ,Kitchen & Tableware,1091,1506.03,83.93882443864055,B,1,1091,27.867177522349934
23345, DOLLY GIRL BEAKER,Toys & Kids,1092,1503.775,83.95956722010814,B,1,1092,27.892720306513407
22030,SWALLOWS GREETING CARD,Home Decor,1093,1502.365,83.98029055230849,B,1,1093,27.91826309067688
23286,BLUE VINTAGE SPOT BEAKER,Stationery,1094,1498.2,84.00095643330448,B,1,1094,27.943805874840354
22982,PANTRY PASTRY BRUSH,Other,1095,1497.66,84.02161486564495,B,1,1095,27.969348659003828
21578,WOODLAND DESIGN  COTTON TOTE BAG,Home Decor,1096,1495.52,84.04224377923934,B,1,1096,27.994891443167308
21055,TOOL BOX SOFT TOY ,Bags & Packaging,1097,1492.22,84.06282717327208,B,1,1097,28.02043422733078
22474,SPACEBOY TV DINNER TRAY,Other,1098,1491.425,84.08339960122859,B,1,1098,28.045977011494255
22948,METAL DECORATION NAUGHTY CHILDREN ,Home Decor,1099,1488.54,84.10393223405318,B,1,1099,28.07151979565773
22475,SKULL DESIGN TV DINNER TRAY,Home Decor,1100,1487.725,84.1244536249254,B,1,1100,28.097062579821202
22959,WRAP CHRISTMAS VILLAGE,Christmas,1101,1487.67,84.14497425713826,B,1,1101,28.122605363984675
22176,BLUE OWL SOFT TOY,Toys & Kids,1102,1487.1550000000002,84.16548778554075,B,1,1102,28.14814814814815
84968F,SET OF 16 VINTAGE SKY BLUE CUTLERY,Stationery,1103,1486.53,84.18599269281412,B,1,1103,28.173690932311622
22220,CAKE STAND LOVEBIRD 2 TIER WHITE,Kitchen & Tableware,1104,1484.45,84.20646890896985,B,1,1104,28.199233716475096
22676,FRENCH BLUE METAL DOOR SIGN 1,Home Decor,1105,1483.39,84.22693050369062,B,1,1105,28.22477650063857
22203,MILK PAN RED RETROSPOT,Other,1106,1483.13,84.24738851202169,B,1,1106,28.250319284802046
21792,CLASSIC FRENCH STYLE BASKET GREEN ,Other,1107,1482.92,84.26784362365336,B,1,1107,28.27586206896552
84580,MOUSE TOY WITH PINK T-SHIRT,Toys & Kids,1108,1482.43,84.28829197631981,B,1,1108,28.301404853128993
22414,DOORMAT NEIGHBOURHOOD WITCH ,Other,1109,1479.18,84.30869549911495,B,1,1109,28.326947637292466
84510A,SET OF 4 ENGLISH ROSE COASTERS,Other,1110,1478.74,84.3290929526352,B,1,1110,28.35249042145594
21528,DAIRY MAID TRADITIONAL TEAPOT ,Kitchen & Tableware,1111,1478.73,84.34949026821737,B,1,1111,28.378033205619413
21327,SKULLS WRITING SET ,Other,1112,1474.585,84.36983040847133,B,1,1112,28.403575989782887
21111,"SWISS ROLL TOWEL, CHOCOLATE  SPOTS",Textile,1113,1473.42,84.39015447894064,B,1,1113,28.42911877394636
21470,FLOWER VINE RAFFIA FOOD COVER,Other,1114,1470.32,84.41043578860959,B,1,1114,28.454661558109834
85132A,CHARLIE + LOLA BISCUITS TINS,Other,1115,1470.24,84.43071599477405,B,1,1115,28.480204342273307
21447,12 IVORY ROSE PEG PLACE SETTINGS,Other,1116,1468.725,84.45097530332151,B,1,1116,28.50574712643678
22811,SET OF 6 T-LIGHTS CACTI ,Other,1117,1467.99,84.47122447342117,B,1,1117,28.531289910600254
22913,RED COAT RACK PARIS FASHION,Other,1118,1466.97,84.49145957383814,B,1,1118,28.556832694763727
22816,CARD MOTORBIKE SANTA,Christmas,1119,1464.795,84.51166467272584,B,1,1119,28.5823754789272
22398,MAGNETS PACK OF 4 SWALLOWS,Home Decor,1120,1464.53,84.53186611625479,B,1,1120,28.607918263090674
21703,BAG 125g SWIRLY MARBLES,Bags & Packaging,1121,1461.38,84.55202410929304,B,1,1121,28.63346104725415
22285,HANGING HEN ON NEST DECORATION,Home Decor,1122,1461.075,84.5721778952203,B,1,1122,28.659003831417625
21916,SET 12 RETRO WHITE CHALK STICKS,Other,1123,1456.67,84.59227091942965,B,1,1123,28.684546615581098
21982,PACK OF 12 SUKI TISSUES ,Bags & Packaging,1124,1455.915,84.61235352931504,B,1,1124,28.71008939974457
21352,EUCALYPTUS & PINECONE  WREATH,Other,1125,1453.7350000000001,84.63240606870212,B,1,1125,28.735632183908045
23317,BLUE REFECTORY CLOCK ,Other,1126,1452.85,84.6524464005704,B,1,1126,28.76117496807152
22472,TV DINNER TRAY DOLLY GIRL,Toys & Kids,1127,1448.375,84.67242500515427,B,1,1127,28.786717752234992
22674,FRENCH TOILET SIGN BLUE METAL,Home Decor,1128,1447.86,84.69239650592777,B,1,1128,28.812260536398465
22473,TV DINNER TRAY VINTAGE PAISLEY,Stationery,1129,1447.1,84.7123575234083,B,1,1129,28.83780332056194
84971S,SMALL HEART FLOWERS HOOK ,Home Decor,1130,1446.415,84.7323090921313,B,1,1130,28.863346104725412
22762,CUPBOARD 3 DRAWER MA CAMPAGNE,Kitchen & Tableware,1131,1444.9499999999998,84.75224045292772,B,1,1131,28.888888888888886
21056,DOCTOR'S BAG SOFT TOY,Bags & Packaging,1132,1443.375,84.77215008847878,B,1,1132,28.914431673052366
23485,BOTANICAL GARDENS WALL CLOCK ,Home Decor,1133,1440.725,84.79202317044243,B,1,1133,28.93997445721584
22931,BAKING MOULD HEART WHITE CHOCOLATE,Home Decor,1134,1437.925,84.8118576297477,B,1,1134,28.965517241379313
22600,CHRISTMAS RETROSPOT STAR WOOD,Christmas,1135,1437.12,84.8316809850387,B,1,1135,28.991060025542787
23250,VINTAGE RED TRIM ENAMEL BOWL ,Kitchen & Tableware,1136,1433.33,84.85145206180282,B,1,1136,29.01660280970626
22731,3D CHRISTMAS STAMPS STICKERS ,Christmas,1137,1433.22,84.87122162124821,B,1,1137,29.042145593869733
21207,SKULL AND CROSSBONES  GARLAND ,Other,1138,1430.375,84.89095193731391,B,1,1138,29.067688378033207
21620,SET OF 4 ROSE BOTANICAL CANDLES,Home Decor,1139,1429.49,84.91067004586083,B,1,1139,29.09323116219668
22332,SKULLS PARTY BAG + STICKER SET,Stationery,1140,1425.7,84.93033587588084,B,1,1140,29.118773946360154
22591,CARDHOLDER GINGHAM CHRISTMAS TREE,Christmas,1141,1425.41,84.94999770569697,B,1,1141,29.144316730523627
22130,PARTY CONE CHRISTMAS DECORATION ,Christmas,1142,1424.03,84.96964050006002,B,1,1142,29.1698595146871
16161U,WRAP SUKI AND FRIENDS,Stationery,1143,1421.46,84.98924784434021,B,1,1143,29.195402298850574
72802B,OCEAN SCENT CANDLE IN JEWELLED BOX,Home Decor,1144,1421.43,85.00885477480618,B,1,1144,29.22094508301405
85054,FRENCH ENAMEL POT W LID,Other,1145,1421.255,85.02845929135603,B,1,1145,29.246487867177525
21407,BROWN CHECK CAT DOORSTOP ,Other,1146,1420.69,85.04805601440516,B,1,1146,29.272030651340998
21564,PINK  HEART SHAPE LOVE BUCKET ,Home Decor,1147,1420.275,85.06764701302457,B,1,1147,29.29757343550447
21781,MA CAMPAGNE CUTLERY BOX,Bags & Packaging,1148,1419.6,85.08722870082454,B,1,1148,29.323116219667945
23391, I LOVE LONDON MINI BACKPACK,Bags & Packaging,1149,1419.195,85.10680480213286,B,1,1149,29.34865900383142
22182,CAKE STAND VICTORIAN FILIGREE SMALL,Kitchen & Tableware,1150,1417.56,85.12635835056743,B,1,1150,29.374201787994892
22128,PARTY CONES CANDY ASSORTED,Other,1151,1416.59,85.14589851900963,B,1,1151,29.399744572158365
84212,"ASSORTED FLOWER COLOUR ""LEIS""",Other,1152,1415.3,85.16542089344138,B,1,1152,29.42528735632184
23267,SET OF 4 SANTA PLACE SETTINGS,Christmas,1153,1413.0,85.18491154211802,B,1,1153,29.450830140485312
85035C,ROSE 3 WICK MORRIS BOX CANDLE,Home Decor,1154,1409.995,85.20436074040593,B,1,1154,29.476372924648786
82567,"AIRLINE LOUNGE,METAL SIGN",Home Decor,1155,1408.07,85.22378338561622,B,1,1155,29.50191570881226
22494,EMERGENCY FIRST AID TIN ,Other,1156,1405.42,85.24316947723909,B,1,1156,29.527458492975732
23374,RED SPOT PAPER GIFT BAG,Stationery,1157,1403.79,85.26253308495725,B,1,1157,29.553001277139206
22582,PACK OF 6 SWEETIE GIFT BOXES,Bags & Packaging,1158,1403.075,85.28188683010374,B,1,1158,29.57854406130268
84031B,CHARLIE LOLA BLUE HOT WATER BOTTLE ,Other,1159,1402.74,85.30123595432504,B,1,1159,29.604086845466153
21591,COSY HOUR CIGAR BOX MATCHES ,Bags & Packaging,1160,1402.41,85.32058052659015,B,1,1160,29.629629629629626
21112,SWISS ROLL TOWEL PINK  SPOTS,Textile,1161,1401.63,85.33991433968615,B,1,1161,29.655172413793103
21245,GREEN POLKADOT PLATE ,Kitchen & Tableware,1162,1395.7,85.3591663555092,B,1,1162,29.680715197956577
22434,BALLOON PUMP WITH 10 BALLOONS,Other,1163,1393.935,85.37839402526369,B,1,1163,29.70625798212005
85049C,ROMANTIC PINKS RIBBONS ,Other,1164,1393.26,85.39761238419872,B,1,1164,29.731800766283524
22664,TOY TIDY DOLLY GIRL DESIGN,Home Decor,1165,1390.15,85.41678784439536,B,1,1165,29.757343550446997
23556,LANDMARK FRAME COVENT GARDEN ,Other,1166,1390.025,85.43596158036617,B,1,1166,29.78288633461047
15044A,PINK PAPER PARASOL ,Stationery,1167,1384.1950000000002,85.4550548984447,B,1,1167,29.808429118773944
23244,ROUND STORAGE TIN VINTAGE LEAF,Stationery,1168,1382.53,85.47412524983531,B,1,1168,29.833971902937424
15044D,RED PAPER PARASOL,Stationery,1169,1382.4350000000002,85.49319429081427,B,1,1169,29.859514687100898
23470,CARD HOLDER LOVE BIRD LARGE ,Stationery,1170,1379.975,85.5122293990291,B,1,1170,29.88505747126437
22818,CARD CHRISTMAS VILLAGE,Christmas,1171,1379.85,85.53126278301811,B,1,1171,29.910600255427845
21191,LARGE WHITE HONEYCOMB PAPER BELL  ,Stationery,1172,1379.6100000000001,85.55029285649354,B,1,1172,29.936143039591318
21544,SKULLS  WATER TRANSFER TATTOOS ,Other,1173,1377.28,85.56929079039966,B,1,1173,29.96168582375479
22564,ALPHABET STENCIL CRAFT,Other,1174,1377.015,85.58828506894706,B,1,1174,29.987228607918265
22858,EASTER TIN KEEPSAKE,Other,1175,1376.355,85.60727024358212,B,1,1175,30.01277139208174
22976,CIRCUS PARADE CHILDRENS EGG CUP ,Kitchen & Tableware,1176,1370.26,85.62617134496617,B,1,1176,30.038314176245212
22832,BROCANTE SHELF WITH HOOKS,Other,1177,1368.8999999999999,85.64505368677328,B,1,1177,30.063856960408685
21820,GLITTER HEART GARLAND WITH BELLS ,Home Decor,1178,1368.47,85.66393009724358,B,1,1178,30.08939974457216
84818,DANISH ROSE PHOTO FRAME,Other,1179,1355.375,85.6826258778169,B,1,1179,30.114942528735632
22471,TV DINNER TRAY AIR HOSTESS ,Other,1180,1354.66,85.70131179581853,B,1,1180,30.140485312899106
21988,PACK OF 6 SKULL PAPER PLATES,Kitchen & Tableware,1181,1353.08,85.71997591960579,B,1,1181,30.16602809706258
22935,BAKING MOULD ROSE MILK CHOCOLATE,Other,1182,1349.07,85.73858473022872,B,1,1182,30.191570881226053
21609,SET 12 LAVENDER  BOTANICAL T-LIGHTS,Other,1183,1348.4650000000001,85.75718519559867,B,1,1183,30.217113665389526
22934,BAKING MOULD EASTER EGG WHITE CHOC,Other,1184,1347.92,85.77577814334404,B,1,1184,30.242656449553003
22085,PAPER CHAIN KIT SKULLS ,Stationery,1185,1347.69,85.79436791851391,B,1,1185,30.268199233716476
23160,REGENCY TEA SPOON,Kitchen & Tableware,1186,1347.125,85.81294990018307,B,1,1186,30.29374201787995
22583,PACK OF 6 HANDBAG GIFT BOXES,Bags & Packaging,1187,1344.725,85.83149877671647,B,1,1187,30.319284802043423
20992,JAZZ HEARTS PURSE NOTEBOOK,Home Decor,1188,1344.0,85.85003765274011,B,1,1188,30.344827586206897
22534,MAGIC DRAWING SLATE SPACEBOY ,Other,1189,1339.045,85.86850818045222,B,1,1189,30.37037037037037
22797,CHEST OF DRAWERS GINGHAM HEART ,Home Decor,1190,1337.975,85.8869639487913,B,1,1190,30.395913154533844
22677,FRENCH BLUE METAL DOOR SIGN 2,Home Decor,1191,1335.32,85.90538309457398,B,1,1191,30.421455938697317
22788,BROCANTE COAT RACK,Other,1192,1333.98,85.92378375665584,B,1,1192,30.44699872286079
85175,CACTI T-LIGHT CANDLES,Home Decor,1193,1333.935,85.94218379801639,B,1,1193,30.472541507024264
22306,SILVER MUG BONE CHINA TREE OF LIFE,Kitchen & Tableware,1194,1333.475,85.96057749422593,B,1,1194,30.498084291187737
21246,RED RETROSPOT BIG BOWL,Kitchen & Tableware,1195,1332.1000000000001,85.97895222395144,B,1,1195,30.52362707535121
84828,JUNGLE POPSICLES ICE LOLLY MOULDS,Other,1196,1331.42,85.9973175738885,B,1,1196,30.549169859514684
22161,HEART DECORATION RUSTIC HANGING ,Home Decor,1197,1330.2,86.01566609538153,B,1,1197,30.574712643678158
23270,SET OF 2 CERAMIC PAINTED HEARTS ,Home Decor,1198,1329.2949999999998,86.03400213347963,B,1,1198,30.60025542784163
23498,CLASSIC BICYCLE CLIPS ,Other,1199,1328.0349999999999,86.05232079138146,B,1,1199,30.625798212005108
21705,BAG 500g SWIRLY MARBLES,Bags & Packaging,1200,1327.425,86.07063103506128,B,1,1200,30.65134099616858
84795B,SUNSET CHECK HAMMOCK,Other,1201,1325.2,86.08891058752151,B,1,1201,30.676883780332055
22696,WICKER WREATH LARGE,Other,1202,1323.85,86.10717151834285,B,1,1202,30.70242656449553
21619,4 VANILLA BOTANICAL CANDLES,Home Decor,1203,1322.65,86.12541589659634,B,1,1203,30.727969348659002
21363,HOME SMALL WOOD LETTERS,Home Decor,1204,1321.85,86.14364923980456,B,1,1204,30.75351213282248
37340,MULTICOLOUR SPRING FLOWER MUG,Kitchen & Tableware,1205,1321.01,86.16187099621526,B,1,1205,30.779054916985952
21556,CERAMIC STRAWBERRY MONEY BOX,Bags & Packaging,1206,1320.77,86.18008944211239,B,1,1206,30.804597701149426
23372,SET 36 COLOUR PENCILS DOLLY GIRL,Toys & Kids,1207,1319.66,86.19829257688423,B,1,1207,30.830140485312903
84968D,SET OF 16 VINTAGE RED CUTLERY,Stationery,1208,1319.45,86.21649281495671,B,1,1208,30.855683269476376
21899,GARAGE KEY FOB,Other,1209,1319.01,86.23468698375427,B,1,1209,30.88122605363985
21845,DAIRY MAID STRIPE MUG,Kitchen & Tableware,1210,1318.42,86.25287301420597,B,1,1210,30.906768837803323
23368,SET 12 COLOUR PENCILS DOLLY GIRL ,Toys & Kids,1211,1316.1,86.27102704302645,B,1,1211,30.932311621966797
23061,VINTAGE EMBOSSED HEART,Home Decor,1212,1313.93,86.28915113928667,B,1,1212,30.95785440613027
22073,RED RETROSPOT STORAGE JAR,Other,1213,1312.41,86.30725426896092,B,1,1213,30.983397190293744
21071,VINTAGE BILLBOARD DRINK ME MUG,Kitchen & Tableware,1214,1310.65,86.32533312153562,B,1,1214,31.008939974457217
22675,FRENCH KITCHEN SIGN BLUE METAL,Home Decor,1215,1310.3,86.34340714627801,B,1,1215,31.03448275862069
22443,GROW YOUR OWN HERBS SET OF 3,Other,1216,1309.3,86.36146737721383,B,1,1216,31.060025542784164
22293,HANGING CHICK GREEN DECORATION,Home Decor,1217,1307.595,86.37950408970947,B,1,1217,31.085568326947637
21509,COWBOYS AND INDIANS BIRTHDAY CARD ,Stationery,1218,1306.13,86.39752059427849,B,1,1218,31.11111111111111
22712,CARD DOLLY GIRL ,Stationery,1219,1305.78,86.41553227101521,B,1,1219,31.136653895274584
22610,PENS ASSORTED FUNNY FACE,Other,1220,1305.625,86.43354180971191,B,1,1220,31.162196679438058
21424,WOODLAND STORAGE BOX LARGE ,Bags & Packaging,1221,1301.57,86.451495414523,B,1,1221,31.18773946360153
72802A,ROSE SCENT CANDLE IN JEWELLED BOX,Home Decor,1222,1301.335,86.46944577778953,B,1,1222,31.213282247765008
23486,ANTIQUE HEART SHELF UNIT,Home Decor,1223,1297.0749999999998,86.4873373794401,B,1,1223,31.23882503192848
21123,SET/10 IVORY POLKADOT PARTY CANDLES,Home Decor,1224,1296.695,86.50522373944418,B,1,1224,31.264367816091955
23559,WOODLAND BUNNIES LOLLY MAKERS,Other,1225,1295.48,86.52309333997329,B,1,1225,31.28991060025543
37342,POLKADOT COFFEE CUP & SAUCER PINK,Kitchen & Tableware,1226,1293.485,86.5409354218583,B,1,1226,31.315453384418902
22650,CERAMIC PIRATE CHEST MONEY BANK,Other,1227,1292.5749999999998,86.55876495137932,B,1,1227,31.340996168582375
21866,UNION JACK FLAG LUGGAGE TAG,Stationery,1228,1292.3799999999999,86.57659179110807,B,1,1228,31.36653895274585
21624,VINTAGE UNION JACK DOORSTOP,Stationery,1229,1292.2,86.59441614795163,B,1,1229,31.392081736909322
22372,AIRLINE BAG VINTAGE WORLD CHAMPION ,Stationery,1230,1289.35,86.61220119244648,B,1,1230,31.417624521072796
23249,VINTAGE RED ENAMEL TRIM PLATE,Kitchen & Tableware,1231,1287.575,86.62996175293468,B,1,1231,31.44316730523627
23271,CHRISTMAS TABLE SILVER CANDLE SPIKE,Christmas,1232,1286.125,86.64770231240337,B,1,1232,31.468710089399742
15058C,ICE CREAM DESIGN GARDEN PARASOL,Home Decor,1233,1285.575,86.66543528527843,B,1,1233,31.494252873563216
23005,TRAVEL CARD WALLET I LOVE LONDON,Home Decor,1234,1285.35,86.68316515454703,B,1,1234,31.51979565772669
23094,LE GRAND TRAY CHIC SET,Other,1235,1284.3999999999999,86.70088191969938,B,1,1235,31.545338441890163
21206,STRAWBERRY HONEYCOMB  GARLAND ,Other,1236,1284.295,86.71859723650205,B,1,1236,31.570881226053636
21068,VINTAGE BILLBOARD LOVE/HATE MUG,Kitchen & Tableware,1237,1282.395,86.73628634507223,B,1,1237,31.59642401021711
22576,SWALLOW WOODEN CHRISTMAS DECORATION,Christmas,1238,1281.86,86.75396807395592,B,1,1238,31.621966794380583
23113,PANTRY CHOPPING BOARD,Other,1239,1276.535,86.77157635081964,B,1,1239,31.64750957854406
22436,12 COLOURED PARTY BALLOONS,Other,1240,1275.985,86.78917704108976,B,1,1240,31.673052362707537
21408,SPOTTY PINK DUCK DOORSTOP,Other,1241,1275.565,86.80677193796112,B,1,1241,31.69859514687101
23546,WRAP PAISLEY PARK ,Stationery,1242,1274.7,86.8243549031898,B,1,1242,31.724137931034484
22671,FRENCH LAUNDRY SIGN BLUE METAL,Home Decor,1243,1273.75,86.84192476430222,B,1,1243,31.749680715197957
85059,FRENCH ENAMEL WATER BASIN,Other,1244,1273.11,86.85948579737847,B,1,1244,31.77522349936143
22335,HEART DECORATION PAINTED ZINC ,Home Decor,1245,1272.29,86.87703551953332,B,1,1245,31.800766283524908
23554,LANDMARK FRAME OXFORD STREET,Other,1246,1271.725,86.89457744818746,B,1,1246,31.82630906768838
23405,HOME SWEET HOME 2 DRAWER CABINET,Home Decor,1247,1271.7,86.91211903199644,B,1,1247,31.851851851851855
21064,BOOM BOX SPEAKER BOYS,Bags & Packaging,1248,1271.18,86.929653443026,B,1,1248,31.877394636015328
22419,LIPSTICK PEN RED,Other,1249,1271.17,86.9471877161175,B,1,1249,31.9029374201788
22509,SEWING BOX RETROSPOT DESIGN ,Home Decor,1250,1266.55,86.96465826182266,B,1,1250,31.928480204342275
37447,CERAMIC CAKE DESIGN SPOTTED PLATE,Home Decor,1251,1264.53,86.98210094403856,B,1,1251,31.95402298850575
23287,RED VINTAGE SPOT BEAKER,Stationery,1252,1263.49,86.99952928069564,B,1,1252,31.979565772669222
23555,LANDMARK FRAME NOTTING HILL ,Other,1253,1263.275,87.01695465168432,B,1,1253,32.005108556832695
22063,CERAMIC BOWL WITH STRAWBERRY DESIGN,Home Decor,1254,1260.41,87.03434050341717,B,1,1254,32.03065134099617
22282,12 EGG HOUSE PAINTED WOOD,Other,1255,1259.05,87.0517075955731,B,1,1255,32.05619412515964
23268,SET OF 2 CERAMIC CHRISTMAS REINDEER,Christmas,1256,1256.74,87.06904282403588,B,1,1256,32.08173690932312
85206A,CREAM FELT EASTER EGG BASKET,Other,1257,1255.88,87.08636618982499,B,1,1257,32.10727969348659
21507,ELEPHANT BIRTHDAY CARD ,Stationery,1258,1252.43,87.10364196698144,B,1,1258,32.132822477650066
22905,CALENDAR IN SEASON DESIGN,Home Decor,1259,1252.055,87.12091257146044,B,1,1259,32.158365261813536
22292,HANGING CHICK  YELLOW DECORATION,Home Decor,1260,1251.86,87.13818048614716,B,1,1260,32.18390804597701
10133,COLOURING PENCILS BROWN TUBE,Accessories,1261,1251.4650000000001,87.15544295228031,B,1,1261,32.20945083014048
21793,CLASSIC FRENCH STYLE BASKET BROWN,Other,1262,1251.185,87.17270155614759,B,1,1262,32.23499361430396
22716,CARD CIRCUS PARADE,Stationery,1263,1250.39,87.18994919393866,B,1,1263,32.26053639846743
84536A,ENGLISH ROSE NOTEBOOK A7 SIZE,Stationery,1264,1249.88,87.20718979688837,B,1,1264,32.28607918263091
35004C,SET OF 3 COLOURED  FLYING DUCKS,Other,1265,1246.4,87.22438239739127,B,1,1265,32.31162196679438
21616,4 PEAR BOTANICAL DINNER CANDLES,Home Decor,1266,1245.215,87.24155865223335,B,1,1266,32.337164750957854
22735,RIBBON REEL SOCKS AND MITTENS,Other,1267,1244.06,87.25871897522886,B,1,1267,32.362707535121324
21537,RED RETROSPOT PUDDING BOWL,Kitchen & Tableware,1268,1241.63,87.27584577927443,B,1,1268,32.3882503192848
71038,WHITE HANGING BEADS CANDLE HOLDER,Home Decor,1269,1239.5,87.292943202512,B,1,1269,32.41379310344827
23034,DRAWER KNOB CERAMIC BLACK,Other,1270,1238.595,87.31002814235464,B,1,1270,32.43933588761175
21179,NO JUNK MAIL METAL SIGN,Home Decor,1271,1238.325,87.3271093578695,B,1,1271,32.464878671775224
22439,6 ROCKET BALLOONS ,Other,1272,1237.32,87.34417671060876,B,1,1272,32.490421455938694
23067,HANGING ENGRAVED METAL HEART,Home Decor,1273,1236.66,87.3612349594357,B,1,1273,32.51596424010217
23483,HANGING  BUTTERFLY T-LIGHT HOLDER,Home Decor,1274,1236.625,87.37829272547941,B,1,1274,32.54150702426564
21519,GIN & TONIC DIET GREETING CARD ,Stationery,1275,1234.24,87.39531759329446,B,1,1275,32.56704980842912
21262,WHITE GOOSE FEATHER CHRISTMAS TREE ,Christmas,1276,1233.21,87.41232825348874,B,1,1276,32.592592592592595
21901,"KEY FOB , BACK DOOR ",Other,1277,1229.53,87.42928815247487,B,1,1277,32.61813537675607
35953,FOLKART STAR CHRISTMAS DECORATIONS,Christmas,1278,1229.42,87.44624653414228,B,1,1278,32.64367816091954
22977,DOLLY GIRL CHILDRENS EGG CUP,Kitchen & Tableware,1279,1218.86,87.46305925321234,B,1,1279,32.66922094508302
82599,FANNY'S REST STOPMETAL SIGN,Home Decor,1280,1217.73,87.47985638528101,B,1,1280,32.69476372924649
72817,SET OF 2 CHRISTMAS DECOUPAGE CANDLE,Christmas,1281,1216.865,87.49664158570698,B,1,1281,32.720306513409966
23221,REINDEER HEART DECORATION SILVER,Home Decor,1282,1214.7250000000001,87.51339726738689,B,1,1282,32.745849297573436
23558,LANDMARK FRAME LONDON BRIDGE ,Other,1283,1212.575,87.53012329238271,B,1,1283,32.77139208173691
23469,CARD HOLDER LOVE BIRD SMALL,Stationery,1284,1212.125,87.54684311016557,B,1,1284,32.79693486590038
22442,GROW YOUR OWN FLOWERS SET OF 3,Other,1285,1211.6,87.56355568619996,B,1,1285,32.82247765006386
21615,4 LAVENDER BOTANICAL DINNER CANDLES,Home Decor,1286,1209.17,87.58023474328442,B,1,1286,32.84802043422733
23285,PINK VINTAGE SPOT BEAKER,Stationery,1287,1208.78,87.59690842078433,B,1,1287,32.87356321839081
23073,GEORGIAN TRINKET BOX,Bags & Packaging,1288,1208.35,87.6135761669474,B,1,1288,32.89910600255428
21382,SET/4 SPRING FLOWER DECORATION,Home Decor,1289,1202.155,87.6301584604788,B,1,1289,32.92464878671775
15039,SANDALWOOD FAN,Other,1290,1201.59,87.64673296050948,B,1,1290,32.95019157088122
47570B,TEA TIME TABLE CLOTH,Kitchen & Tableware,1291,1199.8999999999999,87.66328414900708,B,1,1291,32.9757343550447
72800E,4 IVORY DINNER CANDLES SILVER FLOCK,Home Decor,1292,1199.715,87.67983278565046,B,1,1292,33.00127713920817
22944,CHRISTMAS METAL POSTCARD WITH BELLS,Christmas,1293,1199.115,87.6963731460099,B,1,1293,33.02681992337165
22168,ORGANISER WOOD ANTIQUE WHITE ,Other,1294,1198.75,87.71290847162994,B,1,1294,33.052362707535124
22911,PAPER CHAIN KIT LONDON,Stationery,1295,1197.44,87.72942572736339,B,1,1295,33.077905491698594
23217,LAUREL HEART ANTIQUE SILVER,Home Decor,1296,1197.21,87.74593981052134,B,1,1296,33.10344827586207
21846,PINK DIAMANTE PEN IN GIFT BOX,Bags & Packaging,1297,1197.115,87.76245258326765,B,1,1297,33.12899106002554
21586,KINGS CHOICE GIANT TUBE MATCHES,Other,1298,1195.8,87.77894721715833,B,1,1298,33.15453384418902
23366,SET 12 COLOURING PENCILS DOILY,Accessories,1299,1195.4,87.79543633352638,B,1,1299,33.18007662835249
21192,WHITE BELL HONEYCOMB PAPER ,Stationery,1300,1194.365,87.81191117330465,B,1,1300,33.205619412515965
22589,CARDHOLDER GINGHAM STAR,Stationery,1301,1194.145,87.82838297844545,B,1,1301,33.231162196679435
23392,SPACEBOY ROCKET LOLLY MAKERS,Other,1302,1192.82,87.84483650679256,B,1,1302,33.25670498084291
23414,ZINC BOX SIGN HOME,Home Decor,1303,1191.45,87.86127113762468,B,1,1303,33.28224776500638
85183B,CHARLIE & LOLA WASTEPAPER BIN FLORA,Stationery,1304,1187.245,87.8776477655002,B,1,1304,33.30779054916986
84950,ASSORTED COLOUR T-LIGHT HOLDER,Other,1305,1187.03,87.89402142770732,B,1,1305,33.33333333333333
84884A,ANT WHITE WIRE HEART SPIRAL,Home Decor,1306,1186.555,87.91038853785629,B,1,1306,33.358876117496806
22742,MAKE YOUR OWN PLAYTIME CARD KIT,Stationery,1307,1182.6000000000001,87.9267010935003,B,1,1307,33.384418901660275
22912,YELLOW COAT RACK PARIS FASHION,Other,1308,1181.295,87.94299564822676,B,1,1308,33.40996168582375
23041,PAPER LANTERN 9 POINT SNOW STAR,Stationery,1309,1178.48,87.95925137338773,B,1,1309,33.43550446998723
22081,RIBBON REEL FLORA + FAUNA ,Other,1310,1176.5,87.97547978681169,B,1,1310,33.4610472541507
22478,BIRDHOUSE GARDEN MARKER ,Other,1311,1175.63,87.99169619962395,B,1,1311,33.486590038314176
23057,BEADED CHANDELIER T-LIGHT HOLDER,Other,1312,1175.3,88.00790806048005,B,1,1312,33.51213282247765
22461,SAVOY ART DECO CLOCK,Other,1313,1173.55,88.02409578217464,B,1,1313,33.53767560664112
22687,DOORMAT CHRISTMAS VILLAGE,Christmas,1314,1173.51,88.04028295211698,B,1,1314,33.5632183908046
23000,TRAVEL CARD WALLET TRANSPORT,Home Decor,1315,1172.26,88.0564528798011,B,1,1315,33.58876117496807
23288,GREEN VINTAGE SPOT BEAKER,Stationery,1316,1171.425,88.07261128965675,B,1,1316,33.61430395913155
21195,PINK  HONEYCOMB PAPER BALL ,Stationery,1317,1170.855,88.08876183704267,B,1,1317,33.639846743295024
22071,SMALL WHITE RETROSPOT MUG IN BOX ,Kitchen & Tableware,1318,1170.45,88.10490679793692,B,1,1318,33.665389527458494
70006,LOVE HEART POCKET WARMER,Home Decor,1319,1168.64,88.12102679204128,B,1,1319,33.69093231162197
22074,6 RIBBONS SHIMMERING PINKS ,Accessories,1320,1166.59,88.13711850884219,B,1,1320,33.71647509578544
85227,SET OF 6 3D KIT CARDS FOR KIDS,Stationery,1321,1162.29,88.15315091227487,B,1,1321,33.74201787994892
21742,LARGE ROUND WICKER PLATTER ,Other,1322,1159.3,88.16914207222591,B,1,1322,33.76756066411239
22028,PENNY FARTHING BIRTHDAY CARD,Stationery,1323,1158.61,88.18512371445044,B,1,1323,33.793103448275865
22917,HERB MARKER ROSEMARY,Other,1324,1155.02,88.20105583690938,B,1,1324,33.818646232439335
21039,RED RETROSPOT SHOPPING BAG,Bags & Packaging,1325,1153.815,88.21697133783142,B,1,1325,33.84418901660281
22922,FRIDGE MAGNETS US DINER ASSORTED,Other,1326,1153.635,88.23288435586828,B,1,1326,33.86973180076628
22299,PIG KEYRING WITH LIGHT & SOUND ,Accessories,1327,1153.555,88.2487962704006,B,1,1327,33.89527458492976
22920,HERB MARKER BASIL,Other,1328,1153.49,88.26470728833552,B,1,1328,33.92081736909323
21875,KINGS CHOICE MUG,Kitchen & Tableware,1329,1152.61,88.28060616772065,B,1,1329,33.946360153256705
72349B,SET/6 PURPLE BUTTERFLY T-LIGHTS,Other,1330,1152.0700000000002,88.29649759845023,B,1,1330,33.971902937420175
22603,CHRISTMAS RETROSPOT TREE WOOD,Christmas,1331,1145.845,88.31230316273394,B,1,1331,33.99744572158365
22680,FRENCH BLUE METAL DOOR SIGN 5,Home Decor,1332,1143.415,88.3280752080677,B,1,1332,34.02298850574713
22919,HERB MARKER MINT,Other,1333,1141.31,88.34381821743862,B,1,1333,34.0485312899106
22497,SET OF 2 TINS VINTAGE BATHROOM ,Stationery,1334,1140.56,88.35955088145464,B,1,1334,34.074074074074076
22453,MEASURING TAPE BABUSHKA BLUE,Accessories,1335,1136.065,88.37522154231016,B,1,1335,34.099616858237546
22446,PIN CUSHION BABUSHKA PINK,Textile,1336,1135.18,88.39087999564684,B,1,1336,34.12515964240102
22320,BIRDS MOBILE VINTAGE DESIGN,Home Decor,1337,1134.55,88.4065297588854,B,1,1337,34.15070242656449
22376,AIRLINE BAG VINTAGE JET SET WHITE,Stationery,1338,1133.04,88.42215869347605,B,1,1338,34.17624521072797
84912B,GREEN ROSE WASHBAG,Bags & Packaging,1339,1132.85,88.43778500724343,B,1,1339,34.20178799489144
85199S,SMALL HANGING IVORY/RED WOOD BIRD,Home Decor,1340,1132.84,88.45341118307277,B,1,1340,34.22733077905492
85087,CANDY SPOT CUSHION COVER,Textile,1341,1129.97,88.46899777067726,B,1,1341,34.25287356321839
22916,HERB MARKER THYME,Other,1342,1127.06,88.48454421830463,B,1,1342,34.278416347381864
22678,FRENCH BLUE METAL DOOR SIGN 3,Home Decor,1343,1124.685,88.50005790564143,B,1,1343,34.303959131545334
22572,ROCKING HORSE GREEN CHRISTMAS ,Christmas,1344,1124.52,88.51556931700013,B,1,1344,34.32950191570881
22325,MOBILE VINTAGE HEARTS ,Home Decor,1345,1120.43,88.53102431168999,B,1,1345,34.35504469987228
22047,EMPIRE GIFT WRAP,Stationery,1346,1118.49,88.5464525463951,B,1,1346,34.38058748403576
21981,PACK OF 12 WOODLAND TISSUES ,Bags & Packaging,1347,1116.9399999999998,88.56185940070006,B,1,1347,34.406130268199234
22530,MAGIC DRAWING SLATE DOLLY GIRL ,Toys & Kids,1348,1115.69,88.5772490127468,B,1,1348,34.43167305236271
23505,PLAYING CARDS I LOVE LONDON ,Stationery,1349,1113.85,88.59261324418945,B,1,1349,34.45721583652618
84968E,SET OF 16 VINTAGE BLACK CUTLERY,Stationery,1350,1113.32,88.60797016491463,B,1,1350,34.48275862068966
51014C,"FEATHER PEN,COAL BLACK",Other,1351,1110.245,88.62328466968464,B,1,1351,34.50830140485313
22918,HERB MARKER PARSLEY,Other,1352,1110.2250000000001,88.6385988985785,B,1,1352,34.533844189016605
85159B,"WHITE TEA,COFFEE,SUGAR JARS",Kitchen & Tableware,1353,1110.125,88.6539117480917,B,1,1353,34.559386973180075
47585A,PINK FAIRY CAKE CUSHION COVER,Kitchen & Tableware,1354,1109.6,88.66921735585645,B,1,1354,34.58492975734355
21917,SET 12 KIDS  WHITE CHALK STICKS,Other,1355,1105.23,88.68446268468652,B,1,1355,34.61047254150703
22754,SMALL RED BABUSHKA NOTEBOOK ,Stationery,1356,1104.32,88.69969546115261,B,1,1356,34.6360153256705
22651,GENTLEMAN SHIRT REPAIR KIT ,Other,1357,1096.29,88.71481747335199,B,1,1357,34.661558109833976
22362,GLASS JAR PEACOCK BATH SALTS,Other,1358,1096.115,88.72993707163522,B,1,1358,34.687100893997446
22710,WRAP I LOVE LONDON ,Stationery,1359,1096.08,88.74505618713522,B,1,1359,34.71264367816092
21466,RED FLOWER CROCHET FOOD COVER,Other,1360,1094.765,88.76015716377957,B,1,1360,34.73818646232439
23056,FLOWERS CHANDELIER T-LIGHT HOLDER,Other,1361,1093.73,88.77524386383413,B,1,1361,34.76372924648787
21090,SET/6 COLLAGE PAPER PLATES,Kitchen & Tableware,1362,1093.685,88.79032994316741,B,1,1362,34.78927203065134
22915,ASSORTED BOTTLE TOP  MAGNETS ,Other,1363,1090.1,88.80536657170414,B,1,1363,34.81481481481482
23461,SWEETHEART BIRD HOUSE,Home Decor,1364,1089.26,88.82039161344336,B,1,1364,34.84035759897829
84012,MAGIC SHEEP WOOL GROWING FROM PAPER,Stationery,1365,1085.94,88.83537085974478,B,1,1365,34.86590038314176
21693,SMALL HAMMERED SILVER CANDLEPOT ,Home Decor,1366,1085.785,88.85034796800619,B,1,1366,34.89144316730523
22581,WOOD STOCKING CHRISTMAS SCANDISPOT,Christmas,1367,1085.725,88.86532424863921,B,1,1367,34.91698595146871
20801,LARGE PINK GLASS SUNDAE DISH,Other,1368,1085.335,88.88029514968765,B,1,1368,34.94252873563218
21469,POLKA DOT RAFFIA FOOD COVER,Other,1369,1085.32,88.89526584382902,B,1,1369,34.96807151979566
23402,HOME SWEET HOME 3 PEG HANGER ,Home Decor,1370,1083.125,88.91020626056496,B,1,1370,34.993614303959134
21991,BOHEMIAN COLLAGE STATIONERY SET,Other,1371,1080.82,88.92511488257678,B,1,1371,35.019157088122604
47503A,ASS FLORAL PRINT MULTI SCREWDRIVER,Other,1372,1080.75,88.94002253902212,B,1,1372,35.04469987228608
22342,HOME GARLAND PAINTED ZINC ,Home Decor,1373,1080.3799999999999,88.95492509175904,B,1,1373,35.07024265644955
21224,SET/4 SKULL BADGES,Other,1374,1080.0,88.96982240284947,B,1,1374,35.09578544061303
21043,APRON MODERN VINTAGE COTTON,Stationery,1375,1078.435,88.98469812663262,B,1,1375,35.1213282247765
22711,WRAP CIRCUS PARADE,Stationery,1376,1078.38,88.99957309175642,B,1,1376,35.146871008939975
23026,DRAWER KNOB VINTAGE GLASS STAR,Stationery,1377,1078.135,89.01444467739759,B,1,1377,35.172413793103445
22060,LARGE CAKE STAND HANGING HEARTS,Home Decor,1378,1074.45,89.02926543286158,B,1,1378,35.19795657726692
15056n,EDWARDIAN PARASOL NATURAL,Other,1379,1073.1499999999999,89.04406825637705,B,1,1379,35.22349936143039
22949,SET OF 36 DOLLY GIRL PAPER DOILIES,Stationery,1380,1071.725,89.05885142371814,B,1,1380,35.24904214559387
47580,TEA TIME DES TEA COSY,Kitchen & Tableware,1381,1071.57,89.07363245301923,B,1,1381,35.27458492975734
23064,CINDERELLA CHANDELIER ,Other,1382,1068.925,89.08837699770193,B,1,1382,35.300127713920816
22123,PING MICROWAVE APRON,Textile,1383,1068.3799999999999,89.10311402476007,B,1,1383,35.32567049808429
20956,PORCELAIN T-LIGHT HOLDERS ASSORTED,Other,1384,1067.77,89.1178426375962,B,1,1384,35.35121328224777
21288,STRIPEY CHOCOLATE NESTING BOXES,Bags & Packaging,1385,1061.41,89.13248352182258,B,1,1385,35.37675606641124
23418,LAVENDER TOILETTE BOTTLE,Other,1386,1061.285,89.14712268182315,B,1,1386,35.40229885057472
22211,WOOD STAMP SET FLOWERS,Other,1387,1059.865,89.16174225461837,B,1,1387,35.427841634738186
23280,FOLDING BUTTERFLY MIRROR HOT PINK ,Other,1388,1059.31,89.17635417185097,B,1,1388,35.45338441890166
22708,WRAP DOLLY GIRL,Stationery,1389,1056.54,89.19092788023939,B,1,1389,35.47892720306513
22526,WHEELBARROW FOR CHILDREN ,Toys & Kids,1390,1056.25,89.20549758842388,B,1,1390,35.50446998722861
21464,DISCO BALL ROTATOR BATTERY OPERATED,Other,1391,1055.25,89.22005350280182,B,1,1391,35.53001277139208
22999,TRAVEL CARD WALLET VINTAGE LEAF,Home Decor,1392,1051.75,89.23456113885678,B,1,1392,35.55555555555556
22932,BAKING MOULD TOFFEE CUP CHOCOLATE,Kitchen & Tableware,1393,1050.255,89.24904815317092,B,1,1393,35.581098339719034
23369,SET 36 COLOUR PENCILS LOVE LONDON,Other,1394,1049.4,89.26352337378046,B,1,1394,35.606641123882504
23326,HANGING MINI COLOURED BOTTLES,Home Decor,1395,1048.4950000000001,89.27798611099504,B,1,1395,35.63218390804598
22310,IVORY KNITTED MUG COSY ,Kitchen & Tableware,1396,1045.33,89.29240519081186,B,1,1396,35.65772669220945
21688,SILVER PLATE CANDLE BOWL SMALL,Home Decor,1397,1043.755,89.30680254538333,B,1,1397,35.68326947637293
23433,HANGING QUILTED PATCHWORK APPLES,Home Decor,1398,1043.3000000000002,89.32119362377281,B,1,1398,35.7088122605364
23511,EMBROIDERED RIBBON REEL EMILY ,Other,1399,1042.79,89.33557766732095,B,1,1399,35.734355044699875
22815,CARD PSYCHEDELIC APPLES,Stationery,1400,1041.62,89.3499455721154,B,1,1400,35.759897828863345
22808,SET OF 6 T-LIGHTS EASTER CHICKS,Other,1401,1038.8700000000001,89.3642755439418,B,1,1401,35.78544061302682
23119,PACK OF 6 LARGE FRUIT STRAWS ,Bags & Packaging,1402,1037.3799999999999,89.37858496299643,B,1,1402,35.81098339719029
21821,GLITTER STAR GARLAND WITH BELLS ,Other,1403,1037.05,89.39288983009487,B,1,1403,35.83652618135377
22334,DINOSAUR PARTY BAG + STICKER SET,Stationery,1404,1034.56,89.40716035061497,B,1,1404,35.86206896551724
23373,VINTAGE CHRISTMAS PAPER GIFT BAG,Christmas,1405,1034.45,89.42142935381635,B,1,1405,35.887611749680715
23378,PACK OF 12 50'S CHRISTMAS TISSUES,Christmas,1406,1033.315,89.43568270104728,B,1,1406,35.913154533844185
21439,BASKET OF TOADSTOOLS,Other,1407,1033.005,89.44993177219817,B,1,1407,35.93869731800766
22817,CARD SUKI BIRTHDAY,Stationery,1408,1030.41,89.46414504842105,B,1,1408,35.96424010217113
22985,WRAP BILLBOARD FONTS DESIGN,Home Decor,1409,1030.11,89.47835418650193,B,1,1409,35.98978288633461
23088,ZINC HEART FLOWER T-LIGHT HOLDER,Home Decor,1410,1029.64,89.49255684149374,B,1,1410,36.015325670498086
20967,GREY FLORAL FELTCRAFT SHOULDER BAG,Bags & Packaging,1411,1027.94,89.50673604701439,B,1,1411,36.040868454661556
22163,HEART STRING MEMO HOLDER HANGING,Home Decor,1412,1027.375,89.52090745903432,B,1,1412,36.06641123882503
22713,CARD I LOVE LONDON ,Stationery,1413,1027.17,89.5350760433239,B,1,1413,36.0919540229885
22575,METAL MERRY CHRISTMAS WREATH,Christmas,1414,1026.245,89.54923186834242,B,1,1414,36.11749680715198
22686,FRENCH BLUE METAL DOOR SIGN No,Home Decor,1415,1025.555,89.56337817563438,B,1,1415,36.14303959131545
21947,SET OF 6 HEART CHOPSTICKS,Home Decor,1416,1023.91,89.57750179211457,B,1,1416,36.16858237547893
23452,HEART MINI PORTRAIT FRAME,Home Decor,1417,1021.76,89.59159575191065,B,1,1417,36.1941251596424
22679,FRENCH BLUE METAL DOOR SIGN 4,Home Decor,1418,1021.155,89.60568136645375,B,1,1418,36.219667943805874
22755,SMALL PURPLE BABUSHKA NOTEBOOK ,Stationery,1419,1021.145,89.61976684305877,B,1,1419,36.24521072796935
23153,ZINC SWEETHEART WIRE LETTER RACK,Home Decor,1420,1020.69,89.63384604348182,B,1,1420,36.27075351213283
22819,"BIRTHDAY CARD, RETRO SPOT",Stationery,1421,1019.235,89.64790517391631,B,1,1421,36.2962962962963
22997,TRAVEL CARD WALLET UNION JACK,Home Decor,1422,1017.44,89.66193954446803,B,1,1422,36.321839080459775
21896,POTTING SHED TWINE,Other,1423,1017.215,89.67597081141326,B,1,1423,36.347381864623244
23411, TRELLIS COAT RACK,Other,1424,1016.625,89.68999394001261,B,1,1424,36.37292464878672
22673,FRENCH GARDEN SIGN BLUE METAL,Home Decor,1425,1016.08,89.7040095509874,B,1,1425,36.39846743295019
22531,MAGIC DRAWING SLATE CIRCUS PARADE  ,Other,1426,1015.6,89.71801854093502,B,1,1426,36.42401021711367
22757,LARGE RED BABUSHKA NOTEBOOK ,Stationery,1427,1014.26,89.73200904718185,B,1,1427,36.44955300127714
23525,WALL ART BUFFALO BILL ,Home Decor,1428,1012.765,89.74597893168786,B,1,1428,36.475095785440615
21818,GLITTER HEART DECORATION,Home Decor,1429,1012.415,89.75994398836157,B,1,1429,36.500638569604085
23107,WHITE HEARTS WIRE PLANT POT HOLDER,Home Decor,1430,1009.51,89.77386897402721,B,1,1430,36.52618135376756
18097C,WHITE TALL PORCELAIN T-LIGHT HOLDER,Other,1431,1008.9350000000001,89.78778602825408,B,1,1431,36.55172413793103
23419,HOME SWEET HOME BOTTLE ,Home Decor,1432,1008.815,89.80170142722417,B,1,1432,36.57726692209451
23269,SET OF 2 CERAMIC CHRISTMAS TREES,Christmas,1433,1007.7049999999999,89.81560151506896,B,1,1433,36.602809706257986
85127,SMALL SQUARE CUT GLASS CANDLESTICK,Home Decor,1434,1007.5749999999999,89.82949980971891,B,1,1434,36.628352490421456
23524,WALL ART HORSE & PONY ,Home Decor,1435,1006.695,89.84338596581908,B,1,1435,36.65389527458493
21467,CHERRY CROCHET FOOD COVER,Other,1436,1004.39,89.8572403271951,B,1,1436,36.6794380587484
20931,BLUE POT PLANT CANDLE ,Home Decor,1437,1003.3750000000001,89.87108068785747,B,1,1437,36.70498084291188
23334,IVORY WICKER HEART SMALL,Home Decor,1438,1002.9000000000001,89.88491449646172,B,1,1438,36.73052362707535
35648,VINTAGE BEAD PINK PURSE ,Stationery,1439,1001.14,89.89872402796641,B,1,1439,36.75606641123883
22309,TEA COSY RED  STRIPE,Kitchen & Tableware,1440,1000.75,89.91252817988654,B,1,1440,36.7816091954023
21617,4 LILY  BOTANICAL DINNER CANDLES,Home Decor,1441,999.885,89.926320400164,B,1,1441,36.807151979565774
79302M,"ART LIGHTS,FUNK MONKEY",Other,1442,999.2900000000001,89.94010441312655,B,1,1442,36.83269476372924
85180A,RED HEARTS LIGHT CHAIN ,Home Decor,1443,999.205,89.95388725361553,B,1,1443,36.85823754789272
21872,GLAMOROUS  MUG,Kitchen & Tableware,1444,998.62,89.96766202472769,B,1,1444,36.88378033205619
84813,SET OF 4 DIAMOND NAPKIN RINGS,Accessories,1445,997.9449999999999,89.98142748502042,B,1,1445,36.90932311621967
21824,PAINTED METAL STAR WITH HOLLY BELLS,Other,1446,997.7249999999999,89.99518991067569,B,1,1446,36.93486590038314
23104,IVORY CAFE HANGING LAMP ,Home Decor,1447,997.1,90.00894371520185,B,1,1447,36.960408684546614
22785,SQUARECUSHION COVER PINK UNION JACK,Textile,1448,997.055,90.02269689900672,B,1,1448,36.985951468710084
22921,HERB MARKER CHIVES ,Other,1449,993.72,90.0364040804667,B,1,1449,37.01149425287356
22714,CARD BIRTHDAY COWBOY,Stationery,1450,992.82,90.05009884750078,B,1,1450,37.03703703703704
21355,TOAST ITS - I LOVE YOU ,Other,1451,992.58,90.06379030402127,B,1,1451,37.06257982120051
22231,JIGSAW TREE WITH BIRDHOUSE,Other,1452,990.555,90.07745382808346,B,1,1452,37.088122605363985
21773,DECORATIVE ROSE BATHROOM BOTTLE,Other,1453,989.38,90.09110114442296,B,1,1453,37.113665389527455
22313,OFFICE MUG WARMER PINK,Kitchen & Tableware,1454,987.2350000000001,90.10471887304736,B,1,1454,37.13920817369093
82578,KITCHEN METAL SIGN,Home Decor,1455,986.6550000000001,90.11832860126397,B,1,1455,37.16475095785441
22069,BROWN  PIRATE TREASURE CHEST ,Other,1456,985.895,90.13192784618757,B,1,1456,37.190293742017886
22444,GROW YOUR OWN PLANT IN A CAN ,Other,1457,984.81,90.14551212483104,B,1,1457,37.215836526181356
22611,VINTAGE UNION JACK SHOPPING BAG,Stationery,1458,984.675,90.15909454131064,B,1,1458,37.24137931034483
22166,WALL MIRROR RECTANGLE DIAMANTE PINK,Home Decor,1459,983.095,90.17265516357587,B,1,1459,37.2669220945083
21679,SKULLS  STICKERS,Stationery,1460,982.38,90.1862059232694,B,1,1460,37.29246487867178
22315,200 RED + WHITE BENDY STRAWS,Other,1461,982.08,90.19975254482095,B,1,1461,37.31800766283525
21987,PACK OF 6 SKULL PAPER CUPS,Kitchen & Tableware,1462,979.3000000000001,90.21326081959026,B,1,1462,37.34355044699873
23102,SILVER HEARTS TABLE DECORATION,Home Decor,1463,978.1650000000001,90.22675343838912,B,1,1463,37.369093231162196
84944,SET OF 6 KASHMIR FOLKART BAUBLES,Other,1464,976.71,90.24022598719942,B,1,1464,37.39463601532567
21391,FRENCH LAVENDER SCENT HEART,Home Decor,1465,976.465,90.25369515652713,B,1,1465,37.42017879948914
23365,SET 12 COLOUR PENCILS LOVE LONDON,Other,1466,974.88,90.26714246267142,B,1,1466,37.44572158365262
22681,FRENCH BLUE METAL DOOR SIGN 6,Home Decor,1467,973.15,90.28056590553035,B,1,1467,37.47126436781609
21188,3D HEARTS  HONEYCOMB PAPER GARLAND,Home Decor,1468,972.1750000000002,90.29397589942788,B,1,1468,37.49680715197957
21394,RED POLKADOT BEAKER ,Other,1469,971.97,90.30738306559508,B,1,1469,37.52234993614304
85232D,SET/3 DECOUPAGE STACKING TINS,Other,1470,970.75,90.32077340331824,B,1,1470,37.547892720306514
35651,VINTAGE BEAD PINK SCARF ,Stationery,1471,970.48,90.33416001671367,B,1,1471,37.573435504469984
15044C,PURPLE PAPER PARASOL,Stationery,1472,968.1650000000001,90.34751469744687,B,1,1472,37.59897828863346
23183,MOTHER'S KITCHEN SPOON REST ,Kitchen & Tableware,1473,967.17,90.36085565334253,B,1,1473,37.62452107279694
22117,METAL SIGN HER DINNER IS SERVED ,Home Decor,1474,966.2750000000001,90.37418426378134,B,1,1474,37.65006385696041
22154,ANGEL DECORATION 3 BUTTONS ,Home Decor,1475,965.385,90.3875005977323,B,1,1475,37.675606641123885
85132B,CHARLIE AND LOLA TABLE TINS,Other,1476,962.875,90.40078230922876,B,1,1476,37.701149425287355
22246,MAGIC GARDEN FELT GARLAND ,Other,1477,962.77,90.41406257237556,B,1,1477,37.72669220945083
85039B,S/4 IVORY MINI ROSE CANDLE IN BOWL,Home Decor,1478,960.9549999999999,90.42731779976341,B,1,1478,37.7522349936143
21065,BOOM BOX SPEAKER GIRLS,Bags & Packaging,1479,957.4350000000001,90.44052447295218,B,1,1479,37.77777777777778
23375,50'S CHRISTMAS PAPER GIFT BAG,Christmas,1480,955.8899999999999,90.4537098347098,B,1,1480,37.80332056194125
40016,CHINESE DRAGON PAPER LANTERNS,Stationery,1481,955.56,90.46689064451124,B,1,1481,37.828863346104725
22614,PACK OF 12 SPACEBOY TISSUES,Bags & Packaging,1482,954.9949999999999,90.48006366081198,B,1,1482,37.854406130268195
35471D,SET OF 3 BIRD LIGHT PINK FEATHER ,Other,1483,953.37,90.49321426217706,B,1,1483,37.87994891443167
23598,PAPER BUNTING VINTAGE PARTY,Stationery,1484,952.8800000000001,90.50635810457692,B,1,1484,37.90549169859514
84913A,SOFT PINK ROSE TOWEL ,Textile,1485,952.83,90.51950125728644,B,1,1485,37.93103448275862
20985,HEART CALCULATOR,Home Decor,1486,951.09,90.53262040877254,B,1,1486,37.95657726692209
22695,WICKER WREATH SMALL,Other,1487,948.3149999999999,90.54570128244545,B,1,1487,37.982120051085566
23527,WALL ART ANIMALS AND NATURE ,Home Decor,1488,947.66,90.55877312117502,B,1,1488,38.00766283524904
21389,IVORY HANGING DECORATION  BIRD,Home Decor,1489,947.655,90.57184489093558,B,1,1489,38.03320561941251
21683,MEDIUM MEDINA STAMPED METAL BOWL ,Kitchen & Tableware,1490,944.2750000000001,90.58487003762995,B,1,1490,38.05874840357599
21774,DECORATIVE CATS BATHROOM BOTTLE,Other,1491,944.215,90.59789435669593,B,1,1491,38.08429118773947
84558A,3D DOG PICTURE PLAYING CARDS,Stationery,1492,943.1600000000001,90.61090412329597,B,1,1492,38.10983397190294
23087,ZINC  HEART T-LIGHT HOLDER,Home Decor,1493,942.525,90.62390513082886,B,1,1493,38.135376756066414
21902,"KEY FOB , FRONT  DOOR ",Other,1494,941.06,90.6368859304351,B,1,1494,38.160919540229884
22924,FRIDGE MAGNETS LA VIE EN ROSE,Other,1495,939.865,90.64985024644251,B,1,1495,38.18646232439336
62018,SOMBRERO ,Other,1496,939.6,90.66281090709118,B,1,1496,38.21200510855684
22209,WOOD STAMP SET HAPPY BIRTHDAY,Other,1497,938.075,90.67575053218484,B,1,1497,38.23754789272031
35646,VINTAGE BEAD PINK EVENING BAG,Stationery,1498,937.23,90.68867850151196,B,1,1498,38.263090676883785
22286,DECORATION WOBBLY RABBIT METAL ,Home Decor,1499,937.145,90.70160529836551,B,1,1499,38.288633461047255
22500,SET OF 2 TINS JARDIN DE PROVENCE,Other,1500,936.4,90.71452181883318,B,1,1500,38.31417624521073
22307,GOLD MUG BONE CHINA TREE OF LIFE,Kitchen & Tableware,1501,933.375,90.72739661303598,B,1,1501,38.3397190293742
22477,WATERING CAN GARDEN MARKER,Accessories,1502,932.91,90.74026499311873,B,1,1502,38.36526181353768
22544,MINI JIGSAW SPACEBOY,Other,1503,931.35,90.75311185486323,B,1,1503,38.39080459770115
23138,SINGLE WIRE HOOK IVORY HEART,Home Decor,1504,930.26,90.76594368135858,B,1,1504,38.416347381864625
51014L,"FEATHER PEN,LIGHT PINK",Other,1505,924.915,90.77870177995784,B,1,1505,38.441890166028095
21354,TOAST ITS - BEST MUM,Other,1506,924.3100000000001,90.79145153330413,B,1,1506,38.46743295019157
22995,TRAVEL CARD WALLET SUKI,Home Decor,1507,923.82,90.8041945276852,B,1,1507,38.49297573435504
20686,DOLLY MIXTURE CHILDREN'S UMBRELLA,Toys & Kids,1508,922.67,90.81692165918874,B,1,1508,38.51851851851852
23040,PAPER LANTERN 9 POINT SNOW STAR ,Stationery,1509,922.025,90.82963989368702,B,1,1509,38.54406130268199
21682,LARGE MEDINA STAMPED METAL BOWL ,Kitchen & Tableware,1510,921.9,90.84235640395949,B,1,1510,38.569604086845466
22860,EASTER TIN CHICKS PINK DAISY,Other,1511,921.245,90.85506387928865,B,1,1511,38.59514687100894
23376,PACK OF 12 VINTAGE CHRISTMAS TISSUE,Christmas,1512,920.51,90.86776121617,B,1,1512,38.62068965517241
20752,BLUE POLKADOT WASHING UP GLOVES,Other,1513,920.45,90.88045772542294,B,1,1513,38.64623243933589
85116,BLACK CANDELABRA T-LIGHT HOLDER,Other,1514,919.635,90.89314299272354,B,1,1514,38.67177522349936
21508,VINTAGE KID DOLLY CARD ,Stationery,1515,916.66,90.90578722344961,B,1,1515,38.69731800766284
22399,MAGNETS PACK OF 4 CHILDHOOD MEMORY,Bags & Packaging,1516,916.355,90.91842724706468,B,1,1516,38.72286079182631
21830,ASSORTED CREEPY CRAWLIES,Other,1517,915.5500000000001,90.93105616666546,B,1,1517,38.748403575989784
21967,PACK OF 12 SKULL TISSUES,Bags & Packaging,1518,914.7699999999999,90.9436743270971,B,1,1518,38.77394636015325
22363,GLASS JAR MARMALADE ,Other,1519,914.1500000000001,90.9562839353687,B,1,1519,38.79948914431673
23539,WALL ART LOVES' SECRET ,Home Decor,1520,912.89,90.96887616344401,B,1,1520,38.8250319284802
84843,WHITE SOAP RACK WITH 2 BOTTLES,Other,1521,912.4250000000001,90.98146197739926,B,1,1521,38.85057471264368
23122,PARTY CHARMS 50 PIECES,Accessories,1522,911.625,90.99403675630928,B,1,1522,38.87611749680715
22597,MUSICAL ZINC HEART DECORATION ,Home Decor,1523,911.37,91.00660801779861,B,1,1523,38.901660280970624
85034A,3 GARDENIA MORRIS BOXED CANDLES,Home Decor,1524,911.34,91.01917886547375,B,1,1524,38.927203065134094
82001s,SILVER RECORD COVER FRAME,Other,1525,910.12,91.03173288470488,B,1,1525,38.95274584929757
22438,BALLOON ART MAKE YOUR OWN FLOWERS,Other,1526,909.3199999999999,91.04427586889076,B,1,1526,38.97828863346105
22221,CAKE STAND LOVEBIRD 2 TIER PINK,Kitchen & Tableware,1527,908.9499999999999,91.05681374936822,B,1,1527,39.003831417624525
21462,"NURSERY A,B,C PAINTED LETTERS",Other,1528,908.2,91.06934128449073,B,1,1528,39.029374201787995
22129,PARTY CONES CANDY DECORATION,Home Decor,1529,906.68,91.08184785302727,B,1,1529,39.05491698595147
22279,POCKET BAG BLUE PAISLEY RED SPOT,Bags & Packaging,1530,906.41,91.09435069723605,B,1,1530,39.08045977011494
21894,POTTING SHED SEED ENVELOPES,Other,1531,902.08,91.1067938142624,B,1,1531,39.10600255427842
23528,WALL ART SPACEBOY,Home Decor,1532,902.0,91.11923582778422,B,1,1532,39.13154533844189
23099,FRENCH CARRIAGE LANTERN,Other,1533,901.1500000000001,91.13166611657047,B,1,1533,39.157088122605366
85185B,PINK HORSE SOCK PUPPET KIT,Other,1534,900.3900000000001,91.14408592206371,B,1,1534,39.18263090676884
22758,LARGE PURPLE BABUSHKA NOTEBOOK  ,Stationery,1535,899.005,91.15648662313485,B,1,1535,39.20817369093231
21465,PINK FLOWER CROCHET FOOD COVER,Other,1536,897.8,91.1688707026691,B,1,1536,39.23371647509579
85039A,SET/4 RED MINI ROSE CANDLE IN BOWL,Home Decor,1537,897.4449999999999,91.18124988540202,B,1,1537,39.25925925925926
22682,FRENCH BLUE METAL DOOR SIGN 7,Home Decor,1538,896.75,91.19361948143938,B,1,1538,39.28480204342274
22190,LOCAL CAFE MUG,Kitchen & Tableware,1539,896.445,91.20598487036573,B,1,1539,39.310344827586206
21361,LOVE LARGE WOOD LETTERS ,Other,1540,895.6999999999999,91.21833998290619,B,1,1540,39.33588761174968
37501,TEA TIME TEA SET IN GIFT BOX,Kitchen & Tableware,1541,894.87,91.23068364658721,B,1,1541,39.36143039591315
23566,EGG CUP MILKMAID HEIDI,Kitchen & Tableware,1542,892.315,91.24299206709244,B,1,1542,39.38697318007663
23545,WRAP RED VINTAGE DOILY,Stationery,1543,892.11,91.25529765986734,B,1,1543,39.4125159642401
23046,PAPER LANTERN 9 POINT DELUXE STAR,Stationery,1544,890.5250000000001,91.26758138945883,B,1,1544,39.43805874840358
84823,DANISH ROSE FOLDING CHAIR,Other,1545,890.4000000000001,91.27986339482449,B,1,1545,39.46360153256705
21189,WHITE HONEYCOMB PAPER GARLAND ,Stationery,1546,888.67,91.2921215369048,B,1,1546,39.489144316730524
22440,BALLOON WATER BOMB PACK OF 35,Bags & Packaging,1547,888.51,91.30437747197605,B,1,1547,39.514687100893994
21198,WHITE HEART CONFETTI IN TUBE,Home Decor,1548,888.455,91.31663264838794,B,1,1548,39.54022988505747
22251,BIRDHOUSE DECORATION MAGIC GARDEN,Home Decor,1549,888.245,91.32888492810046,B,1,1549,39.56577266922095
22262,FELT EGG COSY CHICKEN,Other,1550,887.985,91.34113362142328,B,1,1550,39.59131545338442
21829,DINOSAUR KEYRINGS ASSORTED,Accessories,1551,886.795,91.35336590011627,B,1,1551,39.616858237547895
21948,SET OF 6 CAKE CHOPSTICKS,Kitchen & Tableware,1552,886.355,91.36559210953438,B,1,1552,39.642401021711365
22304,COFFEE MUG BLUE PAISLEY DESIGN,Home Decor,1553,885.21,91.37780252504398,B,1,1553,39.66794380587484
46776F,WOVEN ROSE GARDEN CUSHION COVER ,Textile,1554,883.12,91.38998411149785,B,1,1554,39.69348659003831
20846,ZINC HEART LATTICE T-LIGHT HOLDER,Home Decor,1555,881.53,91.40214376579927,B,1,1555,39.71902937420179
22923,FRIDGE MAGNETS LES ENFANTS ASSORTED,Other,1556,880.8349999999999,91.41429383340514,B,1,1556,39.74457215836526
22317,FIVE CATS HANGING DECORATION,Home Decor,1557,879.6700000000001,91.42642783122635,B,1,1557,39.770114942528735
84997a,CHILDRENS CUTLERY POLKADOT GREEN ,Toys & Kids,1558,878.74,91.43854900080748,B,1,1558,39.795657726692205
23423,PANTRY 3 HOOK ROLLING PIN HANGER,Other,1559,876.9,91.4506447897845,B,1,1559,39.82120051085568
23432,PRETTY HANGING QUILTED HEARTS,Home Decor,1560,876.62,91.46273671649571,B,1,1560,39.84674329501915
23413,DECORATIVE VINTAGE COFFEE  BOX,Stationery,1561,876.55,91.47482767764043,B,1,1561,39.87228607918263
22270,HAPPY EASTER HANGING DECORATION,Home Decor,1562,876.095,91.48691236260318,B,1,1562,39.8978288633461
22984,CARD GINGHAM ROSE ,Stationery,1563,875.05,91.49898263303807,B,1,1563,39.92337164750958
22609,PENS ASSORTED SPACEBALL,Other,1564,871.57,91.51100490102611,B,1,1564,39.94891443167305
22683,FRENCH BLUE METAL DOOR SIGN 8,Home Decor,1565,871.49,91.52302606550963,B,1,1565,39.97445721583653
21204,DAISIES  HONEYCOMB GARLAND ,Other,1566,868.4399999999999,91.53500515888314,B,1,1566,40.0
20886,BOX OF 9 PEBBLE CANDLES,Home Decor,1567,868.255,91.5469817004024,B,1,1567,40.02554278416348
22565,FELTCRAFT HAIRBANDS PINK AND WHITE ,Other,1568,866.295,91.5589312060608,B,1,1568,40.05108556832695
23523,WALL ART TREASURE AHOY ,Home Decor,1569,866.265,91.57088029790502,B,1,1569,40.076628352490424
23460,SWEETHEART WALL TIDY ,Home Decor,1570,865.64,91.58282076862012,B,1,1570,40.102171136653894
20802,SMALL GLASS SUNDAE DISH CLEAR,Other,1571,865.625,91.59476103242812,B,1,1571,40.12771392081737
23033,DRAWER KNOB CERAMIC RED,Other,1572,861.875,91.60664956946152,B,1,1572,40.15325670498085
23055,IVORY CHANDELIER T-LIGHT HOLDER,Other,1573,861.5649999999999,91.61853383041489,B,1,1573,40.17879948914432
22321,BIRD DECORATION RED RETROSPOT,Home Decor,1574,860.93,91.63040933230107,B,1,1574,40.204342273307795
70007,HI TEC ALPINE HAND WARMER,Other,1575,859.955,91.64227138522585,B,1,1575,40.229885057471265
85049H,URBAN BLACK RIBBONS ,Other,1576,859.725,91.65413026557512,B,1,1576,40.25542784163474
22688,DOORMAT PEACE ON EARTH BLUE,Other,1577,859.28,91.66598300768047,B,1,1577,40.28097062579821
47480,HANGING PHOTO CLIP ROPE LADDER,Home Decor,1578,857.92,91.67781699020891,B,1,1578,40.30651340996169
23142,IVORY WIRE KITCHEN ORGANISER,Kitchen & Tableware,1579,857.675,91.68964759325472,B,1,1579,40.33205619412516
51008,AFGHAN SLIPPER SOCK PAIR,Other,1580,856.875,91.70146716125528,B,1,1580,40.357598978288635
22210,WOOD STAMP SET BEST WISHES,Other,1581,856.78,91.71328541884422,B,1,1581,40.383141762452105
85135C,RED DRAGONFLY HELICOPTER,Other,1582,855.88,91.72509126200725,B,1,1582,40.40868454661558
23479,WIRE EGG BASKET ,Other,1583,852.85,91.73685530993639,B,1,1583,40.43422733077905
22519,CHILDS GARDEN BRUSH PINK,Toys & Kids,1584,851.25,91.74859728777503,B,1,1584,40.45977011494253
84030e,ENGLISH ROSE HOT WATER BOTTLE,Other,1585,850.02,91.76032229923158,B,1,1585,40.485312899106
22402,MAGNETS PACK OF 4 VINTAGE COLLAGE,Stationery,1586,849.485,91.77203993100163,B,1,1586,40.510855683269476
22118,JOY WOODEN BLOCK LETTERS,Other,1587,849.3,91.78375501091746,B,1,1587,40.536398467432946
22094,RED RETROSPOT TISSUE BOX,Bags & Packaging,1588,848.8,91.79546319393,B,1,1588,40.56194125159642
21803,CHRISTMAS TREE STAR DECORATION,Christmas,1589,845.92,91.80713165077965,B,1,1589,40.5874840357599
21984,PACK OF 12 PINK PAISLEY TISSUES ,Bags & Packaging,1590,844.9549999999999,91.81878679660596,B,1,1590,40.61302681992337
23338,EGG FRYING PAN RED ,Other,1591,843.25,91.83041842399207,B,1,1591,40.63856960408685
22024,RAINY LADIES BIRTHDAY CARD,Stationery,1592,842.38,91.84203805076648,B,1,1592,40.66411238825032
21949,SET OF 6 STRAWBERRY CHOPSTICKS,Other,1593,841.71,91.85364843569047,B,1,1593,40.689655172413794
22162,HEART GARLAND RUSTIC PADDED,Home Decor,1594,841.24,91.86525233752539,B,1,1594,40.71519795657726
22994,TRAVEL CARD WALLET RETROSPOT,Home Decor,1595,837.24,91.87680106413406,B,1,1595,40.74074074074074
15044B,BLUE PAPER PARASOL ,Stationery,1596,837.1800000000001,91.88834896311431,B,1,1596,40.76628352490421
20839,FRENCH PAISLEY CUSHION COVER ,Textile,1597,837.15,91.89989644828039,B,1,1597,40.79182630906769
21648,ASSORTED TUTTI FRUTTI SMALL PURSE,Other,1598,837.05,91.91144255406579,B,1,1598,40.81736909323116
22281,EASTER TREE YELLOW BIRDS,Other,1599,836.95,91.92298728047055,B,1,1599,40.84291187739464
22503,CABIN BAG VINTAGE PAISLEY,Stationery,1600,836.55,91.93452648935266,B,1,1600,40.86845466155811
21200,MULTICOLOUR HONEYCOMB PAPER GARLAND,Stationery,1601,836.265,91.94606176699992,B,1,1601,40.89399744572159
21695,SMALL SILVER FLOWER CANDLE POT,Home Decor,1602,835.5550000000001,91.9575872510445,B,1,1602,40.91954022988506
23086,ZINC  STAR T-LIGHT HOLDER ,Other,1603,835.06,91.96910590715484,B,1,1603,40.945083014048535
20984,12 PENCILS TALL TUBE POSY,Other,1604,832.425,91.98058821658489,B,1,1604,40.970625798212005
22308,TEA COSY BLUE STRIPE,Kitchen & Tableware,1605,832.23,91.99206783622266,B,1,1605,40.99616858237548
84819,DANISH ROSE ROUND SEWING BOX,Bags & Packaging,1606,831.3,92.00353462762033,B,1,1606,41.02171136653895
23225,CHERUB HEART DECORATION SILVER ,Home Decor,1607,830.345,92.0149882459327,B,1,1607,41.04725415070243
21804,WHITE CHRISTMAS GARLAND STARS TREES,Christmas,1608,830.03,92.02643751919602,B,1,1608,41.0727969348659
23529,WALL ART DOLLY GIRL ,Home Decor,1609,829.375,92.03787775751606,B,1,1609,41.098339719029376
85176,SEWING SUSAN 21 NEEDLE SET,Other,1610,828.62,92.04930758151212,B,1,1610,41.123882503192846
23178,JAM CLOCK MAGNET,Other,1611,828.575,92.06073678478688,B,1,1611,41.14942528735632
23517,EMBROIDERED RIBBON REEL REBECCA ,Other,1612,828.3050000000001,92.07216226373389,B,1,1612,41.1749680715198
22862,LOVE HEART NAPKIN BOX ,Home Decor,1613,826.59,92.08356408630262,B,1,1613,41.20051085568327
72799E,IVORY PILLAR CANDLE SILVER FLOCK,Home Decor,1614,825.7450000000001,92.0949542531048,B,1,1614,41.22605363984675
22421,LIPSTICK PEN FUSCHIA,Other,1615,825.025,92.10633448836627,B,1,1615,41.251596424010216
21708,FOLDING UMBRELLA CREAM POLKADOT,Other,1616,822.965,92.1176863083862,B,1,1616,41.27713920817369
23502,PLAYING CARDS VINTAGE DOILY ,Stationery,1617,822.05,92.12902550707314,B,1,1617,41.30268199233716
47504H,ENGLISH ROSE SPIRIT LEVEL ,Other,1618,819.825,92.14033401454046,B,1,1618,41.32822477650064
22276,WASH BAG VINTAGE ROSE PAISLEY,Stationery,1619,819.735,92.1516412805652,B,1,1619,41.35376756066411
22068,BLACK PIRATE TREASURE CHEST,Other,1620,818.905,92.16293709773049,B,1,1620,41.37931034482759
22613,PACK OF 20 SPACEBOY NAPKINS,Bags & Packaging,1621,817.7149999999999,92.17421650026596,B,1,1621,41.40485312899106
22701,PINK DOG BOWL,Kitchen & Tableware,1622,817.53,92.18549335094721,B,1,1622,41.430395913154534
22305,COFFEE MUG PINK PAISLEY DESIGN,Home Decor,1623,817.08,92.19676399441552,B,1,1623,41.455938697318004
85114C,RED ENCHANTED FOREST PLACEMAT,Other,1624,816.495,92.20802656850698,B,1,1624,41.48148148148148
23106,ZINC HEARTS PLANT POT HOLDER,Home Decor,1625,815.59,92.2192766592035,B,1,1625,41.50702426564495
85131A,BEADED PEARL HEART WHITE ON STICK,Home Decor,1626,814.22,92.23050785238502,B,1,1626,41.53256704980843
85114B,IVORY ENCHANTED FOREST PLACEMAT,Other,1627,811.14,92.24169656064231,B,1,1627,41.5581098339719
22249,DECORATION WHITE CHICK MAGIC GARDEN,Home Decor,1628,809.9449999999999,92.25286878530078,B,1,1628,41.583652618135375
23004,TRAVEL CARD WALLET PANTRY,Home Decor,1629,809.29,92.26403197501594,B,1,1629,41.60919540229885
22587,FELTCRAFT HAIRBAND RED AND BLUE,Other,1630,807.5699999999999,92.27517143938381,B,1,1630,41.63473818646232
22524,CHILDRENS GARDEN GLOVES BLUE,Toys & Kids,1631,807.41,92.28630869674262,B,1,1631,41.6602809706258
84509B,SET OF 4 FAIRY CAKE PLACEMATS,Kitchen & Tableware,1632,806.04,92.29742705658646,B,1,1632,41.68582375478927
84596G,SMALL CHOCOLATES PINK BOWL,Kitchen & Tableware,1633,805.74,92.3085412782883,B,1,1633,41.711366538952745
21880,RED RETROSPOT TAPE,Other,1634,805.71,92.31965508617597,B,1,1634,41.736909323116215
23179,CLOCK MAGNET MUM'S KITCHEN,Kitchen & Tableware,1635,803.49,92.33073827181305,B,1,1635,41.7624521072797
23409,PHOTO FRAME LINEN AND LACE LARGE,Other,1636,801.68,92.34179649066024,B,1,1636,41.78799489144317
21211,SET OF 72 SKULL PAPER  DOILIES,Stationery,1637,801.17,92.35284767466608,B,1,1637,41.813537675606646
21631,HIPPY CHIC DECORATIVE PARASOL,Other,1638,799.845,92.36388058187823,B,1,1638,41.839080459770116
22341,LOVE GARLAND PAINTED ZINC ,Other,1639,799.355,92.37490673012518,B,1,1639,41.86462324393359
22046,TEA PARTY  WRAPPING PAPER ,Kitchen & Tableware,1640,795.51,92.38587984118585,B,1,1640,41.89016602809706
22537,MAGIC DRAWING SLATE DINOSAUR,Other,1641,794.86,92.39684398627229,B,1,1641,41.91570881226054
22770,MIRROR CORNICE,Other,1642,794.3,92.40780040682704,B,1,1642,41.94125159642401
23347,I LOVE LONDON BEAKER,Other,1643,793.33,92.41874344738942,B,1,1643,41.96679438058749
84459B,YELLOW METAL CHICKEN HEART ,Home Decor,1644,790.92,92.42965324487797,B,1,1644,41.99233716475096
21786,POLKADOT RAIN HAT ,Other,1645,789.73,92.44054662773672,B,1,1645,42.017879948914434
85183A,CHARLIE & LOLA WASTEPAPER BIN BLUE,Stationery,1646,789.04,92.45143049286894,B,1,1646,42.043422733077904
84508A,CAMOUFLAGE DESIGN TEDDY,Home Decor,1647,788.4,92.46230552996495,B,1,1647,42.06896551724138
84509G,SET OF 4 FAIRY CAKE PLACEMATS ,Kitchen & Tableware,1648,787.365,92.47316629047117,B,1,1648,42.09450830140485
21873,IF YOU CAN'T STAND THE HEAT MUG,Kitchen & Tableware,1649,787.03,92.48402243005219,B,1,1649,42.12005108556833
84006,MAGIC TREE -PAPER FLOWERS,Stationery,1650,786.2249999999999,92.49486746561891,B,1,1650,42.1455938697318
22719,GUMBALL MONOCHROME COAT RACK,Other,1651,786.01,92.50570953551723,B,1,1651,42.171136653895275
85036C,ROSE 1 WICK MORRIS BOXED CANDLE,Home Decor,1652,785.235,92.51654091521547,B,1,1652,42.19667943805875
85159A,"BLACK TEA,COFFEE,SUGAR JARS",Kitchen & Tableware,1653,783.3499999999999,92.52734629358832,B,1,1653,42.22222222222222
21125,SET 6 FOOTBALL CELEBRATION CANDLES,Home Decor,1654,782.23,92.53813622289783,B,1,1654,42.2477650063857
85035A,GARDENIA 3 WICK MORRIS BOXED CANDLE,Home Decor,1655,782.2,92.54892573839314,B,1,1655,42.27330779054917
22132,RED LOVE HEART SHAPE CUP,Home Decor,1656,781.905,92.55971118471552,B,1,1656,42.298850574712645
22705,WRAP GREEN PEARS ,Stationery,1657,781.83,92.5704955965024,B,1,1657,42.324393358876115
22338,STAR DECORATION PAINTED ZINC ,Home Decor,1658,780.905,92.58126724901821,B,1,1658,42.34993614303959
22536,MAGIC DRAWING SLATE PURDEY,Other,1659,777.365,92.59199007145878,B,1,1659,42.37547892720306
16237,SLEEPING CAT ERASERS,Other,1660,776.5799999999999,92.60270206576119,B,1,1660,42.40102171136654
21069,VINTAGE BILLBOARD TEA MUG,Kitchen & Tableware,1661,776.0600000000001,92.61340688728417,B,1,1661,42.42656449553001
84509a,SET OF 4 ENGLISH ROSE PLACEMATS,Other,1662,775.84,92.62410867416972,B,1,1662,42.452107279693486
21986,PACK OF 12 PINK POLKADOT TISSUES,Bags & Packaging,1663,775.6899999999999,92.63480839198431,B,1,1663,42.477650063856956
85103,SILVER T-LIGHT SETTING,Other,1664,774.74,92.64549500568263,B,1,1664,42.50319284802043
84279B,CHERRY BLOSSOM DECORATIVE FLASK,Other,1665,774.7,92.65618106762871,B,1,1665,42.5287356321839
22566,FELTCRAFT HAIRBAND PINK AND PURPLE,Other,1666,773.2049999999999,92.66684650783395,B,1,1666,42.55427841634738
22340,NOEL GARLAND PAINTED ZINC ,Christmas,1667,773.0799999999999,92.6775102238134,B,1,1667,42.57982120051086
23516,EMBROIDERED RIBBON REEL SOPHIE  ,Other,1668,772.37,92.68816414619016,B,1,1668,42.60536398467433
21788,KIDS RAIN MAC BLUE,Other,1669,770.8649999999999,92.69879730888806,B,1,1669,42.630906768837804
23514,EMBROIDERED RIBBON REEL SALLY ,Other,1670,770.645,92.7094274369485,B,1,1670,42.65644955300127
21789,KIDS RAIN MAC PINK,Other,1671,770.5,92.72005556490699,B,1,1671,42.68199233716475
21823,PAINTED METAL HEART WITH HOLLY BELL,Home Decor,1672,769.3299999999999,92.73066755411182,B,1,1672,42.70753512132823
21618,4 WILDFLOWER BOTANICAL CANDLES,Home Decor,1673,768.37,92.74126630126231,B,1,1673,42.7330779054917
22152,PLACE SETTING WHITE STAR,Other,1674,767.96,92.75185939295214,B,1,1674,42.758620689655174
35924,HANGING FAIRY CAKE DECORATION,Home Decor,1675,766.895,92.76243779423797,B,1,1675,42.78416347381865
22685,FRENCH BLUE METAL DOOR SIGN 0,Home Decor,1676,766.425,92.7730097124347,B,1,1676,42.80970625798212
23002,TRAVEL CARD WALLET SKULLS,Home Decor,1677,766.32,92.78358018228175,B,1,1677,42.8352490421456
23140,TRIPLE WIRE HOOK IVORY HEART,Home Decor,1678,766.1,92.79414761749135,B,1,1678,42.86079182630907
23331,DECORATIVE WICKER HEART SMALL,Home Decor,1679,764.6500000000001,92.80469505168145,B,1,1679,42.886334610472545
22228,BUNNY WOODEN PAINTED WITH BIRD ,Other,1680,763.8,92.81523076113595,B,1,1680,42.911877394636015
21802,CHRISTMAS TREE HEART DECORATION,Christmas,1681,760.92,92.82572674442756,B,1,1681,42.93742017879949
23025,DRAWER KNOB VINTAGE GLASS BALL,Stationery,1682,760.8000000000001,92.83622107246235,B,1,1682,42.96296296296296
85170D,SET/6 PINK BIRD T-LIGHT CANDLES,Home Decor,1683,760.015,92.84670457235902,B,1,1683,42.98850574712644
22066,LOVE HEART TRINKET POT,Home Decor,1684,759.525,92.85718131329045,B,1,1684,43.01404853128991
21809,CHRISTMAS HANGING TREE WITH BELL,Christmas,1685,759.51,92.8676578473148,B,1,1685,43.039591315453386
23071,MARIE ANTOINETTE TRINKET BOX GOLD,Bags & Packaging,1686,759.45,92.87813355371075,B,1,1686,43.065134099616856
21927,BLUE/CREAM STRIPE CUSHION COVER ,Textile,1687,758.96,92.88860250114148,B,1,1687,43.09067688378033
22586,FELTCRAFT HAIRBAND PINK AND BLUE,Other,1688,758.8249999999999,92.89906958640833,B,1,1688,43.1162196679438
20966,SANDWICH BATH SPONGE,Other,1689,758.51,92.9095323266261,B,1,1689,43.14176245210728
21199,PINK  HEART CONFETTI IN TUBE,Home Decor,1690,757.995,92.9199879630335,B,1,1690,43.16730523627076
21530,DAIRY MAID TOASTRACK,Other,1691,757.72,92.9304398061441,B,1,1691,43.192848020434226
84519A,TOMATO CHARLIE+LOLA COASTER SET,Other,1692,757.35,92.94088654554625,B,1,1692,43.2183908045977
22814,CARD PARTY GAMES ,Stationery,1693,754.76,92.9512975589894,B,1,1693,43.24393358876117
21707,FOLDING UMBRELLA BLACKBLUE POLKADOT,Other,1694,754.6,92.9617063654235,B,1,1694,43.26947637292465
84913B,MINT GREEN ROSE TOWEL,Textile,1695,754.07,92.97210786114015,B,1,1695,43.29501915708812
23431,NATURAL HANGING QUILTED HEARTS ,Home Decor,1696,753.63,92.98250328758188,B,1,1696,43.3205619412516
23515,EMBROIDERED RIBBON REEL DAISY ,Other,1697,751.49,92.99286919527758,B,1,1697,43.34610472541507
21819,GLITTER CHRISTMAS STAR ,Christmas,1698,750.03,93.00321496401568,B,1,1698,43.371647509578544
22091,EMPIRE TISSUE BOX,Bags & Packaging,1699,749.765,93.01355707739503,B,1,1699,43.397190293742014
22277,COSMETIC BAG VINTAGE ROSE PAISLEY,Stationery,1700,749.715,93.02389850108406,B,1,1700,43.42273307790549
21058,PARTY INVITES WOODLAND,Other,1701,749.615,93.03423854539245,B,1,1701,43.44827586206896
21633,SUNFLOWER DECORATIVE PARASOL,Other,1702,749.485,93.04457679650598,B,1,1702,43.47381864623244
21126,SET OF 6 GIRLS CELEBRATION CANDLES,Home Decor,1703,748.95,93.054907667933,B,1,1703,43.49936143039591
84519B,CARROT CHARLIE+LOLA COASTER SET,Other,1704,748.925,93.06523819451485,B,1,1704,43.524904214559385
22495,SET OF 2 ROUND TINS CAMEMBERT ,Other,1705,748.82,93.07556727274702,B,1,1705,43.55044699872286
23220,REINDEER HEART DECORATION GOLD,Home Decor,1706,747.395,93.08587669480481,B,1,1706,43.57598978288633
21905,MORE BUTTER METAL SIGN ,Home Decor,1707,746.955,93.09618004758772,B,1,1707,43.60153256704981
85114A,BLACK ENCHANTED FOREST PLACEMAT,Other,1708,746.035,93.1064707100686,B,1,1708,43.627075351213286
22481,BLACK TEA TOWEL CLASSIC DESIGN,Home Decor,1709,744.375,93.11673847483058,B,1,1709,43.652618135376756
23324,RUSTIC STRAWBERRY JAM POT LARGE ,Other,1710,743.89,93.12699954959638,B,1,1710,43.67816091954023
22416,SET OF 36 SPACEBOY PAPER DOILIES,Stationery,1711,743.7199999999999,93.13725827941505,B,1,1711,43.7037037037037
84609,TALL ROCOCO CANDLE HOLDER,Home Decor,1712,742.65,93.14750224986071,B,1,1712,43.72924648786718
84535B,FAIRY CAKES NOTEBOOK A6 SIZE,Kitchen & Tableware,1713,741.8050000000001,93.15773456453981,B,1,1713,43.754789272030656
23533,WALL ART GARDEN HAVEN ,Home Decor,1714,740.585,93.1679500507749,B,1,1714,43.780332056194126
85169A,IVORY LOVE BIRD CANDLE,Home Decor,1715,738.225,93.17813298362651,B,1,1715,43.8058748403576
15056bl,EDWARDIAN PARASOL BLACK,Other,1716,735.15,93.18827350052293,B,1,1716,43.83141762452107
22706,WRAP COWBOYS  ,Stationery,1717,733.98,93.19839787866566,B,1,1717,43.85696040868455
90057,DIAMANTE RING ASSORTED IN BOX.,Bags & Packaging,1718,733.86,93.20852060155161,B,1,1718,43.88250319284802
23454,THREE MINI HANGING FRAMES,Home Decor,1719,733.2,93.21863422052522,B,1,1719,43.9080459770115
21677,HEARTS  STICKERS,Home Decor,1720,732.4399999999999,93.22873735620585,B,1,1720,43.93358876117497
22422,TOOTHPASTE TUBE PEN,Other,1721,731.895,93.23883297426188,B,1,1721,43.959131545338444
22322,BIRD DECORATION GREEN POLKADOT,Home Decor,1722,731.615,93.2489247300521,B,1,1722,43.984674329501914
85173,SET/6 FROG PRINCE T-LIGHT CANDLES,Home Decor,1723,728.915,93.25897924256458,B,1,1723,44.01021711366539
23006,TRAVEL CARD WALLET FLOWER MEADOW,Home Decor,1724,728.1,93.2690225131247,B,1,1724,44.03575989782886
22518,CHILDS GARDEN BRUSH BLUE,Toys & Kids,1725,728.04,93.27906495605644,B,1,1725,44.06130268199234
85231B,CINAMMON SET OF 9 T-LIGHTS,Other,1726,727.9,93.28910546785526,B,1,1726,44.08684546615581
22753,SMALL YELLOW BABUSHKA NOTEBOOK ,Stationery,1727,726.81,93.29913094440492,B,1,1727,44.112388250319285
22684,FRENCH BLUE METAL DOOR SIGN 9,Home Decor,1728,726.07,93.30914621353772,B,1,1728,44.13793103448276
22802,FAUX FUR CHOCOLATE THROW,Other,1729,725.65,93.31915568927177,B,1,1729,44.16347381864623
22250,DECORATION  BUTTERFLY  MAGIC GARDEN,Home Decor,1730,725.455,93.32916247521354,B,1,1730,44.18901660280971
90200D,PINK SWEETHEART BRACELET,Home Decor,1731,725.32,93.33916739899142,B,1,1731,44.21455938697318
85131D,BEADED CRYSTAL HEART PINK ON STICK,Home Decor,1732,725.26,93.34917149514091,B,1,1732,44.240102171136655
22095,LADS ONLY TISSUE BOX,Bags & Packaging,1733,723.615,93.35915290047859,B,1,1733,44.265644955300125
22217,T-LIGHT HOLDER HANGING LACE,Home Decor,1734,722.71,93.36912182242133,B,1,1734,44.2911877394636
22155,STAR DECORATION RUSTIC,Home Decor,1735,721.815,93.3790783989072,B,1,1735,44.31673052362707
23115,RED APPLES CHOPPING BOARD   ,Other,1736,720.475,93.38901649169227,B,1,1736,44.34227330779055
85035B,CHOCOLATE 3 WICK MORRIS BOX CANDLE,Home Decor,1737,720.33,93.39895258437538,B,1,1737,44.36781609195402
84313C,ORANGE TV TRAY TABLE ,Other,1738,718.63,93.40886522758734,B,1,1738,44.393358876117496
23335,EGG FRYING PAN IVORY ,Other,1739,718.63,93.4187778707993,B,1,1739,44.418901660280966
22451,SILK PURSE BABUSHKA RED,Other,1740,718.2750000000001,93.42868561720992,B,1,1740,44.44444444444444
23072,MARIE ANTOINETTE TRINKET BOX SILVER,Bags & Packaging,1741,717.1999999999999,93.43857853527851,B,1,1741,44.46998722860791
22201,FRYING PAN BLUE POLKADOT,Other,1742,716.78,93.44846565994833,B,1,1742,44.4955300127714
85125,SMALL ROUND CUT GLASS CANDLESTICK,Home Decor,1743,716.405,93.45834761194067,B,1,1743,44.52107279693487
21717,EASTER TIN BUCKET,Other,1744,715.93,93.4682230118749,B,1,1744,44.546615581098344
16016,LARGE CHINESE STYLE SCISSOR,Other,1745,714.495,93.4780786176967,B,1,1745,44.572158365261814
84849D,HOT BATHS SOAP HOLDER,Other,1746,711.97,93.48789939415694,B,1,1746,44.59770114942529
22245,"HOOK, 1 HANGER ,MAGIC GARDEN",Other,1747,711.735,93.49771692907262,B,1,1747,44.62324393358876
21070,VINTAGE BILLBOARD MUG ,Kitchen & Tableware,1748,710.07,93.50751149730038,B,1,1748,44.64878671775224
84581,DOG TOY WITH PINK CROCHET SKIRT,Toys & Kids,1749,709.71,93.51730109975779,B,1,1749,44.67432950191571
23070,EDWARDIAN HEART PHOTO FRAME,Home Decor,1750,709.5400000000001,93.52708835726806,B,1,1750,44.699872286079184
21775,DECORATIVE FLORE BATHROOM BOTTLE,Other,1751,708.67,93.53686361416663,B,1,1751,44.72541507024266
22393,PAPERWEIGHT VINTAGE COLLAGE,Stationery,1752,707.63,93.54662452550637,B,1,1752,44.75095785440613
22454,MEASURING TAPE BABUSHKA RED,Accessories,1753,707.2950000000001,93.55638081592092,B,1,1753,44.77650063856961
23551,PACK OF 12 PAISLEY PARK TISSUES ,Bags & Packaging,1754,706.42,93.56612503675471,B,1,1754,44.80204342273308
21383,PACK OF 12 STICKY BUNNIES,Bags & Packaging,1755,704.805,93.5758469805909,B,1,1755,44.827586206896555
10125,MINI FUNKY DESIGN TAPES,Home Decor,1756,704.78,93.58556857958192,B,1,1756,44.853128991060025
23282,FOLDING BUTTERFLY MIRROR IVORY ,Other,1757,703.86,93.59527748827092,B,1,1757,44.8786717752235
21356,TOAST ITS - FAIRY FLOWER,Other,1758,703.3,93.60497867242823,B,1,1758,44.90421455938697
21739,COSY SLIPPER SHOES SMALL GREEN,Other,1759,703.08,93.6146768219481,B,1,1759,44.92975734355045
21106,CREAM SLICE FLANNEL CHOCOLATE SPOT ,Other,1760,702.5100000000001,93.62436710899821,B,1,1760,44.95530012771392
22700,BLACK AND WHITE DOG BOWL,Kitchen & Tableware,1761,701.635,93.6340453264676,B,1,1761,44.980842911877396
23513,EMBROIDERED RIBBON REEL SUSIE ,Other,1762,700.77,93.6437116122943,B,1,1762,45.006385696040866
22857,ASSORTED EASTER GIFT TAGS,Stationery,1763,700.49,93.65337403585517,B,1,1763,45.03192848020434
22821,GIFT BAG PSYCHEDELIC APPLES,Bags & Packaging,1764,697.14,93.66299025016403,B,1,1764,45.05747126436781
23564,EGG CUP MILKMAID INGRID,Kitchen & Tableware,1765,696.815,93.67260198148577,B,1,1765,45.08301404853129
85130B,BEADED CRYSTAL HEART GREEN LARGE,Home Decor,1766,695.255,93.68219219446927,B,1,1766,45.10855683269476
23114,VINTAGE LEAF CHOPPING BOARD  ,Stationery,1767,695.125,93.69178061425791,B,1,1767,45.13409961685824
21209,MULTICOLOUR HONEYCOMB FAN,Other,1768,694.9449999999999,93.70136655116137,B,1,1768,45.15964240102171
23223,CHRISTMAS TREE HANGING SILVER ,Christmas,1769,694.1850000000001,93.71094200477184,B,1,1769,45.18518518518518
22523,CHILDS GARDEN FORK PINK,Toys & Kids,1770,693.435,93.72050711302737,B,1,1770,45.21072796934866
22893,MINI CAKE STAND T-LIGHT HOLDER,Kitchen & Tableware,1771,693.025,93.73006656582223,B,1,1771,45.23627075351213
23042,PAPER LANTERN 7 POINT SNOW STAR,Stationery,1772,692.15,93.73961394903635,B,1,1772,45.26181353767561
21883,STARS GIFT TAPE ,Other,1773,690.69,93.74914119329289,B,1,1773,45.28735632183908
22514,CHILDS GARDEN SPADE BLUE,Toys & Kids,1774,690.575,93.75866685126165,B,1,1774,45.312899106002554
84568,GIRLS ALPHABET IRON ON PATCHES ,Other,1775,690.155,93.76818671583167,B,1,1775,45.338441890166024
85194L,HANGING SPRING FLOWER EGG LARGE,Home Decor,1776,688.73,93.77768692422734,B,1,1776,45.3639846743295
21162,TOXIC AREA  DOOR HANGER ,Other,1777,687.68,93.78717264912609,B,1,1777,45.38952745849297
23380,PACK OF 12 VINTAGE DOILY TISSUES,Stationery,1778,687.385,93.79665430485191,B,1,1778,45.415070242656455
85036A,GARDENIA 1 WICK MORRIS BOXED CANDLE,Home Decor,1779,685.775,93.80611375254918,B,1,1779,45.440613026819925
85049D,BRIGHT BLUES RIBBONS ,Other,1780,685.615,93.81557099323739,B,1,1780,45.4661558109834
84459A,PINK METAL CHICKEN HEART ,Home Decor,1781,685.055,93.82502050939392,B,1,1781,45.49169859514687
21215,IVORY PAPER CUP CAKE CASES ,Kitchen & Tableware,1782,684.47,93.8344619561736,B,1,1782,45.51724137931035
22786,CUSHION COVER PINK UNION JACK,Textile,1783,683.5500000000001,93.84389071265124,B,1,1783,45.54278416347382
22718,CARD CAT AND TREE ,Stationery,1784,682.76,93.8533085720217,B,1,1784,45.568326947637296
46776B,WOVEN BERRIES CUSHION COVER ,Textile,1785,679.67,93.86268380852988,B,1,1785,45.593869731800766
22098,BOUDOIR SQUARE TISSUE BOX,Bags & Packaging,1786,678.63,93.87204469947923,B,1,1786,45.61941251596424
21084,SET/6 COLLAGE PAPER CUPS,Kitchen & Tableware,1787,677.895,93.88139545198074,B,1,1787,45.64495530012771
22479,DAISY GARDEN MARKER,Other,1788,677.33,93.89073841098156,B,1,1788,45.67049808429119
21205,MULTICOLOUR 3D BALLS GARLAND,Other,1789,677.1899999999999,93.90007943884946,B,1,1789,45.69604086845466
17091J,VANILLA INCENSE IN TIN,Other,1790,676.025,93.90940439693271,B,1,1790,45.721583652618136
23462,ROCOCO WALL MIRROR WHITE,Home Decor,1791,676.0,93.9187290101708,B,1,1791,45.74712643678161
85032A,ROMANTIC IMAGES GIFT WRAP SET,Stationery,1792,674.115,93.9280276220835,B,1,1792,45.77266922094508
22343,PARTY PIZZA DISH RED RETROSPOT,Other,1793,674.085,93.93732582018201,B,1,1793,45.79821200510856
21822,GLITTER CHRISTMAS TREE WITH BELLS,Christmas,1794,673.715,93.94661891457208,B,1,1794,45.82375478927203
23487,SWEET HEART CAKE CARRIER,Home Decor,1795,673.4,93.95590766391311,B,1,1795,45.84929757343551
21351,CINAMMON & ORANGE WREATH,Other,1796,672.88,93.9651892404747,B,1,1796,45.87484035759898
21696,SMALL SILVER TRELLIS CANDLEPOT,Home Decor,1797,672.4000000000001,93.97446419600915,B,1,1797,45.900383141762454
47591d,PINK FAIRY CAKE CHILDRENS APRON,Kitchen & Tableware,1798,672.24,93.98373694453456,B,1,1798,45.925925925925924
84923,PINK BUTTERFLY HANDBAG W BOBBLES,Bags & Packaging,1799,671.62,93.99300114089989,B,1,1799,45.9514687100894
22106,MIRROR MOSAIC HURRICANE LAMP ,Other,1800,669.63,94.00223788759014,B,1,1800,45.97701149425287
22204,MILK PAN BLUE POLKADOT,Other,1801,669.54,94.01147339283781,B,1,1801,46.00255427841635
21158,MOODY GIRL DOOR HANGER ,Other,1802,668.965,94.02070096664671,B,1,1802,46.02809706257982
20704,MR ROBOT SOFT TOY,Toys & Kids,1803,668.7,94.02992488509688,B,1,1803,46.053639846743295
23550,WRAP ALPHABET POSTER  ,Stationery,1804,668.67,94.03914838973283,B,1,1804,46.079182630906764
23444,Next Day Carriage,Other,1805,667.55,94.04835644530543,B,1,1805,46.10472541507024
22287,DECORATION WOBBLY CHICKEN,Home Decor,1806,665.965,94.05754263769462,B,1,1806,46.13026819923371
21743,STAR PORTABLE TABLE LIGHT ,Other,1807,665.8000000000001,94.06672655410574,B,1,1807,46.15581098339719
21680,WOODLAND  STICKERS,Stationery,1808,665.185,94.07590198732582,B,1,1808,46.181353767560665
22539,MINI JIGSAW DOLLY GIRL,Toys & Kids,1809,664.515,94.0850681786955,B,1,1809,46.206896551724135
79066K,RETRO MOD TRAY,Other,1810,664.38,94.09423250790128,B,1,1810,46.23243933588761
22254,FELT TOADSTOOL LARGE,Other,1811,663.49,94.10338456061925,B,1,1811,46.25798212005108
23557,LANDMARK FRAME BAKER STREET ,Other,1812,663.325,94.11253433735911,B,1,1812,46.28352490421456
22400,MAGNETS PACK OF 4 HOME SWEET HOME,Home Decor,1813,661.8149999999999,94.12166328545108,B,1,1813,46.30906768837803
22153,ANGEL DECORATION STARS ON DRESS,Home Decor,1814,661.48,94.13078761261782,B,1,1814,46.33461047254151
47593B,SCOTTIE DOGS BABY BIB,Toys & Kids,1815,658.895,94.1398762827946,B,1,1815,46.36015325670498
21395,BLUE POLKADOT BEAKER ,Other,1816,658.775,94.1489632977146,B,1,1816,46.38569604086846
72349b,SET/6 PURPLE BUTTERFLY T-LIGHTS,Other,1817,658.51,94.15804665727586,B,1,1817,46.41123882503193
22450,SILK PURSE BABUSHKA BLUE,Other,1818,657.76,94.1671196714822,B,1,1818,46.43678160919541
22936,BAKING MOULD ROSE WHITE CHOCOLATE,Other,1819,656.72,94.1761783401297,B,1,1819,46.46232439335888
22448,PIN CUSHION BABUSHKA RED,Textile,1820,656.4300000000001,94.18523300857329,B,1,1820,46.487867177522354
22324,BLUE POLKADOT KIDS BAG,Bags & Packaging,1821,656.125,94.1942834699059,B,1,1821,46.513409961685824
79067,CORONA MEXICAN TRAY,Other,1822,656.025,94.20333255185783,B,1,1822,46.5389527458493
22026,BANQUET BIRTHDAY  CARD  ,Stationery,1823,655.65,94.21237646113232,B,1,1823,46.56449553001277
22522,CHILDS GARDEN FORK BLUE ,Toys & Kids,1824,654.87,94.22140961123769,B,1,1824,46.59003831417625
84536B,FAIRY CAKES NOTEBOOK A7 SIZE,Kitchen & Tableware,1825,654.18,94.2304332436165,B,1,1825,46.61558109833972
23547,WRAP FLOWER SHOP  ,Stationery,1826,652.47,94.2394332885861,B,1,1826,46.641123882503194
22133,PINK LOVE HEART SHAPE CUP,Home Decor,1827,652.005,94.24842691943566,B,1,1827,46.666666666666664
46776A,WOVEN BUBBLE GUM CUSHION COVER,Textile,1828,651.95,94.25741979162585,B,1,1828,46.69220945083014
22252,BIRDCAGE DECORATION TEALIGHT HOLDER,Home Decor,1829,650.27,94.266389490221,B,1,1829,46.71775223499361
20986,BLUE CALCULATOR RULER,Other,1830,650.04,94.27535601624065,B,1,1830,46.74329501915709
21504,SKULLS GREETING CARD,Stationery,1831,649.11,94.2843097140202,B,1,1831,46.768837803320565
23506,MINI PLAYING CARDS SPACEBOY ,Stationery,1832,646.36,94.29322547883169,B,1,1832,46.794380587484035
23562,SET OF 6 RIBBONS PERFECTLY PRETTY  ,Other,1833,646.155,94.30213841591284,B,1,1833,46.81992337164751
21317,GLASS SPHERE CANDLE STAND MEDIUM,Home Decor,1834,645.95,94.31104852526364,B,1,1834,46.84546615581098
23538,WALL ART VINTAGE HEART,Home Decor,1835,644.9200000000001,94.31994442699367,B,1,1835,46.87100893997446
23408,PHOTO FRAME LINEN AND LACE SMALL,Other,1836,644.8000000000001,94.32883867346692,B,1,1836,46.89655172413793
23518,EMBROIDERED RIBBON REEL RACHEL ,Other,1837,644.26,94.33772547128461,B,1,1837,46.922094508301406
23325,RUSTIC STRAWBERRY JAM POT SMALL,Other,1838,643.74,94.34660509632292,B,1,1838,46.947637292464876
21291,SMALL POLKADOT CHOCOLATE GIFT BAG ,Bags & Packaging,1839,643.265,94.35547816930307,B,1,1839,46.97318007662835
37327,ASSTD MULTICOLOUR CIRCLES MUG,Kitchen & Tableware,1840,642.86,94.3643456557916,B,1,1840,46.99872286079182
20767,BLUE PAISLEY JOURNAL ,Other,1841,640.31,94.37317796807335,B,1,1841,47.0242656449553
21983,PACK OF 12 BLUE PAISLEY TISSUES ,Bags & Packaging,1842,638.14,94.38198034779487,B,1,1842,47.04980842911877
21808,"CHRISTMAS GARLAND STARS,TREES",Christmas,1843,637.83,94.39077845143636,B,1,1843,47.07535121328225
20658,RED RETROSPOT LUGGAGE TAG,Stationery,1844,637.735,94.39957524466622,B,1,1844,47.100893997445716
22953,BIRTHDAY PARTY CORDON BARRIER TAPE,Other,1845,637.735,94.4083720378961,B,1,1845,47.12643678160919
85019B,BLOSSOM  IMAGES NOTEBOOK SET,Stationery,1846,634.22,94.41712034589588,B,1,1846,47.15197956577267
23456,MEDIUM PARLOUR PICTURE FRAME ,Other,1847,634.1,94.42586699863888,B,1,1847,47.17752234993614
21643,ASSORTED TUTTI FRUTTI MIRROR,Other,1848,633.45,94.4346046854076,B,1,1848,47.20306513409962
35001G,HAND OPEN SHAPE GOLD,Other,1849,631.575,94.44331650878904,B,1,1849,47.22860791826309
20840,FRENCH FLORAL CUSHION COVER ,Textile,1850,631.4499999999999,94.45202660794465,B,1,1850,47.254150702426564
72816,SET/3 CHRISTMAS DECOUPAGE CANDLES,Christmas,1851,630.53,94.46072401679821,B,1,1851,47.27969348659004
84789,ENCHANTED BIRD PLANT CAGE,Other,1852,630.395,94.46941956348788,B,1,1852,47.30523627075351
85032B,BLOSSOM IMAGES GIFT WRAP SET,Stationery,1853,629.815,94.47810710976975,B,1,1853,47.33077905491699
21359,RELAX LARGE WOOD LETTERS,Other,1854,629.075,94.48678444863476,B,1,1854,47.356321839080465
23019,SMALL APOTHECARY MEASURING JAR ,Accessories,1855,629.05,94.4954614426546,B,1,1855,47.381864623243935
22806,SET OF 6 T-LIGHTS WEDDING CAKE ,Kitchen & Tableware,1856,627.315,94.50411450442007,B,1,1856,47.40740740740741
23492,VINTAGE JINGLE BELLS WREATH,Stationery,1857,627.2,94.51276597989776,B,1,1857,47.43295019157088
20996,JAZZ HEARTS ADDRESS BOOK,Home Decor,1858,625.145,94.52138910910297,B,1,1858,47.45849297573436
22067,CHOC TRUFFLE GOLD TRINKET POT ,Other,1859,624.82,94.53000775532104,B,1,1859,47.48403575989783
84665,SQUARE CHERRY BLOSSOM CABINET,Other,1860,624.75,94.53862543597266,B,1,1860,47.509578544061306
35810A,ENAMEL PINK COFFEE CONTAINER,Other,1861,623.9050000000001,94.54723146085773,B,1,1861,47.535121328224776
22258,FELT FARM ANIMAL RABBIT,Other,1862,622.3,94.55581534668326,B,1,1862,47.56066411238825
22599,CHRISTMAS MUSICAL ZINC STAR,Christmas,1863,622.185,94.56439764622104,B,1,1863,47.58620689655172
21163,DO NOT TOUCH MY STUFF DOOR HANGER ,Other,1864,621.66,94.57297270401035,B,1,1864,47.6117496807152
23425,STORAGE TIN HOME SWEET HOME,Home Decor,1865,621.44,94.58154472716225,B,1,1865,47.63729246487867
84659A,WHITE TRAVEL ALARM CLOCK,Other,1866,620.62,94.59010543939276,B,1,1866,47.662835249042146
21865,PINK UNION JACK  PASSPORT COVER ,Other,1867,618.9300000000001,94.59864284009015,B,1,1867,47.688378033205616
23428,IVORY RETRO KITCHEN WALL CLOCK,Home Decor,1868,618.6500000000001,94.60717637852173,B,1,1868,47.71392081736909
22520,CHILDS GARDEN TROWEL BLUE ,Toys & Kids,1869,618.275,94.61570474427585,B,1,1869,47.73946360153257
84086C,PINK/PURPLE RETRO RADIO,Other,1870,617.845,94.6242271786931,B,1,1870,47.76500638569604
85032C,CURIOUS IMAGES GIFT WRAP SET,Stationery,1871,616.165,94.63272643951537,B,1,1871,47.79054916985952
20668,DISCO BALL CHRISTMAS DECORATION,Christmas,1872,616.04,94.6412239761118,B,1,1872,47.81609195402299
22057,CERAMIC PLATE STRAWBERRY DESIGN,Home Decor,1873,616.005,94.649721029925,B,1,1873,47.841634738186464
23453,OVAL  MINI PORTRAIT FRAME,Other,1874,615.98,94.65821773889304,B,1,1874,47.867177522349934
21261,GREEN GOOSE FEATHER CHRISTMAS TREE ,Christmas,1875,615.2650000000001,94.66670458528938,B,1,1875,47.89272030651341
22062,CERAMIC BOWL WITH LOVE HEART DESIGN,Home Decor,1876,614.365,94.67517901725982,B,1,1876,47.91826309067688
23281,FOLDING BUTTERFLY MIRROR RED  ,Other,1877,614.1800000000001,94.68365089737604,B,1,1877,47.94380587484036
21422,PORCELAIN ROSE SMALL,Other,1878,613.78,94.69211725996963,B,1,1878,47.96934865900383
23121,PACK OF 6 COCKTAIL PARASOL STRAWS,Bags & Packaging,1879,612.72,94.70056900112826,B,1,1879,47.994891443167305
21613,S/12 VANILLA  BOTANICAL T-LIGHTS,Other,1880,612.205,94.70901363847652,B,1,1880,48.020434227330774
84637,KITCHEN FLOWER POTS WALL PLAQUE,Home Decor,1881,611.05,94.71744234397819,B,1,1881,48.04597701149425
22021,BLUE FELT EASTER EGG BASKET,Other,1882,610.45,94.72586277319593,B,1,1882,48.07151979565772
22608,PENS ASSORTED FUNKY JEWELED ,Other,1883,610.235,94.73428023674525,B,1,1883,48.0970625798212
18098C,PORCELAIN BUTTERFLY OIL BURNER,Other,1884,609.0250000000001,94.74268100978863,B,1,1884,48.122605363984675
84817,DANISH ROSE DECORATIVE PLATE,Kitchen & Tableware,1885,607.905,94.75106633376866,B,1,1885,48.148148148148145
20932,PINK POT PLANT CANDLE,Home Decor,1886,606.6650000000001,94.75943455342855,B,1,1886,48.17369093231162
21272,SALLE DE BAIN HOOK,Other,1887,606.63,94.7678022903052,B,1,1887,48.1992337164751
22359,GLASS JAR KINGS CHOICE,Other,1888,605.7700000000001,94.7761581645082,B,1,1888,48.22477650063857
84625A,PINK NEW BAROQUECANDLESTICK CANDLE,Home Decor,1889,605.48,94.7845100385073,B,1,1889,48.250319284802046
21636,MADRAS NOTEBOOK MEDIUM,Stationery,1890,605.035,94.79285577426249,B,1,1890,48.275862068965516
85078,SCANDINAVIAN 3 HEARTS NAPKIN RING,Home Decor,1891,605.03,94.80120144104865,B,1,1891,48.30140485312899
22116,METAL SIGN HIS DINNER IS SERVED,Home Decor,1892,605.015,94.80954690092769,B,1,1892,48.32694763729247
22480,RED TEA TOWEL CLASSIC DESIGN,Home Decor,1893,603.485,94.8178712562827,B,1,1893,48.35249042145594
20764,ABSTRACT CIRCLES SKETCHBOOK ,Other,1894,603.3100000000001,94.82619319772155,B,1,1894,48.37803320561942
20902,VINTAGE KEEPSAKE BOX PARIS DAYS,Stationery,1895,603.02,94.8345111389565,B,1,1895,48.40357598978289
22099,CARAVAN SQUARE TISSUE BOX,Bags & Packaging,1896,601.33,94.84280576865835,B,1,1896,48.429118773946364
21709,FOLDING UMBRELLA CHOCOLATE POLKADOT,Other,1897,601.19,94.8510984672273,B,1,1897,48.454661558109834
85049a,TRADITIONAL CHRISTMAS RIBBONS,Christmas,1898,601.16,94.85939075198205,B,1,1898,48.48020434227331
84763,ZINC FINISH 15CM PLANTER POTS,Other,1899,601.0,94.86768082972775,B,1,1899,48.50574712643678
23180,MUM'S KITCHEN CLOCK,Kitchen & Tableware,1900,599.5,94.87595021676358,B,1,1900,48.53128991060026
22268,DECORATION SITTING BUNNY,Home Decor,1901,599.48,94.8842193279233,B,1,1901,48.55683269476373
21143,ANTIQUE GLASS HEART DECORATION ,Home Decor,1902,599.005,94.8924818870249,B,1,1902,48.582375478927204
23222,CHRISTMAS TREE HANGING GOLD,Christmas,1903,598.99,94.90074423921939,B,1,1903,48.607918263090674
21208,PASTEL COLOUR HONEYCOMB FAN,Other,1904,598.515,94.90900003935576,B,1,1904,48.63346104725415
85163B,BLACK BAROQUE WALL CLOCK ,Home Decor,1905,597.64,94.9172437699114,B,1,1905,48.65900383141762
23508,MINI PLAYING CARDS DOLLY GIRL ,Stationery,1906,597.3,94.92548281057279,B,1,1906,48.6845466155811
23435,3 RAFFIA RIBBONS VINTAGE CHRISTMAS,Christmas,1907,596.9350000000001,94.93371681649478,B,1,1907,48.710089399744575
22269,EGG CUP NATURAL CHICKEN,Kitchen & Tableware,1908,595.945,94.9419371665483,B,1,1908,48.735632183908045
22233,JIGSAW RABBIT AND BIRDHOUSE,Other,1909,595.635,94.95015324052176,B,1,1909,48.76117496807152
21747,SMALL SKULL WINDMILL,Other,1910,595.09,94.95836179687065,B,1,1910,48.78671775223499
22515,CHILDS GARDEN SPADE PINK,Toys & Kids,1911,595.075,94.96657014631245,B,1,1911,48.81226053639847
22756,LARGE YELLOW BABUSHKA NOTEBOOK ,Stationery,1912,594.1949999999999,94.97476635720446,B,1,1912,48.83780332056194
35971,ROSE FOLKART HEART DECORATIONS,Home Decor,1913,592.74,94.98294249810793,B,1,1913,48.863346104725416
21448,12 DAISY PEGS IN WOOD BOX,Bags & Packaging,1914,592.62,94.99111698375461,B,1,1914,48.888888888888886
22288,HANGING METAL RABBIT DECORATION,Home Decor,1915,592.575,94.99929084867999,B,1,1915,48.91443167305236
21187,WHITE BELL HONEYCOMB PAPER GARLAND ,Stationery,1916,591.9,95.00745540278595,C,1,1916,48.93997445721583
21446,12 RED ROSE PEG PLACE SETTINGS,Other,1917,591.545,95.01561506009055,C,1,1917,48.96551724137931
21054,NURSE'S BAG SOFT TOY,Bags & Packaging,1918,591.5,95.02377409667388,C,1,1918,48.99106002554278
21581,SKULLS  DESIGN  COTTON TOTE BAG,Home Decor,1919,590.67,95.03192168439774,C,1,1919,49.01660280970626
21253,SET OF PICTURE FRAME  STICKERS,Stationery,1920,590.4200000000001,95.04006582366998,C,1,1920,49.042145593869726
22025,RING OF ROSES BIRTHDAY CARD,Stationery,1921,590.14,95.04820610067637,C,1,1921,49.0676883780332
37475,SET/4 COLOURFUL MIXING BOWLS,Kitchen & Tableware,1922,589.5799999999999,95.05633865315109,C,1,1922,49.09323116219668
22247,BUNNY DECORATION MAGIC GARDEN,Home Decor,1923,588.92,95.06446210171346,C,1,1923,49.11877394636016
22093,MOTORING TISSUE BOX,Bags & Packaging,1924,588.73,95.07258292945261,C,1,1924,49.14431673052363
22403,MAGNETS PACK OF 4 VINTAGE LABELS ,Stationery,1925,587.67,95.08068913575678,C,1,1925,49.169859514687104
85141,JARDIN ETCHED GLASS FRUITBOWL,Kitchen & Tableware,1926,586.34,95.08877699629824,C,1,1926,49.195402298850574
21576,LETS GO SHOPPING COTTON TOTE BAG,Bags & Packaging,1927,585.34,95.0968510630331,C,1,1927,49.22094508301405
16225,RATTLE SNAKE EGGS,Other,1928,584.215,95.1049096117356,C,1,1928,49.24648786717752
22618,COOKING SET RETROSPOT,Other,1929,583.05,95.11295209065345,C,1,1929,49.272030651341
21417,COCKLE SHELL DISH,Other,1930,582.805,95.12099119008867,C,1,1930,49.297573435504475
23022,SMALL BONNE JAM JAR  T-LIGHT HOLDER,Other,1931,582.62,95.1290277376697,C,1,1931,49.323116219667945
22232,JIGSAW TOADSTOOLS 3 PIECE,Other,1932,582.5849999999999,95.1370638024675,C,1,1932,49.34865900383142
23377,PACK OF 12 DOLLY GIRL TISSUES,Bags & Packaging,1933,581.92,95.14509069438391,C,1,1933,49.37420178799489
22136,LOVE HEART SOCK HANGER,Home Decor,1934,581.405,95.15311048248996,C,1,1934,49.39974457215837
22703,PINK CAT BOWL,Kitchen & Tableware,1935,579.73,95.16110716597002,C,1,1935,49.42528735632184
22264,FELT FARM ANIMAL WHITE BUNNY ,Other,1936,577.29,95.16907019256206,C,1,1936,49.450830140485316
22559,SEASIDE FLYING DISC,Other,1937,573.74,95.17698425114078,C,1,1937,49.476372924648786
85071B,RED CHARLIE+LOLA PERSONAL DOORSIGN,Home Decor,1938,573.74,95.18489830971951,C,1,1938,49.50191570881226
20702,PINK PADDED MOBILE,Other,1939,573.54,95.19280960953692,C,1,1939,49.52745849297573
84800L,LARGE WHITE/PINK ROSE ART FLOWER,Other,1940,573.45,95.20071966791174,C,1,1940,49.55300127713921
20866,BLUE ROSE FABRIC MIRROR,Textile,1941,573.335,95.20862813999881,C,1,1941,49.57854406130268
22525,CHILDRENS GARDEN GLOVES PINK,Toys & Kids,1942,573.18,95.21653447404584,C,1,1942,49.604086845466156
22715,CARD WEDDING DAY,Stationery,1943,572.74,95.224434738818,C,1,1943,49.629629629629626
21468,BUTTERFLY CROCHET FOOD COVER,Other,1944,572.23,95.23232796874883,C,1,1944,49.6551724137931
85136A,YELLOW SHARK HELICOPTER,Other,1945,572.13,95.24021981929897,C,1,1945,49.68071519795657
21630,FLOOR CUSHION ELEPHANT CARNIVAL,Textile,1946,572.05,95.24811056634461,C,1,1946,49.70625798212005
21264,WHITE GOOSE FEATHER TREE 60CM ,Other,1947,571.65,95.2559957958676,C,1,1947,49.73180076628353
85170C,SET/6 EAU DE NIL BIRD T-LIGHTS,Other,1948,571.555,95.26387971497898,C,1,1948,49.757343550447
84748,FOLK FELT HANGING MULTICOL GARLAND,Home Decor,1949,570.86,95.27175404739481,C,1,1949,49.782886334610474
20772,GARDEN PATH JOURNAL,Other,1950,569.74,95.27961293074728,C,1,1950,49.808429118773944
22825,DECORATIVE PLANT POT WITH FRIEZE,Other,1951,569.35,95.28746643451517,C,1,1951,49.83397190293742
21251,DINOSAUR HEIGHT CHART STICKER SET,Stationery,1952,568.98,95.29531483457465,C,1,1952,49.85951468710089
21640,ASSORTED TUTTI FRUTTI  FOB NOTEBOOK,Stationery,1953,568.655,95.30315875164699,C,1,1953,49.88505747126437
23017,APOTHECARY MEASURING JAR,Accessories,1954,566.15,95.31096811523389,C,1,1954,49.91060025542784
21642,ASSORTED TUTTI FRUTTI PEN,Other,1955,563.55,95.31874161492371,C,1,1955,49.936143039591315
21675,BUTTERFLIES STICKERS,Stationery,1956,562.86,95.32650559688702,C,1,1956,49.961685823754785
23027,DRAWER KNOB VINTAGE GLASS HEXAGON,Stationery,1957,562.4300000000001,95.33426364751348,C,1,1957,49.98722860791826
23272,TREE T-LIGHT HOLDER WILLIE WINKIE,Other,1958,562.22,95.34201880144056,C,1,1958,50.01277139208173
21629,SQUARE FLOOR CUSHION VINTAGE RED,Stationery,1959,561.95,95.34977023103988,C,1,1959,50.038314176245215
23565,EGG CUP MILKMAID HELGA ,Kitchen & Tableware,1960,561.935,95.3575214537321,C,1,1960,50.06385696040868
21219,SET/4 BADGES BALLOON GIRL,Other,1961,561.84,95.3652713660127,C,1,1961,50.08939974457216
23512,EMBROIDERED RIBBON REEL ROSIE,Other,1962,561.75,95.3730200368507,C,1,1962,50.114942528735625
22260,FELT EGG COSY BLUE RABBIT ,Other,1963,560.865,95.38075650016991,C,1,1963,50.14048531289911
84569D,PACK 6 HEART/ICE-CREAM PATCHES,Home Decor,1964,560.62,95.38848958400649,C,1,1964,50.16602809706258
84912A,PINK ROSE WASHBAG,Bags & Packaging,1965,560.62,95.39622266784309,C,1,1965,50.191570881226056
22642,SET OF 4 NAPKIN CHARMS STARS   ,Accessories,1966,559.995,95.40394713055058,C,1,1966,50.217113665389526
22981,PANTRY APPLE CORER,Other,1967,559.755,95.41166828274447,C,1,1967,50.242656449553
23219,LAUREL STAR ANTIQUE SILVER ,Other,1968,559.225,95.4193821242209,C,1,1968,50.26819923371647
71279,PINK GLASS CANDLEHOLDER,Home Decor,1969,558.37,95.42708417199273,C,1,1969,50.29374201787995
22267,EASTER DECORATION EGG BUNNY ,Home Decor,1970,558.33,95.43478566801228,C,1,1970,50.31928480204342
84754,S/15 SILVER GLASS BAUBLES IN BAG,Bags & Packaging,1971,556.98,95.44246854239297,C,1,1971,50.3448275862069
22194,BLACK DINER WALL CLOCK,Home Decor,1972,556.9,95.45015031326915,C,1,1972,50.37037037037037
22255,FELT TOADSTOOL  SMALL,Other,1973,556.73,95.4578297391982,C,1,1973,50.395913154533844
79030G,TUMBLER NEW ENGLAND,Other,1974,556.64,95.46550792368465,C,1,1974,50.421455938697314
72598,SET/12 TAPER CANDLES,Home Decor,1975,556.3149999999999,95.47318162518398,C,1,1975,50.44699872286079
23451,SQUARE MINI PORTRAIT FRAME,Other,1976,556.17,95.48085332658135,C,1,1976,50.472541507024275
23123,COCKTAIL SWORDS 50 PIECES,Other,1977,555.965,95.48852220024838,C,1,1977,50.49808429118774
22702,BLACK AND WHITE CAT BOWL,Kitchen & Tableware,1978,555.625,95.49618638402117,C,1,1978,50.52362707535122
23016,GLASS TWIST BON BON JAR,Other,1979,553.23,95.50381753162725,C,1,1979,50.549169859514684
23537,WALL ART I LOVE LONDON ,Home Decor,1980,553.05,95.51144619634813,C,1,1980,50.57471264367817
21015,DARK BIRD HOUSE TREE DECORATION,Home Decor,1981,553.01,95.51907430931676,C,1,1981,50.60025542784163
84951A,SET OF 4 PISTACHIO LOVEBIRD COASTER,Other,1982,553.01,95.5267024222854,C,1,1982,50.625798212005115
23499,SET 12 VINTAGE DOILY CHALK ,Stationery,1983,552.83,95.53432805236883,C,1,1983,50.65134099616858
23521,WALL ART CAT AND BIRD ,Home Decor,1984,552.755,95.54195264791679,C,1,1984,50.67688378033206
21426,WOODLAND STORAGE BOX SMALL,Bags & Packaging,1985,552.4300000000001,95.5495727604776,C,1,1985,50.702426564495525
21488,RED WHITE SCARF  HOT WATER BOTTLE,Other,1986,552.2149999999999,95.55718990737002,C,1,1986,50.72796934865901
23069,EDWARDIAN PHOTO FRAME,Other,1987,552.2,95.56480684735533,C,1,1987,50.75351213282248
22035,VINTAGE CARAVAN GREETING CARD ,Stationery,1988,551.53,95.57241454549023,C,1,1988,50.779054916985956
47563A,RETRO LONGBOARD IRONING BOARD COVER,Other,1989,551.51,95.580021967749,C,1,1989,50.804597701149426
85036B,CHOCOLATE 1 WICK MORRIS BOX CANDLE,Home Decor,1990,550.68,95.58761794114832,C,1,1990,50.8301404853129
47310M,SMALL POP BOX FUNKY MONKEY,Bags & Packaging,1991,549.975,95.59520418991403,C,1,1991,50.85568326947637
85071A,BLUE CHARLIE+LOLA PERSONAL DOORSIGN,Home Decor,1992,549.975,95.60279043867973,C,1,1992,50.88122605363985
21014,SWISS CHALET TREE DECORATION ,Home Decor,1993,549.425,95.61036910085181,C,1,1993,50.90676883780332
85199L,LARGE HANGING IVORY & RED WOOD BIRD,Home Decor,1994,549.355,95.61794679745745,C,1,1994,50.9323116219668
22242,5 HOOK HANGER MAGIC TOADSTOOL,Other,1995,549.1800000000001,95.62552208014694,C,1,1995,50.95785440613027
21849,SILVER DIAMANTE PEN IN GIFT BOX,Bags & Packaging,1996,548.9300000000001,95.63309391438477,C,1,1996,50.98339719029374
23484,HEART TRELLIS TRIPLE T-LIGHT HOLDER,Home Decor,1997,547.35,95.64064395440822,C,1,1997,51.00893997445721
17012D,ORIGAMI ROSE INCENSE/CANDLE SET ,Home Decor,1998,547.24,95.64819247711299,C,1,1998,51.03448275862069
23124,18PC WOODEN CUTLERY SET DISPOSABLE,Other,1999,545.87,95.65572210230273,C,1,1999,51.06002554278416
85180B,PINK HEARTS LIGHT CHAIN ,Home Decor,2000,545.595,95.66324793419567,C,1,2000,51.08556832694764
23457,LARGE PARLOUR PICTURE FRAME,Other,2001,545.2,95.67076831753502,C,1,2001,51.11111111111111
23471,SIX DRAWER OFFICE TIDY,Other,2002,544.4499999999999,95.67827835551945,C,1,2002,51.136653895274584
21399,BLUE POLKADOT COFFEE MUG,Kitchen & Tableware,2003,542.595,95.68576280599271,C,1,2003,51.162196679438054
40001,WHITE BAMBOO RIBS LAMPSHADE,Other,2004,540.56,95.69321918606958,C,1,2004,51.18773946360153
35965,FOLKART HEART NAPKIN RINGS,Home Decor,2005,540.405,95.70067342810647,C,1,2005,51.213282247765
85019A,ROMANTIC IMAGES NOTEBOOK SET,Stationery,2006,539.955,95.70812146293038,C,1,2006,51.23882503192848
22513,DOORSTOP FOOTBALL DESIGN,Home Decor,2007,539.9,95.71556873909495,C,1,2007,51.26436781609195
23549,WRAP BIRD GARDEN ,Stationery,2008,539.07,95.72300456640006,C,1,2008,51.289910600255425
17012B,ORIGAMI JASMINE INCENSE/CANDLE SET,Home Decor,2009,538.475,95.73043218639026,C,1,2009,51.315453384418895
84596L,BISCUITS SMALL BOWL LIGHT BLUE,Kitchen & Tableware,2010,538.45,95.7378594615353,C,1,2010,51.34099616858238
22261,FELT EGG COSY WHITE RABBIT ,Other,2011,538.3349999999999,95.74528515039258,C,1,2011,51.36653895274584
23568,EGG CUP HENRIETTA HEN CREAM ,Kitchen & Tableware,2012,537.905,95.75270490791303,C,1,2012,51.392081736909326
47574A,ENGLISH ROSE SCENTED HANGING FLOWER,Home Decor,2013,536.2,95.7601011469933,C,1,2013,51.4176245210728
22023,EMPIRE BIRTHDAY CARD,Stationery,2014,535.57,95.76748869597544,C,1,2014,51.44316730523627
21294,ETCHED GLASS COASTER,Other,2015,535.135,95.77487024465171,C,1,2015,51.46871008939975
84707A,SILVER JEWELLED MIRROR TRINKET TRAY,Other,2016,535.13,95.78225172435894,C,1,2016,51.49425287356322
22496,SET OF 2 ROUND TINS DUTCH CHEESE,Other,2017,535.11,95.78963292819006,C,1,2017,51.5197956577267
23660,HENRIETTA HEN MUG ,Kitchen & Tableware,2018,534.66,95.79700792480821,C,1,2018,51.545338441890166
85114c,RED ENCHANTED FOREST PLACEMAT,Other,2019,534.66,95.80438292142638,C,1,2019,51.57088122605364
21194,PINK  HONEYCOMB PAPER FAN,Stationery,2020,533.545,95.81174253795022,C,1,2020,51.59642401021711
72803A,ROSE SCENT CANDLE JEWELLED DRAWER,Home Decor,2021,532.7,95.81909049870751,C,1,2021,51.62196679438059
21628,TRIANGULAR POUFFE VINTAGE ,Stationery,2022,532.3499999999999,95.8264336316325,C,1,2022,51.64750957854406
21627,ELEPHANT CARNIVAL POUFFE,Other,2023,532.3499999999999,95.83377676455747,C,1,2023,51.67305236270754
23455,SMALL PARLOUR PICTURE FRAME,Other,2024,532.08,95.84111617315469,C,1,2024,51.69859514687101
17012F,ORIGAMI SANDLEWOOD INCENSE/CAND SET,Other,2025,530.6,95.8484351669182,C,1,2025,51.724137931034484
23544,WALL ART MID CENTURY MODERN ,Home Decor,2026,530.14,95.85574781553066,C,1,2026,51.749680715197954
82613D,METAL SIGN CUPCAKE SINGLE HOOK,Home Decor,2027,529.41,95.86305039466436,C,1,2027,51.77522349936143
21059,PARTY INVITES DINOSAURS,Other,2028,528.23,95.8703366971063,C,1,2028,51.8007662835249
23060,HEART BEADED TRELLIS DECORATION,Home Decor,2029,528.1700000000001,95.87762217191984,C,1,2029,51.82630906768838
85017B,ENVELOPE 50 BLOSSOM IMAGES,Other,2030,527.45,95.88489771519266,C,1,2030,51.85185185185185
85032D,YULETIDE IMAGES GIFT WRAP SET,Stationery,2031,526.24,95.89215656795955,C,1,2031,51.877394636015325
10002,INFLATABLE POLITICAL GLOBE ,Other,2032,526.14,95.89941404134576,C,1,2032,51.902937420178795
23224,CHERUB HEART DECORATION GOLD,Home Decor,2033,526.04,95.90667013535132,C,1,2033,51.92848020434228
22521,CHILDS GARDEN TROWEL PINK,Toys & Kids,2034,525.51,95.91391891863941,C,1,2034,51.95402298850574
85135B,BLUE DRAGONFLY HELICOPTER,Other,2035,524.25,95.92115032173122,C,1,2035,51.979565772669226
84660C,PINK STITCHED WALL CLOCK,Home Decor,2036,524.23,95.9283814489469,C,1,2036,52.00510855683269
22830,UTILTY CABINET WITH HOOKS,Other,2037,523.9,95.93560802420642,C,1,2037,52.03065134099617
22396,MAGNETS PACK OF 4 RETRO PHOTO,Bags & Packaging,2038,522.8199999999999,95.94281970215485,C,1,2038,52.056194125159635
22248,DECORATION  PINK CHICK MAGIC GARDEN,Home Decor,2039,522.5699999999999,95.95002793165163,C,1,2039,52.08173690932312
79191C,RETRO PLASTIC ELEPHANT TRAY,Other,2040,521.47,95.9572209879612,C,1,2040,52.10727969348659
84660B,BLACK STITCHED WALL CLOCK,Home Decor,2041,521.25,95.96441100963331,C,1,2041,52.132822477650066
84625C,BLUE NEW BAROQUE CANDLESTICK CANDLE,Home Decor,2042,520.685,95.97159323780471,C,1,2042,52.158365261813536
22717,CARD DOG AND BALL ,Stationery,2043,520.12,95.97876767247541,C,1,2043,52.18390804597701
85130D,BEADED CRYSTAL HEART PINK LARGE,Home Decor,2044,519.52,95.98593383086215,C,1,2044,52.20945083014048
23043,PAPER LANTERN 9 POINT HOLLY STAR L,Stationery,2045,519.45,95.99309902368246,C,1,2045,52.23499361430396
23336,EGG FRYING PAN PINK ,Other,2046,519.25,96.00026145774144,C,1,2046,52.26053639846743
35599D,PINK AND WHITE CHRISTMAS TREE 120CM,Christmas,2047,519.145,96.00742244345074,C,1,2047,52.28607918263091
84660A,WHITE STITCHED WALL CLOCK,Home Decor,2048,518.135,96.0145694974154,C,1,2048,52.311621966794384
22903,CALENDAR FAMILY FAVOURITES,Other,2049,516.6750000000001,96.02169641242247,C,1,2049,52.337164750957854
22540,MINI JIGSAW CIRCUS PARADE ,Other,2050,515.885,96.02881243032236,C,1,2050,52.36270753512133
84951B,SET OF 4 BLACK LOVEBIRD COASTERS,Other,2051,515.405,96.0359218271951,C,1,2051,52.3882503192848
22272,FELTCRAFT DOLL MARIA,Toys & Kids,2052,515.195,96.04302832736848,C,1,2052,52.41379310344828
35241,ENAMEL BLUE RIM BISCUIT BIN,Other,2053,514.97,96.05013172393537,C,1,2053,52.43933588761175
20733,GOLD MINI TAPE MEASURE ,Other,2054,513.92,96.05722063700534,C,1,2054,52.464878671775224
23532,WALL ART WORK REST AND PLAY  ,Home Decor,2055,512.495,96.06428989390099,C,1,2055,52.490421455938694
23074,EMBOSSED HEART TRINKET BOX,Home Decor,2056,512.365,96.07135735760177,C,1,2056,52.51596424010218
23136,IVORY WIRE SWEETHEART LETTER TRAY,Home Decor,2057,511.89,96.07841826924444,C,1,2057,52.54150702426564
85144,JARDIN ETCHED GLASS CHEESE DISH,Other,2058,511.525,96.0854741461477,C,1,2058,52.567049808429125
21650,ASSORTED TUTTI FRUTTI BRACELET,Accessories,2059,511.295,96.09252685047547,C,1,2059,52.59259259259259
72819,CUPID DESIGN SCENTED CANDLES,Home Decor,2060,509.07,96.09954886358364,C,1,2060,52.61813537675607
23510,MINI PLAYING CARDS GYMKHANA,Stationery,2061,508.94,96.10656908349694,C,1,2061,52.643678160919535
85131B,BEADED CRYSTAL HEART GREEN ON STICK,Home Decor,2062,508.65999999999997,96.1135854411444,C,1,2062,52.66922094508302
85107,CUT GLASS T-LIGHT HOLDER OCTAGON,Stationery,2063,508.435,96.12059869518536,C,1,2063,52.69476372924649
84796A,PINK HAWAIIAN PICNIC HAMPER FOR 2,Other,2064,507.92999999999995,96.12760498335403,C,1,2064,52.720306513409966
22655,VINTAGE RED KITCHEN CABINET,Kitchen & Tableware,2065,506.99999999999994,96.1345984432826,C,1,2065,52.745849297573436
20681,PINK POLKADOT CHILDRENS UMBRELLA,Toys & Kids,2066,506.96,96.14159135145889,C,1,2066,52.77139208173691
21638,ASSORTED TUTTI FRUTTI NOTEBOOK,Stationery,2067,506.81,96.1485821905642,C,1,2067,52.79693486590038
22319,HAIRCLIPS FORTIES FABRIC ASSORTED,Textile,2068,506.68,96.15557123647466,C,1,2068,52.82247765006386
23519,EMBROIDERED RIBBON REEL CLAIRE,Other,2069,506.08,96.16255200610118,C,1,2069,52.84802043422733
20761,BLUE PAISLEY SKETCHBOOK,Other,2070,505.97,96.16953125840897,C,1,2070,52.87356321839081
20998,ROSE DU SUD OVEN GLOVE,Other,2071,505.20000000000005,96.17649988948573,C,1,2071,52.89910600255428
22535,MAGIC DRAWING SLATE BUNNIES ,Other,2072,504.555,96.18345962355723,C,1,2072,52.92464878671775
21067,VINTAGE RED TEATIME MUG,Kitchen & Tableware,2073,504.15,96.19041377113709,C,1,2073,52.95019157088122
21925,UNION STRIPE CUSHION COVER ,Textile,2074,503.75,96.19736240119431,C,1,2074,52.9757343550447
23024,LARGE BONNE JAM JAR  T-LIGHT HOLDER,Other,2075,503.51,96.20430772073794,C,1,2075,53.00127713920817
46775D,SUNSET COLOUR CHUNKY KNITTED THROW,Other,2076,502.2,96.211234970395,C,1,2076,53.02681992337165
23398,HANGING HEART BONHEUR,Home Decor,2077,502.2,96.21816222005205,C,1,2077,53.05236270753512
22216,T-LIGHT HOLDER WHITE LACE,Other,2078,502.01,96.22508684888585,C,1,2078,53.077905491698594
82616C,MIDNIGHT GLAMOUR SCARF KNITTING KIT,Other,2079,501.44,96.23200361524992,C,1,2079,53.103448275862064
23216,LAUREL HEART ANTIQUE GOLD,Home Decor,2080,501.235,96.23891755388362,C,1,2080,53.12899106002554
22707,WRAP MONSTER FUN ,Stationery,2081,500.85,96.24582618190182,C,1,2081,53.15453384418901
23021,GLASS BONNE JAM JAR,Other,2082,500.82000000000005,96.25273439610581,C,1,2082,53.18007662835249
22280,POCKET BAG PINK PAISELY BROWN SPOT,Bags & Packaging,2083,500.045,96.2596319201097,C,1,2083,53.20561941251596
85187,S/12 MINI RABBIT EASTER,Other,2084,499.98,96.26652854751619,C,1,2084,53.231162196679435
84509C,SET OF 4 POLKADOT PLACEMATS ,Other,2085,498.94,96.27341082936384,C,1,2085,53.25670498084292
23045,PAPER LANTERN 5 POINT STAR MOON ,Stationery,2086,497.98,96.28027986915718,C,1,2086,53.28224776500639
21926,RED/CREAM STRIPE CUSHION COVER ,Textile,2087,497.71,96.28714518462276,C,1,2087,53.307790549169866
21710,FOLDING UMBRELLA PINKWHITE POLKADOT,Other,2088,497.03000000000003,96.29400112029987,C,1,2088,53.333333333333336
84970s,HANGING HEART ZINC T-LIGHT HOLDER,Home Decor,2089,496.49,96.30084960732142,C,1,2089,53.35887611749681
21159,MOODY BOY  DOOR HANGER ,Other,2090,496.48999999999995,96.307698094343,C,1,2090,53.38441890166028
21694,SMALL REGAL  SILVER CANDLEPOT ,Home Decor,2091,496.08000000000004,96.31454092590387,C,1,2091,53.40996168582376
20766,GARDEN PATH SKETCHBOOK,Other,2092,493.57,96.32134913501027,C,1,2092,53.43550446998723
23482,PEARLISED IVORY HEART LARGE ,Home Decor,2093,493.545,96.32815699927149,C,1,2093,53.46104725415071
21358,TOAST ITS - HAPPY BIRTHDAY,Other,2094,493.29,96.33496134611204,C,1,2094,53.486590038314176
46776C,WOVEN FROST CUSHION COVER,Textile,2095,492.79,96.34175879604932,C,1,2095,53.51213282247765
22389,PAPERWEIGHT SAVE THE PLANET,Stationery,2096,491.4,96.34853707259546,C,1,2096,53.53767560664112
82613B,"METAL SIGN,CUPCAKE SINGLE HOOK",Home Decor,2097,490.58,96.35530403822023,C,1,2097,53.5632183908046
22826,LOVE SEAT ANTIQUE WHITE METAL,Other,2098,490.09999999999997,96.36206438281782,C,1,2098,53.58876117496807
23472, NINE DRAWER OFFICE TIDY,Other,2099,490.09999999999997,96.36882472741543,C,1,2099,53.61430395913155
21398,RED POLKADOT COFFEE  MUG,Kitchen & Tableware,2100,489.75,96.37558024418074,C,1,2100,53.63984674329502
23597,PAPER BUNTING PAISLEY PARK,Stationery,2101,489.095,96.38232672600276,C,1,2101,53.665389527458494
21972,SET OF 36 DINOSAUR PAPER DOILIES,Stationery,2102,488.205,96.38906093133693,C,1,2102,53.690932311621964
35809A,ENAMEL PINK TEA CONTAINER,Kitchen & Tableware,2103,488.06,96.39579313656913,C,1,2103,53.71647509578544
85088,CANDY SPOT HAND BAG,Bags & Packaging,2104,486.125,96.40249865078565,C,1,2104,53.74201787994891
22861,EASTER TIN CHICKS IN GARDEN,Other,2105,485.805,96.40919975098406,C,1,2105,53.76756066411239
23117,POPPY FIELDS CHOPPING BOARD,Other,2106,484.85,96.41588767809719,C,1,2106,53.79310344827586
84313B,BLUE TV TRAY TABLE ,Other,2107,484.49,96.42257063943997,C,1,2107,53.818646232439335
20832,RED FLOCK LOVE HEART PHOTO FRAME,Home Decor,2108,482.84999999999997,96.42923097893997,C,1,2108,53.844189016602805
20748,KENSINGTON COFFEE SET,Other,2109,481.65,96.43587476587211,C,1,2109,53.86973180076629
21784,SHOE SHINE BOX ,Bags & Packaging,2110,481.65,96.44251855280426,C,1,2110,53.89527458492975
22516,CHILDS GARDEN RAKE BLUE,Toys & Kids,2111,481.015,96.44915358066922,C,1,2111,53.920817369093236
22511,RETROSPOT BABUSHKA DOORSTOP,Other,2112,480.825,96.45578598771093,C,1,2112,53.9463601532567
21455,PAINTED YELLOW WOODEN DAISY,Other,2113,480.305,96.46241122197323,C,1,2113,53.97190293742018
21867,PINK UNION JACK  LUGGAGE TAG,Stationery,2114,480.25,96.46903569757617,C,1,2114,53.997445721583645
21741,COSY SLIPPER SHOES LARGE GREEN,Other,2115,480.1700000000001,96.47565906967459,C,1,2115,54.02298850574713
84849B,FAIRY SOAP SOAP HOLDER,Other,2116,478.83,96.48226395807221,C,1,2116,54.04853128991059
82616B,FRAPPUCINO SCARF KNITTING KIT,Other,2117,478.365,96.48886243234978,C,1,2117,54.074074074074076
23422,PANTRY HOOK BALLOON WHISK ,Other,2118,477.89,96.49545435456922,C,1,2118,54.09961685823754
85049F,BABY BOOM RIBBONS ,Toys & Kids,2119,477.34,96.50203869019506,C,1,2119,54.12515964240102
21472,LADYBIRD + BEE RAFFIA FOOD COVER,Other,2120,476.41,96.5086101975808,C,1,2120,54.1507024265645
21632,VINTAGE PINK DECORATIVE PARASOL,Stationery,2121,472.32000000000005,96.51512528829768,C,1,2121,54.17624521072797
23327,HANGING CLEAR MINI BOTTLE,Home Decor,2122,471.87,96.52163417180161,C,1,2122,54.20178799489145
23120,PACK OF 6 SMALL FRUIT STRAWS,Bags & Packaging,2123,470.98,96.52813077881768,C,1,2123,54.22733077905492
22184,CAKE STAND VICTORIAN FILIGREE LARGE,Kitchen & Tableware,2124,470.79999999999995,96.53462490294858,C,1,2124,54.252873563218394
21366,MIRRORED WALL ART PHOTO FRAMES,Home Decor,2125,470.01,96.5411081299723,C,1,2125,54.278416347381864
84687,BEACH HUT SHELF W 3 DRAWERS,Other,2126,469.45,96.54758363246434,C,1,2126,54.30395913154534
79160,HEART SHAPE WIRELESS DOORBELL,Home Decor,2127,468.815,96.5540503758892,C,1,2127,54.32950191570881
21454,PAINTED PINK RABBIT ,Other,2128,468.585,96.56051394673858,C,1,2128,54.35504469987229
20707,CRAZY DAISY HEART DECORATION,Home Decor,2129,468.39,96.56697482779565,C,1,2129,54.38058748403576
21711,FOLDING UMBRELLA WHITE/RED POLKADOT,Other,2130,468.135,96.57343219143205,C,1,2130,54.406130268199234
21289,LARGE STRIPES CHOCOLATE GIFT BAG,Bags & Packaging,2131,468.125,96.57988941713039,C,1,2131,54.431673052362704
20615,BLUE POLKADOT PASSPORT COVER,Other,2132,466.99,96.58633098685829,C,1,2132,54.45721583652619
84674,FLYING PIG WATERING CAN,Accessories,2133,466.95000000000005,96.5927720048339,C,1,2133,54.48275862068965
35599B,BLACK CHRISTMAS TREE 120CM,Christmas,2134,466.105,96.59920136704298,C,1,2134,54.508301404853135
21801,CHRISTMAS TREE DECORATION WITH BELL,Christmas,2135,465.455,96.60562176327781,C,1,2135,54.5338441890166
23507,MINI PLAYING CARDS BUFFALO BILL ,Stationery,2136,465.34000000000003,96.61204057322486,C,1,2136,54.55938697318008
22824,3 TIER SWEETHEART GARDEN SHELF,Home Decor,2137,464.74999999999994,96.61845124482603,C,1,2137,54.584929757343545
72818,CHRISTMAS DECOUPAGE CANDLE,Christmas,2138,463.24,96.62484108777932,C,1,2138,54.61047254150703
84917,WHITE HAND TOWEL WITH BUTTERFLY,Textile,2139,463.12,96.63122927547579,C,1,2139,54.63601532567049
20838,FRENCH LATTICE CUSHION COVER ,Textile,2140,461.45,96.63759442751531,C,1,2140,54.661558109833976
17129F,BLUE GLASS GEMS IN BAG,Bags & Packaging,2141,460.71,96.64394937213797,C,1,2141,54.68710089399744
21003,ROSE DU SUD CUSHION COVER,Textile,2142,460.58,96.65030252356577,C,1,2142,54.71264367816092
21063,PARTY INVITES JAZZ HEARTS,Home Decor,2143,458.31,96.65662436305267,C,1,2143,54.73818646232439
21128,GOLD FISHING GNOME,Other,2144,457.59999999999997,96.6629364089369,C,1,2144,54.76372924648787
23520,EMBROIDERED RIBBON REEL RUBY ,Other,2145,457.435,96.66924617884305,C,1,2145,54.78927203065134
22803,IVORY EMBROIDERED QUILT ,Other,2146,456.29999999999995,96.67554029277875,C,1,2146,54.81481481481482
21850,BLUE  DIAMANTE PEN IN GIFT BOX,Bags & Packaging,2147,456.255,96.68183378599316,C,1,2147,54.84035759897829
21851,LILAC DIAMANTE PEN IN GIFT BOX,Bags & Packaging,2148,454.99,96.68810983004227,C,1,2148,54.86590038314176
20735,BLACK MINI TAPE MEASURE ,Other,2149,454.385,96.6943775288384,C,1,2149,54.89144316730523
85231G,ORANGE SCENTED SET/9 T-LIGHTS,Other,2150,451.59,96.70060667394517,C,1,2150,54.91698595146871
23548,WRAP MAGIC FOREST ,Stationery,2151,451.5,96.70683457760938,C,1,2151,54.94252873563218
21062,PARTY INVITES SPACEMAN,Other,2152,451.005,96.71305565333932,C,1,2152,54.96807151979566
22820,GIFT BAG BIRTHDAY,Bags & Packaging,2153,450.125,96.71926459051949,C,1,2153,54.99361430395913
23466,TUSCAN VILLA DOVECOTE BIRD FEEDER,Other,2154,448.95,96.72545731997694,C,1,2154,55.019157088122604
85163A,WHITE BAROQUE WALL CLOCK ,Home Decor,2155,448.09999999999997,96.73163832469879,C,1,2155,55.044699872286074
20669,RED HEART LUGGAGE TAG,Home Decor,2156,447.34,96.73780884612768,C,1,2156,55.07024265644955
85212,MINI PAINTED GARDEN DECORATION ,Home Decor,2157,446.405,96.74396647034742,C,1,2157,55.095785440613035
84920,PINK FLOWER FABRIC PONY,Textile,2158,446.23,96.75012168065102,C,1,2158,55.1213282247765
21415,CLAM SHELL SMALL ,Other,2159,446.02000000000004,96.75627399425524,C,1,2159,55.14687100893998
22105,MIRROR MOSAIC GOBLET CANDLE HOLDER,Home Decor,2160,445.97,96.76242561816912,C,1,2160,55.172413793103445
22638,SET OF 4 NAPKIN CHARMS CROWNS ,Accessories,2161,445.965,96.76857717311397,C,1,2161,55.19795657726693
21220,SET/4 BADGES DOGS,Other,2162,445.01,96.77471555497354,C,1,2162,55.22349936143039
21656,RIDGED GLASS POSY VASE ,Other,2163,444.58,96.78084800549631,C,1,2163,55.249042145593876
21171,BATHROOM METAL SIGN ,Home Decor,2164,444.39,96.78697783519581,C,1,2164,55.27458492975734
21580,RABBIT  DESIGN  COTTON TOTE BAG,Home Decor,2165,444.07,96.79310325087724,C,1,2165,55.30012771392082
22640,SET OF 4 NAPKIN CHARMS 3 KEYS ,Accessories,2166,441.09999999999997,96.79918769895315,C,1,2166,55.32567049808429
22097,SWALLOW SQUARE TISSUE BOX,Home Decor,2167,441.06,96.80527159527679,C,1,2167,55.35121328224777
85064,CREAM SWEETHEART LETTER RACK,Home Decor,2168,440.33,96.81134542212165,C,1,2168,55.37675606641124
22420,LIPSTICK PEN BABY PINK,Toys & Kids,2169,439.345,96.81740566206705,C,1,2169,55.40229885057472
84520B,PACK 20 ENGLISH ROSE PAPER NAPKINS,Stationery,2170,438.395,96.8234527978962,C,1,2170,55.427841634738186
85194S,HANGING SPRING FLOWER EGG SMALL,Home Decor,2171,437.87,96.82949269197691,C,1,2171,55.45338441890166
22103,MIRROR MOSAIC T-LIGHT HOLDER ROUND,Other,2172,437.135,96.83552244760978,C,1,2172,55.47892720306513
22643,SET OF 4 NAPKIN CHARMS LEAVES   ,Accessories,2173,436.09,96.8415377887148,C,1,2173,55.50446998722861
21828,EIGHT PIECE SNAKE  SET,Other,2174,435.79,96.84754899167785,C,1,2174,55.53001277139208
21061,PARTY INVITES FOOTBALL,Other,2175,435.125,96.85355102175954,C,1,2175,55.55555555555556
21587,COSY HOUR GIANT TUBE MATCHES,Other,2176,434.7,96.85954718947343,C,1,2176,55.58109833971903
23473,WOODLAND SMALL RED FELT HEART,Home Decor,2177,434.3,96.86553783966471,C,1,2177,55.606641123882504
22517,CHILDS GARDEN RAKE PINK,Toys & Kids,2178,433.755,96.8715209722314,C,1,2178,55.632183908045974
82613C,"METAL SIGN,CUPCAKE SINGLE HOOK",Home Decor,2179,433.71999999999997,96.87750362201486,C,1,2179,55.65772669220945
20831,GOLD PHOTO FRAME,Other,2180,433.575,96.88348427169637,C,1,2180,55.68326947637292
17107D,FLOWER FAIRY 5 DRAWER LINERS,Other,2181,433.5,96.88946388684239,C,1,2181,55.7088122605364
35653,VINTAGE BEAD NOTEBOOK,Stationery,2182,433.19,96.89543922590838,C,1,2182,55.73435504469987
21365,MIRRORED WALL ART STARS,Home Decor,2183,432.46500000000003,96.9014045644646,C,1,2183,55.759897828863345
22229,BUNNY WOODEN PAINTED WITH FLOWER ,Other,2184,432.46,96.90736983405179,C,1,2184,55.785440613026815
20770,ABSTRACT CIRCLE JOURNAL ,Other,2185,431.5,96.91332186158468,C,1,2185,55.81098339719029
23018,LARGE APOTHECARY MEASURING JAR ,Accessories,2186,430.95,96.91926630252397,C,1,2186,55.83652618135376
23458,DOLLY CABINET 3 DRAWERS ,Toys & Kids,2187,430.95,96.92521074346324,C,1,2187,55.86206896551724
21096,SET/6 FRUIT SALAD  PAPER PLATES,Kitchen & Tableware,2188,430.745,96.93115235667217,C,1,2188,55.88761174968071
21374,MIRRORED WALL ART SKULLS,Home Decor,2189,430.04,96.93708424524748,C,1,2189,55.91315453384419
85093,CANDY SPOT EGG WARMER HARE,Other,2190,429.55,96.94300937485755,C,1,2190,55.938697318007655
22337,ANGEL DECORATION PAINTED ZINC ,Home Decor,2191,429.54,96.94893436652958,C,1,2191,55.96424010217114
16235,RECYCLED PENCIL WITH RABBIT ERASER,Other,2192,429.51,96.9548589443874,C,1,2192,55.989782886334616
23522,WALL ART DOG AND BALL ,Home Decor,2193,429.15,96.96077855647486,C,1,2193,56.015325670498086
20705,MRS ROBOT SOFT TOY,Toys & Kids,2194,428.85,96.96669403042036,C,1,2194,56.04086845466156
21397,BLUE POLKADOT EGG CUP ,Kitchen & Tableware,2195,428.75,96.97260812498519,C,1,2195,56.06641123882503
21002,ROSE DU SUD DRAWSTRING BAG,Bags & Packaging,2196,428.65999999999997,96.97852097810743,C,1,2196,56.09195402298851
23187,FRENCH STYLE STORAGE JAR BONBONS,Other,2197,426.66499999999996,96.98440631258558,C,1,2197,56.11749680715198
22615,PACK OF 12 CIRCUS PARADE TISSUES ,Bags & Packaging,2198,426.35999999999996,96.99028743995272,C,1,2198,56.14303959131546
23381,PACK OF 12 VINTAGE LEAF TISSUES ,Stationery,2199,426.155,96.99616573958953,C,1,2199,56.16858237547893
85168B,BLACK BAROQUE CARRIAGE CLOCK,Other,2200,426.15,97.00204397025729,C,1,2200,56.194125159642404
22181,SNOWSTORM PHOTO FRAME FRIDGE MAGNET,Other,2201,425.53499999999997,97.00791371773401,C,1,2201,56.219667943805874
20619,TROPICAL PASSPORT COVER ,Other,2202,425.025,97.0137764303694,C,1,2202,56.24521072796935
23058,CHRISTMAS HANGING SNOWFLAKE,Christmas,2203,424.935,97.01963790156218,C,1,2203,56.27075351213282
17012C,ORIGAMI LAVENDER INCENSE/CANDL SET ,Other,2204,424.425,97.02549233791362,C,1,2204,56.2962962962963
90200E,GREEN SWEETHEART BRACELET,Home Decor,2205,423.41,97.0313327735514,C,1,2205,56.32183908045977
23044,PAPER LANTERN 9 POINT HOLLY STAR S,Stationery,2206,423.29,97.03717155393238,C,1,2206,56.347381864623244
20768,GREEN FERN JOURNAL ,Other,2207,422.82,97.0430038512243,C,1,2207,56.372924648786714
22482,BLUE TEA TOWEL CLASSIC DESIGN,Home Decor,2208,422.76,97.0488353208878,C,1,2208,56.39846743295019
21287,SCENTED VELVET LOUNGE CANDLE ,Home Decor,2209,422.71000000000004,97.05466610086097,C,1,2209,56.42401021711366
22050,PINK PAISLEY ROSE GIFT WRAP,Stationery,2210,422.13,97.06048888042635,C,1,2210,56.44955300127714
85130C,BEADED CRYSTAL HEART BLUE  LARGE,Home Decor,2211,421.815,97.06630731494266,C,1,2211,56.47509578544061
72799F,IVORY PILLAR CANDLE GOLD FLOCK,Home Decor,2212,421.13000000000005,97.07211630070147,C,1,2212,56.50063856960409
85136C,RED SHARK HELICOPTER,Other,2213,420.92,97.0779223897609,C,1,2213,56.526181353767555
85177,BASKET OF FLOWERS SEWING KIT,Other,2214,420.755,97.08372620284223,C,1,2214,56.55172413793104
23560,SET OF 6 RIBBONS COUNTRY STYLE,Other,2215,420.745,97.08952987798551,C,1,2215,56.5772669220945
84931B,BLUE SCOTTIE DOG W FLOWER PATTERN,Other,2216,420.255,97.09532679416358,C,1,2216,56.602809706257986
21270,ANTIQUE CREAM CUTLERY CUPBOARD,Kitchen & Tableware,2217,420.09999999999997,97.10112157230162,C,1,2217,56.62835249042145
20762,GREEN FERN SKETCHBOOK ,Other,2218,420.08,97.10691607456353,C,1,2218,56.65389527458493
84820,DANISH ROSE TRINKET TRAYS,Other,2219,418.675,97.11269119652722,C,1,2219,56.6794380587484
22856,ASSORTED EASTER DECORATIONS  BELLS,Home Decor,2220,417.46,97.11844955901593,C,1,2220,56.70498084291188
35004G,SET OF 3 GOLD FLYING DUCKS,Other,2221,416.625,97.12419640367617,C,1,2221,56.73052362707535
22214,CANDLE PLATE LACE WHITE,Home Decor,2222,416.6,97.12994290349123,C,1,2222,56.75606641123883
20765,CHRYSANTHEMUM SKETCHBOOK ,Other,2223,416.05,97.13568181671268,C,1,2223,56.7816091954023
21147,JINGLE BELLS TREE DECORATION,Home Decor,2224,415.77,97.14141686766828,C,1,2224,56.807151979565774
22405,MONEY BOX POCKET MONEY DESIGN,Home Decor,2225,415.36,97.14714626316322,C,1,2225,56.83269476372924
85172,HYACINTH BULB T-LIGHT CANDLES,Home Decor,2226,415.31,97.15287496896781,C,1,2226,56.85823754789272
22108,PING! MICROWAVE PLATE,Kitchen & Tableware,2227,415.09,97.15860064013496,C,1,2227,56.8837803320562
22390,PAPERWEIGHT CHILDHOOD MEMORIES,Stationery,2228,413.565,97.16430527574711,C,1,2228,56.90932311621967
20903,VINTAGE KEEPSAKE BOX TRAVELOGUE,Stationery,2229,413.29999999999995,97.1700062560005,C,1,2229,56.934865900383144
90161C,ANT COPPER LIME BOUDICCA BRACELET,Accessories,2230,412.74,97.17569951172223,C,1,2230,56.960408684546614
84658,WHITE STITCHED CUSHION COVER,Textile,2231,412.23,97.18138573260262,C,1,2231,56.98595146871009
23415,HOME SWEET HOME HOOK,Home Decor,2232,412.18,97.18707126379266,C,1,2232,57.01149425287356
21662,VINTAGE GLASS COFFEE CADDY,Stationery,2233,411.425,97.19274638065875,C,1,2233,57.03703703703704
22447,PIN CUSHION BABUSHKA BLUE,Textile,2234,410.81,97.1984130143338,C,1,2234,57.06257982120051
84600,NEW BAROQUE JEWELLERY BOX ,Bags & Packaging,2235,409.85,97.20406640595455,C,1,2235,57.08812260536399
20830,SILVER PHOTO FRAME,Other,2236,409.83,97.20971952169917,C,1,2236,57.113665389527455
21579,LOLITA  DESIGN  COTTON TOTE BAG,Home Decor,2237,409.72,97.21537112012506,C,1,2237,57.13920817369094
22051,BLUE SCANDINAVIAN PAISLEY WRAP,Stationery,2238,409.5,97.22101968391351,C,1,2238,57.1647509578544
22709,WRAP WEDDING DAY,Stationery,2239,408.45,97.22665376420507,C,1,2239,57.190293742017886
22486,PLASMATRONIC LAMP,Other,2240,407.75,97.23227818883204,C,1,2240,57.21583652618135
21285,RETROSPOT CANDLE  MEDIUM,Home Decor,2241,406.27500000000003,97.23788226759432,C,1,2241,57.24137931034483
22647,CERAMIC LOVE HEART MONEY BANK,Home Decor,2242,404.485,97.24346165544287,C,1,2242,57.2669220945083
23218,LAUREL STAR ANTIQUE GOLD,Other,2243,404.28,97.24903821556104,C,1,2243,57.29246487867178
22406,MONEY BOX KINGS CHOICE DESIGN,Home Decor,2244,403.46,97.25460346475785,C,1,2244,57.31800766283525
84970l,SINGLE HEART ZINC T-LIGHT HOLDER,Home Decor,2245,403.38,97.26016761045013,C,1,2245,57.34355044699873
85071C,"CHARLIE+LOLA""EXTREMELY BUSY"" SIGN",Home Decor,2246,402.34999999999997,97.26571754852162,C,1,2246,57.369093231162196
23691,WRAP KEEP CALM BIRTHDAY,Stationery,2247,401.7,97.27125852061887,C,1,2247,57.39463601532567
21654,RIDGED GLASS FINGER BOWL,Kitchen & Tableware,2248,401.135,97.27679169921541,C,1,2248,57.42017879948914
23339,EGG FRYING PAN BLUE ,Other,2249,400.84000000000003,97.282320808639,C,1,2249,57.44572158365262
20934,SET/3 POT PLANT CANDLES,Home Decor,2250,400.6,97.28784660754903,C,1,2250,57.47126436781609
23039,T-LIGHT HOLDER SILVER HEART HANDLE,Home Decor,2251,399.71,97.29336012997119,C,1,2251,57.49680715197957
23561,SET OF 6 RIBBONS PARTY,Other,2252,397.565,97.2988440646783,C,1,2252,57.52234993614304
85016,SET OF 6 VINTAGE NOTELETS KIT,Stationery,2253,397.28499999999997,97.30432413711956,C,1,2253,57.547892720306514
20716,PARTY FOOD SHOPPER BAG,Bags & Packaging,2254,393.84,97.30975668989721,C,1,2254,57.573435504469984
23661,MILK MAIDS MUG ,Kitchen & Tableware,2255,393.59000000000003,97.3151857942232,C,1,2255,57.59897828863346
84929,ASSTD FRUIT+FLOWERS FRIDGE MAGNETS,Other,2256,393.40500000000003,97.32061234669499,C,1,2256,57.62452107279693
90200B,BLACK SWEETHEART BRACELET,Home Decor,2257,392.83,97.326030967728,C,1,2257,57.65006385696041
21131,GOLD STANDING GNOME,Other,2258,392.395,97.33144358845516,C,1,2258,57.67560664112388
23150,IVORY SWEETHEART SOAP DISH,Home Decor,2259,390.75,97.33683351837051,C,1,2259,57.701149425287355
22344,PARTY PIZZA DISH PINK POLKADOT,Other,2260,390.29999999999995,97.34221724107292,C,1,2260,57.726692209450825
22127,PARTY CONES CARNIVAL ASSORTED,Other,2261,390.235,97.3476000671779,C,1,2261,57.7522349936143
23337,EGG FRYING PAN MINT ,Other,2262,388.75,97.35296240948011,C,1,2262,57.77777777777777
22510,GINGHAM BABUSHKA DOORSTOP,Other,2263,388.365,97.35831944116681,C,1,2263,57.80332056194125
22256,FELT FARM ANIMAL CHICKEN,Other,2264,387.9,97.36367005873346,C,1,2264,57.82886334610473
85025B,EAU DE NILE HEART SHAPE PHOTO FRAME,Home Decor,2265,387.645,97.36901715887943,C,1,2265,57.8544061302682
84806B,WHITE CANDYSTUFT ARTIFICIAL FLOWER,Other,2266,387.18499999999995,97.37435791387438,C,1,2266,57.87994891443168
84360,TABLE LAMP WHITE SHADE WOOD BASE,Other,2267,384.725,97.37966473610517,C,1,2267,57.90549169859515
20867,PINK ROSE FABRIC MIRROR,Textile,2268,384.09499999999997,97.38496286823784,C,1,2268,57.931034482758626
84247E,PACK OF 12 CHRISTMAS FUN CARDS,Christmas,2269,384.09000000000003,97.39026093140146,C,1,2269,57.956577266922096
23429,RED RETRO KITCHEN WALL CLOCK,Home Decor,2270,383.65000000000003,97.3955529252902,C,1,2270,57.98212005108557
90114,SUMMER DAISIES BAG CHARM,Bags & Packaging,2271,383.53499999999997,97.4008433328912,C,1,2271,58.00766283524904
85232A,SET/3 POLKADOT STACKING TINS,Other,2272,383.3,97.40613049894765,C,1,2272,58.03320561941252
23023,RIDGED BONNE JAM JAR T-LIGHT HOLDER,Other,2273,381.27000000000004,97.41138966357676,C,1,2273,58.05874840357599
22266,EASTER DECORATION HANGING BUNNY,Home Decor,2274,381.025,97.41664544872327,C,1,2274,58.08429118773947
46776D,WOVEN SUNSET CUSHION COVER ,Textile,2275,378.29,97.42186350780882,C,1,2275,58.10983397190294
90161B,ANT COPPER TURQ BOUDICCA BRACELET,Accessories,2276,377.88,97.42707591143368,C,1,2276,58.135376756066414
21373,MIRRORED WALL ART SNOWFLAKES,Home Decor,2277,377.79,97.43228707361595,C,1,2277,58.160919540229884
23186,FRENCH STYLE STORAGE JAR CAFE ,Other,2278,377.75499999999994,97.437497753015,C,1,2278,58.18646232439336
85179A,GREEN BITTY LIGHT CHAIN,Other,2279,377.69,97.44270753581661,C,1,2279,58.21200510855683
21051,RIBBONS PURSE ,Other,2280,377.2,97.44791055965301,C,1,2280,58.23754789272031
90160C,TURQ+RED BOUDICCA LARGE BRACELET,Accessories,2281,377.04,97.45311137648036,C,1,2281,58.26309067688378
47367B,PAIR PADDED HANGERS PINK CHECK,Other,2282,376.27,97.45830157207665,C,1,2282,58.288633461047255
17012A,ORIGAMI VANILLA INCENSE/CANDLE SET ,Home Decor,2283,375.93,97.4634870777787,C,1,2283,58.314176245210724
22336,DOVE DECORATION PAINTED ZINC ,Home Decor,2284,375.57,97.46866761771041,C,1,2284,58.3397190293742
15034,PAPER POCKET TRAVELING FAN ,Stationery,2285,375.08500000000004,97.47384146764591,C,1,2285,58.36526181353767
85203,HANGING WOOD AND FELT BUTTERFLY ,Home Decor,2286,374.97,97.47901373129366,C,1,2286,58.39080459770115
84919,BLUE CUSHION COVER WITH FLOWER,Textile,2287,374.44,97.48417868422395,C,1,2287,58.41634738186462
21945,STRAWBERRIES  DESIGN FLANNEL ,Home Decor,2288,373.34,97.489328463967,C,1,2288,58.4418901660281
21318,GLASS CHALICE BLUE SMALL ,Other,2289,372.64,97.49446858804546,C,1,2289,58.467432950191565
90062,CARNIVAL BRACELET,Accessories,2290,371.79999999999995,97.4995971253264,C,1,2290,58.49297573435505
21129,SILVER FISHING GNOME ,Other,2291,371.4,97.50472014508472,C,1,2291,58.51851851851851
22230,JIGSAW TREE WITH WATERING CAN,Accessories,2292,370.71999999999997,97.50983378505458,C,1,2292,58.544061302681996
21689,SILVER VANILLA  FLOWER CANDLE POT,Home Decor,2293,369.87,97.51493570028885,C,1,2293,58.56960408684546
84559A,3D SHEET OF DOG STICKERS,Stationery,2294,369.235,97.52002885645597,C,1,2294,58.59514687100894
23576,SNACK TRAY RED VINTAGE DOILY,Stationery,2295,367.865,97.52510311510807,C,1,2295,58.620689655172406
84916,HAND TOWEL PALE BLUE W FLOWERS,Textile,2296,364.015,97.5301242676049,C,1,2296,58.64623243933589
20893,HANGING BAUBLE T-LIGHT HOLDER SMALL,Home Decor,2297,362.27,97.53512134990928,C,1,2297,58.67177522349935
21000,ROSE DU SUD COSMETICS BAG,Bags & Packaging,2298,360.84,97.54009870707027,C,1,2298,58.69731800766284
85049e,SCANDINAVIAN REDS RIBBONS,Other,2299,360.71,97.5450742710364,C,1,2299,58.722860791826314
84563A,PINK & WHITE BREAKFAST TRAY,Other,2300,360.3,97.55004417954184,C,1,2300,58.748403575989784
21060,PARTY INVITES BALLOON GIRL,Other,2301,359.28999999999996,97.55500015630267,C,1,2301,58.77394636015326
22458,CAST IRON HOOK GARDEN FORK,Other,2302,359.28,97.55995599512542,C,1,2302,58.79948914431673
22598,CHRISTMAS MUSICAL ZINC TREE,Christmas,2303,357.895,97.56489272952606,C,1,2303,58.82503192848021
20856,DENIM PATCH PURSE PINK BUTTERFLY,Other,2304,357.29,97.56982111867374,C,1,2304,58.85057471264368
21066,VINTAGE RED MUG,Kitchen & Tableware,2305,356.36,97.57473667958133,C,1,2305,58.876117496807154
82095,HEART BUTTONS JEWELLERY BOX,Home Decor,2306,356.11,97.57964879203726,C,1,2306,58.901660280970624
85169B,BLACK LOVE BIRD CANDLE,Home Decor,2307,356.06,97.58456021480288,C,1,2307,58.9272030651341
84569A,PACK 3 IRON ON DOG PATCHES,Bags & Packaging,2308,355.84,97.58946860293103,C,1,2308,58.95274584929757
84821,DANISH ROSE DELUXE COASTER,Other,2309,355.49,97.59437216322691,C,1,2309,58.97828863346105
21724,PANDA AND BUNNIES STICKER SHEET,Stationery,2310,355.405,97.59927455104922,C,1,2310,59.00383141762452
35964,FOLKART CLIP ON STARS,Other,2311,354.94,97.60417052475148,C,1,2311,59.029374201788
21817,GLITTER CHRISTMAS TREE,Christmas,2312,354.81,97.60906470525887,C,1,2312,59.054916985951465
21758,VINTAGE SHELLS PRINT,Stationery,2313,354.5,97.61395460968623,C,1,2313,59.08045977011495
23540,WALL ART THE MAGIC FOREST ,Home Decor,2314,352.465,97.61881644371725,C,1,2314,59.10600255427841
23420,PANTRY HOOK TEA STRAINER ,Kitchen & Tableware,2315,351.37,97.62366317353006,C,1,2315,59.131545338441896
21286,RETROSPOT CANDLE  LARGE,Home Decor,2316,351.32,97.62850921365256,C,1,2316,59.15708812260536
21292,SMALL STRIPES CHOCOLATE GIFT BAG ,Bags & Packaging,2317,351.19,97.6333534605802,C,1,2317,59.18263090676884
22265,EASTER DECORATION NATURAL CHICK,Home Decor,2318,350.875,97.63819336245876,C,1,2318,59.208173690932306
21555,CERAMIC STRAWBERRY TRINKET TRAY,Other,2319,350.47,97.64302767784568,C,1,2319,59.23371647509579
23421,PANTRY HOOK SPATULA,Other,2320,349.2,97.64784447509824,C,1,2320,59.25925925925925
21263,GREEN GOOSE FEATHER TREE 60CM,Other,2321,349.17,97.65266085853662,C,1,2321,59.28480204342274
84924A,WAKE UP COCKEREL CALENDAR SIGN ,Home Decor,2322,348.59000000000003,97.65746924156718,C,1,2322,59.310344827586206
21001,ROSE DU SUD WASHBAG ,Bags & Packaging,2323,348.19,97.66227210707513,C,1,2323,59.33588761174968
21222,SET/4 BADGES BEETLES,Other,2324,348.19,97.66707497258308,C,1,2324,59.36143039591315
21879,HEARTS GIFT TAPE,Home Decor,2325,347.85,97.67187314819678,C,1,2325,59.38697318007663
20652,BLUE POLKADOT LUGGAGE TAG ,Stationery,2326,346.86,97.676657667942,C,1,2326,59.4125159642401
21476,STEEL SWEETHEART ROUND TABLE CREAM,Home Decor,2327,346.45,97.68143653222651,C,1,2327,59.43805874840358
47591B,SCOTTIES CHILDRENS APRON,Toys & Kids,2328,344.78999999999996,97.68619249879214,C,1,2328,59.46360153256705
84849A,HELLO SAILOR BLUE SOAP HOLDER,Other,2329,344.34000000000003,97.6909422581448,C,1,2329,59.489144316730524
85025C,PINK HEART SHAPE PHOTO FRAME,Home Decor,2330,343.285,97.69567746503154,C,1,2330,59.514687100893994
35598D,PINK/WHITE CHRISTMAS TREE 60CM,Christmas,2331,342.86,97.70040680955049,C,1,2331,59.54022988505747
85129D,BEADED CRYSTAL HEART PINK SMALL,Home Decor,2332,342.74,97.70513449881265,C,1,2332,59.56577266922094
47559b,TEA TIME OVEN GLOVE,Kitchen & Tableware,2333,342.65,97.70986094663223,C,1,2333,59.59131545338442
22459,CAST IRON HOOK GARDEN TROWEL,Other,2334,342.42499999999995,97.71458429084532,C,1,2334,59.61685823754789
21088,SET/6 FRUIT SALAD PAPER CUPS,Kitchen & Tableware,2335,341.355,97.7192928756854,C,1,2335,59.642401021711365
21202,DOLLY HONEYCOMB GARLAND,Toys & Kids,2336,341.15999999999997,97.72399877073317,C,1,2336,59.66794380587485
84766,SILVER ROCOCO CANDLE STICK,Home Decor,2337,340.7,97.72869832062995,C,1,2337,59.69348659003831
21221,SET/4 BADGES CUTE CREATURES,Other,2338,340.22,97.73339124949956,C,1,2338,59.719029374201796
21284,RETROSPOT CANDLE  SMALL,Home Decor,2339,338.535,97.73806093580511,C,1,2339,59.74457215836526
84872A,TEATIME FUNKY FLOWER BACKPACK FOR 2,Kitchen & Tableware,2340,338.0,97.74272324242416,C,1,2340,59.77011494252874
84596E,SMALL LICORICE DES PINK BOWL,Kitchen & Tableware,2341,337.43,97.74737768657346,C,1,2341,59.795657726692205
23116,VEGETABLE GARDEN CHOPPING BOARD,Other,2342,337.27500000000003,97.75202999268274,C,1,2342,59.82120051085569
20803,SMALL PINK GLASS SUNDAE DISH,Other,2343,335.26,97.7566545042718,C,1,2343,59.84674329501915
22048,BIRTHDAY BANQUET GIFT WRAP,Stationery,2344,335.19,97.7612780502944,C,1,2344,59.872286079182636
23575,SNACK TRAY PAISLEY PARK,Other,2345,335.175,97.76590138940988,C,1,2345,59.897828863346106
79030D,TUMBLER BAROQUE,Other,2346,334.34499999999997,97.77051327966592,C,1,2346,59.92337164750958
21884,CAKES AND BOWS GIFT  TAPE,Kitchen & Tableware,2347,333.93,97.77511944549224,C,1,2347,59.94891443167305
23047,PAPER LANTERN 5 POINT SEQUIN STAR,Stationery,2348,333.5,97.77971967998174,C,1,2348,59.97445721583653
20700,GREEN CAT FLORAL CUSHION COVER ,Textile,2349,332.25,97.78430267221302,C,1,2349,60.0
20782,CAMOUFLAGE EAR MUFF HEADPHONES,Other,2350,331.83,97.78887987104557,C,1,2350,60.02554278416348
21634,ASSORTED MINI MADRAS NOTEBOOK,Stationery,2351,331.605,97.79345396627163,C,1,2351,60.05108556832695
21248,DOOR HANGER  MUM + DADS ROOM,Other,2352,330.71999999999997,97.79801585397885,C,1,2352,60.076628352490424
84563B,BLUE & WHITE BREAKFAST TRAY,Other,2353,330.40000000000003,97.80257332766801,C,1,2353,60.102171136653894
23015,CORDIAL GLASS JUG,Other,2354,330.2,97.80712804259585,C,1,2354,60.12771392081737
35923,CANDY HEART HANGING DECORATION,Home Decor,2355,329.605,97.81167455020878,C,1,2355,60.15325670498084
84974,S/2 ZINC HEART DESIGN PLANTERS,Home Decor,2356,329.54999999999995,97.81622029916235,C,1,2356,60.17879948914432
22345,PARTY PIZZA DISH BLUE POLKADOT,Other,2357,329.53999999999996,97.82076591017784,C,1,2357,60.20434227330779
90200A,PURPLE SWEETHEART BRACELET,Home Decor,2358,328.44,97.82529634800613,C,1,2358,60.229885057471265
23579,SNACK TRAY I LOVE LONDON,Other,2359,326.575,97.82980106038517,C,1,2359,60.255427841634734
21684,SMALL MEDINA STAMPED METAL BOWL ,Kitchen & Tableware,2360,325.99,97.83429770338736,C,1,2360,60.28097062579821
71270,PHOTO CLIP LINE,Other,2361,325.605,97.83878903577403,C,1,2361,60.30651340996168
23037,CANDLE HOLDER SILVER MADELINE,Home Decor,2362,325.16,97.84327422991677,C,1,2362,60.33205619412516
22316,200 BENDY SKULL STRAWS,Other,2363,324.2,97.84774618200522,C,1,2363,60.35759897828863
16014,SMALL CHINESE STYLE SCISSOR,Other,2364,323.89,97.85221385801363,C,1,2364,60.383141762452105
85205B,PINK FELT EASTER RABBIT GARLAND,Other,2365,323.15,97.85667132660517,C,1,2365,60.408684546615575
22135,MINI LADLE LOVE HEART PINK,Home Decor,2366,322.38,97.86111817396566,C,1,2366,60.43422733077905
84509c,SET OF 4 POLKADOT PLACEMATS ,Other,2367,322.22,97.86556281431712,C,1,2367,60.45977011494252
23379,PACK OF 12 RED APPLE TISSUES,Bags & Packaging,2368,321.03,97.86999104003874,C,1,2368,60.485312899106006
84976,RECTANGULAR SHAPED MIRROR,Other,2369,320.54,97.87441250679515,C,1,2369,60.51085568326947
21425,SKULLS STORAGE BOX LARGE,Bags & Packaging,2370,320.49,97.87883328386123,C,1,2370,60.53639846743295
84638,SMALL KITCHEN FLOWER POTS PLAQUE,Kitchen & Tableware,2371,320.14,97.88324923309501,C,1,2371,60.56194125159643
21898,POTTING SHED ROSE CANDLE,Home Decor,2372,319.99,97.88766311325783,C,1,2372,60.5874840357599
20936,FORKED CACTUS CANDLE,Home Decor,2373,319.66,97.89207244146446,C,1,2373,60.61302681992338
22202,MILK PAN PINK POLKADOT,Other,2374,319.35,97.89647749359105,C,1,2374,60.63856960408685
22547,MINI JIGSAW DINOSAUR ,Other,2375,318.925,97.90087668334986,C,1,2375,60.664112388250324
90161D,ANT COPPER PINK BOUDICCA BRACELET,Accessories,2376,318.89,97.90527539032544,C,1,2376,60.689655172413794
84708B,PINK JEWELLED PHOTO FRAME ,Other,2377,318.8,97.90967285585842,C,1,2377,60.71519795657727
21197,MULTICOLOUR  CONFETTI IN TUBE,Other,2378,318.22,97.9140623209836,C,1,2378,60.74074074074074
84663A,GRASS HOPPER WOODEN WALL CLOCK ,Home Decor,2379,317.635,97.91844371673194,C,1,2379,60.76628352490422
84931A,PINK SCOTTIE DOG W FLOWER PATTERN,Other,2380,317.44,97.922822422688,C,1,2380,60.79182630906769
84884a,ANT WHITE WIRE HEART SPIRAL,Home Decor,2381,317.41999999999996,97.92720085276794,C,1,2381,60.817369093231164
22134,MINI LADLE LOVE HEART RED ,Home Decor,2382,317.39,97.93157886903366,C,1,2382,60.842911877394634
72122,COFFEE SCENT PILLAR CANDLE,Home Decor,2383,317.265,97.93595516107357,C,1,2383,60.86845466155811
35915C,PEACH KNITTED HEN ,Other,2384,316.46,97.9403203490992,C,1,2384,60.89399744572158
21026,SPACE OWL,Other,2385,315.75,97.94467574352215,C,1,2385,60.91954022988506
90198A,VINTAGE ROSE BEAD BRACELET RASPBERR,Stationery,2386,315.73,97.949030862069,C,1,2386,60.94508301404853
22104,MIRROR MOSAIC CANDLE PLATE,Home Decor,2387,315.35999999999996,97.9533808769074,C,1,2387,60.970625798212005
47594B,SCOTTIES DESIGN WASHBAG,Home Decor,2388,314.54999999999995,97.95771971876249,C,1,2388,60.996168582375475
84584,PINK GINGHAM CAT WITH SCARF,Other,2389,314.51,97.96205800886531,C,1,2389,61.02171136653895
84598,BOYS ALPHABET IRON ON PATCHES,Other,2390,313.885,97.96638767783902,C,1,2390,61.04725415070242
21723,ALPHABET HEARTS STICKER SHEET,Home Decor,2391,313.53,97.97071245001142,C,1,2391,61.072796934865906
21942,SKULLS DESIGN FLANNEL,Home Decor,2392,313.01,97.9750300494044,C,1,2392,61.09833971902937
35637A,IVORY STRING CURTAIN WITH POLE ,Accessories,2393,312.675,97.97934302787216,C,1,2393,61.12388250319285
22096,PINK PAISLEY SQUARE TISSUE BOX ,Bags & Packaging,2394,312.65000000000003,97.98365566149478,C,1,2394,61.149425287356316
22053,EMPIRE DESIGN ROSETTE,Home Decor,2395,311.705,97.98795525997019,C,1,2395,61.1749680715198
46118,FUNKY MONKEY CUSHION COVER,Textile,2396,310.775,97.99224203020552,C,1,2396,61.20051085568326
37476,CONDIMENT TRAY 4 BOWLS AND 4 SPOONS,Kitchen & Tableware,2397,310.73,97.99652817971952,C,1,2397,61.22605363984675
21841,BABY MOUSE RED GINGHAM DRESS,Toys & Kids,2398,310.25,98.00080770820637,C,1,2398,61.251596424010216
84631,FRUIT TREE AND BIRDS WALL PLAQUE,Home Decor,2399,310.2,98.0050865470029,C,1,2399,61.27713920817369
21944,KITTENS DESIGN FLANNEL,Home Decor,2400,310.19,98.00936524786138,C,1,2400,61.30268199233716
85169D,PINK LOVE BIRD CANDLE,Home Decor,2401,309.97,98.01364091408239,C,1,2401,61.32822477650064
85232B,SET OF 3 BABUSHKA STACKING TINS,Other,2402,309.375,98.0179083729885,C,1,2402,61.35376756066411
22339,CHRISTMAS TREE PAINTED ZINC ,Christmas,2403,309.015,98.02217086612424,C,1,2403,61.37931034482759
90209B,GREEN ENAMEL+GLASS HAIR COMB,Other,2404,308.39,98.02642473813088,C,1,2404,61.40485312899106
16238,PARTY TIME PENCIL ERASERS,Other,2405,308.31,98.030677506633,C,1,2405,61.430395913154534
21881,CUTE CATS TAPE,Other,2406,308.15500000000003,98.03492813709511,C,1,2406,61.455938697318004
21442,GREEN BIRDHOUSE DECORATION,Home Decor,2407,307.94,98.0391758018888,C,1,2407,61.48148148148148
22533,MAGIC DRAWING SLATE BAKE A CAKE ,Kitchen & Tableware,2408,306.665,98.04340587957913,C,1,2408,61.50702426564496
23495,SET OF 3 PANTRY WOODEN SPOONS,Kitchen & Tableware,2409,306.66,98.0476358883004,C,1,2409,61.53256704980843
22124,SET OF 2 TEA TOWELS PING MICROWAVE,Kitchen & Tableware,2410,306.16,98.05185900011843,C,1,2410,61.558109833971905
79163,BLACK CHAMPAGNE GLASS,Other,2411,305.97,98.05607949111318,C,1,2411,61.583652618135375
21371,MIRRORED WALL ART POPPIES,Home Decor,2412,305.085,98.06028777458911,C,1,2412,61.60919540229885
22546,MINI JIGSAW PURDEY,Other,2413,304.59,98.06448923013082,C,1,2413,61.63473818646232
22761,CHEST 7 DRAWER MA CAMPAGNE,Other,2414,304.2,98.06868530608796,C,1,2414,61.660280970625806
85208,SET/12 FUNKY FELT FLOWER PEG IN BAG,Bags & Packaging,2415,302.835,98.07286255349914,C,1,2415,61.68582375478927
85202,HANGING WOOD AND FELT HEART,Home Decor,2416,302.0,98.07702828308183,C,1,2416,61.71136653895275
21562,HAWAIIAN GRASS SKIRT ,Other,2417,301.39,98.08118559844252,C,1,2417,61.736909323116215
22641,SET OF 4 NAPKIN CHARMS INSTRUMENT,Accessories,2418,300.755,98.08533415473603,C,1,2418,61.7624521072797
22409,MONEY BOX BISCUITS DESIGN,Home Decor,2419,299.72,98.08946843443975,C,1,2419,61.78799489144316
85106,CUT GLASS HEXAGON T-LIGHT HOLDER,Other,2420,296.29,98.09355540138695,C,1,2420,61.813537675606646
22827,RUSTIC  SEVENTEEN DRAWER SIDEBOARD,Other,2421,295.75,98.09763491967861,C,1,2421,61.839080459770116
85161,ACRYLIC GEOMETRIC LAMP,Other,2422,295.75,98.10171443797027,C,1,2422,61.86462324393359
22040,BOTANICAL ROSE GIFT WRAP,Stationery,2423,295.47,98.10579009399609,C,1,2423,61.89016602809706
20854,BLUE PATCH PURSE PINK HEART,Home Decor,2424,295.295,98.10986333610576,C,1,2424,61.91570881226054
35598B,BLACK CHRISTMAS TREE 60CM,Christmas,2425,294.89,98.11393099172378,C,1,2425,61.94125159642401
23430,BLUE RETRO KITCHEN WALL CLOCK,Home Decor,2426,293.70000000000005,98.11798223271198,C,1,2426,61.96679438058749
23125,6PC WOOD PLATE SET DISPOSABLE,Kitchen & Tableware,2427,292.52,98.12201719700843,C,1,2427,61.99233716475096
21686,MEDINA STAMPED METAL STOOL,Other,2428,292.3,98.12604912666744,C,1,2428,62.017879948914434
20655,QUEEN OF SKIES LUGGAGE TAG,Stationery,2429,292.29,98.13008091838839,C,1,2429,62.043422733077904
35911A,MULTICOLOUR RABBIT EGG WARMER,Other,2430,292.07,98.13410967547189,C,1,2430,62.06896551724138
21441,BLUE BIRDHOUSE DECORATION,Home Decor,2431,292.03,98.13813788080313,C,1,2431,62.09450830140485
23567,EGG CUP HENRIETTA HEN PINK,Kitchen & Tableware,2432,291.58,98.14215987892142,C,1,2432,62.12005108556833
84876B,GREEN HEART COMPACT MIRROR,Home Decor,2433,291.435,98.14617987693775,C,1,2433,62.1455938697318
23410,CURIO CABINET LINEN AND LACE ,Other,2434,290.1,98.15018146022231,C,1,2434,62.171136653895275
21719,LOVELY BONBON STICKER SHEET,Stationery,2435,289.16499999999996,98.15417014629773,C,1,2435,62.196679438058744
20622,VIP PASSPORT COVER ,Other,2436,289.075,98.15815759093057,C,1,2436,62.22222222222222
46776E,WOVEN CANDY CUSHION COVER ,Textile,2437,288.43,98.16213613855818,C,1,2437,62.24776500638569
84352,SILVER CHRISTMAS TREE BAUBLE STAND ,Christmas,2438,287.29999999999995,98.16609909918435,C,1,2438,62.27330779054917
47421,ASSORTED COLOUR LIZARD SUCTION HOOK,Other,2439,287.16,98.17006012867763,C,1,2439,62.29885057471264
20618,QUEEN OF THE SKIES PASSPORT COVER ,Other,2440,286.39,98.17401053693983,C,1,2440,62.324393358876115
72800B, 4 PURPLE FLOCK DINNER CANDLES,Home Decor,2441,285.7,98.17795142747552,C,1,2441,62.349936143039585
84661B,BLACK SQUARE TABLE CLOCK,Other,2442,284.94,98.18188183471821,C,1,2442,62.37547892720306
85169C,EAU DE NIL LOVE BIRD CANDLE,Home Decor,2443,284.85,98.18581100051831,C,1,2443,62.401021711366546
35095A,BLUE VICTORIAN FABRIC OVAL BOX,Bags & Packaging,2444,284.245,98.18973182106544,C,1,2444,62.426564495530016
21664,RIDGED GLASS STORAGE JAR CREAM LID,Other,2445,284.115,98.19365084841772,C,1,2445,62.45210727969349
22346,PARTY PIZZA DISH GREEN POLKADOT,Other,2446,284.03999999999996,98.1975688412345,C,1,2446,62.47765006385696
71403,"PINK/WHITE ""KEEP CLEAN"" BULLET BIN",Other,2447,283.96000000000004,98.20148573054675,C,1,2447,62.50319284802044
18094C,WHITE AND BLUE CERAMIC OIL BURNER,Other,2448,283.93,98.20540220604481,C,1,2448,62.52873563218391
20780,BLACK EAR MUFF HEADPHONES,Other,2449,283.46999999999997,98.20931233639185,C,1,2449,62.55427841634739
84952B,BLACK LOVE BIRD T-LIGHT HOLDER,Other,2450,283.39,98.21322136323435,C,1,2450,62.57982120051086
16236,KITTY PENCIL ERASERS,Other,2451,283.21,98.2171279071917,C,1,2451,62.605363984674334
22092,BLUE PAISLEY TISSUE BOX,Bags & Packaging,2452,283.15,98.22103362352064,C,1,2452,62.630906768837804
20794,BLUE  TILE HOOK,Other,2453,282.78999999999996,98.22493437407921,C,1,2453,62.65644955300128
20777,CHRYSANTHEMUM NOTEBOOK,Stationery,2454,282.49,98.22883098649582,C,1,2454,62.68199233716475
23481,PEARLISED IVORY HEART SMALL ,Home Decor,2455,281.17,98.23270939108775,C,1,2455,62.70753512132823
22102,MIRROR MOSAIC T-LIGHT HOLDER ,Other,2456,280.575,98.23657958836479,C,1,2456,62.7330779054917
35957,SMALLFOLKART BAUBLE CHRISTMAS DEC,Christmas,2457,279.895,98.24044040585336,C,1,2457,62.758620689655174
85170B,SET/6 BLACK BIRD T-LIGHT CANDLES,Home Decor,2458,279.775,98.24429956808515,C,1,2458,62.784163473818644
90184B,AMETHYST CHUNKY BEAD BRACELET W STR,Accessories,2459,278.84999999999997,98.24814597104586,C,1,2459,62.80970625798212
15056p,EDWARDIAN PARASOL PINK,Other,2460,278.84999999999997,98.25199237400655,C,1,2460,62.83524904214559
84358,FLOOR LAMP SHADE WOOD BASE,Other,2461,278.84999999999997,98.25583877696725,C,1,2461,62.86079182630907
23459,DOLLY CABINET 2 DRAWERS ,Toys & Kids,2462,278.84999999999997,98.25968517992796,C,1,2462,62.88633461047254
23695,DOILY THANK YOU CARD,Stationery,2463,278.77,98.26353047938413,C,1,2463,62.911877394636015
85188A,GREEN METAL SWINGING BUNNY,Other,2464,278.16999999999996,98.26736750255638,C,1,2464,62.937420178799485
21386,IVORY HANGING DECORATION  EGG,Home Decor,2465,277.375,98.2711935596524,C,1,2465,62.96296296296296
21293,MIRRORED DOVE WALL DECORATION,Home Decor,2466,276.72,98.27501058180512,C,1,2466,62.98850574712643
85049g,CHOCOLATE BOX RIBBONS ,Bags & Packaging,2467,276.42,98.27882346581588,C,1,2467,63.014048531289916
23137,ZINC WIRE SWEETHEART LETTER TRAY,Home Decor,2468,275.62,98.28262531478138,C,1,2468,63.03959131545338
22833,HALL CABINET WITH 3 DRAWERS,Other,2469,274.625,98.28641343890936,C,1,2469,63.06513409961686
22529,MAGIC DRAWING SLATE GO TO THE FAIR ,Other,2470,273.79,98.29019004520885,C,1,2470,63.090676883780326
90209C,PINK ENAMEL+GLASS HAIR COMB,Other,2471,273.125,98.29395747862696,C,1,2471,63.11621966794381
17084N,FAIRY DREAMS INCENSE ,Other,2472,273.015,98.29772339472636,C,1,2472,63.14176245210727
22052,VINTAGE CARAVAN GIFT WRAP,Stationery,2473,273.0,98.30148910391867,C,1,2473,63.16730523627076
84859A,SILVER DISCO HANDBAG,Bags & Packaging,2474,272.99,98.3052546751729,C,1,2474,63.19284802043422
23141,TRIPLE WIRE HOOK PINK HEART,Home Decor,2475,272.91,98.30901914292262,C,1,2475,63.2183908045977
20734,SILVER MINI TAPE MEASURE ,Other,2476,271.21999999999997,98.31276029913923,C,1,2476,63.243933588761166
85214,TUB 24 PINK FLOWER PEGS,Other,2477,271.03999999999996,98.31649897247067,C,1,2477,63.26947637292465
23474,WOODLAND SMALL BLUE FELT HEART,Home Decor,2478,270.96000000000004,98.32023654229758,C,1,2478,63.29501915708812
21666,RIDGED GLASS T-LIGHT HOLDER,Other,2479,270.83500000000004,98.32397238789866,C,1,2479,63.3205619412516
20684,STRAWBERRY DREAM CHILDS UMBRELLA,Toys & Kids,2480,270.56,98.32770444020295,C,1,2480,63.346104725415074
90147,CHUNKY SILVER NECKLACE PASTEL FLOWE,Accessories,2481,270.4,98.33143428549818,C,1,2481,63.371647509578544
21815,STAR  T-LIGHT HOLDER ,Other,2482,270.22999999999996,98.33516178584631,C,1,2482,63.39719029374202
22512,DOORSTOP RACING CAR DESIGN,Home Decor,2483,269.71,98.33888211341501,C,1,2483,63.42273307790549
17021,NAMASTE SWAGAT INCENSE,Other,2484,269.09999999999997,98.3425940267617,C,1,2484,63.44827586206897
21644,ASSORTED TUTTI FRUTTI HEART BOX,Home Decor,2485,268.75,98.34630111227611,C,1,2485,63.47381864623244
20755,BLUE PAISLEY POCKET BOOK,Other,2486,268.62,98.35000640459565,C,1,2486,63.499361430395915
16169M,WRAP DAISY CARPET ,Stationery,2487,268.17,98.35370548970224,C,1,2487,63.524904214559385
21375,LARGE CAMPHOR WOOD FIELD MUSHROOM ,Other,2488,267.84999999999997,98.35740016079072,C,1,2488,63.55044699872286
21641,ASSORTED TUTTI FRUTTI KEYRING BALL,Accessories,2489,267.44,98.36108917641853,C,1,2489,63.57598978288633
21265,PINK GOOSE FEATHER TREE 60CM,Other,2490,267.21,98.36477501947081,C,1,2490,63.601532567049816
20771,CHRYSANTHEMUM  JOURNAL,Other,2491,267.13,98.36845975901858,C,1,2491,63.62707535121328
22545,MINI JIGSAW BUNNIES,Other,2492,266.86,98.37214077423859,C,1,2492,63.65261813537676
21279,VINTAGE KITCHEN PRINT FRUITS,Kitchen & Tableware,2493,266.15,98.37581199585591,C,1,2493,63.678160919540225
20699,MOUSEY LONG LEGS SOFT TOY,Toys & Kids,2494,266.03,98.37948156221647,C,1,2494,63.70370370370371
85186A,EASTER BUNNY GARLAND OF FLOWERS,Other,2495,265.45,98.38314312816921,C,1,2495,63.72924648786717
90160A,PURPLE BOUDICCA LARGE BRACELET,Accessories,2496,264.94,98.38679765928059,C,1,2496,63.754789272030656
23476,WOODLAND LARGE RED FELT HEART,Home Decor,2497,264.72,98.39044915575454,C,1,2497,63.78033205619412
90160D,PINK BOUDICCA LARGE BRACELET,Accessories,2498,264.7,98.39410037635234,C,1,2498,63.8058748403576
84952A,CLEAR LOVE BIRD T-LIGHT HOLDER,Other,2499,264.46999999999997,98.39774842437464,C,1,2499,63.831417624521066
85124B,BLUE JUICY FRUIT PHOTO FRAME,Other,2500,264.06,98.40139081693624,C,1,2500,63.85696040868455
37482P,CUBIC MUG PINK POLKADOT,Kitchen & Tableware,2501,263.505,98.4050255539352,C,1,2501,63.88250319284802
18098c,PORCELAIN BUTTERFLY OIL BURNER,Other,2502,263.12,98.40865498031864,C,1,2502,63.9080459770115
85124C,GREEN JUICY FRUIT PHOTO FRAME,Other,2503,261.89,98.41226744032001,C,1,2503,63.93358876117497
84915,HAND TOWEL PINK FLOWER AND DAISY,Textile,2504,261.74,98.41587783125038,C,1,2504,63.959131545338444
21725,SWEETIES  STICKERS,Stationery,2505,260.66499999999996,98.41947339383871,C,1,2505,63.984674329501914
22259,FELT FARM ANIMAL HEN,Other,2506,259.76,98.42305647303209,C,1,2506,64.01021711366539
72800C,4 PINK DINNER CANDLE SILVER FLOCK,Home Decor,2507,259.72,98.42663900047319,C,1,2507,64.03575989782885
21324,HANGING MEDINA LANTERN SMALL,Home Decor,2508,259.67,98.43022083822397,C,1,2508,64.06130268199234
35954,SMALL FOLKART STAR CHRISTMAS DEC,Christmas,2509,258.8,98.43379067536306,C,1,2509,64.08684546615581
20997,ROSE DU SUD CUSHION COVER ,Textile,2510,257.61,98.43734409787233,C,1,2510,64.11238825031928
21320,GLASS CHALICE GREEN  LARGE ,Other,2511,257.46500000000003,98.44089552027964,C,1,2511,64.13793103448275
35915B,BLUE KNITTED HEN ,Other,2512,257.22,98.44444356320433,C,1,2512,64.16347381864624
21458,2 PICTURE BOOK EGGS EASTER BUNNY,Other,2513,256.54,98.44798222634059,C,1,2513,64.1890166028097
78124,MAGAZINE RACK GEBRA ASSORTED ,Other,2514,256.5,98.45152033772455,C,1,2514,64.21455938697318
21427,SKULLS STORAGE BOX SMALL,Bags & Packaging,2515,256.44,98.45505762148014,C,1,2515,64.24010217113666
85111,SILVER GLITTER FLOWER VOTIVE HOLDER,Other,2516,255.75999999999996,98.45858552544725,C,1,2516,64.26564495530013
21250,SET OF SKULL WALL STICKERS,Home Decor,2517,255.24500000000003,98.462106325604,C,1,2517,64.29118773946361
21547,CERAMIC BIRDHOUSE CRESTED TIT SMALL,Other,2518,253.53000000000003,98.46560346938247,C,1,2518,64.31673052362707
90201B,BLACK ENAMEL FLOWER RING,Accessories,2519,252.90000000000003,98.46909192306282,C,1,2519,64.34227330779055
85186C,BUNNY EGG GARLAND,Other,2520,252.79,98.47257885942444,C,1,2520,64.36781609195403
85230B,CINNAMON SCENTED VOTIVE CANDLE,Home Decor,2521,251.95999999999998,98.47605434692662,C,1,2521,64.3933588761175
23139,SINGLE WIRE HOOK PINK HEART,Home Decor,2522,251.825,98.4795279722649,C,1,2522,64.41890166028097
23149,ANTIQUE IVORY WIRE BOWL SMALL,Kitchen & Tableware,2523,251.45,98.48299642492572,C,1,2523,64.44444444444444
71101E,STANDING FAIRY POLE SUPPORT ,Other,2524,250.42,98.48645066996579,C,1,2524,64.46998722860792
22164,STRING OF STARS CARD HOLDER,Stationery,2525,250.22000000000003,98.48990215624453,C,1,2525,64.4955300127714
85071D,CHARLIE+LOLA MY ROOM DOOR SIGN,Home Decor,2526,249.48999999999998,98.49334357304448,C,1,2526,64.52107279693486
23509,MINI PLAYING CARDS FUN FAIR ,Stationery,2527,249.29,98.49678223108313,C,1,2527,64.54661558109834
90154,LAZER CUT NECKLACE W PASTEL BEADS,Accessories,2528,248.875,98.50021516469204,C,1,2528,64.57215836526181
35095B,RED VICTORIAN FABRIC OVAL BOX,Bags & Packaging,2529,247.92499999999998,98.50363499418472,C,1,2529,64.59770114942529
22410,MONEY BOX HOUSEKEEPING DESIGN,Home Decor,2530,247.42000000000002,98.50704785780509,C,1,2530,64.62324393358875
20659,ECONOMY LUGGAGE TAG,Stationery,2531,246.84,98.51045272101764,C,1,2531,64.64878671775224
21379,CAMPHOR WOOD PORTOBELLO MUSHROOM,Other,2532,246.82999999999998,98.51385744629214,C,1,2532,64.67432950191571
35967,FOLK ART METAL STAR T-LIGHT HOLDER,Other,2533,246.63,98.5172594128053,C,1,2533,64.69987228607918
22869,NUMBER TILE COTTAGE GARDEN 1,Stationery,2534,246.14,98.52065462035326,C,1,2534,64.72541507024265
22391,PAPERWEIGHT HOME SWEET HOME,Home Decor,2535,245.58,98.52404210336955,C,1,2535,64.75095785440614
21676,FLOWERS  STICKERS,Stationery,2536,245.35999999999999,98.52742655174839,C,1,2536,64.7765006385696
84926E,FLOWERS TILE COASTER,Other,2537,245.14999999999998,98.53080810342786,C,1,2537,64.80204342273308
21269,ANTIQUE CREAM CUTLERY SHELF ,Other,2538,245.04999999999998,98.53418827572665,C,1,2538,64.82758620689654
20819,SILVER TEDDY BEAR,Other,2539,244.72,98.53756389606929,C,1,2539,64.85312899106003
90143,SILVER BRACELET W PASTEL FLOWER,Accessories,2540,244.68,98.54093896465966,C,1,2540,64.8786717752235
85095,THREE CANVAS LUGGAGE TAGS,Stationery,2541,243.49,98.54429761862022,C,1,2541,64.90421455938697
23475,WOODLAND SMALL PINK FELT HEART,Home Decor,2542,242.18,98.54763820269419,C,1,2542,64.92975734355045
22954,HEN PARTY CORDON BARRIER TAPE,Other,2543,241.38,98.5509677517229,C,1,2543,64.95530012771393
84592,CROCHET ROSE PURSE WITH SUEDE BACK,Other,2544,241.24000000000004,98.5542953696187,C,1,2544,64.98084291187739
20897,VINTAGE NOTEBOOK PARIS DAYS,Stationery,2545,240.895,98.55761822865121,C,1,2545,65.00638569604087
22870,NUMBER TILE COTTAGE GARDEN 2,Stationery,2546,240.29,98.56093274243077,C,1,2546,65.03192848020434
72232,FENG SHUI PILLAR CANDLE,Home Decor,2547,240.065,98.56424415260385,C,1,2547,65.05747126436782
23465,TUSCAN VILLA BIRD FEEDER,Other,2548,239.45,98.56754707958589,C,1,2548,65.08301404853128
21028,NINJA RABBIT BLACK,Other,2549,239.24,98.57084710986855,C,1,2549,65.10855683269476
22137,BATHROOM SET LOVE HEART DESIGN,Home Decor,2550,237.98000000000002,98.57412975995496,C,1,2550,65.13409961685824
79051A,SMOKEY GREY COLOUR GLASS,Other,2551,237.01999999999998,98.57739916798704,C,1,2551,65.15964240102171
22043,CHRISTMAS CARD SCREEN PRINT ,Christmas,2552,236.115,98.58065609262418,C,1,2552,65.18518518518519
23580,SNACK TRAY HAPPY FOREST  ,Other,2553,234.92,98.58389653366247,C,1,2553,65.21072796934865
21403,BLUE EGG  SPOON,Kitchen & Tableware,2554,233.62,98.58711904275225,C,1,2554,65.23627075351214
20775,DAISY NOTEBOOK ,Stationery,2555,233.54,98.59034044833747,C,1,2555,65.26181353767561
21025,SPACE FROG,Other,2556,233.52,98.59356157804659,C,1,2556,65.28735632183908
22049,WRAP CHRISTMAS SCREEN PRINT,Christmas,2557,232.82,98.59677305209111,C,1,2557,65.31289910600255
22100,SKULLS SQUARE TISSUE BOX,Bags & Packaging,2558,232.555,98.59998087077688,C,1,2558,65.33844189016604
23036,T-LIGHT HOLDER SILVER PETIT FOUR ,Other,2559,232.42000000000002,98.60318682729876,C,1,2559,65.3639846743295
85099f,JUMBO BAG STRAWBERRY,Bags & Packaging,2560,232.05999999999997,98.60638781805027,C,1,2560,65.38952745849298
84712B,PINK JEWELLED PHOTO FRAME,Other,2561,231.56,98.6095819118985,C,1,2561,65.41507024265644
85104,SILVER GLASS T-LIGHT SET,Other,2562,231.22500000000002,98.61277138482154,C,1,2562,65.44061302681993
20696,FLORAL SOFT CAR TOY,Toys & Kids,2563,230.81,98.61595513331484,C,1,2563,65.4661558109834
21503,TOYBOX  WRAP ,Stationery,2564,230.61,98.61913612304686,C,1,2564,65.49169859514687
21635,MADRAS NOTEBOOK LARGE ,Stationery,2565,230.585,98.6223167679337,C,1,2565,65.51724137931035
21161,KEEP OUT BOYS DOOR HANGER ,Other,2566,229.92,98.62548823993916,C,1,2566,65.54278416347383
85040B,SET/4 BLUE FLOWER CANDLES IN BOWL,Home Decor,2567,229.47,98.62865350473167,C,1,2567,65.56832694763729
72586,SET OF 6 HALLOWEEN GHOST T-LIGHTS,Other,2568,229.0,98.63181228643512,C,1,2568,65.59386973180077
20616,CHERRY BLOSSOM PASSPORT COVER,Other,2569,228.905,98.63496975772694,C,1,2569,65.61941251596424
85200,BUNNY EGG BOX,Bags & Packaging,2570,228.75,98.63812509097872,C,1,2570,65.64495530012772
90175A,WHITE GLASS CHUNKY CHARM BRACELET,Accessories,2571,228.14999999999998,98.64127214794658,C,1,2571,65.67049808429118
22765,NEWSPAPER STAND,Stationery,2572,228.14999999999998,98.64441920491444,C,1,2572,65.69604086845466
21473,SWEETHEART CREAM STEEL TABLE RECT,Home Decor,2573,228.14999999999998,98.64756626188229,C,1,2573,65.72158365261814
48189,DOORMAT FRIENDSHIP ,Other,2574,228.14999999999998,98.65071331885015,C,1,2574,65.74712643678161
84596J,MIXED NUTS LIGHT GREEN BOWL,Kitchen & Tableware,2575,226.73,98.65384078861268,C,1,2575,65.77266922094508
72800D,4 BLUE DINNER CANDLES SILVER FLOCK,Home Decor,2576,226.67,98.65696743074682,C,1,2576,65.79821200510855
90201D,GREEN ENAMEL FLOWER RING,Accessories,2577,225.84,98.6600826240215,C,1,2577,65.82375478927203
22031,BOTANICAL LAVENDER BIRTHDAY CARD,Stationery,2578,225.59,98.66319436884456,C,1,2578,65.8492975734355
21157,RED RETROSPOT WASHBAG,Bags & Packaging,2579,225.5,98.66630487222501,C,1,2579,65.87484035759897
90206C,CRYSTAL DIAMANTE STAR BROOCH,Other,2580,224.73000000000002,98.66940475437441,C,1,2580,65.90038314176245
21647,ASSORTED TUTTI FRUTTI LARGE PURSE,Other,2581,224.70000000000002,98.67250422270962,C,1,2581,65.92592592592592
90158,ST TROPEZ NECKLACE,Accessories,2582,224.12,98.67559569063702,C,1,2582,65.9514687100894
22257,FELT FARM ANIMAL SHEEP,Other,2583,223.72,98.67868164104178,C,1,2583,65.97701149425286
84857C,PINK MONTE CARLO HANDBAG,Bags & Packaging,2584,223.6,98.68176593618976,C,1,2584,66.00255427841634
84678,CLASSICAL ROSE SMALL VASE,Other,2585,222.665,98.68483733412859,C,1,2585,66.02809706257982
21456,2 PICTURE BOOK EGGS EASTER CHICKS,Other,2586,222.22,98.68790259382352,C,1,2586,66.0536398467433
85019C,CURIOUS  IMAGES NOTEBOOK SET,Stationery,2587,221.95,98.69096412919068,C,1,2587,66.07918263090677
85039C,S/4 BLACK MINI ROSE CANDLE IN BOWL,Home Decor,2588,221.04,98.69401311219384,C,1,2588,66.10472541507025
84341B,SMALL PINK MAGIC CHRISTMAS TREE,Christmas,2589,220.82,98.69705906055958,C,1,2589,66.13026819923373
21882,SKULLS TAPE,Other,2590,220.10500000000002,98.70009514635362,C,1,2590,66.15581098339719
21277,FRENCH STYLE EMBOSSED HEART CABINET,Home Decor,2591,219.7,98.703125645656,C,1,2591,66.18135376756067
84872a,TEATIME FUNKY FLOWER BACKPACK FOR 2,Kitchen & Tableware,2592,219.7,98.70615614495838,C,1,2592,66.20689655172414
22656,VINTAGE BLUE KITCHEN CABINET,Kitchen & Tableware,2593,219.7,98.70918664426075,C,1,2593,66.23243933588762
35914,PINK CHICK EGG WARMER + EGG CUP,Kitchen & Tableware,2594,218.81,98.71220486707529,C,1,2594,66.25798212005108
90149,SILVER FLOWR PINK SHELL NECKLACE,Accessories,2595,218.73999999999998,98.71522212432336,C,1,2595,66.28352490421456
85094,CANDY SPOT EGG WARMER RABBIT,Other,2596,218.475,98.71823572621268,C,1,2596,66.30906768837804
37413,ICON MUG REVOLUTIONARY,Kitchen & Tableware,2597,218.385,98.72124808665943,C,1,2597,66.33461047254151
22275,WEEKEND BAG VINTAGE ROSE PAISLEY,Stationery,2598,218.025,98.7242554813358,C,1,2598,66.36015325670498
22532,MAGIC DRAWING SLATE LEAP FROG ,Other,2599,217.935,98.7272616345696,C,1,2599,66.38569604086845
21378,SMALL TALL CAMPHOR WOOD TOADSTOOL,Other,2600,217.89000000000001,98.73026716708209,C,1,2600,66.41123882503193
16011,ANIMAL STICKERS,Stationery,2601,217.665,98.7332695959881,C,1,2601,66.4367816091954
20847,ZINC HEART LATTICE CHARGER LARGE,Home Decor,2602,217.57999999999998,98.73627085242056,C,1,2602,66.46232439335887
20769,DAISY JOURNAL ,Other,2603,217.56,98.73927183297688,C,1,2603,66.48786717752235
84876D,BLUE HEART COMPACT MIRROR,Home Decor,2604,217.5,98.74227198590482,C,1,2604,66.51340996168582
21132,SILVER STANDING GNOME   ,Other,2605,217.35999999999999,98.74527020769985,C,1,2605,66.5389527458493
84559B,3D SHEET OF CAT STICKERS,Stationery,2606,217.29,98.7482674639284,C,1,2606,66.56449553001276
22395,PAPERWEIGHT VINTAGE PAISLEY,Stationery,2607,217.115,98.7512623062408,C,1,2607,66.59003831417624
21377,SMALL CAMPHOR WOOD FIELD  MUSHROOM,Other,2608,215.68,98.75423735444078,C,1,2608,66.61558109833972
90120C,GREEN MURANO TWIST BRACELET,Accessories,2609,215.20000000000002,98.75720578161362,C,1,2609,66.6411238825032
22394,PAPERWEIGHT KINGS CHOICE ,Stationery,2610,214.105,98.76015910456827,C,1,2610,66.66666666666666
21167,WHITE SAGE INCENSE,Other,2611,214.07999999999998,98.76311208267775,C,1,2611,66.69220945083015
22882,NUMBER TILE VINTAGE FONT 3,Stationery,2612,213.7,98.76605981914074,C,1,2612,66.71775223499361
22889,NUMBER TILE VINTAGE FONT No ,Stationery,2613,213.175,98.76900031385527,C,1,2613,66.74329501915709
21657,MILK BOTTLE WITH GLASS STOPPER ,Other,2614,211.5,98.77191770394381,C,1,2614,66.76883780332055
90200C,BLUE SWEETHEART BRACELET,Home Decor,2615,211.43,98.7748341284659,C,1,2615,66.79438058748404
84510C,SET OF 4 POLKADOT COASTERS,Other,2616,211.32999999999998,98.77774917360732,C,1,2616,66.8199233716475
90010E,AMBER GLASS/SILVER BRACELET,Accessories,2617,211.25,98.78066311524421,C,1,2617,66.84546615581098
85014b,RED RETROSPOT UMBRELLA,Other,2618,211.24999999999997,98.78357705688113,C,1,2618,66.87100893997446
84877B,GREEN ROUND COMPACT MIRROR,Other,2619,210.56,98.7864814807915,C,1,2619,66.89655172413794
90160B,RED BOUDICCA LARGE BRACELET,Accessories,2620,209.73,98.78937445584242,C,1,2620,66.9220945083014
90192,JADE DROP EARRINGS W FILIGREE,Accessories,2621,209.1,98.79225874079519,C,1,2621,66.94763729246488
35912B,WHITE/PINK CHICK DECORATION,Home Decor,2622,209.04,98.79514219811959,C,1,2622,66.97318007662835
22543,MINI JIGSAW BAKE A CAKE ,Kitchen & Tableware,2623,208.57,98.7980191723549,C,1,2623,66.99872286079183
84926D,LA PALMIERA TILE COASTER,Other,2624,208.51999999999998,98.80089545689987,C,1,2624,67.0242656449553
21364,PEACE SMALL WOOD LETTERS,Other,2625,207.6,98.8037590511428,C,1,2625,67.04980842911877
21750,LARGE SKULL WINDMILL,Other,2626,207.51000000000002,98.80662140394314,C,1,2626,67.07535121328225
90119,METALIC LEAVES BAG CHARMS,Bags & Packaging,2627,205.06,98.8094499619174,C,1,2627,67.10089399744572
20763,DAISY SKETCHBOOK ,Other,2628,205.04,98.81227824401553,C,1,2628,67.1264367816092
21726,MULTI HEARTS  STICKERS,Home Decor,2629,204.69,98.81510169828137,C,1,2629,67.15197956577266
72131,COLUMBIAN CANDLE RECTANGLE,Home Decor,2630,204.225,98.81791873842715,C,1,2630,67.17752234993614
22878,NUMBER TILE COTTAGE GARDEN No,Stationery,2631,204.19,98.8207352957897,C,1,2631,67.20306513409962
84826,ASSTD DESIGN 3D PAPER STICKERS,Home Decor,2632,203.81,98.82354661150575,C,1,2632,67.2286079182631
84875B,GREEN SQUARE COMPACT MIRROR,Other,2633,203.51,98.82635378907983,C,1,2633,67.25415070242656
21911,GARDEN METAL SIGN ,Home Decor,2634,203.21,98.82915682851194,C,1,2634,67.27969348659005
84688,BEACH HUT DESIGN BLACKBOARD,Home Decor,2635,203.01,98.83195710918274,C,1,2635,67.30523627075351
22823,CHEST NATURAL WOOD 20 DRAWERS,Other,2636,202.79999999999998,98.83475449315418,C,1,2636,67.33077905491699
90201A,PURPLE ENAMEL FLOWER RING,Accessories,2637,202.51000000000002,98.83754787692169,C,1,2637,67.35632183908045
21973,SET OF 36 MUSHROOM PAPER DOILIES,Stationery,2638,202.275,98.84033801914467,C,1,2638,67.38186462324394
72127,COLUMBIAN CANDLE ROUND ,Home Decor,2639,201.23499999999999,98.84311381580882,C,1,2639,67.4074074074074
79190B,RETRO PLASTIC POLKA TRAY,Other,2640,200.85,98.84588430185744,C,1,2640,67.43295019157088
20781,GOLD EAR MUFF HEADPHONES,Other,2641,199.87,98.84864126997563,C,1,2641,67.45849297573436
47594A,CAROUSEL DESIGN WASHBAG,Home Decor,2642,199.84,98.85139782427962,C,1,2642,67.48403575989784
22038,BOTANICAL LAVENDER GIFT WRAP ,Stationery,2643,199.5,98.85414968868939,C,1,2643,67.5095785440613
21360,JOY LARGE WOOD LETTERS,Other,2644,199.05,98.85689534588619,C,1,2644,67.53512132822478
85179C,PINK BITTY LIGHT CHAIN,Other,2645,198.89,98.85963879607394,C,1,2645,67.56066411238825
21520,BOOZE & WOMEN GREETING CARD ,Stationery,2646,198.53,98.86237728049133,C,1,2646,67.58620689655173
84926A,WAKE UP COCKEREL TILE COASTER,Other,2647,197.90499999999997,98.86510714377962,C,1,2647,67.61174968071519
47021G,SET/6 BEAD COASTERS GAUZE BAG GOLD,Bags & Packaging,2648,197.76,98.86783500696595,C,1,2648,67.63729246487867
22881,NUMBER TILE VINTAGE FONT 2,Stationery,2649,197.56,98.87056011139097,C,1,2649,67.66283524904215
47578A,ENGLISH ROSE SMALL SCENTED FLOWER,Other,2650,197.43,98.87328342262114,C,1,2650,67.68837803320562
90019A,SILVER M.O.P ORBIT BRACELET,Accessories,2651,197.09,98.87600204395707,C,1,2651,67.71392081736909
22880,NUMBER TILE VINTAGE FONT 1,Stationery,2652,196.69,98.8787151477704,C,1,2652,67.73946360153256
90013A,MIDNIGHT BLUE VINTAGE EARRINGS,Stationery,2653,195.32,98.88140935406871,C,1,2653,67.76500638569604
71143,ANTIQUE SILVER BOOK MARK WITH BEADS,Other,2654,195.115,98.88410073263668,C,1,2654,67.79054916985952
20617,FIRST CLASS PASSPORT COVER ,Other,2655,194.94,98.8867896972885,C,1,2655,67.81609195402298
90175D,TIGRIS EYE CHUNKY CHARM BRACELET,Accessories,2656,194.35,98.88947052359445,C,1,2656,67.84163473818646
22884,NUMBER TILE VINTAGE FONT 5,Stationery,2657,194.04999999999998,98.89214721175843,C,1,2657,67.86717752234993
85213,MINI  ZINC GARDEN DECORATIONS ,Home Decor,2658,193.95999999999998,98.89482265847982,C,1,2658,67.89272030651341
20654,FIRST CLASS LUGGAGE TAG ,Stationery,2659,193.59,98.89749300149278,C,1,2659,67.91826309067689
22289,HANGING METAL CHICKEN DECORATION,Home Decor,2660,193.52,98.90016237893927,C,1,2660,67.94380587484035
90018A,SILVER M.O.P ORBIT DROP EARRINGS,Accessories,2661,193.33,98.90282913556251,C,1,2661,67.96934865900384
90082A,DIAMANTE BOW BROOCH GREEN COLOUR,Other,2662,193.2,98.90549409899091,C,1,2662,67.9948914431673
84910A,PINK PAISLEY CUSHION COVER ,Textile,2663,192.14,98.90814444098436,C,1,2663,68.02043422733078
22883,NUMBER TILE VINTAGE FONT 4,Stationery,2664,191.48,98.91078567906547,C,1,2664,68.04597701149426
84952C,MIRROR LOVE BIRD T-LIGHT HOLDER,Other,2665,191.25,98.91342374457108,C,1,2665,68.07151979565774
85045,GREEN CHRISTMAS TREE STRING 20LIGHT,Christmas,2666,191.1,98.91605974100567,C,1,2666,68.0970625798212
90030B,RED KUKUI COCONUT SEED NECKLACE,Accessories,2667,190.73000000000002,98.91869063373187,C,1,2667,68.12260536398468
16156L,WRAP CAROUSEL,Stationery,2668,190.47,98.92131794006833,C,1,2668,68.14814814814815
21418,STARFISH SOAP DISH,Other,2669,189.75,98.92393531486408,C,1,2669,68.17369093231163
21196,ROUND WHITE CONFETTI IN TUBE,Other,2670,189.68,98.92655172409337,C,1,2670,68.19923371647509
85020,ROUND PINK HEART MIRROR,Home Decor,2671,188.81,98.92915613271094,C,1,2671,68.22477650063857
16219,HOUSE SHAPE PENCIL SHARPENER,Other,2672,188.765,98.93175992060722,C,1,2672,68.25031928480205
84711A,SILVER OVAL SHAPE TRINKET BOX,Bags & Packaging,2673,187.79,98.9343502595421,C,1,2673,68.27586206896552
21027,NINJA RABBIT PINK,Other,2674,187.79,98.93694059847698,C,1,2674,68.30140485312899
20694,FLORAL PINK MONSTER,Other,2675,187.54,98.93952748896022,C,1,2675,68.32694763729246
21421,PORCELAIN ROSE LARGE ,Other,2676,186.625,98.94210175811045,C,1,2676,68.35249042145594
90201C,RED ENAMEL FLOWER RING,Accessories,2677,185.42000000000002,98.94465940572377,C,1,2677,68.37803320561942
78033,FLAG OF ST GEORGE CHAIR,Other,2678,185.3,98.9472153980803,C,1,2678,68.40357598978288
21826,EIGHT PIECE DINOSAUR SET,Other,2679,185.18,98.94976973518006,C,1,2679,68.42911877394636
47351B,BLUE  VOILE LAMPSHADE,Other,2680,184.775,98.95231848578814,C,1,2680,68.45466155810983
72801d,4 SKY BLUE DINNER CANDLES,Home Decor,2681,184.7,98.95486620186074,C,1,2681,68.48020434227331
23416,CHAMBRE HOOK,Other,2682,184.68,98.95741364205719,C,1,2682,68.50574712643677
90016B,GOLD/M.O.P PENDANT ORBIT NECKLACE,Accessories,2683,184.21,98.95995459916456,C,1,2683,68.53128991060025
90014A,SILVER M.O.P. ORBIT NECKLACE,Accessories,2684,184.14999999999998,98.96249472864356,C,1,2684,68.55683269476373
85055,FRENCH ENAMEL UTENSIL HOLDER,Other,2685,183.71,98.96502878884765,C,1,2685,68.5823754789272
84509E,SET OF 4 CAROUSEL PLACEMATS ,Other,2686,183.45,98.96755926266204,C,1,2686,68.60791826309067
21376,LARGE  TALL CAMPHOR WOOD TOADSTOOL ,Other,2687,183.45,98.97008973647642,C,1,2687,68.63346104725416
21445,12 PINK ROSE PEG PLACE SETTINGS,Other,2688,183.125,98.97261572730368,C,1,2688,68.65900383141762
21367,MIRRORED WALL ART GENTS,Home Decor,2689,182.915,98.97513882143156,C,1,2689,68.6845466155811
84429A,MEDIUM PINK BUDDHA HEAD ,Other,2690,182.50000000000003,98.97765619112971,C,1,2690,68.71008939974456
84804B,BLUE DELPHINIUM ARTIFICIAL FLOWER,Other,2691,182.44500000000002,98.98017280216851,C,1,2691,68.73563218390805
22032,BOTANICAL LILY GREETING CARD,Stationery,2692,181.98,98.98268299908725,C,1,2692,68.76117496807151
21897,POTTING SHED CANDLE CITRONELLA,Home Decor,2693,181.53,98.98518698879303,C,1,2693,68.78671775223499
23143,ZINC WIRE KITCHEN ORGANISER,Kitchen & Tableware,2694,181.5,98.98769056468461,C,1,2694,68.81226053639847
84907,PINK YELLOW PATCH CUSHION COVER,Textile,2695,180.93,98.99018627810646,C,1,2695,68.83780332056195
16012,FOOD/DRINK SPONGE STICKERS,Stationery,2696,180.915,98.99268178462121,C,1,2696,68.86334610472542
16008,SMALL FOLDING SCISSOR(POINTED EDGE),Other,2697,180.635,98.9951734288701,C,1,2697,68.88888888888889
84804A,CREAM DELPHINIUM ARTIFICIAL FLOWER,Other,2698,180.58,98.99766431445966,C,1,2698,68.91443167305236
84859C,PINK DISCO HANDBAG,Bags & Packaging,2699,180.51999999999998,99.0001543724208,C,1,2699,68.93997445721584
84707B,PINK JEWELLED MIRROR TRINKET TRAY,Other,2700,179.51999999999998,99.00263063657539,C,1,2700,68.96551724137932
21721,CANDY SHOP  STICKER SHEET,Stationery,2701,179.45999999999998,99.00510607310157,C,1,2701,68.99106002554278
21847,GREEN  DIAMANTE PEN IN GIFT BOX,Bags & Packaging,2702,178.89,99.00757364715803,C,1,2702,69.01660280970626
85131C,BEADED CRYSTAL HEART BLUE ON STICK,Home Decor,2703,178.85,99.01004066946221,C,1,2703,69.04214559386973
22872,NUMBER TILE COTTAGE GARDEN 4,Stationery,2704,177.46,99.01248851837526,C,1,2704,69.06768837803321
90184C,BLACK CHUNKY BEAD BRACELET W STRAP,Accessories,2705,177.45,99.01493622935025,C,1,2705,69.09323116219667
84685,BEACH HUT KEY CABINET,Other,2706,177.33,99.01738228506848,C,1,2706,69.11877394636015
84927F,PSYCHEDELIC TILE HOOK,Other,2707,177.1,99.01982516821116,C,1,2707,69.14431673052363
21651,HANGING GLASS ETCHED TEALIGHT,Home Decor,2708,176.82000000000002,99.02226418908803,C,1,2708,69.1698595146871
22044,CHRISTMAS CARD STACK OF PRESENTS,Christmas,2709,176.49,99.02469865800873,C,1,2709,69.19540229885057
84507C,BLUE CIRCLES DESIGN MONKEY DOLL,Home Decor,2710,175.73,99.02712264363643,C,1,2710,69.22094508301406
21311,SET/4 BIRD MIRROR MAGNETS ,Other,2711,175.67499999999998,99.02954587060478,C,1,2711,69.24648786717752
90197B,BLACK GLASS BRACELET W HEART CHARMS,Home Decor,2712,174.73000000000002,99.03195606242593,C,1,2712,69.272030651341
79164,BLACK WINE GLASS,Other,2713,174.63,99.03436487486641,C,1,2713,69.29757343550446
47422,ASSORTED MONKEY SUCTION CUP HOOK,Kitchen & Tableware,2714,174.63,99.03677368730689,C,1,2714,69.32311621966795
21306,SET/4 DAISY MIRROR MAGNETS,Other,2715,174.47,99.03918029273832,C,1,2715,69.34865900383141
84800M,MEDIUM WHITE/PINK ROSE ART FLOWER,Other,2716,174.31,99.0415846911607,C,1,2716,69.37420178799489
35810B,ENAMEL BLUE RIM COFFEE CONTAINER,Other,2717,174.09,99.04398605494563,C,1,2717,69.39974457215837
84905,PINK BUTTERFLY CUSHION COVER ,Textile,2718,173.48,99.04637900450857,C,1,2718,69.42528735632185
16168M,FUNKY MONKEY GIFT BAG MEDIUM,Bags & Packaging,2719,173.12,99.04876698830114,C,1,2719,69.45083014048531
22885,NUMBER TILE VINTAGE FONT 6 ,Stationery,2720,172.78,99.05115028219947,C,1,2720,69.47637292464879
82011C,BATHROOM SCALES FOOTPRINTS IN SAND,Other,2721,172.05,99.05352350661903,C,1,2721,69.50191570881226
23697,A PRETTY THANK YOU CARD,Stationery,2722,170.73,99.0558785232139,C,1,2722,69.52745849297574
85204,HANGING WOOD AND FELT FLOWER,Home Decor,2723,170.56,99.05823119486166,C,1,2723,69.5530012771392
84218,BOX/12 CHICK & EGG IN BASKET,Bags & Packaging,2724,169.875,99.06057441775192,C,1,2724,69.57854406130268
85211,S/4 GROOVY CAT MAGNETS,Other,2725,169.23499999999999,99.062908812606,C,1,2725,69.60408684546616
85230G,ORANGE VOTIVE CANDLE,Home Decor,2726,168.86999999999998,99.06523817272065,C,1,2726,69.62962962962963
62086A,PINK RETRO BIG FLOWER BAG,Bags & Packaging,2727,168.675,99.06756484304304,C,1,2727,69.6551724137931
85129B,BEADED CRYSTAL HEART GREEN SMALL,Home Decor,2728,168.59,99.06989034089187,C,1,2728,69.68071519795657
22042,CHRISTMAS CARD SINGING ANGEL,Christmas,2729,168.33,99.072212252351,C,1,2729,69.70625798212005
22263,FELT EGG COSY LADYBIRD ,Other,2730,168.28,99.0745334741198,C,1,2730,69.73180076628353
21333,CLASSIC WHITE FRAME,Other,2731,168.16000000000003,99.07685304063179,C,1,2731,69.757343550447
90145,SILVER HOOP EARRINGS WITH FLOWER,Accessories,2732,168.0,99.07917040013476,C,1,2732,69.78288633461047
79190A,RETRO PLASTIC 70'S TRAY,Other,2733,166.13,99.08146196521943,C,1,2733,69.80842911877396
21457,2 PICTURE BOOK EGGS EASTER DUCKS,Other,2734,165.89,99.08375021979053,C,1,2734,69.83397190293742
21280,VINTAGE KITCHEN PRINT VEGETABLES,Kitchen & Tableware,2735,165.75,99.08603654322872,C,1,2735,69.8595146871009
21402,RED  EGG  SPOON,Kitchen & Tableware,2736,165.72,99.0883224528527,C,1,2736,69.88505747126436
21316,SMALL CHUNKY GLASS ROMAN  BOWL,Kitchen & Tableware,2737,164.96,99.09059787918369,C,1,2737,69.91060025542785
85146,JARDIN ETCHED GLASS SMALL BELL JAR,Other,2738,164.75,99.09287040881532,C,1,2738,69.93614303959131
90120B,BLUE MURANO TWIST BRACELET,Accessories,2739,164.12,99.0951342483488,C,1,2739,69.96168582375479
20868,SILVER FABRIC MIRROR,Textile,2740,164.1,99.09739781200614,C,1,2740,69.98722860791827
21807,WHITE CHRISTMAS STAR DECORATION,Christmas,2741,163.8,99.09965723752153,C,1,2741,70.01277139208175
22871,NUMBER TILE COTTAGE GARDEN 3 ,Stationery,2742,163.35,99.10191045582394,C,1,2742,70.03831417624521
16207A,PINK STRAWBERRY HANDBAG ,Bags & Packaging,2743,163.1,99.10416022567472,C,1,2743,70.06385696040869
90058B,CRYSTAL STUD EARRINGS ASSORTED COL ,Accessories,2744,162.45,99.10640102955124,C,1,2744,70.08939974457216
22408,MONEY BOX CONFECTIONERY DESIGN,Home Decor,2745,162.44,99.10864169548971,C,1,2745,70.11494252873564
21100,CHARLIE AND LOLA CHARLOTTE BAG,Bags & Packaging,2746,162.20999999999998,99.11087918885264,C,1,2746,70.1404853128991
85230E,STRAWBRY SCENTED VOTIVE CANDLE,Home Decor,2747,161.95499999999998,99.11311316479492,C,1,2747,70.16602809706258
85114a,BLACK ENCHANTED FOREST PLACEMAT,Other,2748,161.7,99.1153436233165,C,1,2748,70.19157088122606
21369,MIRRORED WALL ART SPLODGES,Home Decor,2749,161.49,99.11757118513873,C,1,2749,70.21711366538953
21698,MOCK LOBSTER FRIDGE MAGNET,Other,2750,161.245,99.11979536747833,C,1,2750,70.242656449553
84926F,PSYCHEDELIC TILE COASTER,Other,2751,161.215,99.12201913600374,C,1,2751,70.26819923371647
84711B,PINK OVAL SHAPE TRINKET BOX,Bags & Packaging,2752,161.14,99.12424186999365,C,1,2752,70.29374201787995
22929,SCHOOL DESK AND CHAIR ,Other,2753,160.54999999999998,99.1264564656377,C,1,2753,70.31928480204343
85027L,FRENCH CHATEAU LARGE PLATTER ,Kitchen & Tableware,2754,160.5,99.12867037159143,C,1,2754,70.34482758620689
72801C,4 ROSE PINK DINNER CANDLES,Home Decor,2755,159.98,99.13087710476573,C,1,2755,70.37037037037037
23305,SET 4 PICNIC CUTLERY BLUEBERRY,Other,2756,159.9,99.1330827344355,C,1,2756,70.39591315453384
21030,SPACE CADET RED,Other,2757,159.7,99.13528560534398,C,1,2757,70.42145593869732
84993A,75 GREEN PETIT FOUR CASES,Other,2758,159.69,99.13748833831438,C,1,2758,70.44699872286078
90082B,DIAMANTE BOW BROOCH RED COLOUR,Other,2759,158.75,99.13967810510661,C,1,2759,70.47254150702426
90013C,GREEN VINTAGE EARRINGS ,Stationery,2760,158.08,99.14185863004845,C,1,2760,70.49808429118774
23003,TRAVEL CARD WALLET VINTAGE ROSE ,Home Decor,2761,157.53,99.14403156839666,C,1,2761,70.52362707535121
16258A,SWIRLY CIRCULAR RUBBERS IN BAG,Bags & Packaging,2762,157.52,99.1462043688068,C,1,2762,70.54916985951468
23417,BATHROOM HOOK,Other,2763,157.5,99.14837689334082,C,1,2763,70.57471264367817
90134,OLD ROSE COMBO BEAD NECKLACE,Accessories,2764,157.5,99.15054941787484,C,1,2764,70.60025542784163
84882,GREEN WIRE STANDING CANDLE HOLDER,Home Decor,2765,157.34,99.15271973539981,C,1,2765,70.62579821200511
35649,VINTAGE BEAD COSMETIC BAG ,Stationery,2766,156.85,99.15488329395956,C,1,2766,70.65134099616859
23468,TUSCAN VILLA BIRD TABLE ,Other,2767,156.75,99.15704547313867,C,1,2767,70.67688378033206
84051,ASS COLOUR GLOWING TIARAS,Other,2768,156.65,99.15920627293711,C,1,2768,70.70242656449554
84673B,BLUE FLY SWAT,Other,2769,156.63,99.16136679685941,C,1,2769,70.727969348659
17084R,ASSORTED INCENSE PACK,Bags & Packaging,2770,155.89499999999998,99.16351718233388,C,1,2770,70.75351213282248
85145,JARDIN ETCHED GLASS LARGE BELL JAR,Other,2771,155.15,99.16565729142248,C,1,2771,70.77905491698596
84508C,BLUE CIRCLES DESIGN TEDDY,Home Decor,2772,154.95,99.16779464174977,C,1,2772,70.80459770114943
84595E,LARGE TORTILLA DESIGN RED BOWL,Home Decor,2773,154.68,99.16992826774927,C,1,2773,70.8301404853129
23496,PANTRY KITCHEN THERMOMETER ,Kitchen & Tableware,2774,154.52,99.17205968673971,C,1,2774,70.85568326947637
23478,WOODLAND LARGE PINK FELT HEART,Home Decor,2775,154.36,99.17418889872113,C,1,2775,70.88122605363985
16048,TEATIME ROUND PENCIL SHARPENER ,Kitchen & Tableware,2776,154.35999999999999,99.17631811070254,C,1,2776,70.90676883780333
21614,SET OF 12 ROSE BOTANICAL T-LIGHTS,Other,2777,153.29000000000002,99.17843256331092,C,1,2777,70.93231162196679
22353,LUNCH BOX WITH CUTLERY FAIRY CAKES ,Kitchen & Tableware,2778,153.0,99.1805430157154,C,1,2778,70.95785440613027
21145,ANTIQUE GLASS PLACE SETTING,Other,2779,152.5,99.1826465712166,C,1,2779,70.98339719029374
90198B,VINTAGE ROSE BEAD BRACELET BLACK,Stationery,2780,152.4,99.18474874733714,C,1,2780,71.00893997445722
84661A,WHITE SQUARE TABLE CLOCK,Other,2781,152.385,99.18685071655058,C,1,2781,71.03448275862068
90010A,MIDNIGHT BLUE GLASS/SILVER BRACELET,Accessories,2782,152.1,99.18894875452914,C,1,2782,71.06002554278416
85014a,BLACK/BLUE POLKADOT UMBRELLA,Other,2783,152.1,99.19104679250769,C,1,2783,71.08556832694764
77101A,UNION FLAG WINDSOCK,Other,2784,151.87,99.19314165791076,C,1,2784,71.11111111111111
85215,ASSORTED CHEESE FRIDGE MAGNETS,Other,2785,151.45999999999998,99.19523086785313,C,1,2785,71.13665389527458
22415,WHITE TISSUE REAM,Other,2786,151.05,99.1973144223348,C,1,2786,71.16219667943807
85135A,YELLOW DRAGONFLY HELICOPTER,Other,2787,151.05,99.19939797681647,C,1,2787,71.18773946360153
84877D,BLUE ROUND COMPACT MIRROR,Other,2788,150.93,99.20147987604136,C,1,2788,71.21328224776501
22874,NUMBER TILE COTTAGE GARDEN 6,Stationery,2789,150.81,99.20356012000944,C,1,2789,71.23882503192847
DCGSSBOY,BOYS PARTY BAG,Bags & Packaging,2790,150.54999999999998,99.20563677758784,C,1,2790,71.26436781609196
84247G,"DECOUPAGE,GREETING CARD,",Stationery,2791,150.44,99.20771191784752,C,1,2791,71.28991060025542
21459,YELLOW EASTER EGG HUNT START POST,Other,2792,150.38,99.2097862304788,C,1,2792,71.3154533844189
16015,MEDIUM CHINESE STYLE SCISSOR,Other,2793,149.71,99.21185130125967,C,1,2793,71.34099616858236
23694,PAISLEY PARK CARD,Stationery,2794,149.42000000000002,99.21391237183663,C,1,2794,71.36653895274586
90013B,BLACK VINTAGE EARRINGS,Stationery,2795,149.41000000000003,99.21597330447554,C,1,2795,71.39208173690932
46000R,POLYESTER FILLER PAD 45x30cm,Other,2796,149.35,99.21803340948607,C,1,2796,71.4176245210728
22875,NUMBER TILE COTTAGE GARDEN 7,Stationery,2797,149.09,99.22008992810686,C,1,2797,71.44316730523627
21348,PINK SPOTS CHOCOLATE NESTING BOXES ,Bags & Packaging,2798,148.635,99.22214017054569,C,1,2798,71.46871008939975
90185D,CRYSTAL DIAMANTE EXPANDABLE RING,Accessories,2799,148.63,99.22419034401545,C,1,2799,71.49425287356321
84576,BLUE CAT BISCUIT BARREL PINK HEART,Home Decor,2800,148.32,99.22623624140522,C,1,2800,71.51979565772669
21319,GLASS CHALICE GREEN  SMALL ,Other,2801,147.94,99.22827689714848,C,1,2801,71.54533844189017
21486,PINK HEART DOTS HOT WATER BOTTLE,Home Decor,2802,147.88,99.23031672526335,C,1,2802,71.57088122605364
22157,ANGEL DECORATION WITH LACE PADDED,Home Decor,2803,147.05,99.23234510451876,C,1,2803,71.59642401021712
82011B,BATHROOM SCALES RUBBER DUCKS,Other,2804,146.85,99.23437072501285,C,1,2804,71.62196679438058
22886,NUMBER TILE VINTAGE FONT 7,Stationery,2805,146.43,99.23639055210819,C,1,2805,71.64750957854406
84870B,BLUE GEISHA GIRL ,Other,2806,146.07999999999998,99.23840555137123,C,1,2806,71.67305236270754
84870C,GREEN GEISHA GIRL ,Other,2807,146.05,99.24042013682009,C,1,2807,71.69859514687101
90116,FRUIT SALAD BAG CHARM,Bags & Packaging,2808,145.52,99.24242741155145,C,1,2808,71.72413793103448
22873,NUMBER TILE COTTAGE GARDEN 5,Stationery,2809,145.5,99.24443441040668,C,1,2809,71.74968071519797
22868,NUMBER TILE COTTAGE GARDEN 0 ,Stationery,2810,144.65,99.24642968452635,C,1,2810,71.77522349936143
21738,COSY SLIPPER SHOES SMALL  RED ,Other,2811,144.58,99.24842399307956,C,1,2811,71.80076628352491
DCGSSGIRL,GIRLS PARTY BAG,Bags & Packaging,2812,144.43,99.25041623256176,C,1,2812,71.82630906768837
21401,BLUE PUDDING SPOON,Kitchen & Tableware,2813,144.17,99.25240488565427,C,1,2813,71.85185185185186
85023B,EAU DE NILE JEWELLED PHOTOFRAME,Other,2814,144.0,99.25439119379965,C,1,2814,71.87739463601532
21082,SET/20 FRUIT SALAD PAPER NAPKINS ,Stationery,2815,143.44,99.25636977741338,C,1,2815,71.9029374201788
84508B,STRIPES DESIGN TEDDY,Home Decor,2816,142.79999999999998,99.25833953299087,C,1,2816,71.92848020434226
21332,MOROCCAN BEATEN METAL MIRROR,Other,2817,142.54999999999998,99.26030584011674,C,1,2817,71.95402298850576
20837,FRENCH FLORAL CUSHION COVER ,Textile,2818,142.47000000000003,99.2622710437381,C,1,2818,71.97956577266922
72128,COLUMBIAN CANDLE ROUND,Home Decor,2819,142.45,99.2642359714833,C,1,2819,72.0051085568327
21117,BLOND DOLL DOORSTOP,Toys & Kids,2820,141.75,99.26619124356392,C,1,2820,72.03065134099617
20774,GREEN FERN NOTEBOOK,Stationery,2821,141.23999999999998,99.2681394808032,C,1,2821,72.05619412515965
20661,BLUE POLKADOT PURSE ,Other,2822,141.15,99.27008647659989,C,1,2822,72.08173690932311
20836,FRENCH PAISLEY CUSHION COVER,Textile,2823,141.10000000000002,99.27203278270623,C,1,2823,72.10727969348659
84796a,PINK HAWAIIAN PICNIC HAMPER FOR 2,Other,2824,141.09,99.27397895087452,C,1,2824,72.13282247765007
90164B,WHITE  ROSEBUD PEARL BRACELET,Accessories,2825,140.98,99.27592360172409,C,1,2825,72.15836526181354
90170,DAISY HAIR BAND,Other,2826,140.32999999999998,99.27785928659938,C,1,2826,72.183908045977
84744,S/6 SEW ON CROCHET FLOWERS,Other,2827,140.02,99.27979069539464,C,1,2827,72.20945083014048
22876,NUMBER TILE COTTAGE GARDEN 8,Stationery,2828,138.81,99.28170541368395,C,1,2828,72.23499361430396
84192,ASSORTED COLOUR METAL CAT ,Other,2829,138.75,99.28361930434487,C,1,2829,72.26053639846744
35922,EASTER BUNNY WREATH,Other,2830,138.6,99.2855311259348,C,1,2830,72.2860791826309
23304,SET 4 PICNIC CUTLERY CHERRY ,Other,2831,138.45,99.28744087845376,C,1,2831,72.31162196679438
79191B,RETRO PLASTIC POLKA TRAY,Other,2832,138.29999999999998,99.28934856190172,C,1,2832,72.33716475095785
22877,NUMBER TILE COTTAGE GARDEN 9,Stationery,2833,138.10999999999999,99.29125362452645,C,1,2833,72.36270753512133
84799,SPRIG LAVENDER ARTIFICIAL FLOWER,Other,2834,135.91,99.29312834077673,C,1,2834,72.3882503192848
84795b,SUNSET CHECK HAMMOCK,Other,2835,135.2,99.29499326342435,C,1,2835,72.41379310344827
20758,ABSTRACT CIRCLES POCKET BOOK,Other,2836,135.14999999999998,99.29685749638165,C,1,2836,72.43933588761175
84660c,PINK STITCHED WALL CLOCK,Home Decor,2837,134.92,99.29871855676342,C,1,2837,72.46487867177522
90073,VINTAGE ENAMEL & CRYSTAL EARRINGS,Stationery,2838,134.70000000000002,99.30057658250776,C,1,2838,72.4904214559387
90115,SUMMER BUTTERFLIES BAG CHARM,Bags & Packaging,2839,134.53,99.30243226330498,C,1,2839,72.51596424010216
21943,CAKES AND RABBITS DESIGN FLANNEL ,Home Decor,2840,134.48999999999998,99.30428739234993,C,1,2840,72.54150702426566
90028,NEW BAROQUE LARGE NECKLACE BLK/WHIT,Accessories,2841,133.9,99.30613438304903,C,1,2841,72.56704980842912
22033,BOTANICAL ROSE GREETING CARD,Stationery,2842,133.76,99.30797944261518,C,1,2842,72.5925925925926
46000U,POLYESTER FILLER PAD 30CMx30CM,Other,2843,133.75,99.30982436424328,C,1,2843,72.61813537675607
35921,EASTER BUNNY HANGING GARLAND,Home Decor,2844,133.23,99.31166211309197,C,1,2844,72.64367816091955
20757,RED DAISY POCKET BOOK ,Other,2845,132.815,99.31349413751093,C,1,2845,72.66922094508301
90208,PAIR OF PINK FLOWER CLUSTER SLIDE,Other,2846,132.7,99.31532457564214,C,1,2846,72.69476372924649
90014B,GOLD M.O.P. ORBIT NECKLACE,Accessories,2847,132.64999999999998,99.317154324083,C,1,2847,72.72030651340997
47556B,TEA TIME TEA TOWELS ,Kitchen & Tableware,2848,132.525,99.31898234829808,C,1,2848,72.74584929757344
22538,MINI JIGSAW GO TO THE FAIR,Other,2849,132.365,99.32080816550408,C,1,2849,72.7713920817369
85039a,SET/4 RED MINI ROSE CANDLE IN BOWL,Home Decor,2850,131.81,99.32262632714743,C,1,2850,72.79693486590038
90185A,AMBER DIAMANTE EXPANDABLE RING,Accessories,2851,131.03,99.32443372962169,C,1,2851,72.82247765006386
90164A,PINK ROSEBUD PEARL BRACELET,Accessories,2852,130.67,99.32623616632556,C,1,2852,72.84802043422734
84510a,SET OF 4 ENGLISH ROSE COASTERS,Other,2853,130.48,99.32803598220619,C,1,2853,72.8735632183908
37467,PIG MUG IN TWO COLOUR DESIGNS,Home Decor,2854,130.26999999999998,99.32983290138743,C,1,2854,72.89910600255428
21349,IVY HEART WREATH,Home Decor,2855,130.0,99.33162609624091,C,1,2855,72.92464878671775
90000D,COPPER/OLIVE GREEN FLOWER NECKLACE,Accessories,2856,129.85,99.3334172220234,C,1,2856,72.95019157088123
21281,VINTAGE KITCHEN PRINT SEAFOOD,Kitchen & Tableware,2857,129.63,99.33520531316844,C,1,2857,72.9757343550447
72799C,PINK PILLAR CANDLE SILVER FLOCK,Home Decor,2858,129.47,99.33699119730444,C,1,2858,73.00127713920817
84865,NEW BAROQUE BLACK PHOTO ALBUM,Other,2859,129.15,99.33877266742235,C,1,2859,73.02681992337165
85118,HEART T-LIGHT HOLDER,Home Decor,2860,127.735,99.34053461930395,C,1,2860,73.05236270753512
85130A,BEADED PEARL HEART WHITE LARGE,Home Decor,2861,127.05,99.34228712242806,C,1,2861,73.07790549169859
79190D,RETRO PLASTIC DAISY TRAY,Other,2862,126.98,99.34403865998573,C,1,2862,73.10344827586206
21637,ASSORTED SANSKRIT MINI NOTEBOOK,Stationery,2863,126.875,99.34578874919367,C,1,2863,73.12899106002554
22887,NUMBER TILE VINTAGE FONT 8,Stationery,2864,126.78,99.34753752799001,C,1,2864,73.15453384418902
23303,SET 4 PICNIC CUTLERY FONDANT,Other,2865,126.75,99.34928589297216,C,1,2865,73.18007662835248
48173c,DOORMAT BLACK FLOCK ,Other,2866,126.75,99.3510342579543,C,1,2866,73.20561941251597
90181B,AMETHYST GLASS/SHELL/PEARL NECKLACE,Accessories,2867,126.74999999999999,99.35278262293645,C,1,2867,73.23116219667943
21344,MOROCCAN BEATEN METAL DISH,Other,2868,126.74999999999999,99.35453098791858,C,1,2868,73.25670498084291
21368,MIRRORED WALL ART LADIES,Home Decor,2869,126.705,99.35627873217942,C,1,2869,73.28224776500637
90209A,PURPLE ENAMEL+GLASS HAIR COMB,Other,2870,126.525,99.3580239935551,C,1,2870,73.30779054916987
75131,METAL TUBE CHIME ON BAMBOO,Other,2871,126.33500000000001,99.35976663410752,C,1,2871,73.33333333333333
21400,RED PUDDING SPOON,Kitchen & Tableware,2872,126.28999999999999,99.36150865393863,C,1,2872,73.3588761174968
90191,SILVER LARIAT 40CM,Other,2873,126.2,99.36324943232717,C,1,2873,73.38441890166027
17013D,ORIGAMI ROSE INCENSE IN TUBE,Other,2874,126.07000000000001,99.36498841752085,C,1,2874,73.40996168582376
84846A,SCENTED CANDLE IN DIGITALIS TIN,Home Decor,2875,126.04,99.36672698890033,C,1,2875,73.43550446998724
23578,SNACK TRAY RED GINGHAM,Other,2876,125.72,99.3684611462617,C,1,2876,73.4610472541507
37479P,CUBIC MUG FLOCK PINK ON BROWN,Kitchen & Tableware,2877,125.17,99.37018771702947,C,1,2877,73.48659003831418
22888,NUMBER TILE VINTAGE FONT 9 ,Stationery,2878,124.97999999999999,99.37191166697399,C,1,2878,73.51213282247765
84683,CLASSICAL ROSE CANDLESTAND,Home Decor,2879,124.175,99.37362451290423,C,1,2879,73.53767560664113
35001W,HAND OPEN SHAPE DECO.WHITE,Other,2880,123.995,99.37533487594928,C,1,2880,73.5632183908046
23477,WOODLAND LARGE BLUE FELT HEART,Home Decor,2881,123.47,99.37703799724588,C,1,2881,73.58876117496807
37343,POLKADOT MUG PINK ,Kitchen & Tableware,2882,123.3,99.37873877359536,C,1,2882,73.61430395913155
47343A,FUSCHIA FLOWER PURSE WITH BEADS,Other,2883,122.76,99.3804321012893,C,1,2883,73.63984674329502
90070,RUBY GLASS CLUSTER BRACELET,Accessories,2884,122.64000000000001,99.38212377372646,C,1,2884,73.66538952745849
85024B,EAU DE NILE JEWELLED PHOTOFRAME,Other,2885,122.17500000000001,99.38380903204357,C,1,2885,73.69093231162196
85086A,CANDY SPOT HEART DECORATION,Home Decor,2886,122.08,99.38549297994905,C,1,2886,73.71647509578544
21736,GOLD SCROLL GLASS T-LIGHT HOLDER,Other,2887,121.47,99.38716851363252,C,1,2887,73.74201787994892
72130,COLUMBIAN CANDLE ROUND,Home Decor,2888,121.415,99.38884328865663,C,1,2888,73.76756066411238
90129B,TURQUOISE GLASS TASSLE BAG CHARM ,Bags & Packaging,2889,121.38,99.39051758089752,C,1,2889,73.79310344827587
85230A,OPIUM SCENTED VOTIVE CANDLE,Home Decor,2890,120.73499999999999,99.39218297613317,C,1,2890,73.81864623243933
20845,ZINC HEART LATTICE 2 WALL PLANTER,Home Decor,2891,120.64999999999999,99.39384719889527,C,1,2891,73.84418901660281
21420,OYSTER TRINKET BOX,Bags & Packaging,2892,120.41,99.3955081111438,C,1,2892,73.86973180076627
90173,PAIR BUTTERFLY HAIR CLIPS,Other,2893,120.34,99.39716805782585,C,1,2893,73.89527458492977
90199C,5 STRAND GLASS NECKLACE CRYSTAL,Accessories,2894,120.28999999999999,99.39882731481757,C,1,2894,73.92081736909323
23467,VINTAGE ZINC PLANTER  ,Stationery,2895,120.08,99.40048367510992,C,1,2895,73.9463601532567
35972,DAISY FOLKART HEART DECORATION,Home Decor,2896,120.0,99.40213893189775,C,1,2896,73.97190293742017
90161A,ANT COPPER RED BOUDICCA BRACELET,Accessories,2897,119.91,99.40379294724299,C,1,2897,73.99744572158366
90003C,MIDNIGHT BLUE PAIR HEART HAIR SLIDE,Home Decor,2898,119.84,99.40544599702176,C,1,2898,74.02298850574712
90122C,TURQUOISE CRYSTAL+GLASS BRACELET,Accessories,2899,119.23,99.40709063257854,C,1,2899,74.0485312899106
84709B,PINK OVAL JEWELLED MIRROR,Other,2900,119.0,99.4087320955598,C,1,2900,74.07407407407408
72225C,LAVENDER SCENT CAKE CANDLE,Home Decor,2901,118.97999999999999,99.41037328266493,C,1,2901,74.09961685823755
85114b,IVORY ENCHANTED FOREST PLACEMAT,Other,2902,118.86,99.41201281451329,C,1,2902,74.12515964240102
84906,PINK BUTTERFLY CUSHION COVER,Textile,2903,118.75,99.4136508290429,C,1,2903,74.1507024265645
84507B,STRIPES DESIGN MONKEY DOLL,Home Decor,2904,118.73,99.4152885676964,C,1,2904,74.17624521072797
21095,SET/6 POSIES PAPER PLATES,Kitchen & Tableware,2905,118.72999999999999,99.41692630634988,C,1,2905,74.20178799489145
84569B,PACK 3 FIRE ENGINE/CAR PATCHES,Bags & Packaging,2906,118.4,99.41855949304721,C,1,2906,74.22733077905491
47471,RAINBOW PEGS PHOTO CLIP STRING,Accessories,2907,118.33,99.42019171417807,C,1,2907,74.25287356321839
20785,FUSCHIA RETRO BAR STOOL,Other,2908,118.3,99.42182352149473,C,1,2908,74.27841634738186
84616,SILVER ROCCOCO CHANDELIER,Other,2909,118.3,99.4234553288114,C,1,2909,74.30395913154534
21032,SPACE CADET WHITE,Other,2910,117.78,99.42507996334865,C,1,2910,74.32950191570882
22541,MINI JIGSAW LEAP FROG,Other,2911,117.62,99.42670239087686,C,1,2911,74.35504469987228
90183A,AMBER DROP EARRINGS W LONG BEADS,Accessories,2912,117.24000000000001,99.42831957675857,C,1,2912,74.38058748403577
84741C,CITRUS GARLAND FELT FLOWERS ,Other,2913,117.0,99.42993345212669,C,1,2913,74.40613026819923
21518,BANK ACCOUNT  GREETING  CARD ,Stationery,2914,116.78,99.43154429285738,C,1,2914,74.43167305236271
90195A,PURPLE GEMSTONE BRACELET,Accessories,2915,116.55,99.43315196101256,C,1,2915,74.45721583652617
72780,BLACK SILOUETTE CANDLE PLATE,Home Decor,2916,116.44999999999999,99.43475824978707,C,1,2916,74.48275862068967
72812,LARGE ZINC GLASS CANDLEHOLDER,Home Decor,2917,116.06,99.43635915897703,C,1,2917,74.50830140485313
84809A,WHITE CHRYSANTHEMUMS ART FLOWER,Other,2918,115.5,99.4379523436353,C,1,2918,74.5338441890166
40003,WHITE BAMBOO RIBS LAMPSHADE,Other,2919,115.10499999999999,99.43954007974,C,1,2919,74.55938697318007
23151,ZINC SWEETHEART SOAP DISH,Home Decor,2920,114.33000000000001,99.44111712564461,C,1,2920,74.58492975734356
90130B,TURQ STONE/CRYSTAL EARRINGS,Accessories,2921,113.97,99.44268920577883,C,1,2921,74.61047254150702
72801D,4 SKY BLUE DINNER CANDLES,Home Decor,2922,113.21,99.44425080262008,C,1,2922,74.6360153256705
20795,LARGE BLUE PROVENCAL CERAMIC BALL,Other,2923,113.05,99.44581019245227,C,1,2923,74.66155810983398
84457,SET/3 RABBITS FLOWER SKIPPPING ROPE,Other,2924,112.55999999999999,99.44736282331925,C,1,2924,74.68710089399745
90003D,CRYSTAL PAIR HEART HAIR SLIDES,Home Decor,2925,112.26,99.44891131604426,C,1,2925,74.71264367816092
90096,NECKLACE+BRACELET SET BLUE BLOSSOM,Accessories,2926,112.21,99.45045911907894,C,1,2926,74.73818646232439
21678,PAISLEY PATTERN  STICKERS,Stationery,2927,111.86,99.45200209428134,C,1,2927,74.76372924648787
23185,FRENCH STYLE STORAGE JAR JAM,Other,2928,111.80499999999999,99.45354431082436,C,1,2928,74.78927203065135
21814,HEART T-LIGHT HOLDER ,Home Decor,2929,111.77,99.45508604458414,C,1,2929,74.81481481481481
90214A,"LETTER ""A"" BLING KEY RING",Accessories,2930,111.66,99.4566262610252,C,1,2930,74.84035759897829
10080,GROOVY CACTUS INFLATABLE,Other,2931,111.485,99.45816406355014,C,1,2931,74.86590038314176
90036E,"FLOWER GLASS GARLD NECKL36""AMETHYST",Other,2932,110.95,99.45969448638856,C,1,2932,74.89144316730524
47503H,ASS FLORAL PRINT SPIRIT LEVEL ,Other,2933,110.86,99.46122366778437,C,1,2933,74.9169859514687
90180A,BLACK+WHITE NECKLACE W TASSEL,Accessories,2934,110.64999999999999,99.46274995248082,C,1,2934,74.94252873563218
62096A,PINK/YELLOW FLOWERS HANDBAG,Bags & Packaging,2935,110.625,99.4642758923321,C,1,2935,74.96807151979566
90185C,BLACK DIAMANTE EXPANDABLE RING,Accessories,2936,110.09,99.46579445249685,C,1,2936,74.99361430395913
84925F,PSYCHEDELIC WALL THERMOMETER,Home Decor,2937,109.93,99.46731080565256,C,1,2937,75.0191570881226
84816,DANISH ROSE BEDSIDE CABINET,Other,2938,109.85,99.46882605530375,C,1,2938,75.04469987228607
21275,ZINC TOP  2 DOOR WOODEN SHELF ,Other,2939,109.85,99.47034130495493,C,1,2939,75.07024265644955
90184A,AMBER CHUNKY BEAD BRACELET W STRAP,Accessories,2940,109.85,99.47185655460612,C,1,2940,75.09578544061303
23463,VINTAGE ZINC WATERING CAN,Stationery,2941,109.85,99.47337180425731,C,1,2941,75.12132822477649
84629,WHITE 3 FRAME BIRDS AND TREE ,Other,2942,109.5,99.47488222607619,C,1,2942,75.14687100893997
85096,HILDA CANDY SPOT RABBIT,Other,2943,109.23,99.47638892356731,C,1,2943,75.17241379310344
20894,HANGING BAUBLE T-LIGHT HOLDER LARGE,Home Decor,2944,108.71000000000001,99.47788844827902,C,1,2944,75.19795657726692
85167B,BLACK GRAND BAROQUE PHOTO FRAME,Other,2945,108.025,99.47937852423323,C,1,2945,75.22349936143038
21372,MIRRORED WALL ART TABLE LAMP,Home Decor,2946,107.75,99.48086480689064,C,1,2946,75.24904214559388
35916C,PINK FELT HANGING HEART W FLOWER,Home Decor,2947,107.72,99.48235067573383,C,1,2947,75.27458492975735
85129C,BEADED CRYSTAL HEART BLUE SMALL,Home Decor,2948,107.31,99.48383088911635,C,1,2948,75.30012771392082
23626,SET 10 CARDS DINKY TREE 17076,Stationery,2949,107.07000000000001,99.48530779198528,C,1,2949,75.32567049808429
37333,"RETRO ""TEA FOR ONE"" ",Kitchen & Tableware,2950,106.95,99.48678303959744,C,1,2950,75.35121328224777
20657,TROPICAL LUGGAGE TAG,Stationery,2951,105.91,99.48824394165075,C,1,2951,75.37675606641125
20898,VINTAGE NOTEBOOK TRAVELOGUE,Stationery,2952,105.73,99.4897023608189,C,1,2952,75.40229885057471
90016A,SILVER/M.O.P PENDANT ORBIT NECKLACE,Accessories,2953,105.46000000000001,99.49115705565926,C,1,2953,75.42784163473819
85040a,S/4 PINK FLOWER CANDLES IN BOWL,Home Decor,2954,105.28,99.49260926761447,C,1,2954,75.45338441890166
16218,CARTOON  PENCIL SHARPENERS,Other,2955,105.07,99.49405858287027,C,1,2955,75.47892720306514
23574,PACKING CHARGE,Bags & Packaging,2956,105.0,99.49550693255962,C,1,2956,75.5044699872286
21904,HOUSE WRECKING METAL SIGN ,Home Decor,2957,105.0,99.49695528224896,C,1,2957,75.53001277139208
35920,FOUR RABBIT EASTER DECORATIONS,Home Decor,2958,104.84,99.49840142492926,C,1,2958,75.55555555555556
84461,12 PINK HEN+CHICKS IN BASKET,Other,2959,104.55,99.49984356740565,C,1,2959,75.58109833971903
90122A,PINK CRYSTAL+GLASS BRACELET,Accessories,2960,104.53,99.50128543400592,C,1,2960,75.6066411238825
75011,BLUE DAISY MOBILE,Other,2961,104.395,99.50272543844228,C,1,2961,75.63218390804597
84800S,SMALL WHITE/PINK ROSE ART FLOWER,Other,2962,104.17,99.50416233927217,C,1,2962,75.65772669220945
20796,SMALL BLUE PROVENCAL CERAMIC BALL,Other,2963,103.94,99.50559606752657,C,1,2963,75.68326947637293
84858C,PINK RIVIERA HANDBAG,Bags & Packaging,2964,103.5,99.50702372650608,C,1,2964,75.70881226053639
79144B,PAINTED LIGHTBULB STAR+ MOON,Other,2965,103.23,99.5084476611578,C,1,2965,75.73435504469987
35819B,"ACRYLIC HANGING JEWEL,BLUE",Home Decor,2966,103.2,99.50987118199534,C,1,2966,75.75989782886334
90032,IVORY SHELL HEART NECKLACE,Home Decor,2967,103.13,99.5112937372664,C,1,2967,75.78544061302682
22879,NUMBER TILE VINTAGE FONT 0,Stationery,2968,102.46,99.51270705068708,C,1,2968,75.81098339719028
20731,POSY CANDY BAG,Bags & Packaging,2969,101.835,99.51411174297864,C,1,2969,75.83652618135378
21331,MOROCCAN BEATEN METAL DISH LARGE,Other,2970,101.39999999999999,99.51551043496436,C,1,2970,75.86206896551724
90063A,WHITE VINT ART DECO CRYSTAL NECKLAC,Other,2971,101.39999999999999,99.51690912695008,C,1,2971,75.88761174968072
90124B,BLUE MURANO TWIST NECKLACE,Accessories,2972,101.39999999999999,99.5183078189358,C,1,2972,75.91315453384418
47590b,PINK HAPPY BIRTHDAY BUNTING,Other,2973,101.39999999999999,99.51970651092151,C,1,2973,75.93869731800767
20701,PINK CAT FLORAL CUSHION COVER ,Textile,2974,100.97,99.5210992715704,C,1,2974,75.96424010217113
17084P,DRAGONS BLOOD INCENSE,Other,2975,99.925,99.52247761769142,C,1,2975,75.98978288633461
22125,UNION JACK HOT WATER BOTTLE ,Other,2976,99.85,99.52385492927695,C,1,2976,76.01532567049809
23611,SET 10 CARDS RED RIDING HOOD 17214,Stationery,2977,99.60000000000001,99.52522879241084,C,1,2977,76.04086845466156
90081C,LILY BROOCH OLIVE COLOUR,Other,2978,99.60000000000001,99.52660265554474,C,1,2978,76.06641123882503
22407,MONEY BOX FIRST AID DESIGN,Home Decor,2979,99.28,99.52797210466053,C,1,2979,76.0919540229885
20823,GOLD WINE GOBLET,Other,2980,98.75,99.52933424305884,C,1,2980,76.11749680715198
84510c,SET OF 4 POLKADOT COASTERS,Other,2981,98.7,99.53069569176684,C,1,2981,76.14303959131546
84898F,YELLOW FLOWERS FELT HANDBAG KIT,Bags & Packaging,2982,98.63,99.53205617490836,C,1,2982,76.16858237547893
79144C,PAINTED LIGHTBULB RAINBOW DESIGN,Home Decor,2983,98.12,99.53340962320854,C,1,2983,76.1941251596424
90101,WHITE FRANGIPANI NECKLACE,Accessories,2984,98.07000000000001,99.5347623818184,C,1,2984,76.21966794380587
84723,CHERRY BLOSSOM CANVAS ART PICTURE,Other,2985,97.95,99.53611348517146,C,1,2985,76.24521072796935
47369B,BLUE GREEN EMBROIDERY COSMETIC BAG,Bags & Packaging,2986,97.13,99.53745327760313,C,1,2986,76.27075351213283
90185B,AMETHYST DIAMANTE EXPANDABLE RING,Accessories,2987,97.02,99.53879155271609,C,1,2987,76.29629629629629
84806A,PINK CANDYSTUFT ARTIFICIAL FLOWER,Other,2988,96.88999999999999,99.5401280346342,C,1,2988,76.32183908045977
90204,PAIR OF ENAMEL BUTTERFLY HAIRCLIP,Other,2989,96.86,99.5414641027381,C,1,2989,76.34738186462324
84801A,PINK HYDRANGEA ART FLOWER,Other,2990,96.60000000000001,99.54279658445229,C,1,2990,76.37292464878672
90019B,GOLD M.O.P ORBIT BRACELET,Accessories,2991,96.52000000000001,99.54412796266196,C,1,2991,76.39846743295018
23464,VINTAGE ZINC WATERING CAN SMALL,Stationery,2992,96.1,99.54545354747287,C,1,2992,76.42401021711368
17091A,LAVENDER INCENSE IN TIN,Other,2993,96.06,99.54677858053151,C,1,2993,76.44955300127714
72801c,4 ROSE PINK DINNER CANDLES,Home Decor,2994,95.94,99.54810195833339,C,1,2994,76.47509578544062
21190,PINK HEARTS PAPER GARLAND,Home Decor,2995,95.85,99.54942409469267,C,1,2995,76.50063856960408
21722,SWEET PUDDING STICKER SHEET,Stationery,2996,95.52999999999999,99.55074181703384,C,1,2996,76.52618135376757
90174,BUTTERFLY HAIR BAND,Other,2997,95.42,99.55205802205629,C,1,2997,76.55172413793103
21777,RECIPE BOX WITH METAL HEART,Home Decor,2998,95.4,99.55337395120262,C,1,2998,76.57726692209451
90146,FINE SILVER NECKLACE W PASTEL FLOWE,Accessories,2999,95.35000000000001,99.5546891906586,C,1,2999,76.60280970625799
90036D,"FLOWER GLASS GARLAND NECKL.36""BLACK",Other,3000,95.35000000000001,99.5560044301146,C,1,3000,76.62835249042146
20653,CHERRY BLOSSOM LUGGAGE TAG,Stationery,3001,95.17999999999999,99.55731732462347,C,1,3001,76.65389527458493
84527,FLAMES SUNGLASSES PINK LENSES,Other,3002,95.10000000000001,99.55862911562781,C,1,3002,76.6794380587484
84666,SQUARE CHERRY BLOSSOM CABINET,Other,3003,94.80000000000001,99.55993676849019,C,1,3003,76.70498084291188
17090A,LAVENDER INCENSE 40 CONES IN TIN,Other,3004,94.7,99.56124304197192,C,1,3004,76.73052362707536
16054,POPART RECT PENCIL SHARPENER ASST,Other,3005,94.62,99.56254821194912,C,1,3005,76.75606641123882
90133,TEAL/FUSCHIA COL BEAD NECKLACE,Kitchen & Tableware,3006,94.43,99.56385076110307,C,1,3006,76.7816091954023
90125D,PURPLE BERTIE GLASS BEAD BAG CHARM,Bags & Packaging,3007,93.455,99.56513986129562,C,1,3007,76.80715197956577
47481,50CM METAL STRING WITH  7 CLIPS,Accessories,3008,93.25,99.56642613375783,C,1,3008,76.83269476372925
47369A,PINK GREEN EMBROIDERY COSMETIC BAG,Bags & Packaging,3009,93.19,99.56771157859164,C,1,3009,76.85823754789271
21769,VINTAGE POST OFFICE CABINET,Stationery,3010,92.95,99.56899371291188,C,1,3010,76.88378033205619
22769,CHALKBOARD KITCHEN ORGANISER,Kitchen & Tableware,3011,92.94999999999999,99.57027584723212,C,1,3011,76.90932311621967
90124C,GREEN MURANO TWIST NECKLACE,Accessories,3012,92.94999999999999,99.57155798155236,C,1,3012,76.93486590038314
90010B,BLACK/WHITE GLASS/SILVER BRACELET,Accessories,3013,92.94999999999999,99.5728401158726,C,1,3013,76.9604086845466
90210D,PURPLE ACRYLIC FACETED BANGLE,Other,3014,92.675,99.57411845689603,C,1,3014,76.98595146871008
23440,PAINT YOUR OWN EGGS IN CRATE,Other,3015,92.61500000000001,99.57539597029107,C,1,3015,77.01149425287356
20773,BLUE PAISLEY NOTEBOOK,Stationery,3016,92.39999999999999,99.57667051801769,C,1,3016,77.03703703703704
82613A,"METAL SIGN,CUPCAKE SINGLE HOOK",Home Decor,3017,92.38,99.57794478986818,C,1,3017,77.0625798212005
90018B,GOLD M.O.P ORBIT DROP EARRINGS,Accessories,3018,92.28,99.57921768233803,C,1,3018,77.08812260536398
35818P,"ACRYLIC JEWEL ICICLE, PINK",Other,3019,91.96000000000001,99.58048616078977,C,1,3019,77.11366538952747
35911B,PINK/FLOWER RABBIT EGG WARMER ,Other,3020,91.94500000000001,99.5817544323344,C,1,3020,77.13920817369093
90030C,BROWN KUKUI COCONUT SEED NECKLACE,Accessories,3021,91.7,99.58301932439645,C,1,3021,77.16475095785441
90210C,RED   ACRYLIC FACETED BANGLE,Other,3022,91.135,99.58427642295776,C,1,3022,77.19029374201789
20662,FIRST CLASS HOLIDAY PURSE ,Other,3023,90.42,99.58552365894738,C,1,3023,77.21583652618136
90163A,PINK ROSEBUD & PEARL NECKLACE,Accessories,3024,90.32,99.58676951555636,C,1,3024,77.24137931034483
90022,EDWARDIAN DROP EARRINGS JET BLACK,Accessories,3025,90.2,99.58801371690853,C,1,3025,77.2669220945083
90125A,PINK BERTIE GLASS BEAD BAG CHARM,Bags & Packaging,3026,89.66499999999999,99.58925053857422,C,1,3026,77.29246487867178
47469,ASSORTED SHAPES PHOTO CLIP SILVER ,Other,3027,89.645,99.59048708436374,C,1,3027,77.31800766283526
84661C,PINK SQUARE TABLE CLOCK,Other,3028,89.435,99.5917207334539,C,1,3028,77.34355044699872
90123A,PINK HEART OF GLASS BRACELET,Home Decor,3029,89.12,99.592950037495,C,1,3029,77.3690932311622
35833P,4 PINK FLOCK CHRISTMAS BALLS,Christmas,3030,88.47,99.59417037556182,C,1,3030,77.39463601532567
84984A,GREEN PEONY CUSHION COVER,Textile,3031,88.35,99.59538905837184,C,1,3031,77.42017879948915
90166,PINK & WHITE ROSEBUD RING,Accessories,3032,88.04,99.59660346510185,C,1,3032,77.44572158365261
90129F,RED GLASS TASSLE BAG CHARM,Bags & Packaging,3033,88.03,99.59781773389379,C,1,3033,77.47126436781609
84989a,75 GREEN FAIRY CAKE CASES,Kitchen & Tableware,3034,87.51,99.5990248299063,C,1,3034,77.49680715197957
35933,PINK STOCKING CHRISTMAS DECORATION,Christmas,3035,87.27,99.60022861540524,C,1,3035,77.52234993614304
21038,SET/4 MODERN VINTAGE COTTON NAPKINS,Stationery,3036,86.75,99.60142522812477,C,1,3036,77.5478927203065
23614,SET 10 CARDS 12 DAYS WRAP  17058,Stationery,3037,86.58,99.60261949589719,C,1,3037,77.57343550446998
90003E,GREEN PAIR HEART HAIR SLIDES,Home Decor,3038,86.11,99.60380728058053,C,1,3038,77.59897828863346
20826,SILVER APERITIF GLASS,Other,3039,85.69500000000001,99.60498934083414,C,1,3039,77.62452107279694
84531B,BLUE KNITTED EGG COSY,Other,3040,85.61,99.60617022861419,C,1,3040,77.6500638569604
79403,FROSTED WHITE BASE ,Other,3041,85.52,99.60734987495165,C,1,3041,77.67560664112388
16045,POPART WOODEN PENCILS ASST,Other,3042,85.5,99.60852924541297,C,1,3042,77.70114942528735
20901,VINTAGE KEEPSAKE BOX PINK FLOWER,Stationery,3043,85.13,99.60970351216586,C,1,3043,77.72669220945083
21761,WOOD AND GLASS MEDICINE CABINET,Other,3044,84.5,99.61086908882062,C,1,3044,77.7522349936143
35400,WOODEN BOX ADVENT CALENDAR ,Christmas,3045,84.5,99.61203466547538,C,1,3045,77.77777777777779
gift_0001_20,Dotcomgiftshop Gift Voucher £20.00,Other,3046,84.5,99.61320024213013,C,1,3046,77.80332056194125
22828,REGENCY MIRROR WITH SHUTTERS,Other,3047,84.5,99.6143658187849,C,1,3047,77.82886334610473
90175B,PINK GLASS CHUNKY CHARM BRACELET,Accessories,3048,84.5,99.61553139543966,C,1,3048,77.85440613026819
20821,GOLDIE LOOKING MIRROR,Other,3049,84.15,99.61669214426213,C,1,3049,77.87994891443168
16169K,WRAP FOLK ART,Stationery,3050,84.0,99.61785082401362,C,1,3050,77.90549169859514
20941,FROG CANDLE,Home Decor,3051,83.78,99.61900646912764,C,1,3051,77.93103448275862
90072,RUBY DROP CHANDELIER EARRINGS,Accessories,3052,83.42,99.6201571484713,C,1,3052,77.9565772669221
90123C,GREEN HEART OF GLASS BRACELET,Home Decor,3053,83.29,99.62130603462013,C,1,3053,77.98212005108557
84306,S/3 PINK SQUARE PLANTERS ROSES,Other,3054,83.22,99.62245395520249,C,1,3054,78.00766283524905
23442,12 HANGING EGGS HAND PAINTED,Home Decor,3055,83.2,99.62360159990871,C,1,3055,78.03320561941251
90129A,PINK GLASS TASSLE BAG CHARM ,Bags & Packaging,3056,82.98,99.6247462099775,C,1,3056,78.05874840357599
21690,SILVER  CANDLEPOT JARDIN ,Home Decor,3057,82.5,99.62588419901913,C,1,3057,78.08429118773947
35968,FOLK ART METAL HEART T-LIGHT HOLDER,Home Decor,3058,82.10000000000001,99.62701667053813,C,1,3058,78.10983397190294
84228,HEN HOUSE WITH CHICK STANDING,Other,3059,82.045,99.62814838339776,C,1,3059,78.1353767560664
90108,BLUE BLOSSOM HAIR CLIP,Other,3060,81.96000000000001,99.62927892378384,C,1,3060,78.16091954022988
20664,TROPICAL HOLIDAY PURSE ,Other,3061,81.66,99.63040532602797,C,1,3061,78.18646232439336
84927E,FLOWERS TILE HOOK,Other,3062,80.16,99.63151103756223,C,1,3062,78.21200510855684
51020A,SUMMER FUN DESIGN SHOWER CAP,Home Decor,3063,79.78999999999999,99.63261164538808,C,1,3063,78.2375478927203
90129C,GREEN GLASS TASSLE BAG CHARM,Bags & Packaging,3064,79.76,99.63371183939972,C,1,3064,78.26309067688378
90162B,ANT SILVER LIME GREEN BOUDICCA RING,Accessories,3065,79.65,99.63481051609264,C,1,3065,78.28863346104725
35638B,PINK/BLUE STRING CURTAIN ,Accessories,3066,79.625,99.63590884794039,C,1,3066,78.31417624521073
35637C,PINK STRING CURTAIN WITH POLE,Accessories,3067,79.5,99.63700545556233,C,1,3067,78.3397190293742
75172,PAINTED SEA SHELL METAL WINDCHIME,Other,3068,79.385,99.63810047689651,C,1,3068,78.36526181353769
84984B,RED PEONY CUSHION COVER ,Textile,3069,79.05,99.63919087730548,C,1,3069,78.39080459770115
21278,VINTAGE KITCHEN PRINT PUDDINGS,Kitchen & Tableware,3070,79.05,99.64028127771446,C,1,3070,78.41634738186463
72811,SMALL ZINC/GLASS CANDLEHOLDER,Home Decor,3071,78.92999999999999,99.64137002286665,C,1,3071,78.44189016602809
90039D,FIRE POLISHED GLASS BRACELET GREEN,Accessories,3072,78.69,99.64245545750528,C,1,3072,78.46743295019158
16259,PIECE OF CAMO STATIONERY SET,Other,3073,78.38,99.64353661606384,C,1,3073,78.49297573435504
84881,BLUE WIRE SPIRAL CANDLE HOLDER,Home Decor,3074,78.3,99.6446166711179,C,1,3074,78.51851851851852
90000A,RASPBERRY ANT COPPER FLOWER NECKLAC,Other,3075,77.91,99.6456913465874,C,1,3075,78.544061302682
84249A,"GREETING CARD,SQUARE, DOUGHNUTS",Stationery,3076,77.31,99.64675774577294,C,1,3076,78.56960408684547
90129E,PURPLE GLASS TASSLE BAG CHARM,Bags & Packaging,3077,77.03999999999999,99.64782042063074,C,1,3077,78.59514687100894
20980,36 PENCILS TUBE POSY,Other,3078,76.91,99.64888130229367,C,1,3078,78.62068965517241
84531A,PINK KNITTED EGG COSY,Other,3079,76.69,99.64993914931915,C,1,3079,78.64623243933589
35916B,BLUE FELT HANGING HEART WITH FLOWER,Home Decor,3080,76.67999999999999,99.65099685840657,C,1,3080,78.67177522349937
21370,MIRRORED WALL ART FOXY,Home Decor,3081,76.6,99.65205346398946,C,1,3081,78.69731800766283
46000P,POLYESTER FILLER PAD 65CMx65CM,Other,3082,76.5,99.6531086901917,C,1,3082,78.7228607918263
85230F,JASMINE VOTIVE CANDLE,Home Decor,3083,76.49499999999999,99.65416384742491,C,1,3083,78.74840357598978
90099,NECKLACE+BRACELET SET BLUE HIBISCUS,Accessories,3084,76.38,99.65521741837036,C,1,3084,78.77394636015326
17096,ASSORTED LAQUERED INCENSE HOLDERS,Other,3085,76.315,99.65627009271839,C,1,3085,78.79948914431672
90177C,DROP DIAMANTE EARRINGS CRYSTAL,Accessories,3086,76.23,99.65732159459286,C,1,3086,78.8250319284802
16207B,PINK HEART RED HANDBAG,Home Decor,3087,76.14,99.65837185502473,C,1,3087,78.85057471264368
90175C,BLUE GLASS CHUNKY CHARM BRACELET,Accessories,3088,76.05,99.65942087401402,C,1,3088,78.87611749680715
21226,POCKET MIRROR WOODLAND,Other,3089,75.985,99.66046899640587,C,1,3089,78.90166028097063
90063B,BLACK VINT ART DEC CRYSTAL NECKLACE,Accessories,3090,75.91999999999999,99.6615162222003,C,1,3090,78.9272030651341
90058A,CRYSTAL STUD EARRINGS CLEAR DISPLAY,Accessories,3091,75.81,99.662561930676,C,1,3091,78.95274584929759
20798,CLEAR MILKSHAKE GLASS,Other,3092,75.60000000000001,99.66360474245234,C,1,3092,78.97828863346105
21946,PARTY TIME DESIGN FLANNEL,Home Decor,3093,75.35,99.66464410577701,C,1,3093,79.00383141762453
21413,PERIWINKLE T-LIGHT HOLDER,Other,3094,75.02,99.66567891714553,C,1,3094,79.02937420178799
84847,FLORAL BATHROOM SET,Other,3095,75.0,99.66671345263792,C,1,3095,79.05491698595148
22039,BOTANICAL LILY GIFT WRAP,Stationery,3096,74.97,99.66774757431611,C,1,3096,79.08045977011494
gift_0001_10,Dotcomgiftshop Gift Voucher £10.00,Other,3097,74.97,99.6687816959943,C,1,3097,79.10600255427842
84251G,"GREETING CARD, OVERCROWDED POOL.",Stationery,3098,74.7,99.66981209334472,C,1,3098,79.1315453384419
90118,PINK DAISY BAG CHARM,Bags & Packaging,3099,74.64,99.67084166306675,C,1,3099,79.15708812260537
85132b,CHARLIE AND LOLA TABLE TINS,Other,3100,74.60999999999999,99.67187081897458,C,1,3100,79.18263090676884
85198,ASSORTED FARMYARD ANIMALS IN BUCKET,Other,3101,74.58,99.67289956106822,C,1,3101,79.20817369093231
21087,SET/6 POSIES PAPER CUPS,Kitchen & Tableware,3102,74.57000000000001,99.67392816522378,C,1,3102,79.23371647509579
44234,ASSORTED CIRCULAR MOBILE,Other,3103,74.535,99.67495628659613,C,1,3103,79.25925925925927
90059A,DIAMANTE HAIR GRIP PACK/2 CRYSTAL,Bags & Packaging,3104,74.53,99.67598433899944,C,1,3104,79.28480204342273
20869,GOLD FABRIC MIRROR,Textile,3105,74.475,99.67701163274339,C,1,3105,79.3103448275862
90081A,LILY BROOCH AMETHYST COLOUR,Other,3106,74.25,99.67803582288084,C,1,3106,79.33588761174968
90086,CRYSTAL FROG PHONE CHARM,Accessories,3107,74.085,99.67905773704024,C,1,3107,79.36143039591316
84827,ASS DES PHONE SPONGE CRAFT STICKER,Stationery,3108,73.965,99.68007799594282,C,1,3108,79.38697318007662
90098,NECKLACE+BRACELET PINK BUTTERFLY,Accessories,3109,73.95,99.68109804793832,C,1,3109,79.4125159642401
90177D,DROP DIAMANTE EARRINGS PURPLE,Accessories,3110,73.53,99.68211230653506,C,1,3110,79.43805874840358
75178,ASSTD COL BUTTERFLY/CRYSTAL W/CHIME,Other,3111,73.34,99.68312394430856,C,1,3111,79.46360153256705
35638A,PINK AND BLACK STRING CURTAIN,Accessories,3112,73.325,99.68413537517495,C,1,3112,79.48914431673052
47518F,ICON PLACEMAT POP ART ELVIS,Other,3113,72.78,99.68513928841676,C,1,3113,79.514687100894
90214C,"LETTER ""C"" BLING KEY RING",Accessories,3114,72.77,99.68614306372051,C,1,3114,79.54022988505747
82615,PINK MARSHMALLOW SCARF KNITTING KIT,Other,3115,72.675,99.68714552861265,C,1,3115,79.56577266922095
90103,PURPLE FRANGIPANI NECKLACE,Accessories,3116,72.66,99.68814778659767,C,1,3116,79.59131545338441
84231,EASTER BUNNY WITH BASKET ON BACK,Other,3117,72.63,99.6891496307685,C,1,3117,79.61685823754789
20960,WATERMELON BATH SPONGE,Other,3118,72.49,99.69014954380641,C,1,3118,79.64240102171136
90030A,SPOTTED WHITE NATURAL SEED NECKLACE,Accessories,3119,72.0,99.69114269787912,C,1,3119,79.66794380587484
90036C,"FLOWER GLASS GARLAND NECKL.36""BLUE",Other,3120,71.4,99.69212757566788,C,1,3120,79.6934865900383
85197,SET OF 12 MINI BUNNIES IN A BUCKET,Other,3121,71.4,99.69311245345664,C,1,3121,79.7190293742018
20933,YELLOW POT PLANT CANDLE,Home Decor,3122,71.05,99.69409250341309,C,1,3122,79.74457215836526
90214S,"LETTER ""S"" BLING KEY RING",Accessories,3123,71.0,99.69507186367922,C,1,3123,79.77011494252874
90211A,DIAMOND LAS VEGAS NECKLACE 45CM,Accessories,3124,70.97,99.69605081013115,C,1,3124,79.7956577266922
47589,CONGRATULATIONS BUNTING,Other,3125,70.85,99.6970281013263,C,1,3125,79.82120051085569
84251B,"GREETING CARD, STICKY GORDON",Stationery,3126,70.78,99.69800442695498,C,1,3126,79.84674329501917
79337,BLUE FLOCK GLASS CANDLEHOLDER,Home Decor,3127,70.72,99.69897992495527,C,1,3127,79.87228607918263
84927A,WAKE UP COCKEREL TILE HOOK,Other,3128,70.45,99.69995169862779,C,1,3128,79.8978288633461
85026B,EAU DE NILE JEWELLED T-LIGHT HOLDER,Other,3129,70.27,99.70092098941512,C,1,3129,79.92337164750958
90051,CRACKED GLAZE NECKLACE RED,Accessories,3130,70.16,99.70188876288374,C,1,3130,79.94891443167306
16020C,CLEAR STATIONERY BOX SET ,Bags & Packaging,3131,69.89999999999999,99.70285294996265,C,1,3131,79.97445721583652
46126A,ELVIS WALLHANGING / CURTAIN,Home Decor,3132,69.84,99.70381630941316,C,1,3132,80.0
90199A,5 STRAND GLASS NECKLACE BLACK,Accessories,3133,69.63,99.7047767721643,C,1,3133,80.02554278416348
84549,CROCHET WHITE RABBIT KEYRING ,Accessories,3134,69.38,99.7057337864638,C,1,3134,80.05108556832695
90019C,SILVER BLACK ORBIT BRACELET,Accessories,3135,68.73,99.70668183478902,C,1,3135,80.07662835249042
85188B,PINK METAL SWINGING BUNNY,Other,3136,68.69999999999999,99.70762946930006,C,1,3136,80.1021711366539
84422,PINK/BLUE DISC/MIRROR STRING,Accessories,3137,68.085,99.70856862062004,C,1,3137,80.12771392081737
90194,SILVER LARIAT BLACK STONE EARRINGS,Accessories,3138,67.87,99.70950480627164,C,1,3138,80.15325670498085
90000B,MIDNIGHT BLUE COPPER FLOWER NECKLAC,Other,3139,67.83,99.71044044017094,C,1,3139,80.17879948914431
90155,RESIN NECKLACE W PASTEL BEADS,Accessories,3140,67.62,99.71137317737089,C,1,3140,80.20434227330779
84968e,SET OF 16 VINTAGE BLACK CUTLERY,Stationery,3141,67.6,99.71230563869469,C,1,3141,80.22988505747126
90178A,AMBER CHUNKY GLASS+BEAD NECKLACE,Accessories,3142,67.6,99.7132381000185,C,1,3142,80.25542784163474
90151,SILVER/NATURAL SHELL NECKLACE,Accessories,3143,67.6,99.7141705613423,C,1,3143,80.2809706257982
90148,LONG SILVER NECKLACE PASTEL FLOWER,Accessories,3144,67.6,99.7151030226661,C,1,3144,80.3065134099617
90196A,PURPLE GEMSTONE NECKLACE 45CM,Accessories,3145,67.6,99.71603548398991,C,1,3145,80.33205619412516
90124A,PINK MURANO TWIST NECKLACE,Accessories,3146,67.6,99.71696794531371,C,1,3146,80.35759897828864
84874B,BLUE TRAVEL FIRST AID KIT,Other,3147,67.50999999999999,99.71789916519492,C,1,3147,80.3831417624521
85049B,LUSH GREENS RIBBONS,Other,3148,67.5,99.71883024713807,C,1,3148,80.40868454661559
82011A,"BATHROOM SCALES, TROPICAL BEACH",Other,3149,67.5,99.71976132908122,C,1,3149,80.43422733077905
35916A,YELLOW FELT HANGING HEART W FLOWER,Home Decor,3150,67.39,99.72069089370564,C,1,3150,80.45977011494253
90144,SILVER DROP EARRINGS WITH FLOWER,Accessories,3151,67.36,99.72162004451589,C,1,3151,80.48531289910599
90024B,NEW BAROQUE B'FLY NECKLACE RED,Accessories,3152,67.08,99.72254533306028,C,1,3152,80.51085568326948
90040B,MURANO STYLE GLASS BRACELET BLACK,Accessories,3153,66.7,99.72346537995818,C,1,3153,80.53639846743295
85132a,CHARLIE + LOLA BISCUITS TINS,Other,3154,66.63999999999999,99.72438459922769,C,1,3154,80.56194125159642
84686,BEACH HUT MIRROR,Other,3155,66.39,99.72530037004555,C,1,3155,80.5874840357599
17011F,ORIGAMI SANDLEWOOD INCENSE+FLOWER,Other,3156,66.36,99.72621572704922,C,1,3156,80.61302681992338
37444A,YELLOW BREAKFAST CUP AND SAUCER,Kitchen & Tableware,3157,66.35000000000001,99.72713094611481,C,1,3157,80.63856960408684
16216,LETTER SHAPE PENCIL SHARPENER,Other,3158,66.34,99.72804602724234,C,1,3158,80.66411238825032
72807a,SET/3 ROSE CANDLE IN JEWELLED BOX,Home Decor,3159,66.32,99.72896083249375,C,1,3159,80.6896551724138
20663,QUEEN OF THE SKIES HOLIDAY PURSE ,Other,3160,66.26,99.72987481011675,C,1,3160,80.71519795657727
37479B,CUBIC MUG FLOCK BLUE ON BROWN,Kitchen & Tableware,3161,65.80499999999999,99.73078251155778,C,1,3161,80.74074074074075
90214L,"LETTER ""L"" BLING KEY RING",Accessories,3162,65.03999999999999,99.73167966073679,C,1,3162,80.76628352490421
84247N,PACK/12 BLUE FOLKART CARDS,Stationery,3163,64.9,99.73257487878287,C,1,3163,80.79182630906769
84247K,"FOLK ART GREETING CARD,pack/12",Stationery,3164,64.9,99.73347009682895,C,1,3164,80.81736909323116
84859B,BLUE DISCO HANDBAG,Bags & Packaging,3165,64.81,99.73436407343245,C,1,3165,80.84291187739464
90186B,CRYSTAL HOOP EARRING FLORAL LEAF,Accessories,3166,64.58,99.73525487746042,C,1,3166,80.8684546615581
90202D,PINK ENAMEL FLOWER HAIR TIE,Other,3167,64.46000000000001,99.73614402623163,C,1,3167,80.8939974457216
23447,PINK BUNNY EASTER EGG BASKET,Other,3168,64.42500000000001,99.73703269221959,C,1,3168,80.91954022988506
85008,SET OF 3 CONEY ISLAND OVAL BOXES,Bags & Packaging,3169,64.4,99.73792101336238,C,1,3169,80.94508301404854
90202A,PURPLE ENAMEL FLOWER HAIR TIE,Other,3170,64.28,99.7388076792484,C,1,3170,80.970625798212
21031,SPACE CADET BLACK,Other,3171,64.24,99.73969379338216,C,1,3171,80.99616858237549
84535A,ENGLISH ROSE NOTEBOOK A6 SIZE,Stationery,3172,64.13,99.74057839019717,C,1,3172,81.02171136653895
90036F,"FLOWER GLASS GARLD NECKL36""TURQUOIS",Other,3173,64.08,99.74146229732187,C,1,3173,81.04725415070243
18007,ESSENTIAL BALM 3.5g TIN IN ENVELOPE,Other,3174,63.870000000000005,99.74234330774719,C,1,3174,81.07279693486589
21692,SILVER LATTICE VANILLA CANDLE POT,Home Decor,3175,63.75,99.74322266291573,C,1,3175,81.09833971902938
84875D,BLUE SQUARE COMPACT MIRROR,Other,3176,63.75,99.74410201808426,C,1,3176,81.12388250319285
84673A,PINK FLY SWAT,Other,3177,63.72,99.7449809594386,C,1,3177,81.14942528735632
72133,COLUMBIAN CANDLE RECTANGLE,Home Decor,3178,63.51,99.74585700409355,C,1,3178,81.1749680715198
84691,PACK 20 DOLLY PEGS,Bags & Packaging,3179,63.26,99.74672960029686,C,1,3179,81.20051085568328
20835,FRENCH LATTICE CUSHION COVER ,Textile,3180,63.230000000000004,99.74760178268599,C,1,3180,81.22605363984674
62094B,TURQ ICE CREAM BUM BAG ,Bags & Packaging,3181,63.21,99.74847368919897,C,1,3181,81.25159642401022
90141A,GREEN PENDANT TRIPLE SHELL NECKLACE,Accessories,3182,63.11,99.74934421633131,C,1,3182,81.2771392081737
84452,METAL RABBIT LADDER EASTER ,Other,3183,62.9,99.75021184676426,C,1,3183,81.30268199233717
23446,BLUE BUNNY EASTER EGG BASKET,Other,3184,62.775000000000006,99.7510777529714,C,1,3184,81.32822477650063
17012E,ORIGAMI OPIUM INCENSE/CANDLE SET ,Home Decor,3185,62.64,99.75194179701464,C,1,3185,81.35376756066411
40046A,RED DAISY PAPER LAMPSHADE,Stationery,3186,62.5,99.75280390992496,C,1,3186,81.37931034482759
84760S,SMALL HANGING GLASS+ZINC LANTERN,Home Decor,3187,62.349999999999994,99.7536639537643,C,1,3187,81.40485312899106
72351a,SET/6 TURQUOISE BUTTERFLY T-LIGHTS,Other,3188,62.269999999999996,99.75452289409911,C,1,3188,81.43039591315453
84247L,FAWN AND MUSHROOM GREETING CARD,Stationery,3189,62.06,99.75537893773453,C,1,3189,81.455938697318
20848,ZINC HEART LATTICE CHARGER SMALL,Home Decor,3190,61.95,99.75623346405126,C,1,3190,81.48148148148148
90210B,CLEAR ACRYLIC FACETED BANGLE,Other,3191,61.56,99.75708261078341,C,1,3191,81.50702426564496
17038,PORCELAIN BUDAH INCENSE HOLDER,Other,3192,61.245000000000005,99.7579274124665,C,1,3192,81.53256704980842
90183B,AMETHYST DROP EARRINGS W LONG BEADS,Accessories,3193,61.08,99.7587699381715,C,1,3193,81.5581098339719
21655,HANGING RIDGE GLASS T-LIGHT HOLDER,Home Decor,3194,60.84,99.75960915336293,C,1,3194,81.58365261813537
90214K,"LETTER ""K"" BLING KEY RING",Accessories,3195,60.699999999999996,99.76044643742144,C,1,3195,81.60919540229885
84984D,ORIENTAL RED CUSHION COVER ,Textile,3196,60.45,99.7612802730283,C,1,3196,81.63473818646231
71496A,A4 WALL TIDY BLUE OFFICE,Home Decor,3197,60.29,99.76211190162613,C,1,3197,81.66028097062579
84805A,CREAM CLIMBING HYDRANGA ART FLOWER,Other,3198,60.0,99.76293953002003,C,1,3198,81.68582375478928
90031,BILI NUT AND WOOD NECKLACE,Accessories,3199,59.89,99.76376564109522,C,1,3199,81.71136653895275
22145,CHRISTMAS CRAFT HEART STOCKING ,Christmas,3200,59.85,99.76459120041814,C,1,3200,81.73690932311622
90206A,GOLD DIAMANTE STAR BROOCH,Other,3201,59.800000000000004,99.76541607005073,C,1,3201,81.7624521072797
23629,SET 10 CARDS DRESSING UP 17077,Stationery,3202,59.760000000000005,99.76624038793108,C,1,3202,81.78799489144318
84985A,SET OF 72 GREEN PAPER DOILIES,Stationery,3203,59.449999999999996,99.76706042973137,C,1,3203,81.81353767560664
21910,WAY OUT METAL SIGN ,Home Decor,3204,59.400000000000006,99.76787978184136,C,1,3204,81.83908045977012
23843,"PAPER CRAFT , LITTLE BIRDIE",Stationery,3205,59.28,99.76869747869455,C,1,3205,81.8646232439336
85067,CREAM SWEETHEART WALL CABINET,Home Decor,3206,59.15,99.76951338235288,C,1,3206,81.89016602809707
90181A,AMBER GLASS/SHELL/PEARL NECKLACE,Accessories,3207,59.14999999999999,99.77032928601122,C,1,3207,81.91570881226053
gift_0001_30,Dotcomgiftshop Gift Voucher £30.00,Other,3208,59.14999999999999,99.77114518966957,C,1,3208,81.94125159642401
79071B,ENGLISH ROSE METAL WASTE BIN,Other,3209,59.0,99.7719590242569,C,1,3209,81.96679438058749
90202C,GREEN ENAMEL FLOWER HAIR TIE,Other,3210,58.71,99.77276885864035,C,1,3210,81.99233716475096
20760,GARDEN PATH POCKET BOOK,Other,3211,58.65,99.7735778653954,C,1,3211,82.01787994891443
84798A,PINK FOXGLOVE ARTIIFCIAL FLOWER,Other,3212,58.64999999999999,99.77438687215046,C,1,3212,82.0434227330779
90190C,SILVER/AMETHYST DROP EARRINGS LEAF,Accessories,3213,58.43,99.77519284426806,C,1,3213,82.06896551724138
35819P,"ACRYLIC HANGING JEWEL,PINK",Home Decor,3214,58.425,99.77599874741662,C,1,3214,82.09450830140486
84877A,PINK ROUND COMPACT MIRROR,Other,3215,58.16,99.77680099520646,C,1,3215,82.12005108556832
72802a,ROSE SCENT CANDLE IN JEWELLED BOX,Home Decor,3216,58.03,99.77760144980145,C,1,3216,82.1455938697318
90082D,DIAMANTE BOW BROOCH BLACK COLOUR,Other,3217,58.03,99.77840190439643,C,1,3217,82.17113665389527
71406C,BLACK ORANGE SQUEEZER,Other,3218,57.96,99.77920139342494,C,1,3218,82.19667943805875
72051S,BAG OF SILVER STONES,Bags & Packaging,3219,57.765,99.77999819266118,C,1,3219,82.22222222222221
90087,CRYSTAL SEA HORSE PHONE CHARM,Accessories,3220,57.754999999999995,99.78079485395935,C,1,3220,82.24776500638569
90210A,GREY ACRYLIC FACETED BANGLE,Other,3221,57.55,99.78158868752718,C,1,3221,82.27330779054917
84466,TOP SECRET PEN SET,Other,3222,57.5,99.78238183140468,C,1,3222,82.29885057471265
84597C,RETRO PINK BALL ASHTRAY ,Other,3223,57.5,99.78317497528218,C,1,3223,82.32439335887611
72801G,4 BURGUNDY WINE DINNER CANDLES,Home Decor,3224,57.46,99.78396756740742,C,1,3224,82.3499361430396
85006,SET 4 NURSERY DES ROUND BOXES,Bags & Packaging,3225,57.25,99.78475726283328,C,1,3225,82.37547892720306
90214J,"LETTER ""J"" BLING KEY RING",Accessories,3226,57.21,99.78554640650687,C,1,3226,82.40102171136654
21460,GREEN EASTER EGG HUNT START POST,Other,3227,56.779999999999994,99.78632961884365,C,1,3227,82.42656449553
90199B,5 STRAND GLASS NECKLACE AMETHYST,Accessories,3228,56.59,99.78711021035717,C,1,3228,82.4521072796935
44236,PINK/PURPLE CIRCLE CURTAIN,Other,3229,56.52,99.78788983630423,C,1,3229,82.47765006385696
16161G,WRAP BAD HAIR DAY,Stationery,3230,56.4,99.78866780699451,C,1,3230,82.50319284802043
90003B,ROSE COLOUR PAIR HEART HAIR SLIDES,Home Decor,3231,56.31,99.78944453624219,C,1,3231,82.5287356321839
47341B,BLUE TABLE RUN FLOWER,Other,3232,56.25,99.79022043786149,C,1,3232,82.55427841634739
90038A,GLASS AND PAINTED BEADS BRACELET TO,Accessories,3233,56.15,99.79099496010014,C,1,3233,82.57982120051086
90050,CRACKED GLAZE NECKLACE IVORY,Accessories,3234,55.72,99.79176355100194,C,1,3234,82.60536398467433
16052,TEATIME PUSH DOWN RUBBER,Kitchen & Tableware,3235,55.64,99.79253103839922,C,1,3235,82.6309067688378
16046,TEATIME PEN CASE & PENS,Kitchen & Tableware,3236,55.24999999999999,99.79329314621195,C,1,3236,82.65644955300128
90023,FILIGREE DIAMANTE EARRINGS,Accessories,3237,55.02,99.79405208144915,C,1,3237,82.68199233716476
84750B,BLACK SMALL GLASS CAKE STAND,Kitchen & Tableware,3238,54.99,99.79481060287219,C,1,3238,82.70753512132822
44235,ASSORTED COLOURED CIRCLE MOBILE ,Other,3239,54.78,99.79556622759583,C,1,3239,82.7330779054917
90071,RUBY GLASS CLUSTER EARRINGS,Accessories,3240,54.62,99.79631964531043,C,1,3240,82.75862068965517
72132,COLUMBIAN CUBE CANDLE,Home Decor,3241,54.599999999999994,99.79707278714888,C,1,3241,82.78416347381865
21336,GOLD WASHBAG,Bags & Packaging,3242,54.57,99.79782551517314,C,1,3242,82.80970625798211
85160B,BLACK BIRD GARDEN DESIGN MUG,Home Decor,3243,54.559999999999995,99.79857810525934,C,1,3243,82.83524904214559
90040C,MURANO STYLE GLASS BRACELET GOLD,Accessories,3244,54.42,99.79932876421262,C,1,3244,82.86079182630907
20759,CHRYSANTHEMUM POCKET BOOK ,Other,3245,54.4,99.80007914728976,C,1,3245,82.88633461047255
90040A,MURANO STYLE GLASS BRACELET RED,Accessories,3246,54.29,99.80082801304819,C,1,3246,82.91187739463601
20793,BLUE TILED TRAY,Other,3247,54.0,99.80157287860271,C,1,3247,82.9374201787995
79323B,BLACK CHERRY LIGHTS,Other,3248,54.0,99.80231774415725,C,1,3248,82.96296296296296
84251C,"GREETING CARD, TWO SISTERS.",Stationery,3249,53.879999999999995,99.80306095445496,C,1,3249,82.98850574712644
51020B,STRIPY DESIGN SHOWER CAP,Home Decor,3250,53.605,99.8038003714559,C,1,3250,83.0140485312899
20851,ZINC HEART LATTICE TRAY OVAL ,Home Decor,3251,53.550000000000004,99.80453902979747,C,1,3251,83.0395913154534
20756,GREEN FERN POCKET BOOK,Other,3252,53.55,99.80527768813904,C,1,3252,83.06513409961686
47586A,PINK FAIRY CAKE CUSHION COVER,Kitchen & Tableware,3253,53.55,99.8060163464806,C,1,3253,83.09067688378033
90123B,TURQUOISE HEART OF GLASS BRACELET,Home Decor,3254,53.42,99.80675321162731,C,1,3254,83.1162196679438
90125C,TURQUOISE BERTIE GLASS BEAD CHARM,Accessories,3255,53.275,99.80748807667209,C,1,3255,83.14176245210729
90211B,JET BLACK LAS VEGAS NECKLACE 45CM,Accessories,3256,53.260000000000005,99.80822273480973,C,1,3256,83.16730523627075
90214E,"LETTER ""E"" BLING KEY RING",Accessories,3257,53.199999999999996,99.80895656531901,C,1,3257,83.19284802043423
20857,BLUE ROSE PATCH PURSE PINK BUTTERFL,Other,3258,52.8,99.80968487830565,C,1,3258,83.2183908045977
90163B,WHITE ROSEBUD & PEARL NECKLACE,Accessories,3259,52.72,99.81041208778775,C,1,3259,83.24393358876118
90168,2 DAISIES HAIR COMB,Other,3260,52.56,99.81113709026083,C,1,3260,83.26947637292464
84805B,BLUE CLIMBING HYDRANGA ART FLOWER,Other,3261,52.5,99.81186126510549,C,1,3261,83.29501915708812
90176D,DIAMANTE NECKLACE PURPLE,Accessories,3262,52.5,99.81258543995017,C,1,3262,83.3205619412516
84842,HELLO SAILOR BATHROOM SET,Other,3263,52.5,99.81330961479485,C,1,3263,83.34610472541507
90138,WHITE/PINK MINI CRYSTALS NECKLACE,Accessories,3264,52.42,99.814032686135,C,1,3264,83.37164750957854
90141C,TURQ PENDANT TRIPLE SHELL NECKLACE,Accessories,3265,52.31,99.81475424015642,C,1,3265,83.39719029374201
35265,COLOURFUL FLOWER FRUIT BOWL,Kitchen & Tableware,3266,52.2,99.81547427685912,C,1,3266,83.42273307790549
84927D,LA PALMIERA TILE HOOK,Other,3267,51.86,99.8161896236676,C,1,3267,83.44827586206897
81952V,ROUND PURPLE CLOCK WITH SUCKER,Other,3268,51.68,99.81690248759088,C,1,3268,83.47381864623243
85028S,FRENCH CHATEAU SMALL FRUITBOWL,Kitchen & Tableware,3269,51.599999999999994,99.81761424800965,C,1,3269,83.49936143039591
90205A,LARGE MINT DIAMANTE HAIRSLIDE,Other,3270,51.51,99.81832476698581,C,1,3270,83.5249042145594
84597B,RETRO BROWN BALL ASHTRAY ,Other,3271,51.25,99.81903169957228,C,1,3271,83.55044699872286
20910,VINTAGE PHOTO ALBUM PARIS DAYS,Stationery,3272,50.8,99.8197324249458,C,1,3272,83.57598978288634
84534B,FAIRY CAKE NOTEBOOK A5 SIZE,Kitchen & Tableware,3273,50.72,99.82043204681477,C,1,3273,83.6015325670498
84840,SWEETHEART CARRY-ALL BASKET,Home Decor,3274,50.699999999999996,99.82113139280763,C,1,3274,83.62707535121329
84632,DECORATIVE HANGING SHELVING UNIT,Home Decor,3275,50.699999999999996,99.82183073880049,C,1,3275,83.65261813537676
21763,VINTAGE WOODEN BAR STOOL,Stationery,3276,50.699999999999996,99.82253008479334,C,1,3276,83.67816091954023
90018C,SILVER BLACK ORBIT DROP EARRINGS,Accessories,3277,50.400000000000006,99.82322529264425,C,1,3277,83.7037037037037
17007B,S/3 POT POURI CUSHIONS BLUE COLOURS,Textile,3278,50.400000000000006,99.82392050049513,C,1,3278,83.72924648786719
47348A,FUSCHIA VOILE POINTY SHOE DEC,Other,3279,50.31,99.82461446690343,C,1,3279,83.75478927203065
44242B,PINK FEATHERS CURTAIN,Other,3280,50.28,99.82530801949753,C,1,3280,83.78033205619413
90214D,"LETTER ""D"" BLING KEY RING",Accessories,3281,49.9,99.82599633044514,C,1,3281,83.8058748403576
90214M,"LETTER ""M"" BLING KEY RING",Accessories,3282,49.82,99.82668353788821,C,1,3282,83.83141762452108
23603,SET 10 CARD KRAFT REINDEER 17084,Stationery,3283,49.800000000000004,99.82737046945516,C,1,3283,83.85696040868454
90079,VINTAGE ENAMEL & CRYSTAL NECKLACE,Stationery,3284,49.760000000000005,99.82805684926984,C,1,3284,83.88250319284802
20667,CHERRY BLOSSOM PURSE,Other,3285,49.69,99.82874226351808,C,1,3285,83.9080459770115
90202B,WHITE ENAMEL FLOWER HAIR TIE,Other,3286,49.65,99.82942712601405,C,1,3286,83.93358876117497
90142D,MOP PENDANT SHELL NECKLACE,Accessories,3287,49.64,99.83011185057194,C,1,3287,83.95913154533844
90157,RIVIERA NECKLACE,Accessories,3288,49.59,99.8307958854395,C,1,3288,83.98467432950191
21089,SET/6 GREEN SPRING PAPER CUPS,Kitchen & Tableware,3289,48.989999999999995,99.83147164402314,C,1,3289,84.01021711366539
90012A,MIDNIGHT BLUE DROP CRYSTAL NECKLACE,Accessories,3290,48.95,99.83214685085451,C,1,3290,84.03575989782887
90038B,GLASS AND PAINTED BEADS BRACELET OL,Accessories,3291,48.77,99.83281957480068,C,1,3291,84.06130268199233
84497,BUTTONS AND STRIPES NOTEBOOK ,Stationery,3292,48.75,99.83349202287074,C,1,3292,84.08684546615581
90002D,FLOWER BURST SILVER RING CRYSTAL,Accessories,3293,48.71,99.83416391918853,C,1,3293,84.11238825031928
20697,LITTLE GREEN MONSTER SOFT TOY,Toys & Kids,3294,48.449999999999996,99.83483222911661,C,1,3294,84.13793103448276
21720,CAKE SHOP  STICKER SHEET,Kitchen & Tableware,3295,48.449999999999996,99.8355005390447,C,1,3295,84.16347381864622
84559a,3D SHEET OF DOG STICKERS,Stationery,3296,48.379999999999995,99.83616788340632,C,1,3296,84.1890166028097
84510E,SET OF 4 GREEN CAROUSEL COASTERS,Other,3297,48.29,99.83683398632536,C,1,3297,84.21455938697318
90205C,LARGE CRYSTAL DIAMANTE HAIRSLIDE,Other,3298,48.209999999999994,99.83749898573987,C,1,3298,84.24010217113666
84402B,PURPLE DRESS JEWELLERY STAND,Other,3299,48.19,99.83816370927825,C,1,3299,84.26564495530012
90125B,AQUA BERTIE GLASS BEAD BAG CHARM,Bags & Packaging,3300,48.06,99.83882663962177,C,1,3300,84.2911877394636
21816,CHRISTMAS TREE T-LIGHT HOLDER,Christmas,3301,47.849999999999994,99.83948667326591,C,1,3301,84.31673052362707
90169,DAISY HAIR COMB,Other,3302,47.84,99.84014656897199,C,1,3302,84.34227330779055
90036A,FLOWER GARLAND NECKLACE RED,Accessories,3303,47.7,99.84080453354515,C,1,3303,84.36781609195401
90165B,WHITE ROSEBUD  PEARL EARRINGS,Accessories,3304,47.43,99.84145877379054,C,1,3304,84.3933588761175
72134,COLUMBIAN  CUBE CANDLE ,Home Decor,3305,47.28,99.84211094496494,C,1,3305,84.41890166028098
90065A,WHITE VINTAGE CRYSTAL BRACELET,Stationery,3306,47.25,99.84276270232515,C,1,3306,84.44444444444444
84706F,RED PEONY TABLE CLOCK,Other,3307,47.2,99.84341376999502,C,1,3307,84.46998722860792
84086B,YELLOW/BLUE RETRO RADIO,Other,3308,47.2,99.8440648376649,C,1,3308,84.4955300127714
84715,SET OF 6 ICE CREAM SKITTLES,Other,3309,47.2,99.8447159053348,C,1,3309,84.52107279693487
84750A,PINK SMALL GLASS CAKE STAND,Kitchen & Tableware,3310,46.8,99.84536145548203,C,1,3310,84.54661558109834
84857B,BLUE MONTE CARLO HANDBAG,Bags & Packaging,3311,46.8,99.84600700562929,C,1,3311,84.57215836526181
90190A,SILVER/CRYSTAL DROP EARRINGS W LEAF,Accessories,3312,46.76,99.84665200402428,C,1,3312,84.59770114942529
21392,RED POLKADOT PUDDING BOWL,Kitchen & Tableware,3313,46.39,99.84729189871084,C,1,3313,84.62324393358877
84801B,WHITE HYDRANGEA ART FLOWER,Other,3314,46.2,99.84792917257414,C,1,3314,84.64878671775223
85031A,ROMANTIC IMAGES SCRAP BOOK SET,Other,3315,45.9,99.8485623082955,C,1,3315,84.67432950191571
35815P,"ACRYLIC JEWEL SNOWFLAKE, PINK",Other,3316,45.42,99.84918882298969,C,1,3316,84.69987228607918
90064B,BLACK VINTAGE  CRYSTAL EARRINGS,Stationery,3317,45.0,99.84980954428512,C,1,3317,84.72541507024266
23625,SET 6 CARDS SPARKLY REINDEER 17262,Stationery,3318,44.910000000000004,99.85042902413797,C,1,3318,84.75095785440612
90141B,IVORY PENDANT TRIPLE SHELL NECKLACE,Accessories,3319,44.86,99.85104781430049,C,1,3319,84.7765006385696
85185D,FROG SOCK PUPPET,Other,3320,44.25000000000001,99.851658190241,C,1,3320,84.80204342273308
20670,VIP HOLIDAY PURSE,Other,3321,44.04,99.85226566948212,C,1,3321,84.82758620689656
90012B,BLACK DROP CRYSTAL NECKLACE,Accessories,3322,43.85000000000001,99.85287052790001,C,1,3322,84.85312899106002
47344B,BLUE FLOWER DES PURSE,Other,3323,43.66,99.85347276549464,C,1,3323,84.8786717752235
20698,LITTLE PINK MONSTER SOFT TOY,Toys & Kids,3324,43.349999999999994,99.85407072700923,C,1,3324,84.90421455938697
46138B,BLUE CHENILLE SHAGGY CUSHION COVER ,Textile,3325,43.15,99.85466592976253,C,1,3325,84.92975734355045
16151A,FLOWERS HANDBAG blue and orange,Bags & Packaging,3326,43.125,99.85526078767066,C,1,3326,84.95530012771391
23038,T-LIGHT HOLDER SILVER SAUCER,Other,3327,42.92,99.85585281784843,C,1,3327,84.9808429118774
84539,KNITTED RABBIT DOLL ,Toys & Kids,3328,42.9,99.8564445721501,C,1,3328,85.00638569604087
17014A,ORIGAMI VANILLA INCENSE CONES,Other,3329,42.84,99.85703549882334,C,1,3329,85.03192848020434
22987,WRAP SUMMER ROSE DESIGN,Home Decor,3330,42.84,99.85762642549659,C,1,3330,85.0574712643678
17084J,LOVE POTION MASALA INCENSE,Other,3331,42.735,99.85821590382015,C,1,3331,85.0830140485313
20818,GOLD TEDDY BEAR,Other,3332,42.7,99.85880489936049,C,1,3332,85.10855683269476
16254,TRANSPARENT ACRYLIC TAPE DISPENSER,Other,3333,42.58,99.85939223964405,C,1,3333,85.13409961685824
84922,PINK BUTTERFLY WASHBAG,Bags & Packaging,3334,42.29,99.8599755797237,C,1,3334,85.15964240102171
37444C,PINK BREAKFAST CUP AND SAUCER ,Kitchen & Tableware,3335,42.27,99.8605586439272,C,1,3335,85.18518518518519
84968a,SET OF 16 VINTAGE ROSE CUTLERY,Stationery,3336,42.25,99.86114143225457,C,1,3336,85.21072796934865
22764,"RUSTIC WOODEN CABINET, GLASS DOORS",Other,3337,42.25,99.86172422058196,C,1,3337,85.23627075351213
90180B,PURPLE AMETHYST NECKLACE W TASSEL,Accessories,3338,42.25,99.86230700890934,C,1,3338,85.26181353767561
90196B,BLACK GEMSTONE NECKLACE 45CM,Accessories,3339,42.25,99.86288979723672,C,1,3339,85.28735632183908
90035A,"PEARL & SHELL 42""NECKL. GREEN",Other,3340,42.25,99.8634725855641,C,1,3340,85.31289910600255
90024F,NEW BAROQUE B'FLY NECKLACE CRYSTAL,Accessories,3341,41.989999999999995,99.86405178750178,C,1,3341,85.33844189016602
90029,NEW BAROQUE SMALL NECKLACE BLACK,Accessories,3342,41.989999999999995,99.86463098943945,C,1,3342,85.3639846743295
90120D,WHITE MURANO TWIST BRACELET,Accessories,3343,41.79,99.8652074326158,C,1,3343,85.38952745849298
20666,ECONOMY HOLIDAY PURSE,Other,3344,41.53,99.86578028940247,C,1,3344,85.41507024265645
72807c,SET/3 VANILLA SCENTED CANDLE IN BOX,Home Decor,3345,41.449999999999996,99.8663520426846,C,1,3345,85.44061302681992
90059D,DIAMANTE HAIR GRIP PACK/2 PERIDOT,Bags & Packaging,3346,41.449999999999996,99.86692379596673,C,1,3346,85.4661558109834
90059E,DIAMANTE HAIR GRIP PACK/2 RUBY,Bags & Packaging,3347,41.37,99.86749444574433,C,1,3347,85.49169859514687
90039B,FIRE POLISHED GLASS BRACELET MONTAN,Accessories,3348,41.31,99.86806426789353,C,1,3348,85.51724137931035
90162C,ANT SILVER FUSCHIA BOUDICCA RING,Accessories,3349,41.300000000000004,99.86863395210467,C,1,3349,85.54278416347381
75013B,"STRING OF 8 BUTTERFLIES,PINK",Accessories,3350,41.25,99.86920294662549,C,1,3350,85.5683269476373
23448,CREAM BUNNY EASTER EGG BASKET,Other,3351,41.25,99.8697719411463,C,1,3351,85.59386973180077
84921,CREAM AND PINK FLOWERS PONY ,Other,3352,41.25,99.87034093566713,C,1,3352,85.61941251596424
90067A,PINK VINTAGE VICTORIAN EARRINGS,Stationery,3353,41.150000000000006,99.87090855080729,C,1,3353,85.6449553001277
90177E,DROP DIAMANTE EARRINGS GREEN,Accessories,3354,41.080000000000005,99.87147520038098,C,1,3354,85.6704980842912
90177B,DROP DIAMANTE EARRINGS BLACK DIAMON,Accessories,3355,41.010000000000005,99.87204088438823,C,1,3355,85.69604086845466
90182C,BLACK 3 BEAD DROP EARRINGS,Accessories,3356,40.96,99.87260587870513,C,1,3356,85.72158365261814
90130C,GREEN STONE/CRYSTAL EARRINGS,Accessories,3357,40.95,99.87317073508399,C,1,3357,85.74712643678161
90177A,CLASSIC DIAMANTE EARRINGS JET,Accessories,3358,40.900000000000006,99.87373490177251,C,1,3358,85.77266922094509
90214G,"LETTER ""G"" BLING KEY RING",Accessories,3359,40.199999999999996,99.87428941279643,C,1,3359,85.79821200510855
85092,CANDY SPOT TEA COSY,Kitchen & Tableware,3360,40.05,99.87484185474936,C,1,3360,85.82375478927203
90187B,GREEN DROP EARRINGS W BEAD CLUSTER,Accessories,3361,40.03,99.87539402082616,C,1,3361,85.8492975734355
71495B,CD WALL TIDY RED FLOWERS,Home Decor,3362,39.989999999999995,99.87594563515071,C,1,3362,85.87484035759898
90165A,PINK ROSEBUD PEARL EARRINGS,Accessories,3363,39.98,99.8764971115372,C,1,3363,85.90038314176245
72369A,PINK CLEAR GLASS CANDLE PLATE,Home Decor,3364,39.92,99.87704776029528,C,1,3364,85.92592592592592
10120,DOGGY RUBBER,Other,3365,39.69,99.87759523647786,C,1,3365,85.9514687100894
90135,ORANGE/WHT/FUSCHIA STONES NECKLACE,Accessories,3366,39.660000000000004,99.87814229884624,C,1,3366,85.97701149425288
84725,FREESTYLE CANVAS ART PICTURE,Other,3367,39.65,99.87868922327655,C,1,3367,86.00255427841634
84596f,SMALL MARSHMALLOWS PINK BOWL,Kitchen & Tableware,3368,39.36,99.87923214750296,C,1,3368,86.02809706257982
84575A,PINK DOG CANNISTER,Other,3369,39.3,99.87977424410097,C,1,3369,86.0536398467433
21307,SET/4 BUTTERFLY MIRROR MAGNETS,Other,3370,39.199999999999996,99.88031496131833,C,1,3370,86.07918263090677
35910A,MULTICOLOUR EASTER RABBIT ,Other,3371,39.0,99.88085291977438,C,1,3371,86.10472541507023
47341A,FUSCHIA TABLE RUN FLOWER ,Other,3372,38.75,99.88138742977878,C,1,3372,86.13026819923371
90064A,WHITE VINTAGE CRYSTAL EARRINGS,Stationery,3373,38.7,99.88192125009286,C,1,3373,86.15581098339719
21393,BLUE POLKADOT PUDDING BOWL,Kitchen & Tableware,3374,38.67,99.88245465659273,C,1,3374,86.18135376756067
85089,CANDY SPOT BUNNY,Other,3375,38.35,99.8829836490745,C,1,3375,86.20689655172413
84559b,3D SHEET OF CAT STICKERS,Stationery,3376,38.33,99.88351236568015,C,1,3376,86.2324393358876
84746,PINK EASTER HENS+FLOWER,Other,3377,38.31,99.88404080640966,C,1,3377,86.2579821200511
84925D,LA PALMIERA WALL THERMOMETER,Home Decor,3378,38.25,99.88456841951077,C,1,3378,86.28352490421456
90190B,GOLD/AMBER DROP EARRINGS W LEAF,Accessories,3379,38.18,99.88509506704543,C,1,3379,86.30906768837804
84033,FLAG OF ST GEORGE ,Other,3380,37.95,99.88561854200458,C,1,3380,86.33461047254151
84809B,PINK CHRYSANTHEMUMS ART FLOWER,Other,3381,37.8,99.88613994789274,C,1,3381,86.36015325670499
90199D,5 STRAND GLASS NECKLACE AMBER,Accessories,3382,37.620000000000005,99.88665887089573,C,1,3382,86.38569604086845
90212B,JET BLACK LAS VEGAS BRACELET ROUND,Accessories,3383,37.62,99.8871777938987,C,1,3383,86.41123882503193
79191D,RETRO PLASTIC DAISY TRAY,Other,3384,37.61,99.88769657896364,C,1,3384,86.4367816091954
17084A,TRANQUILITY MASALA INCENSE,Other,3385,37.485,99.88821363980274,C,1,3385,86.46232439335888
72709,IVORY SCULPTED RND CANDLE ,Home Decor,3386,37.39999999999999,99.88872952816827,C,1,3386,86.48786717752235
35809a,ENAMEL PINK TEA CONTAINER,Kitchen & Tableware,3387,37.33,99.88924445096737,C,1,3387,86.51340996168582
84509b,SET OF 4 FAIRY CAKE PLACEMATS,Kitchen & Tableware,3388,37.3,99.88975895995223,C,1,3388,86.5389527458493
84751B,BLACK MEDIUM GLASS CAKE STAND,Kitchen & Tableware,3389,37.11,99.89027084811389,C,1,3389,86.56449553001278
84522,PINK PARTY SUNGLASSES,Other,3390,36.76,99.89077790844321,C,1,3390,86.59003831417624
90214H,"LETTER ""H"" BLING KEY RING",Accessories,3391,36.76,99.89128496877254,C,1,3391,86.61558109833972
90085,CRYSTAL STILETTO PHONE CHARM,Accessories,3392,36.76,99.89179202910188,C,1,3392,86.6411238825032
90014C,SILVER AND BLACK ORBIT NECKLACE,Accessories,3393,36.75,99.89229895149315,C,1,3393,86.66666666666667
71510,SQUARE METAL CANDLEHOLDER BASE,Home Decor,3394,36.519999999999996,99.89280270130891,C,1,3394,86.69220945083013
84548,CROCHET BEAR RED/BLUE  KEYRING,Accessories,3395,36.3,99.89330341648723,C,1,3395,86.71775223499361
17090D,VANILLA INCENSE 40 CONES IN TIN,Other,3396,36.25,99.89380344197521,C,1,3396,86.74329501915709
85216,ASSORTED CAKES FRIDGE MAGNETS,Kitchen & Tableware,3397,35.75,99.89429657055992,C,1,3397,86.76883780332057
90094,NECKLACE+BRACELET SET FRUIT SALAD ,Accessories,3398,35.699999999999996,99.8947890094543,C,1,3398,86.79438058748403
35913B,WHITE/PINK CHICK EASTER DECORATION,Home Decor,3399,35.48,99.89527841371124,C,1,3399,86.8199233716475
90179C,BLACK FINE BEAD NECKLACE W TASSEL,Accessories,3400,35.44,99.89576726621591,C,1,3400,86.84546615581098
90123D,WHITE HEART OF GLASS BRACELET,Home Decor,3401,35.31,99.89625432552572,C,1,3401,86.87100893997446
90179A,AMBER FINE BEAD NECKLACE W TASSEL,Accessories,3402,35.31,99.89674138483554,C,1,3402,86.89655172413792
90011B,BLACK CRYSTAL DROP EARRINGS,Accessories,3403,35.27,99.89722789239309,C,1,3403,86.92209450830141
90060F,FIRE POLISHED GLASS NECKL GREEN,Other,3404,35.160000000000004,99.89771288263192,C,1,3404,86.94763729246488
90131,PINK/AMETHYST/GOLD NECKLACE,Accessories,3405,34.870000000000005,99.89819387266685,C,1,3405,86.97318007662835
90059F,DIAMANTE HAIR GRIP PACK/2 LT ROSE,Bags & Packaging,3406,34.69,99.8986723798166,C,1,3406,86.99872286079182
16049,TEATIME GEL PENS ASST,Kitchen & Tableware,3407,34.2,99.89914412800114,C,1,3407,87.0242656449553
gift_0001_50,Dotcomgiftshop Gift Voucher £50.00,Other,3408,33.8,99.89961035866304,C,1,3408,87.04980842911877
90074,BLACK DIAMOND CLUSTER NECKLACE,Accessories,3409,33.8,99.90007658932494,C,1,3409,87.07535121328225
84963A,PINK PAINTED KASHMIRI CHAIR,Other,3410,33.8,99.90054281998684,C,1,3410,87.10089399744572
90075,MONTANA DIAMOND CLUSTER NECKLACE,Accessories,3411,33.8,99.90100905064875,C,1,3411,87.1264367816092
20892,SET/3 TALL GLASS CANDLE HOLDER PINK,Home Decor,3412,33.8,99.90147528131065,C,1,3412,87.15197956577266
90056,CHUNKY CRACKED GLAZE NECKLACE IVORY,Accessories,3413,33.8,99.90194151197255,C,1,3413,87.17752234993614
90038C,GLASS AND BEADS BRACELET IVORY,Accessories,3414,33.69,99.90240622531573,C,1,3414,87.20306513409962
90026C,GLASS BEAD HOOP NECKLACE GREEN,Accessories,3415,33.67,99.90287066278279,C,1,3415,87.2286079182631
90024C,NEW BAROQUE B'FLY NECKLACE GREEN,Accessories,3416,33.67,99.90333510024983,C,1,3416,87.25415070242657
72783,BLACK SIL'T SQU CANDLE PLATE ,Home Decor,3417,33.6,99.90379857215042,C,1,3417,87.27969348659003
90129D,AMBER GLASS TASSLE BAG CHARM,Bags & Packaging,3418,33.440000000000005,99.90425983704196,C,1,3418,87.30523627075351
72807b,SET/3 OCEAN SCENT CANDLE JEWEL BOX,Home Decor,3419,33.16,99.90471723966768,C,1,3419,87.33077905491699
84679,CLASSICAL ROSE TABLE LAMP,Other,3420,32.7,99.90516829714235,C,1,3420,87.35632183908046
84226,HEN HOUSE W FAMILY IN BARN & NEST,Other,3421,32.69,99.90561921667897,C,1,3421,87.38186462324393
35610C,WHITE CHRISTMAS FLOCK DROPLET ,Christmas,3422,32.51,99.90606765333041,C,1,3422,87.4074074074074
15030,FAN BLACK FRAME ,Other,3423,32.335,99.9065136760657,C,1,3423,87.43295019157088
90186A,AMETHYST HOOP EARRING FLORAL LEAF,Accessories,3424,32.16,99.90695728488484,C,1,3424,87.45849297573436
37468,HARDMAN MUG 3 ASSORTED,Kitchen & Tableware,3425,32.03,99.90739910050912,C,1,3425,87.48403575989782
90036B,"FLOWER GLASS GARLAND NECKL.36""GREEN",Other,3426,31.8,99.90783774355789,C,1,3426,87.50957854406131
90049,IVORY GOLD METAL BAG CHARM,Bags & Packaging,3427,31.75,99.90827569691633,C,1,3427,87.53512132822478
23632,SET 10 CARDS CHEERFUL ROBIN 17065,Stationery,3428,31.200000000000003,99.90870606368118,C,1,3428,87.56066411238825
85018D,YULETIDE IMAGES S/6 PAPER BOXES,Stationery,3429,30.6,99.90912815416206,C,1,3429,87.58620689655172
44228,CANNABIS LEAF BEAD CURTAIN,Other,3430,30.599999999999998,99.90955024464296,C,1,3430,87.6117496807152
37471,MULTICOLOUR POLKADOT PLATE,Kitchen & Tableware,3431,30.43,99.90996999017673,C,1,3431,87.63729246487867
90176B,DIAMANTE NECKLACE BLACK ,Accessories,3432,30.12,99.91038545963048,C,1,3432,87.66283524904215
20878,SET/9 CHRISTMAS T-LIGHTS SCENTED ,Christmas,3433,30.0,99.91079927382744,C,1,3433,87.68837803320562
35610B,BLACK CHRISTMAS FLOCK DROPLET ,Christmas,3434,30.0,99.91121308802438,C,1,3434,87.7139208173691
90176E,DIAMANTE NECKLACE GREEN,Accessories,3435,29.98,99.91162662634522,C,1,3435,87.73946360153256
90039A,FIRE POLISHED GLASS BRACELET RED,Accessories,3436,29.96,99.91203988878992,C,1,3436,87.76500638569604
90122B,JADE CRYSTAL+GLASS BRACELET,Accessories,3437,29.93,99.91245273742041,C,1,3437,87.79054916985952
84660a,WHITE STITCHED WALL CLOCK,Home Decor,3438,29.84,99.91286434460831,C,1,3438,87.816091954023
47420,ASSORTED COLOUR SUCTION CUP HOOK,Kitchen & Tableware,3439,29.830000000000002,99.91327581385815,C,1,3439,87.84163473818646
90159,COTE D'AZURE NECKLACE,Accessories,3440,29.790000000000003,99.91368673135574,C,1,3440,87.86717752234993
90120A,PINK MURANO TWIST BRACELET,Accessories,3441,29.73,99.91409682122492,C,1,3441,87.89272030651341
90001D,ANTIQUE OLIVE GREEN FLOWER EARRINGS,Accessories,3442,29.73,99.91450691109411,C,1,3442,87.91826309067689
21757,LIGHTHOUSE PRINTED METAL SIGN,Home Decor,3443,29.700000000000003,99.9149165871491,C,1,3443,87.94380587484035
21040,MODERN VINTAGE COTTON SHOPPING BAG,Stationery,3444,29.7,99.91532626320408,C,1,3444,87.96934865900383
90214I,"LETTER ""I"" BLING KEY RING",Accessories,3445,29.62,99.91573483575455,C,1,3445,87.9948914431673
90162D,ANT SILVER PURPLE BOUDICCA RING,Accessories,3446,29.500000000000004,99.91614175304822,C,1,3446,88.02043422733078
17109D,FLOWER FAIRY INCENSE BOUQUET,Other,3447,29.5,99.9165486703419,C,1,3447,88.04597701149424
84465,15 PINK FLUFFY CHICKS IN BOX,Bags & Packaging,3448,29.5,99.91695558763557,C,1,3448,88.07151979565772
82605,OLD DOC RUSSEL METAL SIGN,Home Decor,3449,29.4,99.9173611255486,C,1,3449,88.09706257982121
84558a,3D DOG PICTURE PLAYING CARDS,Stationery,3450,29.310000000000002,99.91776542201902,C,1,3450,88.12260536398468
85030,FRENCH CHATEAU OVAL PLATTER,Kitchen & Tableware,3451,29.25,99.91816889086105,C,1,3451,88.14814814814815
90214N,"LETTER ""N"" BLING KEY RING",Accessories,3452,29.23,99.91857208382694,C,1,3452,88.17369093231162
21011,GLITTER SNOW PEAR TREE DECORATION,Home Decor,3453,28.999999999999996,99.91897210421735,C,1,3453,88.1992337164751
84199,GLOW IN DARK DOLPHINS,Other,3454,28.98,99.91937184873161,C,1,3454,88.22477650063857
46776f,WOVEN ROSE GARDEN CUSHION COVER ,Textile,3455,28.91,99.91977062767941,C,1,3455,88.25031928480205
90152A,SILVER/NAT SHELL NECKLACE W PENDANT,Accessories,3456,28.76,99.92016733755624,C,1,3456,88.27586206896552
84803B,WHITE ALLIUM  ARTIFICIAL FLOWER,Other,3457,28.73,99.92056363361885,C,1,3457,88.301404853129
84706D,CHERRY BLOSSOM TABLE CLOCK ,Other,3458,28.599999999999998,99.92095813648662,C,1,3458,88.32694763729246
79063C,"RETRO PILL BOX KEY CHAIN,THE KING",Bags & Packaging,3459,28.595,99.92135257038534,C,1,3459,88.35249042145594
90093,CLEAR CRYSTAL STAR PHONE CHARM,Accessories,3460,28.569999999999997,99.92174665943891,C,1,3460,88.37803320561942
90027D,GLASS BEAD HOOP EARRINGS AMETHYST,Accessories,3461,28.4,99.92213840354538,C,1,3461,88.4035759897829
17165D,ASS COL LARGE SAND FROG P'WEIGHT,Other,3462,28.35,99.92252945796149,C,1,3462,88.42911877394636
90195B,BLACK GEMSTONE BRACELET,Accessories,3463,28.299999999999997,99.92291982268728,C,1,3463,88.45466155810983
84798B,PURPLE FOXGLOVE ARTIIFCIAL FLOWER,Other,3464,28.05,99.92330673896144,C,1,3464,88.48020434227331
90005A,JADE GREEN ENAMEL HAIR COMB,Other,3465,28.02,99.92369324142139,C,1,3465,88.50574712643679
90214R,"LETTER ""R"" BLING KEY RING",Accessories,3466,28.009999999999998,99.92407960594328,C,1,3466,88.53128991060025
84613A,PINK NEW BAROQUE FLOCK CANDLESTICK,Home Decor,3467,27.9,99.92446445314644,C,1,3467,88.55683269476373
79066k,RETRO MOD TRAY,Other,3468,27.77,99.92484750715475,C,1,3468,88.5823754789272
81950B,FLOWER BLUE CLOCK WITH SUCKER,Other,3469,27.404999999999998,99.92522552642367,C,1,3469,88.60791826309068
23637,SET 10 CARDS OUT OF ORDER 17216,Stationery,3470,27.39,99.92560333878549,C,1,3470,88.63346104725414
23613,SET 10 XMAS CARDS & BADGES 17070,Christmas,3471,27.39,99.92598115114731,C,1,3471,88.65900383141762
79323P,PINK CHERRY LIGHTS,Other,3472,27.0,99.92635358392458,C,1,3472,88.6845466155811
84993a,75 GREEN PETIT FOUR CASES,Other,3473,26.56,99.92671994742693,C,1,3473,88.71008939974458
35598A,DUSTY PINK CHRISTMAS TREE 60CM,Christmas,3474,26.550000000000004,99.92708617299124,C,1,3474,88.73563218390804
84675,FROG KING WATERING CAN,Accessories,3475,26.55,99.92745239855554,C,1,3475,88.76117496807151
90059B,DIAMANTE HAIR GRIP PACK/2 BLACK DIA,Bags & Packaging,3476,26.52,99.92781821030565,C,1,3476,88.78671775223499
21836,GINGHAM OVEN GLOVE RED HEART ,Home Decor,3477,26.490000000000002,99.92818360824157,C,1,3477,88.81226053639847
72140E,BEST DAD CANDLE LETTERS,Home Decor,3478,26.349999999999998,99.92854707504455,C,1,3478,88.83780332056193
71495A,CD WALL TIDY BLUE OFFICE,Home Decor,3479,26.34,99.92891040390947,C,1,3479,88.86334610472542
90212C,PURPLE LAS VEGAS BRACELET ROUND,Accessories,3480,26.25,99.92927249133182,C,1,3480,88.88888888888889
23636,SET 10 CARDS WISHING TREE 17116,Stationery,3481,26.19,99.92963375112576,C,1,3481,88.91443167305236
85017C,ENVELOPE 50 CURIOUS IMAGES,Other,3482,26.17,99.92999473504356,C,1,3482,88.93997445721583
90183C,BLACK DROP EARRINGS W LONG BEADS,Accessories,3483,26.15,99.93035544308526,C,1,3483,88.96551724137932
37423,WHITE WITH BLACK CATS PLATE,Kitchen & Tableware,3484,25.575,99.93070821968817,C,1,3484,88.9910600255428
84963B,BLUE PAINTED KASHMIRI CHAIR,Other,3485,25.35,99.93105789268459,C,1,3485,89.01660280970626
gift_0001_40,Dotcomgiftshop Gift Voucher £40.00,Other,3486,25.349999999999998,99.93140756568101,C,1,3486,89.04214559386973
90136,PALE PINK/AMETHYST STONE NECKLACE,Accessories,3487,25.349999999999998,99.93175723867743,C,1,3487,89.06768837803321
35910B,PINK FLOWERS RABBIT EASTER,Other,3488,25.349999999999998,99.93210691167386,C,1,3488,89.09323116219669
DCGS0076,SUNJAR LED NIGHT NIGHT LIGHT,Other,3489,25.349999999999998,99.93245658467028,C,1,3489,89.11877394636015
84617,NEW BAROQUE BLACK BOXES,Bags & Packaging,3490,25.349999999999998,99.93280625766671,C,1,3490,89.14431673052363
84968d,SET OF 16 VINTAGE RED CUTLERY,Stationery,3491,25.349999999999998,99.93315593066313,C,1,3491,89.1698595146871
90026D,GLASS BEAD HOOP NECKLACE AMETHYST,Accessories,3492,25.349999999999998,99.93350560365955,C,1,3492,89.19540229885058
90037B,TINY CRYSTAL BRACELET GREEN,Accessories,3493,25.28,99.93385431108952,C,1,3493,89.22094508301404
90026B,GLASS BEAD HOOP NECKLACE MONTANA,Accessories,3494,25.22,99.9342021908911,C,1,3494,89.24648786717752
90013D,PURPLE VINTAGE EARRINGS,Stationery,3495,25.17,99.93454938100234,C,1,3495,89.272030651341
84596e,SMALL LICORICE DES PINK BOWL,Kitchen & Tableware,3496,25.099999999999998,99.93489560554713,C,1,3496,89.29757343550448
90033,IVORY SHELL HEART EARRINGS,Home Decor,3497,25.07,99.93524141627772,C,1,3497,89.32311621966794
90016C,SILVER/BLACK PENDANT ORBIT NECKLACE,Accessories,3498,24.96,99.93558570968958,C,1,3498,89.34865900383141
23620,SET 10 CARDS PERFECT POST 17090,Stationery,3499,24.900000000000002,99.93592917547306,C,1,3499,89.37420178799489
85115B,S/4 BLACK DISCO PARTITION PANEL,Other,3500,24.87,99.93627222744233,C,1,3500,89.39974457215837
85132c,CHARLIE AND LOLA FIGURES TINS,Other,3501,24.869999999999997,99.93661527941163,C,1,3501,89.42528735632183
15060b,FAIRY CAKE DESIGN UMBRELLA,Home Decor,3502,24.869999999999997,99.9369583313809,C,1,3502,89.45083014048532
85034a,3 GARDENIA MORRIS BOXED CANDLES,Home Decor,3503,24.869999999999997,99.93730138335017,C,1,3503,89.47637292464879
90059C,DIAMANTE HAIR GRIP PACK/2 MONTANA,Bags & Packaging,3504,24.79,99.93764333181493,C,1,3504,89.50191570881226
90214B,"LETTER ""B"" BLING KEY RING",Accessories,3505,24.77,99.93798500440354,C,1,3505,89.52745849297573
20820,SILVER LOOKING MIRROR,Other,3506,24.75,99.93832640111603,C,1,3506,89.55300127713922
84854,GIRLY PINK TOOL SET,Other,3507,24.75,99.93866779782851,C,1,3507,89.57854406130268
20778,GARDEN PATH NOTEBOOK ,Stationery,3508,24.75,99.939009194541,C,1,3508,89.60408684546616
90141E,ORANGE PENDANT TRIPLE SHELL NECKLAC,Other,3509,24.75,99.9393505912535,C,1,3509,89.62962962962962
79406,FROSTED WHITE BASE ,Other,3510,24.55,99.93968922920466,C,1,3510,89.65517241379311
81952B,ROUND BLUE CLOCK WITH SUCKER,Other,3511,24.415,99.94002600499195,C,1,3511,89.68071519795657
84993B,75 BLACK PETIT FOUR CASES,Other,3512,24.36,99.94036202211988,C,1,3512,89.70625798212005
17136A,BLUE STONES ON WIRE FOR CANDLE,Home Decor,3513,24.189999999999998,99.9406956943007,C,1,3513,89.73180076628353
90076,MONTANA DIAMOND CLUSTER EARRINGS,Accessories,3514,24.12,99.94102840091507,C,1,3514,89.757343550447
21461,BLUE EASTER EGG HUNT START POST,Other,3515,23.86,99.94135752113972,C,1,3515,89.78288633461047
47503J,SET/3 FLORAL GARDEN TOOLS IN BAG,Bags & Packaging,3516,23.85,99.94168650342628,C,1,3516,89.80842911877394
84562A,PINK/WHITE RIBBED MELAMINE JUG,Other,3517,23.85,99.94201548571286,C,1,3517,89.83397190293742
21357,TOAST ITS - DINOSAUR,Other,3518,23.75,99.94234308861878,C,1,3518,89.8595146871009
35909B,PINK FLOWERS RABBIT EASTER,Other,3519,23.6,99.94266862245372,C,1,3519,89.88505747126436
35909A,RABBIT EASTER DECORATION,Home Decor,3520,23.6,99.94299415628866,C,1,3520,89.91060025542784
90083,CRYSTAL CZECH CROSS PHONE CHARM,Accessories,3521,23.47,99.94331789692875,C,1,3521,89.93614303959131
90176C,DIAMANTE NECKLACE,Accessories,3522,23.32,99.94363956849784,C,1,3522,89.96168582375479
90043,COPPER AND BRASS BAG CHARM,Bags & Packaging,3523,23.299999999999997,99.94396096419081,C,1,3523,89.98722860791827
23623,SET 10 CARD CHRISTMAS WELCOME 17112,Christmas,3524,23.28,99.94428208400765,C,1,3524,90.01277139208173
90182A,AMBER 3 BEAD DROP EARRINGS,Accessories,3525,23.2,99.94460210031997,C,1,3525,90.03831417624522
90104,PURPLE FRANGIPANI HAIRCLIP,Other,3526,23.16,99.94492156488002,C,1,3526,90.06385696040869
85195,HANGING HEART BASKET,Home Decor,3527,23.1,99.94524020181167,C,1,3527,90.08939974457216
85206B,PINK FELT EASTER EGG BASKET,Other,3528,23.099999999999998,99.94555883874332,C,1,3528,90.11494252873563
22351,DOTCOMGIFTSHOP TEA TOWEL,Kitchen & Tableware,3529,23.09,99.94587733773692,C,1,3529,90.14048531289912
21785,RAIN PONCHO ,Other,3530,22.735,99.94619093992918,C,1,3530,90.16602809706258
90054,CRACKED GLAZE EARRINGS RED,Accessories,3531,22.58,99.94650240408141,C,1,3531,90.19157088122606
90188,DROP EARRINGS W FLOWER & LEAF,Accessories,3532,22.58,99.94681386823366,C,1,3532,90.21711366538952
90039C,FIRE POLISHED GLASS BRACELET BLACK,Accessories,3533,22.48,99.94712395300526,C,1,3533,90.24265644955301
90176A,CLASSIC DIAMANTE NECKLACE JET,Accessories,3534,22.48,99.94743403777684,C,1,3534,90.26819923371647
23640,SET 10 CARDS SCOTTIE DOG 17211,Stationery,3535,22.410000000000004,99.94774315698197,C,1,3535,90.29374201787995
23645,SET 10 CHRISTMAS CARDS HOHOHO 16956,Christmas,3536,22.410000000000004,99.9480522761871,C,1,3536,90.31928480204343
21018,BIRD BOX CHRISTMAS TREE DECORATION,Christmas,3537,22.06,99.94835656755993,C,1,3537,90.3448275862069
35816P,"ACRYLIC JEWEL ANGEL,PINK",Other,3538,21.66,99.94865534141013,C,1,3538,90.37037037037037
84551,CROCHET DOG KEYRING,Accessories,3539,21.45,99.94895121856095,C,1,3539,90.39591315453384
84387A,BIRD ON BRANCH CANVAS SCREEN,Other,3540,21.45,99.94924709571178,C,1,3540,90.42145593869732
20695,FLORAL BLUE MONSTER,Other,3541,21.25,99.94954021410129,C,1,3541,90.4469987228608
90001B,ANTIQUE MID BLUE FLOWER EARRINGS,Accessories,3542,21.15,99.94983195311016,C,1,3542,90.47254150702426
90001C,ANTIQUE OPAL WHITE FLOWER EARRINGS,Accessories,3543,21.130000000000003,99.95012341624287,C,1,3543,90.49808429118774
90125E,AMBER BERTIE GLASS BEAD BAG CHARM,Bags & Packaging,3544,21.05,99.95041377587107,C,1,3544,90.52362707535121
16169P,WRAP GREEN RUSSIAN FOLKART ,Stationery,3545,21.0,99.95070344580894,C,1,3545,90.54916985951469
23692,WRAP A PRETTY THANK YOU,Stationery,3546,21.0,99.95099311574681,C,1,3546,90.57471264367815
90001A,ANTIQUE RASPBERRY FLOWER EARRINGS,Accessories,3547,20.950000000000003,99.95128209599436,C,1,3547,90.60025542784163
47518f,ICON PLACEMAT POP ART ELVIS,Other,3548,20.73,99.95156804160446,C,1,3548,90.62579821200511
46776a,WOVEN BUBBLE GUM CUSHION COVER,Textile,3549,20.65,99.95185288371003,C,1,3549,90.65134099616859
90141D,ROSE PENDANT TRIPLE SHELL NECKLACE,Accessories,3550,20.36,99.9521337256117,C,1,3550,90.67688378033205
90214P,"LETTER ""P"" BLING KEY RING",Accessories,3551,20.229999999999997,99.95241277431852,C,1,3551,90.70242656449552
79063D,"RETRO PILL BOX , REVOLUTIONARY",Bags & Packaging,3552,20.085,99.95268982292339,C,1,3552,90.727969348659
84415B,BLUE FLOCK CUSHION COVER ,Textile,3553,20.0,99.9529656990547,C,1,3553,90.75351213282248
23601,SET 10 CARDS SNOWY SNOWDROPS  17100,Stationery,3554,19.92,99.95324047168147,C,1,3554,90.77905491698594
23616,SET 10 CARDS JINGLE BELLS 17217,Stationery,3555,19.92,99.95351524430825,C,1,3555,90.80459770114942
23646,SET 10 CARDS JINGLE BELLS 16957,Stationery,3556,19.92,99.95379001693503,C,1,3556,90.83014048531291
35817P,PINK ACRYLIC JEWEL SNOWFLAKE,Other,3557,19.86,99.95406396193341,C,1,3557,90.85568326947637
37491A,YELLOW/PINK CERAMIC CANDLE HOLDER,Home Decor,3558,19.81,99.95433721724146,C,1,3558,90.88122605363985
90156,RESIN BRACELET W PASTEL BEADS,Accessories,3559,19.8,99.95461033461146,C,1,3559,90.90676883780333
85024C,PINK SMALL JEWELLED PHOTOFRAME,Other,3560,19.799999999999997,99.95488345198144,C,1,3560,90.9323116219668
85028L,FRENCH CHATEAU LARGE FRUIT BOWL ,Kitchen & Tableware,3561,19.5,99.95515243120946,C,1,3561,90.95785440613027
79062D,"RETRO TIN ASHTRAY,REVOLUTIONARY",Other,3562,19.4,99.95542003105683,C,1,3562,90.98339719029374
85047,WHITE BEADED GARLAND STRING 20LIGHT,Accessories,3563,19.049999999999997,99.9556828030719,C,1,3563,91.00893997445722
21538,DAIRY MAID  PUDDING BOWL,Kitchen & Tableware,3564,18.75,99.955941436945,C,1,3564,91.0344827586207
21416,CLAM SHELL LARGE,Other,3565,18.75,99.95620007081808,C,1,3565,91.06002554278416
84856S,SMALL TAHITI BEACH BAG,Bags & Packaging,3566,18.6,99.9564566356202,C,1,3566,91.08556832694764
90041,PEARL AND CHERRY QUARTZ BRACLET,Other,3567,18.27,99.95670864846615,C,1,3567,91.11111111111111
35607B,BLACK FEATHER CHRISTMAS DECORATION,Christmas,3568,18.240000000000002,99.95696024749789,C,1,3568,91.13665389527459
72821,CUPID SCENTED CANDLE IN GLASS,Home Decor,3569,18.15,99.95721060508706,C,1,3569,91.16219667943805
90060D,FIRE POLISHED GLASS NECKL BRONZE,Other,3570,17.85,99.95745682453425,C,1,3570,91.18773946360153
21661,VINTAGE GLASS TEA CADDY,Kitchen & Tableware,3571,17.85,99.95770304398143,C,1,3571,91.21328224776501
20935,ROUND CACTUS CANDLE,Home Decor,3572,17.700000000000003,99.95794719435763,C,1,3572,91.23882503192849
90162A,ANT SILVER TURQUOISE BOUDICCA RING,Accessories,3573,17.700000000000003,99.95819134473383,C,1,3573,91.26436781609195
90027A,GLASS BEAD HOOP EARRINGS BLACK,Accessories,3574,17.66,99.95843494335779,C,1,3574,91.28991060025542
90179B,PURPLE FINE BEAD NECKLACE W TASSEL,Accessories,3575,17.59,99.95867757641527,C,1,3575,91.3154533844189
84596b,SMALL DOLLY MIX DESIGN ORANGE BOWL,Home Decor,3576,17.57,99.95891993359662,C,1,3576,91.34099616858238
90011A,MIDNIGHT BLUE CRYSTAL DROP EARRINGS,Accessories,3577,17.509999999999998,99.95916146314957,C,1,3577,91.36653895274584
79331,PINK FLOCK GLASS CANDLEHOLDER,Home Decor,3578,17.5,99.95940285476446,C,1,3578,91.39208173690932
90130A,WHITE STONE/CRYSTAL EARRINGS,Accessories,3579,17.5,99.95964424637936,C,1,3579,91.4176245210728
35597D,PINK/WHITE CHRISTMAS TREE 30CM,Christmas,3580,17.479999999999997,99.95988536211811,C,1,3580,91.44316730523627
23627,SET 10 CARDS XMAS GRAPHIC  17218,Christmas,3581,17.43,99.96012578816655,C,1,3581,91.46871008939974
20827,GOLD APERITIF GLASS,Other,3582,17.355,99.96036517967948,C,1,3582,91.49425287356323
90214Y,"LETTER ""Y"" BLING KEY RING",Accessories,3583,17.185,99.96060222624531,C,1,3583,91.51979565772669
37489D,PINK/GREEN FLOWER DESIGN BIG MUG,Home Decor,3584,17.16,99.96083892796598,C,1,3584,91.54533844189017
35645,VINTAGE BEAD PINK JEWEL BOX,Stationery,3585,17.0,99.96107342267759,C,1,3585,91.57088122605363
47574B,ENGLISH ROSE SCENTED HANGING HEART,Home Decor,3586,17.0,99.96130791738919,C,1,3586,91.59642401021712
44092C,PURPLE/COPPER HANGING LAMPSHADE,Home Decor,3587,17.0,99.9615424121008,C,1,3587,91.62196679438058
85084,HOLLY TOP CHRISTMAS STOCKING,Christmas,3588,17.0,99.9617769068124,C,1,3588,91.64750957854406
85126,LARGE ROUND CUTGLASS CANDLESTICK,Home Decor,3589,16.9,99.96201002214336,C,1,3589,91.67305236270752
84968B,SET OF 16 VINTAGE IVORY CUTLERY,Stationery,3590,16.9,99.96224313747433,C,1,3590,91.69859514687101
S,SAMPLES,Other,3591,16.9,99.96247625280527,C,1,3591,91.72413793103448
21595,Dad's Cab Electronic Meter,Other,3592,16.9,99.96270936813623,C,1,3592,91.74968071519795
20954,*USB Office Mirror Ball,Other,3593,16.9,99.96294248346719,C,1,3593,91.77522349936143
85035a,GARDENIA 3 WICK MORRIS BOXED CANDLE,Home Decor,3594,16.9,99.96317559879814,C,1,3594,91.80076628352491
84873A,FUNKY FLOWER PICNIC BAG FOR 4,Bags & Packaging,3595,16.9,99.96340871412912,C,1,3595,91.82630906768838
90034,WHITE SILVER NECKLACE SHELL GLASS,Accessories,3596,16.9,99.96364182946006,C,1,3596,91.85185185185185
90026A,GLASS BEAD HOOP NECKLACE BLACK,Accessories,3597,16.9,99.96387494479102,C,1,3597,91.87739463601532
21681,GIANT MEDINA STAMPED METAL BOWL ,Kitchen & Tableware,3598,16.9,99.96410806012199,C,1,3598,91.9029374201788
21667,GLASS CAKE COVER AND PLATE,Kitchen & Tableware,3599,16.9,99.96434117545293,C,1,3599,91.92848020434228
84824,DANISH ROSE UMBRELLA STAND,Other,3600,16.9,99.96457429078389,C,1,3600,91.95402298850574
90035C,"PEARL & SHELL 42""NECKL. IVORY",Other,3601,16.9,99.96480740611486,C,1,3601,91.97956577266922
47570b,TEA TIME TABLE CLOTH,Kitchen & Tableware,3602,16.9,99.9650405214458,C,1,3602,92.0051085568327
21144,PINK POODLE HANGING DECORATION ,Home Decor,3603,16.8,99.9652722573961,C,1,3603,92.03065134099617
37489B,BLUE/YELLOW FLOWER DESIGN BIG MUG,Home Decor,3604,16.77,99.96550357953218,C,1,3604,92.05619412515964
90024D,NEW BAROQUE B'FLY NECKLACE PINK,Accessories,3605,16.77,99.96573490166828,C,1,3605,92.08173690932313
90024E,NEW BAROQUE B'FLY NECKLACE MONTANA,Accessories,3606,16.77,99.96596622380439,C,1,3606,92.10727969348659
23644,SET 10 CARDS CHRISTMAS TREE 16955,Christmas,3607,16.65,99.9661958906837,C,1,3607,92.13282247765007
85036a,GARDENIA 1 WICK MORRIS BOXED CANDLE,Home Decor,3608,16.58,99.96642459199656,C,1,3608,92.15836526181353
90137,PINK COMBO MINI CRYSTALS NECKLACE,Accessories,3609,16.310000000000002,99.96664956898161,C,1,3609,92.18390804597702
35647,VINTAGE BEAD PINK SHADE ,Stationery,3610,16.25,99.9668737183383,C,1,3610,92.20945083014048
16248B,BLUE HOLE PUNCH,Other,3611,16.25,99.96709786769499,C,1,3611,92.23499361430396
90214V,"LETTER ""V"" BLING KEY RING",Accessories,3612,15.979999999999999,99.9673182927239,C,1,3612,92.26053639846742
72815,3 WICK CHRISTMAS BRIAR CANDLE ,Christmas,3613,15.95,99.96753830393862,C,1,3613,92.28607918263091
85136B,BLUE SHARK HELICOPTER,Other,3614,15.9,99.96775762546302,C,1,3614,92.31162196679438
84795C,OCEAN STRIPE HAMMOCK ,Other,3615,15.9,99.96797694698742,C,1,3615,92.33716475095785
78034B,BLUE NETTING STORAGE HANGER,Other,3616,15.6,99.96819213036981,C,1,3616,92.36270753512133
20816,GOLD FLOWER CUSHION COVER ,Textile,3617,15.6,99.96840731375222,C,1,3617,92.38825031928481
90214F,"LETTER ""F"" BLING KEY RING",Accessories,3618,15.429999999999998,99.96862015218753,C,1,3618,92.41379310344827
90132,LIGHT TOPAZ TEAL/AQUA COL NECKLACE,Kitchen & Tableware,3619,15.16,99.96882926629506,C,1,3619,92.43933588761175
72024U,LILAC VOTIVE CANDLE,Home Decor,3620,15.120000000000001,99.96903782865033,C,1,3620,92.46487867177522
90140,PINK SWEETIE NECKLACE,Accessories,3621,15.120000000000001,99.9692463910056,C,1,3621,92.4904214559387
84660b,BLACK STITCHED WALL CLOCK,Home Decor,3622,15.08,99.9694544016086,C,1,3622,92.51596424010216
35610A,PINK CHRISTMAS FLOCK DROPLET ,Christmas,3623,15.02,99.9696615845832,C,1,3623,92.54150702426564
90189A,SILVER 2 STRAND NECKLACE-LEAF CHARM,Accessories,3624,15.0,99.96986849168168,C,1,3624,92.56704980842912
90069,RUBY GLASS CLUSTER NECKLACE,Accessories,3625,15.0,99.97007539878015,C,1,3625,92.5925925925926
90078,PINK/WHITE GLASS DEMI CHOKER,Other,3626,15.0,99.97028230587863,C,1,3626,92.61813537675606
23449,SET OF 6 EASTER RAINBOW CHICKS,Other,3627,15.0,99.97048921297711,C,1,3627,92.64367816091954
84462,3 PINK HEN+CHICKS IN BASKET,Other,3628,15.0,99.9706961200756,C,1,3628,92.66922094508303
84705C,PINK FLOCK PHOTO FRAME ,Other,3629,15.0,99.97090302717407,C,1,3629,92.69476372924649
84415A,PINK FLOCK SUEDE CUSHION COVER ,Textile,3630,15.0,99.97110993427255,C,1,3630,92.72030651340997
17191A,ROSE FLOWER CANDLE+INCENSE 16X16CM,Home Decor,3631,15.0,99.97131684137102,C,1,3631,92.74584929757343
90025F,BAROQUE BUTTERFLY EARRINGS CRYSTAL,Accessories,3632,14.96,99.97152319671724,C,1,3632,92.77139208173692
23621,SET 10 CARDS DAVID'S MADONNA 17074,Stationery,3633,14.940000000000001,99.97172927618733,C,1,3633,92.79693486590038
84509g,SET OF 4 FAIRY CAKE PLACEMATS ,Kitchen & Tableware,3634,14.92,99.97193507978128,C,1,3634,92.82247765006386
90046,WHITE WITH METAL BAG CHARM,Bags & Packaging,3635,14.85,99.97213991780878,C,1,3635,92.84802043422732
85031C,CURIOUS IMAGES SCRAP BOOK SET,Other,3636,14.85,99.97234475583626,C,1,3636,92.87356321839081
90048,GREEN WITH METAL BAG CHARM,Bags & Packaging,3637,14.85,99.97254959386375,C,1,3637,92.89910600255428
84989A,75 GREEN FAIRY CAKE CASES,Kitchen & Tableware,3638,14.85,99.97275443189125,C,1,3638,92.92464878671775
84593,CROCHET ROSE DES CLOTHES HANGER,Other,3639,14.750000000000002,99.97295789053807,C,1,3639,92.95019157088123
23634,SET 10 CARDS XMAS CHOIR 17068,Christmas,3640,14.55,99.9731585904236,C,1,3640,92.97573435504471
90027C,GLASS BEAD HOOP EARRINGS GREEN,Accessories,3641,14.5,99.9733586006188,C,1,3641,93.00127713920817
90182B,AMETHYST 3 BEAD DROP EARRINGS,Accessories,3642,14.5,99.97355861081398,C,1,3642,93.02681992337165
16202B,PASTEL BLUE PHOTO ALBUM ,Other,3643,14.5,99.97375862100918,C,1,3643,93.05236270753512
23702,High Resolution Image,Other,3644,14.45,99.97395794151406,C,1,3644,93.0779054916986
37489A,YELLOW/PINK FLOWER DESIGN BIG MUG,Home Decor,3645,14.43,99.97415698614279,C,1,3645,93.10344827586206
84856L,LARGE TAHITI BEACH BAG,Bags & Packaging,3646,14.399999999999999,99.97435561695734,C,1,3646,93.12899106002554
47593A,CAROUSEL PONIES BABY BIB,Toys & Kids,3647,14.37,99.97455383395767,C,1,3647,93.15453384418902
90052,CRACKED GLAZE NECKLACE BROWN,Accessories,3648,14.14,99.9747488783825,C,1,3648,93.1800766283525
62043B,BLUE CHECK BAG W HANDLE 34X20CM,Bags & Packaging,3649,14.110000000000001,99.97494350899314,C,1,3649,93.20561941251596
90089,PINK CRYSTAL SKULL PHONE CHARM,Accessories,3650,13.94,99.97513579465667,C,1,3650,93.23116219667943
16033,MINI HIGHLIGHTER PENS,Other,3651,13.68,99.97532449393047,C,1,3651,93.25670498084291
79336,LIGHT PINK FLOCK GLASS CANDLEHOLDER,Home Decor,3652,13.679999999999998,99.97551319320428,C,1,3652,93.28224776500639
37489C,GREEN/BLUE FLOWER DESIGN BIG MUG,Home Decor,3653,13.65,99.97570147866391,C,1,3653,93.30779054916985
85017A,ENVELOPE 50 ROMANTIC IMAGES,Other,3654,13.58,99.97588879855705,C,1,3654,93.33333333333333
90065B,BLACK VINT ART DEC CRYSTAL BRACELET,Accessories,3655,13.5,99.97607501494569,C,1,3655,93.3588761174968
90214T,"LETTER ""T"" BLING KEY RING",Accessories,3656,13.459999999999999,99.97626067958205,C,1,3656,93.38441890166028
84745A,PINK HANGING GINGHAM EASTER HEN,Home Decor,3657,13.44,99.9764460683423,C,1,3657,93.40996168582375
84745B,BLUE HANGING GINGHAM EASTER HEN,Home Decor,3658,13.44,99.97663145710254,C,1,3658,93.43550446998722
23639,SET 10 CARDS MAGICAL TREE 17086,Stationery,3659,13.32,99.97681519060599,C,1,3659,93.4610472541507
23607,SET 10 CARDS HATS & STOCKINGS 17081,Stationery,3660,13.28,99.97699837235719,C,1,3660,93.48659003831418
37491C,GREEN/BLUE CERAMIC CANDLE HOLDER,Home Decor,3661,13.2,99.97718045060384,C,1,3661,93.51213282247764
84388,WISE MAN STAR SHAPE EGG PAN,Other,3662,13.139999999999999,99.97736170122211,C,1,3662,93.53767560664113
37462E,"PET MUG, GOLDFISH",Kitchen & Tableware,3663,13.1,99.9775424000881,C,1,3663,93.5632183908046
16162L,THE KING GIFT BAG,Bags & Packaging,3664,13.0,99.97772171957345,C,1,3664,93.58876117496807
47013C,WINE BOTTLE DRESSING DARK BLUE,Other,3665,12.97,99.9779006252446,C,1,3665,93.61430395913155
18097A,PINK TALL PORCELAIN T-LIGHT HOLDER ,Other,3666,12.75,99.9780764962783,C,1,3666,93.63984674329502
21895,POTTING SHED SOW 'N' GROW SET,Other,3667,12.7,99.97825167762169,C,1,3667,93.6653895274585
90042C,FRESHWATER PEARL BRACELET IVORY,Accessories,3668,12.7,99.97842685896507,C,1,3668,93.69093231162196
90055,CRACKED GLAZE EARRINGS BROWN,Accessories,3669,12.53,99.97859969536134,C,1,3669,93.71647509578544
90037C,TINY CRYSTAL BRACELET BLUE,Accessories,3670,12.52,99.97877239381953,C,1,3670,93.74201787994892
20671,BLUE TEATIME PRINT BOWL ,Kitchen & Tableware,3671,12.5,99.9789448164016,C,1,3671,93.7675606641124
23635,SET 10 CARDS CHRISTMAS HOLLY  17259,Christmas,3672,12.48,99.97911696310753,C,1,3672,93.79310344827586
23654,SET 10 CARD SNOWMAN 16965,Stationery,3673,12.450000000000001,99.97928869599927,C,1,3673,93.81864623243933
82613c,"METAL SIGN,CUPCAKE SINGLE HOOK",Home Decor,3674,12.399999999999999,99.97945973920068,C,1,3674,93.84418901660281
79329,PINK FLOCK GLASS CANDLEHOLDER,Home Decor,3675,12.18,99.97962774776464,C,1,3675,93.86973180076629
84016,FLAG OF ST GEORGE CAR FLAG,Other,3676,12.16,99.97979548045248,C,1,3676,93.89527458492975
84614A,PINK BAROQUE FLOCK CANDLE HOLDER,Home Decor,3677,11.9,99.97995962675061,C,1,3677,93.92081736909323
84620,BLUE GINGHAM ROSE CUSHION COVER,Textile,3678,11.9,99.98012377304873,C,1,3678,93.9463601532567
44092B,BLUE WHITE PLASTIC RINGS LAMPSHADE,Accessories,3679,11.899999999999999,99.98028791934686,C,1,3679,93.97190293742018
90214Z,"LETTER ""Z"" BLING KEY RING",Accessories,3680,11.84,99.9804512380166,C,1,3680,93.99744572158365
37444B,BLUE BREAKFAST CUP AND SAUCER ,Kitchen & Tableware,3681,11.8,99.98061400493407,C,1,3681,94.02298850574712
35818B,"ACRYLIC JEWEL ICICLE, BLUE",Other,3682,11.78,99.9807764959754,C,1,3682,94.0485312899106
16162M,THE KING GIFT BAG 25x24x12cm,Bags & Packaging,3683,11.76,99.98093871114061,C,1,3683,94.07407407407408
23605,SET 10 CARDS 12 DAYS OF XMAS 17059,Christmas,3684,11.64,99.98109927104902,C,1,3684,94.09961685823754
23608,SET 10 CARDS RUDOLPHS NOSE 17097,Stationery,3685,11.64,99.98125983095744,C,1,3685,94.12515964240103
85184c,SET 4 VALENTINE DECOUPAGE HEART BOX,Home Decor,3686,11.58,99.98141956323747,C,1,3686,94.1507024265645
71050,SMALL SINGLE FLAME CANDLE HOLDER,Home Decor,3687,11.55,99.98157888170329,C,1,3687,94.17624521072797
72798C,SET/4 GARDEN ROSE DINNER CANDLE,Home Decor,3688,11.549999999999999,99.98173820016912,C,1,3688,94.20178799489143
90152B,BLUE/GREEN SHELL NECKLACE W PENDANT,Accessories,3689,11.46,99.98189627719236,C,1,3689,94.22733077905492
17164B,ASS COL SMALL SAND GECKO P'WEIGHT,Other,3690,11.34,99.9820526989588,C,1,3690,94.25287356321839
90025D,BAROQUE BUTTERFLY EARRINGS PINK,Accessories,3691,11.19,99.98220705165427,C,1,3691,94.27841634738186
84536a,ENGLISH ROSE NOTEBOOK A7 SIZE,Stationery,3692,11.060000000000002,99.98235961115488,C,1,3692,94.30395913154534
37488A,YELLOW PINK FLOWER DESIGN BIG BOWL,Home Decor,3693,10.92,99.98251023952257,C,1,3693,94.32950191570882
79026B,"S/4 ICON COASTER,ELVIS LIVES",Other,3694,10.61,99.98265659181024,C,1,3694,94.35504469987228
37487B,YELLOW/ORANGE FLOWER DESIGN PLATE,Home Decor,3695,10.584999999999999,99.98280259925274,C,1,3695,94.38058748403576
16169N,WRAP BLUE RUSSIAN FOLKART,Stationery,3696,10.5,99.98294743422166,C,1,3696,94.40613026819923
16161M,WRAP  PINK FLOCK,Stationery,3697,10.5,99.98309226919059,C,1,3697,94.43167305236271
35966,FOLKART CHRISTMAS TREE T-LIGHT HOLD,Christmas,3698,10.260000000000002,99.98323379364595,C,1,3698,94.45721583652617
40005B,BLUE ORGANDY ROUND LAMPSHADE W BEA,Other,3699,10.2,99.98337449047293,C,1,3699,94.48275862068965
85109,PINK BOUDOIR T-LIGHT HOLDER,Other,3700,10.2,99.98351518729989,C,1,3700,94.50830140485313
35958,FOLKART ZINC STAR CHRISTMAS DEC,Christmas,3701,10.2,99.98365588412685,C,1,3701,94.5338441890166
44089C,LILAC GAUZE BUTTERFLY LAMPSHADE,Other,3702,10.08,99.98379492569704,C,1,3702,94.55938697318008
90053,CRACKED GLAZE EARRINGS IVORY,Accessories,3703,9.99,99.98393272582462,C,1,3703,94.58492975734355
23615,SET 10 CARDS PRINTED GRAPHIC 17219,Stationery,3704,9.96,99.98407011213801,C,1,3704,94.61047254150702
23619,SET 10 CARDS POINSETTIA 17093,Stationery,3705,9.96,99.9842074984514,C,1,3705,94.6360153256705
23624,SET 10 CARD PERFECT NATIVITY 17089,Stationery,3706,9.96,99.98434488476478,C,1,3706,94.66155810983398
23650,SET 10 CARDS FILIGREE BAUBLE 16961,Stationery,3707,9.96,99.98448227107818,C,1,3707,94.68710089399744
84689,S/2 BEACH HUT TREASURE CHESTS,Other,3708,9.95,99.9846195194535,C,1,3708,94.71264367816093
DCGS0003,BOXED GLASS ASHTRAY,Bags & Packaging,3709,9.94,99.98475662989077,C,1,3709,94.73818646232439
82613b,"METAL SIGN,CUPCAKE SINGLE HOOK",Home Decor,3710,9.94,99.98489374032803,C,1,3710,94.76372924648787
37491D,PURPLE/BLUE CERAMIC CANDLE HOLDER,Home Decor,3711,9.879999999999999,99.98503002313689,C,1,3711,94.78927203065133
85231g,ORANGE SCENTED SET/9 T-LIGHTS,Other,3712,9.78,99.9851649265651,C,1,3712,94.81481481481482
44242A,LILAC FEATHERS CURTAIN,Other,3713,9.48,99.98529569185135,C,1,3713,94.84035759897829
23441,HAND PAINTED HANGING EASTER EGG,Home Decor,3714,9.24,99.98542314662402,C,1,3714,94.86590038314176
35809B,ENAMEL BLUE RIM TEA CONTAINER,Kitchen & Tableware,3715,9.18,99.98554977376828,C,1,3715,94.89144316730524
37351,ORANGE FLOWER MUG ,Kitchen & Tableware,3716,9.06,99.98567474565576,C,1,3716,94.91698595146872
84773,RED ROSE AND LACE C/COVER,Other,3717,8.850000000000001,99.98579682084386,C,1,3717,94.94252873563218
20906,VINTAGE NOTEBOOK BEAUTY GIRL,Stationery,3718,8.850000000000001,99.98591889603195,C,1,3718,94.96807151979566
45013,FOLDING SHOE TIDY,Other,3719,8.850000000000001,99.98604097122005,C,1,3719,94.99361430395913
90077,BLACK DIAMOND CLUSTER EARRINGS,Accessories,3720,8.82,99.98616263259396,C,1,3720,95.01915708812261
90027B,GLASS BEAD HOOP EARRINGS MONTANA,Accessories,3721,8.76,99.98628346633947,C,1,3721,95.04469987228607
90011E,AMBER CRYSTAL DROP EARRINGS,Accessories,3722,8.76,99.98640430008497,C,1,3722,95.07024265644955
90011D,PURPLE CRYSTAL DROP EARRINGS,Accessories,3723,8.76,99.98652513383048,C,1,3723,95.09578544061303
16206B,RED PURSE WITH PINK HEART,Home Decor,3724,8.75,99.98664582963792,C,1,3724,95.1213282247765
90130D,RED STONE/CRYSTAL EARRINGS,Accessories,3725,8.7,99.98676583575504,C,1,3725,95.14687100893997
81950V,FLOWER PURPLE CLOCK WITH SUCKER,Other,3726,8.6,99.9868844624915,C,1,3726,95.17241379310344
84732B,CUTE BIRD CEATURE SCREEN,Other,3727,8.58,99.98700281335184,C,1,3727,95.19795657726692
44265,M/COLOUR POM-POM CURTAIN,Other,3728,8.5,99.98712006070764,C,1,3728,95.2234993614304
90167,BEADED LOVE HEART JEWELLERY SET,Home Decor,3729,8.5,99.98723730806344,C,1,3729,95.24904214559386
90102,WHITE FRANGIPANI HAIR CLIP,Other,3730,8.5,99.98735455541924,C,1,3730,95.27458492975734
90184c,BLACK CHUNKY BEAD BRACELET W STRAP,Accessories,3731,8.45,99.98747111308472,C,1,3731,95.30012771392082
21310,CAPIZ CHANDELIER,Other,3732,8.45,99.9875876707502,C,1,3732,95.32567049808429
90181C,BLACK GLASS/SHELL/PEARL NECKLACE,Accessories,3733,8.45,99.98770422841568,C,1,3733,95.35121328224776
B,Adjust bad debt,Other,3734,8.45,99.98782078608116,C,1,3734,95.37675606641123
85160a,WHITE BIRD GARDEN DESIGN MUG,Home Decor,3735,8.45,99.98793734374664,C,1,3735,95.40229885057471
90020,FILIGREE DIAMANTE CHAIN,Other,3736,8.45,99.98805390141212,C,1,3736,95.42784163473819
84031b,CHARLIE LOLA BLUE HOT WATER BOTTLE ,Other,3737,8.45,99.9881704590776,C,1,3737,95.45338441890166
DCGS0004,HAYNES CAMPER SHOULDER BAG,Bags & Packaging,3738,8.45,99.98828701674307,C,1,3738,95.47892720306514
DCGS0070,CAMOUFLAGE DOG COLLAR,Other,3739,8.45,99.98840357440855,C,1,3739,95.50446998722862
DCGS0069,OOH LA LA DOGS COLLAR,Other,3740,8.45,99.98852013207403,C,1,3740,95.53001277139208
22016,Dotcomgiftshop Gift Voucher £100.00,Other,3741,8.45,99.98863668973951,C,1,3741,95.55555555555556
72803b,OCEAN SCENT CANDLE JEWELLED DRAWER,Home Decor,3742,8.45,99.98875324740499,C,1,3742,95.58109833971903
84975,HEART SHAPED MIRROR,Home Decor,3743,8.45,99.98886980507046,C,1,3743,95.60664112388251
84968f,SET OF 16 VINTAGE SKY BLUE CUTLERY,Stationery,3744,8.45,99.98898636273594,C,1,3744,95.63218390804597
21120,*Boombox Ipod Classic,Bags & Packaging,3745,8.45,99.98910292040142,C,1,3745,95.65772669220945
90178B,PURPLE CHUNKY GLASS+BEAD NECKLACE,Accessories,3746,8.45,99.9892194780669,C,1,3746,95.68326947637293
37474,SET/4 2 TONE EGG SHAPE MIXING BOWLS,Kitchen & Tableware,3747,8.45,99.98933603573238,C,1,3747,95.7088122605364
21410,COUNTRY COTTAGE  DOORSTOP GREEN,Stationery,3748,8.45,99.98945259339786,C,1,3748,95.73435504469987
90021,LASER CUT MULTI STRAND NECKLACE,Accessories,3749,8.45,99.98956915106334,C,1,3749,95.75989782886334
85035c,ROSE 3 WICK MORRIS BOX CANDLE,Home Decor,3750,8.45,99.98968570872881,C,1,3750,95.78544061302682
85035b,CHOCOLATE 3 WICK MORRIS BOX CANDLE,Home Decor,3751,8.45,99.98980226639429,C,1,3751,95.8109833971903
84031a,CHARLIE+LOLA RED HOT WATER BOTTLE ,Other,3752,8.45,99.98991882405977,C,1,3752,95.83652618135376
85036b,CHOCOLATE 1 WICK MORRIS BOX CANDLE,Home Decor,3753,8.45,99.99003538172525,C,1,3753,95.86206896551724
20871,OPULENT VELVET SET/3 CANDLES,Home Decor,3754,8.42,99.99015152557654,C,1,3754,95.88761174968072
21594,Dr. Jam's Arouzer Stress Ball,Other,3755,8.34,99.99026656592328,C,1,3755,95.91315453384419
23612,SET 10 MINICARDS CUTE SNOWMAN 17071,Stationery,3756,8.299999999999999,99.99038105451777,C,1,3756,95.93869731800766
72802c,VANILLA SCENT CANDLE JEWELLED BOX,Home Decor,3757,8.29,99.9904954051742,C,1,3757,95.96424010217113
85034b,3 WHITE CHOC MORRIS BOXED CANDLES,Home Decor,3758,8.29,99.99060975583062,C,1,3758,95.98978288633461
17001,HEAVENS SCENT FRAGRANCE OILS ASSTD,Other,3759,8.264999999999999,99.99072376164187,C,1,3759,96.01532567049809
84924F,PSYCHEDELIC METAL SIGN CALENDAR,Home Decor,3760,7.9,99.99083273271376,C,1,3760,96.04086845466155
16244B,MAXWELL 2 TONE BLUE 60 PAGE PHOTO A,Other,3761,7.85,99.99094101409528,C,1,3761,96.06641123882504
35607A,PINK FLUFFY CHRISTMAS DECORATION,Christmas,3762,7.82,99.99104888166262,C,1,3762,96.0919540229885
90042A,FRESHWATER PEARL BRACELET GOLD,Accessories,3763,7.6499999999999995,99.99115440428285,C,1,3763,96.11749680715198
85189,HANGING BUTTERFLY  EGG,Home Decor,3764,7.6499999999999995,99.99125992690308,C,1,3764,96.14303959131544
79149B,SILICON STAR BULB  BLUE,Other,3765,7.56,99.99136420808071,C,1,3765,96.16858237547893
90068,"RUBY GLASS NECKLACE 42""",Accessories,3766,7.5,99.99146766162995,C,1,3766,96.1941251596424
85160A,WHITE BIRD GARDEN DESIGN MUG,Home Decor,3767,7.5,99.99157111517918,C,1,3767,96.21966794380587
90025A,BAROQUE BUTTERFLY EARRINGS BLACK,Accessories,3768,7.5,99.99167456872843,C,1,3768,96.24521072796935
21827,EIGHT PIECE CREEPY CRAWLIE SET,Other,3769,7.5,99.99177802227767,C,1,3769,96.27075351213283
37379A,PINK CHERRY BLOSSOM CUP & SAUCER,Kitchen & Tableware,3770,7.5,99.9918814758269,C,1,3770,96.29629629629629
16202E,BLACK PHOTO ALBUM ,Other,3771,7.5,99.99198492937614,C,1,3771,96.32183908045977
23633,SET 10 CARDS WORLD CHILDREN 17067,Stationery,3772,7.470000000000001,99.99208796911118,C,1,3772,96.34738186462324
62097B,BLUE STRIPES SHOULDER BAG,Bags & Packaging,3773,7.470000000000001,99.99219100884622,C,1,3773,96.37292464878672
90128A,PINK LEAVES AND BEADS PHONE CHARM,Accessories,3774,7.43,99.99229349682899,C,1,3774,96.3984674329502
84596g,SMALL CHOCOLATES PINK BOWL,Kitchen & Tableware,3775,7.38,99.99239529512145,C,1,3775,96.42401021711366
71496B,A4 WALL TIDY RED FLOWERS,Home Decor,3776,7.37,99.99249695547583,C,1,3776,96.44955300127714
10124G,ARMY CAMO BOOKCOVER TAPE,Other,3777,7.14,99.9925954432547,C,1,3777,96.47509578544062
90214O,"LETTER ""O"" BLING KEY RING",Accessories,3778,6.819999999999999,99.99268951701549,C,1,3778,96.50063856960409
90214W,"LETTER ""W"" BLING KEY RING",Accessories,3779,6.819999999999999,99.99278359077627,C,1,3779,96.52618135376756
35443,RASTA IN BATH W SPLIFF ASHTRAY,Other,3780,6.8,99.9928773886609,C,1,3780,96.55172413793103
84802B,PURPLE ANEMONE ARTIFICIAL FLOWER,Other,3781,6.76,99.99297063479328,C,1,3781,96.57726692209451
62074B,ELEPHANT CLIP W SUCTION CUP,Kitchen & Tableware,3782,6.72,99.9930633291734,C,1,3782,96.60280970625799
21186,WHITE DOVE HONEYCOMB PAPER GARLAND,Stationery,3783,6.72,99.99315602355351,C,1,3783,96.62835249042145
35833G,4 GOLD FLOCK CHRISTMAS BALLS,Christmas,3784,6.72,99.99324871793362,C,1,3784,96.65389527458494
10124A,SPOTS ON RED BOOKCOVER TAPE,Other,3785,6.72,99.99334141231374,C,1,3785,96.6794380587484
23604,SET 10 MINI SANTA & SNOWMAN  17087,Christmas,3786,6.640000000000001,99.99343300318932,C,1,3786,96.70498084291188
37491B,BLUE/YELLOW CERAMIC CANDLE HOLDER,Home Decor,3787,6.6,99.99352404231266,C,1,3787,96.73052362707534
20678,LARGE BLACK DIAMANTE HAIRSLIDE,Other,3788,6.6,99.99361508143598,C,1,3788,96.75606641123883
90126C,AMBER BERTIE MOBILE PHONE CHARM,Accessories,3789,6.58,99.99370584468318,C,1,3789,96.7816091954023
85224,ASSORTED COLOUR SILK GLASSES CASE,Other,3790,6.300000000000001,99.99379274566454,C,1,3790,96.80715197956577
44089A,PINK GAUZE BUTTERFLY LAMPSHADE,Other,3791,6.3,99.9938796466459,C,1,3791,96.83269476372925
16043,POP ART PUSH DOWN RUBBER ,Other,3792,6.3,99.99396654762725,C,1,3792,96.85823754789273
85225,BLING KEY RING STAND,Accessories,3793,6.25,99.99405275891829,C,1,3793,96.88378033205619
21228,"POCKET MIRROR ""GLAMOROUS""",Other,3794,6.25,99.99413897020932,C,1,3794,96.90932311621967
35591T,TURQUOISE CHRISTMAS TREE ,Christmas,3795,6.25,99.99422518150035,C,1,3795,96.93486590038314
23610,SET 10 CARDS CHRISTMAS ROBIN 17095,Christmas,3796,6.24,99.99431125485332,C,1,3796,96.96040868454662
90060B,FIRE POLISHED GLASS NECKL GOLD,Other,3797,5.95,99.99439332800239,C,1,3797,96.98595146871008
90152C,BLUE/NAT SHELL NECKLACE W PENDANT,Accessories,3798,5.95,99.99447540115145,C,1,3798,97.01149425287356
84499,BLACK FLOWER CANDLE PLATE,Home Decor,3799,5.949999999999999,99.99455747430052,C,1,3799,97.03703703703704
79161A,ST GEORGE SET OF 10 PARTY LIGHTS,Other,3800,5.9,99.99463885775926,C,1,3800,97.06257982120052
35598C,WHITE CHRISTMAS TREE 60CM,Christmas,3801,5.9,99.99472024121799,C,1,3801,97.08812260536398
23617,SET 10 CARDS SWIRLY XMAS TREE 17104,Christmas,3802,5.82,99.99480052117221,C,1,3802,97.11366538952745
23638,SET 10 CARDS ROBIN WATERPUMP  17096,Stationery,3803,5.82,99.99488080112643,C,1,3803,97.13920817369093
23652,SET 10 CARD CHRISTMAS STAMPS 16963,Christmas,3804,5.82,99.99496108108063,C,1,3804,97.16475095785441
90011C,GREEN CRYSTAL DROP EARRINGS,Accessories,3805,5.8,99.9950410851587,C,1,3805,97.19029374201787
90067B,BROWN VINTAGE VICTORIAN EARRINGS,Stationery,3806,5.8,99.99512108923679,C,1,3806,97.21583652618135
23630,SET 10 CARDS HANGING BAUBLES 17080,Home Decor,3807,5.48,99.99519667929677,C,1,3807,97.24137931034483
35004P,SET OF 3 PINK FLYING DUCKS,Other,3808,5.45,99.99527185554255,C,1,3808,97.2669220945083
21839,MUMMY MOUSE RED GINGHAM RIBBON,Other,3809,5.45,99.99534703178834,C,1,3809,97.29246487867178
81953P,ROUND ARTICULATED PINK CLOCK W/SUCK,Other,3810,5.32,99.99542041483927,C,1,3810,97.31800766283524
37509,NEW ENGLAND MUG W GIFT BOX,Kitchen & Tableware,3811,5.1,99.99549076325275,C,1,3811,97.34355044699873
20964,POLYESTER FILLER PAD 60x40cm,Other,3812,5.1,99.99556111166622,C,1,3812,97.3690932311622
90142A,GREEN PENDANT SHELL NECKLACE,Accessories,3813,5.09,99.99563132214165,C,1,3813,97.39463601532567
84803A,PINK ALLIUM  ARTIFICIAL FLOWER,Other,3814,5.07,99.99570125674093,C,1,3814,97.42017879948915
22034,ROBIN CHRISTMAS CARD,Christmas,3815,5.02,99.99577050164989,C,1,3815,97.44572158365263
90135A,ORANGE/FUSCHIA STONES NECKLACE,Accessories,3816,4.98,99.99583919480658,C,1,3816,97.47126436781609
23649,SET 10 CARDS DECK THE HALLS 16960,Stationery,3817,4.98,99.99590788796328,C,1,3817,97.49680715197957
47593b,SCOTTIE DOGS BABY BIB,Toys & Kids,3818,4.98,99.99597658111998,C,1,3818,97.52234993614304
90128C,GREEN LEAVES AND BEADS PHONE CHARM,Accessories,3819,4.97,99.99604513633861,C,1,3819,97.54789272030652
90128D,PURPLE LEAVES AND BEADS PHONE CHAR,Other,3820,4.97,99.99611369155723,C,1,3820,97.57343550446998
84661b,BLACK SQUARE TABLE CLOCK,Other,3821,4.96,99.9961821088378,C,1,3821,97.59897828863346
84661a,WHITE SQUARE TABLE CLOCK,Other,3822,4.96,99.99625052611836,C,1,3822,97.62452107279694
85031B,BLOSSOM IMAGES SCRAP BOOK SET,Other,3823,4.95,99.99631880546086,C,1,3823,97.65006385696041
35650,VINTAGE BEAD PINK JEWEL STAND,Stationery,3824,4.95,99.99638708480336,C,1,3824,97.67560664112388
90081B,LILY BROOCH WHITE/SILVER COLOUR,Other,3825,4.95,99.99645536414586,C,1,3825,97.70114942528735
85049d,BRIGHT BLUES RIBBONS ,Other,3826,4.92,99.99652322967417,C,1,3826,97.72669220945083
85231b,CINAMMON SET OF 9 T-LIGHTS,Other,3827,4.92,99.99659109520246,C,1,3827,97.75223499361431
90127A,PINK BEADS+HAND PHONE CHARM,Accessories,3828,4.92,99.99665896073077,C,1,3828,97.77777777777777
84971l,LARGE HEART FLOWERS HOOK   ,Home Decor,3829,4.92,99.99672682625906,C,1,3829,97.80332056194125
85049b,LUSH GREENS RIBBONS,Other,3830,4.92,99.99679469178736,C,1,3830,97.82886334610473
84613C,BLUE NEW BAROQUE FLOCK CANDLESTICK,Home Decor,3831,4.65,99.99685883298788,C,1,3831,97.8544061302682
79151B,"SILICON CUBE 25W, BLUE",Other,3832,4.62,99.99692256037423,C,1,3832,97.87994891443167
71215,METAL BASE FOR CANDLES,Home Decor,3833,4.62,99.99698628776056,C,1,3833,97.90549169859514
84206A,3 BLACK CATS W HEARTS BLANK CARD,Home Decor,3834,4.56,99.9970491875185,C,1,3834,97.93103448275862
84732D,CUTE RABBIT CEATURE SCREEN ,Other,3835,4.29,99.99710836294867,C,1,3835,97.9565772669221
20703,BLUE PADDED SOFT MOBILE,Other,3836,4.25,99.99716698662657,C,1,3836,97.98212005108556
22218,CAKE STAND LACE WHITE,Kitchen & Tableware,3837,4.25,99.99722561030447,C,1,3837,98.00766283524905
79157V,UBO-LIGHT TRIOBASE PURPLE,Other,3838,4.25,99.99728423398237,C,1,3838,98.03320561941251
47016,LIGHT DECORATION BATTERY OPERATED,Home Decor,3839,4.2,99.99734216796993,C,1,3839,98.05874840357599
20861,GOLD COSMETIC BAG PINK STAR,Bags & Packaging,3840,4.2,99.99740010195751,C,1,3840,98.08429118773945
22206,"MUG , DOTCOMGIFTSHOP.COM ",Kitchen & Tableware,3841,4.17,99.9974576221309,C,1,3841,98.10983397190294
47591b,SCOTTIES CHILDRENS APRON,Toys & Kids,3842,4.13,99.997514590552,C,1,3842,98.1353767560664
46776b,WOVEN BERRIES CUSHION COVER ,Textile,3843,4.13,99.99757155897312,C,1,3843,98.16091954022988
46776e,WOVEN CANDY CUSHION COVER ,Textile,3844,4.13,99.99762852739423,C,1,3844,98.18646232439336
84536b,FAIRY CAKES NOTEBOOK A7 SIZE,Kitchen & Tableware,3845,4.050000000000001,99.99768439231082,C,1,3845,98.21200510855684
17174,ASSTD RASTA KEY-CHAINS,Other,3846,3.7800000000000002,99.99773653289964,C,1,3846,98.23754789272031
44091A,BLUE CRUSOE CHECK LAMPSHADE,Other,3847,3.78,99.99778867348846,C,1,3847,98.26309067688378
90128B,BLUE LEAVES AND BEADS PHONE CHARM,Accessories,3848,3.76,99.99784053820115,C,1,3848,98.28863346104725
79192A,RETRO PLASTIC 70'S TRAY,Other,3849,3.75,99.99789226497576,C,1,3849,98.31417624521073
37464,ROBOT MUG IN DISPLAY BOX,Kitchen & Tableware,3850,3.75,99.99794399175038,C,1,3850,98.33971902937421
90025E,BAROQUE BUTTERFLY EARRINGS MONTANA,Accessories,3851,3.73,99.99799544264887,C,1,3851,98.36526181353767
90025B,BAROQUE BUTTERFLY EARRINGS RED,Accessories,3852,3.73,99.99804689354737,C,1,3852,98.39080459770115
35271S,GOLD PRINT PAPER BAG,Stationery,3853,3.6100000000000003,99.99809668918907,C,1,3853,98.41634738186463
16010,FOLDING CAMPING SCISSOR W/KNIF & S,Other,3854,3.5999999999999996,99.9981463468927,C,1,3854,98.4418901660281
84270,ASSTD DESIGN BUBBLE GUM RING,Home Decor,3855,3.5700000000000003,99.99819559078215,C,1,3855,98.46743295019157
16202A,PASTEL PINK PHOTO ALBUM ,Other,3856,3.5,99.99824386910512,C,1,3856,98.49297573435504
90214U,"LETTER ""U"" BLING KEY RING",Accessories,3857,3.4799999999999995,99.99829187155197,C,1,3857,98.51851851851852
79157B,UBO-LIGHT TRIOBASE BLUE,Other,3858,3.4,99.9983387704943,C,1,3858,98.544061302682
84802A,WHITE ANEMONE ARTIFICIAL FLOWER,Other,3859,3.38,99.9983853935605,C,1,3859,98.56960408684546
22528,GARDENERS KNEELING PAD,Other,3860,3.36,99.99843174075056,C,1,3860,98.59514687100895
21160,KEEP OUT GIRLS DOOR HANGER ,Other,3861,3.36,99.99847808794063,C,1,3861,98.62068965517241
90126A,PINK BERTIE MOBILE PHONE CHARM,Accessories,3862,3.36,99.99852443513069,C,1,3862,98.64623243933589
85119,WATERING CAN SINGLE HOOK PISTACHIO,Accessories,3863,3.36,99.99857078232075,C,1,3863,98.67177522349935
23643,SET 10 CARDS CHRISTMAS BAUBLE 16954,Christmas,3864,3.33,99.99861671569661,C,1,3864,98.69731800766284
84534b,FAIRY CAKE NOTEBOOK A5 SIZE,Kitchen & Tableware,3865,3.32,99.99866251113441,C,1,3865,98.7228607918263
90187A,BLUE DROP EARRINGS W BEAD CLUSTER,Accessories,3866,3.32,99.99870830657221,C,1,3866,98.74840357598978
10123C,HEARTS WRAPPING TAPE ,Home Decor,3867,3.25,99.99875313644355,C,1,3867,98.77394636015325
47013A,WINE BOTTLE DRESSING LT.BLUE,Other,3868,3.0399999999999996,99.99879506961551,C,1,3868,98.79948914431674
23609,SET 10 CARDS SNOWY ROBIN 17099,Stationery,3869,2.91,99.99883520959261,C,1,3869,98.8250319284802
23628,SET 10 CARDS TRIANGLE ICONS  17220,Stationery,3870,2.91,99.99887534956972,C,1,3870,98.85057471264368
23602,SET 10 CARDS 3 WISE MEN 17107,Stationery,3871,2.91,99.99891548954682,C,1,3871,98.87611749680715
90183c,BLACK DROP EARRINGS W LONG BEADS,Accessories,3872,2.9,99.99895549158587,C,1,3872,98.90166028097063
90100,NECKLACE+BRACELET SET PINK DAISY,Accessories,3873,2.55,99.9989906657926,C,1,3873,98.9272030651341
17028J,INCENSE BAZAAR PEACH,Other,3874,2.52,99.99902542618516,C,1,3874,98.95274584929757
35609A,PINK FEATHER CHRISTMAS DECORATION,Christmas,3875,2.51,99.99906004863962,C,1,3875,98.97828863346105
62096B,PURPLE/TURQ FLOWERS HANDBAG,Bags & Packaging,3876,2.5,99.99909453315604,C,1,3876,99.00383141762453
90037A,TINY CRYSTAL BRACELET RED,Accessories,3877,2.48,99.99912874179633,C,1,3877,99.02937420178799
84201B,HAPPY BIRTHDAY CARD STRIPEY TEDDY,Stationery,3878,2.4699999999999998,99.99916281249853,C,1,3878,99.05491698595146
85179a,GREEN BITTY LIGHT CHAIN,Other,3879,2.46,99.99919674526268,C,1,3879,99.08045977011494
85049c,ROMANTIC PINKS RIBBONS ,Other,3880,2.46,99.99923067802683,C,1,3880,99.10600255427842
82613a,"METAL SIGN,CUPCAKE SINGLE HOOK",Home Decor,3881,2.46,99.99926461079099,C,1,3881,99.1315453384419
84510e,SET OF 4 GREEN CAROUSEL COASTERS,Other,3882,2.46,99.99929854355514,C,1,3882,99.15708812260536
84596l,BISCUITS SMALL BOWL LIGHT BLUE,Kitchen & Tableware,3883,2.46,99.99933247631928,C,1,3883,99.18263090676885
37330,BIG POLKADOT MUG,Kitchen & Tableware,3884,2.34,99.99936475382665,C,1,3884,99.20817369093231
46115B,GREEN POP ART MAO CUSHION COVER ,Textile,3885,2.28,99.99939620370561,C,1,3885,99.23371647509579
77079,DOLPHIN WINDMILL,Other,3886,2.12,99.99942544657554,C,1,3886,99.25925925925925
47579,TEA TIME BREAKFAST BASKET,Kitchen & Tableware,3887,2.1,99.99945441356932,C,1,3887,99.28480204342274
20860,GOLD COSMETICS BAG WITH BUTTERFLY,Bags & Packaging,3888,2.1,99.9994833805631,C,1,3888,99.3103448275862
90112,PINK DOLLY HAIR CLIPS,Toys & Kids,3889,2.1,99.99951234755689,C,1,3889,99.33588761174968
21414,SCALLOP SHELL SOAP DISH,Other,3890,2.1,99.99954131455067,C,1,3890,99.36143039591315
85170A,SET/6 IVORY BIRD T-LIGHT CANDLES,Home Decor,3891,2.1,99.99957028154445,C,1,3891,99.38697318007664
81953B,ROUND BLUE CLOCK WITH SUCKER,Other,3892,2.09,99.99959911060017,C,1,3892,99.4125159642401
84731,3 BIRDS CANVAS SCREEN,Other,3893,2.04,99.99962724996556,C,1,3893,99.43805874840358
22323,PINK POLKADOT KIDS BAG,Bags & Packaging,3894,1.95,99.99965414788836,C,1,3894,99.46360153256705
21491,SET OF THREE VINTAGE GIFT WRAPS,Stationery,3895,1.95,99.99968104581117,C,1,3895,99.48914431673053
22146,EASTER CRAFT IVY WREATH WITH CHICK,Other,3896,1.95,99.99970794373397,C,1,3896,99.514687100894
90092,BLUE CRYSTAL BOOT PHONE CHARM,Accessories,3897,1.66,99.99973084145287,C,1,3897,99.54022988505747
84550,CROCHET LILAC/RED BEAR KEYRING,Accessories,3898,1.65,99.9997536012337,C,1,3898,99.56577266922095
23664,FLOWER SHOP DESIGN MUG,Home Decor,3899,1.65,99.99977636101455,C,1,3899,99.59131545338442
84206C,CHAMPAGNE TRAY BLANK CARD,Stationery,3900,1.52,99.99979732760053,C,1,3900,99.61685823754789
21009,ETCHED GLASS STAR TREE DECORATION,Home Decor,3901,1.25,99.99981456985873,C,1,3901,99.64240102171136
35597B,BLACKCHRISTMAS TREE 30CM,Christmas,3902,1.25,99.99983181211694,C,1,3902,99.66794380587484
35597A,DUSTY PINK CHRISTMAS TREE 30CM,Christmas,3903,1.25,99.99984905437515,C,1,3903,99.69348659003832
84743C,ORANGE FELT VASE + FLOWERS,Other,3904,1.25,99.99986629663334,C,1,3904,99.71902937420178
37461,FUNKY MONKEY MUG,Kitchen & Tableware,3905,1.25,99.99988353889155,C,1,3905,99.74457215836526
84569C,PACK 4 FLOWER/BUTTERFLY PATCHES,Bags & Packaging,3906,1.25,99.99990078114976,C,1,3906,99.77011494252874
84977,WIRE FLOWER T-LIGHT HOLDER,Other,3907,1.25,99.99991802340797,C,1,3907,99.79565772669221
84990,60 GOLD AND SILVER FAIRY CAKE CASES,Kitchen & Tableware,3908,1.1,99.99993319659518,C,1,3908,99.82120051085568
84201C,HAPPY BIRTHDAY CARD TEDDY/CAKE,Kitchen & Tableware,3909,0.95,99.99994630071143,C,1,3909,99.84674329501915
84206B,CAT WITH SUNGLASSES BLANK CARD,Stationery,3910,0.95,99.99995940482766,C,1,3910,99.87228607918263
90084,PINK CRYSTAL GUITAR PHONE CHARM,Accessories,3911,0.85,99.99997112956324,C,1,3911,99.8978288633461
21268,VINTAGE BLUE TINSEL REEL,Stationery,3912,0.84,99.99998271636075,C,1,3912,99.92337164750957
51014c,"FEATHER PEN,COAL BLACK",Other,3913,0.83,99.9999941652202,C,1,3913,99.94891443167305
84227,HEN HOUSE W CHICK IN NEST,Other,3914,0.42,99.99999995861896,C,1,3914,99.97445721583652
PADS,PADS TO MATCH ALL CUSHIONS,Textile,3915,0.003,100.00000000000038,C,1,3915,100.0
