StockCode,description,abc_class,bcg_quadrant,quantity_sold,total_revenue,avg_unit_price,suggested_price,elasticity,elasticity_profile,return_rate_qty,peak_month,pricing_action,estimated_gain_5pct
22423,REGENCY CAKESTAND 3 TIER,A,Vache à lait,11282.5,95134.625,8.443846537120079,8.443846537120079,,Non calculable,0.07578107688898737,2010-12,Surveiller sans action urgente,0.0
47566,PARTY BUNTING,A,Étoile,12613.0,66027.24,5.453166568569747,5.453166568569747,-6.88979186998786,Élastique,0.021247918813922143,2011-05,Mettre en avant et sécuriser le stock,0.0
85123A,CREAM HANGING HEART T-LIGHT HOLDER,A,Vache à lait,21629.5,61307.195,3.1178384376387043,3.1178384376387043,-3.2224530285099977,Élastique,0.11918907048244295,2011-05,Surveiller sans action urgente,0.0
85099B,JUMBO BAG RED RETROSPOT,A,Étoile,22390.0,47772.21,2.4861972498814606,2.4861972498814606,-1.3240874825202917,Élastique,0.049799017418490396,2011-11,Mettre en avant et sécuriser le stock,0.0
22086,PAPER CHAIN KIT 50'S CHRISTMAS ,A,Étoile,11493.5,37507.455,3.362331081081081,3.362331081081081,-1.5500396201549784,Élastique,0.03941358158959412,2011-11,Mettre en avant et sécuriser le stock,0.0
84879,ASSORTED COLOUR BIRD ORNAMENT,A,Étoile,21599.0,36728.655,1.7225745257452574,1.7225745257452574,-2.2419386963474746,Élastique,0.0022223251076438724,2011-11,Mettre en avant et sécuriser le stock,0.0
23298,SPOTTY BUNTING,A,Étoile,6682.5,34205.375,5.279276485788113,5.279276485788113,,Non calculable,0.01646090534979424,2011-05,Mettre en avant et sécuriser le stock,0.0
79321,CHILLI LIGHTS,A,Étoile,6250.5,33013.13,6.009415292353823,6.009415292353823,,Non calculable,0.012798976081913447,2011-11,Mettre en avant et sécuriser le stock,0.0
22960,JAM MAKING SET WITH JARS,A,Vache à lait,7114.0,30796.14,5.075798764342454,5.075798764342454,,Non calculable,0.0345797019960641,2011-03,Surveiller sans action urgente,0.0
22720,SET OF 3 CAKE TINS PANTRY DESIGN ,A,Étoile,5638.5,28418.85,5.465064655172414,5.465064655172414,,Non calculable,0.02713487629688747,2011-03,Mettre en avant et sécuriser le stock,0.0
23084,RABBIT NIGHT LIGHT,A,Étoile,12416.0,28020.335,2.386401179941003,2.386401179941003,-8.844776681587575,Élastique,0.008698453608247423,2011-11,Mettre en avant et sécuriser le stock,0.0
20725,LUNCH BAG RED RETROSPOT,A,Étoile,14359.0,27816.055,2.1314222503160556,2.2379933628318587,-0.6101040469733734,Inélastique,0.038442788495020544,2011-11,Tester une hausse de prix de 3 à 5 %,1390.80275
22112,CHOCOLATE HOT WATER BOTTLE,A,Étoile,5325.0,27165.9,5.487477064220183,5.487477064220183,,Non calculable,0.015023474178403756,2011-11,Mettre en avant et sécuriser le stock,0.0
23284,DOORMAT KEEP CALM AND COME IN,A,Étoile,3659.0,26761.15,7.867185792349726,7.867185792349726,,Non calculable,0.06149221098660836,2011-10,Mettre en avant et sécuriser le stock,0.0
23203,JUMBO BAG VINTAGE DOILY ,A,Étoile,12252.0,25559.745,2.275764895330113,2.275764895330113,4.76460003579632,Atypique / complémentaire,0.048155403199477635,2011-11,Mettre en avant et sécuriser le stock,0.0
23355,HOT WATER BOTTLE KEEP CALM,A,Vache à lait,5042.5,24610.915,5.128793969849246,5.128793969849246,,Non calculable,0.009519087754090234,2011-11,Surveiller sans action urgente,0.0
22457,NATURAL SLATE HEART CHALKBOARD ,A,Étoile,7653.5,24200.985,3.59003187250996,3.59003187250996,,Non calculable,0.0067942771281113215,2011-11,Mettre en avant et sécuriser le stock,0.0
22114,HOT WATER BOTTLE TEA AND SYMPATHY,A,Étoile,4488.5,23770.805,4.968266253869969,4.968266253869969,,Non calculable,0.00757491366826334,2011-11,Mettre en avant et sécuriser le stock,0.0
22386,JUMBO BAG PINK POLKADOT,A,Étoile,10733.0,23508.49,2.598733766233766,2.598733766233766,-5.148554348682125,Élastique,0.042485791484207586,2011-09,Mettre en avant et sécuriser le stock,0.0
22726,ALARM CLOCK BAKELIKE GREEN,A,Étoile,5336.5,23302.335,4.536592517694641,4.536592517694641,,Non calculable,0.0059964396139792,2011-11,Mettre en avant et sécuriser le stock,0.0
22699,ROSES REGENCY TEACUP AND SAUCER ,A,Étoile,7511.5,23058.045000000002,3.661425908667288,3.661425908667288,,Non calculable,0.05791120282233908,2011-09,Mettre en avant et sécuriser le stock,0.0
22727,ALARM CLOCK BAKELIKE RED ,A,Étoile,5520.5,23032.055,4.3953345900094245,4.3953345900094245,,Non calculable,0.01286115388098904,2011-11,Mettre en avant et sécuriser le stock,0.0
22910,PAPER CHAIN KIT VINTAGE CHRISTMAS,A,Étoile,7343.0,22976.370000000003,3.3676774969915764,3.3676774969915764,,Non calculable,0.04780062644695628,2011-11,Mettre en avant et sécuriser le stock,0.0
23245,SET OF 3 REGENCY CAKE TINS,A,Vache à lait,4600.0,22904.34,5.48541095890411,5.48541095890411,,Non calculable,0.01956521739130435,2011-07,Surveiller sans action urgente,0.0
21931,JUMBO STORAGE BAG SUKI,A,Étoile,9327.0,22748.155,2.746616415410385,2.746616415410385,-1.1009334540424902,Élastique,0.03581001393802938,2011-09,Mettre en avant et sécuriser le stock,0.0
22411,JUMBO SHOPPER VINTAGE RED PAISLEY,A,Étoile,9074.0,22104.13,2.689254237288136,2.689254237288136,-3.777707452522245,Élastique,0.03769010359268239,2011-09,Mettre en avant et sécuriser le stock,0.0
20685,DOORMAT RED RETROSPOT,A,Vache à lait,3013.0,21708.385,7.840573888091822,7.840573888091822,,Non calculable,0.02190507799535347,2010-12,Surveiller sans action urgente,0.0
82484,WOOD BLACK BOARD ANT WHITE FINISH,A,Étoile,3199.0,21667.435,7.5547591240875915,7.5547591240875915,,Non calculable,0.007502344482650828,2010-12,Mettre en avant et sécuriser le stock,0.0
22139,RETROSPOT TEA SET CERAMIC 11 PC ,A,Étoile,4285.5,21299.325,5.404564315352697,5.404564315352697,,Non calculable,0.009800490024501224,2011-11,Mettre en avant et sécuriser le stock,0.0
22697,GREEN REGENCY TEACUP AND SAUCER,A,Étoile,6423.0,20575.25,3.835362035225049,3.835362035225049,,Non calculable,0.022263739685505216,2011-09,Mettre en avant et sécuriser le stock,0.0
22178,VICTORIAN GLASS HANGING T-LIGHT,A,Étoile,13623.5,20405.145,1.6440249759846302,1.6440249759846302,0.6218402368026645,Atypique / complémentaire,0.03295775681726429,2011-03,Mettre en avant et sécuriser le stock,0.0
22138,BAKING SET 9 PIECE RETROSPOT ,A,Étoile,4086.0,19927.925,5.178518123667377,5.178518123667377,,Non calculable,0.016642192853646598,2011-11,Mettre en avant et sécuriser le stock,0.0
22666,RECIPE BOX PANTRY YELLOW DESIGN,A,Étoile,5836.5,19469.75,3.7048793565683646,3.7048793565683646,,Non calculable,0.02587166966503898,2011-11,Mettre en avant et sécuriser le stock,0.0
48138,DOORMAT UNION FLAG,A,Vache à lait,2629.0,19194.135,7.872200647249191,7.872200647249191,,Non calculable,0.004564473183720046,2011-03,Surveiller sans action urgente,0.0
22469,HEART OF WICKER SMALL,A,Vache à lait,10885.5,19072.260000000002,1.959712879409352,1.959712879409352,-5.056339866028207,Élastique,0.012401818933443571,2010-12,Surveiller sans action urgente,0.0
23199,JUMBO BAG APPLES,A,Étoile,8528.5,19047.945,2.5699290060851925,2.5699290060851925,3.5836444528731937,Atypique / complémentaire,0.08477457935158586,2011-08,Mettre en avant et sécuriser le stock,0.0
22111,SCOTTIE DOG HOT WATER BOTTLE,A,Étoile,3773.0,19034.875,5.369154929577466,5.369154929577466,,Non calculable,0.034190299496421946,2011-11,Mettre en avant et sécuriser le stock,0.0
82482,WOODEN PICTURE FRAME WHITE FINISH,A,Étoile,7010.5,18948.3,3.1030650994575044,3.1030650994575044,,Non calculable,0.033235860494971826,2011-11,Mettre en avant et sécuriser le stock,0.0
20727,LUNCH BAG  BLACK SKULL.,A,Étoile,9893.5,18945.605,2.1077863182167564,2.1077863182167564,-3.966043661532688,Élastique,0.01192702279274271,2011-09,Mettre en avant et sécuriser le stock,0.0
22383,LUNCH BAG SUKI DESIGN ,A,Étoile,10010.5,18783.14,2.168208269525268,2.2766186830015314,-0.7191199727796381,Inélastique,0.013785525198541532,2011-08,Tester une hausse de prix de 3 à 5 %,939.157
22197,POPCORN HOLDER,A,Étoile,19262.5,18644.989999999998,1.0435543018335685,1.0435543018335685,3.6687703249731594,Atypique / complémentaire,0.02445165476963011,2011-11,Mettre en avant et sécuriser le stock,0.0
22961,JAM MAKING SET PRINTED,A,Étoile,11506.0,18555.735,1.9049140893470793,1.9049140893470793,0.8849100814142442,Atypique / complémentaire,0.02876759951329741,2010-12,Mettre en avant et sécuriser le stock,0.0
22090,PAPER BUNTING RETROSPOT,A,Vache à lait,5851.0,18420.81,3.7798004987531173,3.7798004987531173,,Non calculable,0.012305588788241326,2011-05,Surveiller sans action urgente,0.0
20728,LUNCH BAG CARS BLUE,A,Étoile,9455.5,18253.725,2.063580034423408,2.063580034423408,-5.949778436890409,Élastique,0.02263233038972027,2011-08,Mettre en avant et sécuriser le stock,0.0
84946,ANTIQUE SILVER T-LIGHT GLASS,A,Étoile,12741.5,18002.33,1.5308881578947369,1.5308881578947369,-1.7871745533328425,Élastique,0.026292037829140996,2011-11,Mettre en avant et sécuriser le stock,0.0
82494L,WOODEN FRAME ANTIQUE WHITE ,A,Étoile,6100.0,17980.24,3.2622028353326065,3.2622028353326065,,Non calculable,0.05,2011-11,Mettre en avant et sécuriser le stock,0.0
21621,VINTAGE UNION JACK BUNTING,A,Vache à lait,2104.5,17627.395,8.43643298969072,8.43643298969072,,Non calculable,0.013304822998336897,2011-02,Surveiller sans action urgente,0.0
82486,3 DRAWER ANTIQUE WHITE WOOD CABINET,A,Étoile,2136.0,17467.899999999998,8.306650246305418,8.306650246305418,,Non calculable,0.03277153558052434,2011-11,Mettre en avant et sécuriser le stock,0.0
23209,LUNCH BAG VINTAGE DOILY ,A,Étoile,10433.5,17372.595,1.8247576301615798,1.8247576301615798,,Non calculable,0.003833804571811952,2011-05,Mettre en avant et sécuriser le stock,0.0
23201,JUMBO BAG ALPHABET,A,Étoile,8134.5,17369.185,2.3900109769484086,2.3900109769484086,2.9994177129609714,Atypique / complémentaire,0.07302231237322515,2011-09,Mettre en avant et sécuriser le stock,0.0
85099C,JUMBO  BAG BAROQUE BLACK WHITE,A,Étoile,7748.0,17260.85,2.605185577942736,2.605185577942736,,Non calculable,0.03626742385131647,2011-09,Mettre en avant et sécuriser le stock,0.0
22722,SET OF 6 SPICE TINS PANTRY DESIGN,A,Vache à lait,4020.5,16743.025,4.674486422668241,4.674486422668241,,Non calculable,0.00746175848775028,2011-03,Surveiller sans action urgente,0.0
21181,PLEASE ONE PERSON METAL SIGN,A,Vache à lait,7910.0,16705.245000000003,2.426067677946324,2.426067677946324,-5.234545435597341,Élastique,0.01099873577749684,2011-09,Surveiller sans action urgente,0.0
21754,HOME BUILDING BLOCK WORD,A,Vache à lait,2751.5,16497.275,6.271766965428937,6.271766965428937,,Non calculable,0.003997819371252044,2010-12,Surveiller sans action urgente,0.0
48187,DOORMAT NEW ENGLAND,A,Vache à lait,2278.0,16394.09,7.87764119601329,7.87764119601329,,Non calculable,0.001755926251097454,2011-03,Surveiller sans action urgente,0.0
23206,LUNCH BAG APPLE DESIGN,A,Étoile,9078.5,16378.655,2.0589553656220323,2.0589553656220323,0.8307600324256394,Atypique / complémentaire,0.0063887206036239465,2011-05,Mettre en avant et sécuriser le stock,0.0
21137,BLACK RECORD COVER FRAME,A,Étoile,4492.0,16364.369999999999,4.215585106382979,4.215585106382979,,Non calculable,0.0033392698130008903,2011-11,Mettre en avant et sécuriser le stock,0.0
22470,HEART OF WICKER LARGE,A,Étoile,5403.5,16324.605000000001,3.2850427350427354,3.2850427350427354,,Non calculable,0.012584436013694827,2010-12,Mettre en avant et sécuriser le stock,0.0
22326,ROUND SNACK BOXES SET OF4 WOODLAND ,A,Étoile,5335.5,16198.945000000002,3.4687721691678037,3.4687721691678037,,Non calculable,0.007496954362290319,2011-11,Mettre en avant et sécuriser le stock,0.0
23202,JUMBO BAG VINTAGE LEAF,A,Étoile,7700.0,16037.645,2.2962302483069976,2.2962302483069976,,Non calculable,0.03142857142857143,2011-07,Mettre en avant et sécuriser le stock,0.0
15056N,EDWARDIAN PARASOL NATURAL,A,Étoile,2816.5,16025.425000000001,6.279475982532751,6.279475982532751,,Non calculable,0.015977276761938577,2011-07,Mettre en avant et sécuriser le stock,0.0
22835,HOT WATER BOTTLE I AM SO POORLY,A,Étoile,3115.0,15925.64,5.565634441087613,5.565634441087613,,Non calculable,0.11107544141252007,2011-11,Mettre en avant et sécuriser le stock,0.0
21175,GIN AND TONIC DIET METAL SIGN,A,Étoile,6321.5,15693.210000000001,2.7694334975369457,2.7694334975369457,,Non calculable,0.32112631495689314,2011-11,Vérifier qualité / description avant promotion,0.0
20712,JUMBO BAG WOODLAND ANIMALS,A,Étoile,6280.5,15647.775,2.9266168009205984,2.9266168009205984,,Non calculable,0.03821351803200382,2011-09,Mettre en avant et sécuriser le stock,0.0
22698,PINK REGENCY TEACUP AND SAUCER,A,Étoile,4985.5,15399.185000000001,3.708229166666667,3.708229166666667,,Non calculable,0.02768027279109417,2011-09,Mettre en avant et sécuriser le stock,0.0
20726,LUNCH BAG WOODLAND,A,Étoile,7906.5,15368.555,2.1818446601941743,2.1818446601941743,2.3340564928136773,Atypique / complémentaire,0.010371213558464555,2011-08,Mettre en avant et sécuriser le stock,0.0
20914,SET/5 RED RETROSPOT LID GLASS BOWLS,A,Étoile,5203.0,15288.250000000002,3.2885442329227326,3.2885442329227326,,Non calculable,0.02056505862002691,2011-11,Mettre en avant et sécuriser le stock,0.0
21929,JUMBO BAG PINK VINTAGE PAISLEY,A,Vache à lait,6646.5,15238.27,2.678348623853211,2.678348623853211,,Non calculable,0.033401038140374636,2011-03,Surveiller sans action urgente,0.0
21731,RED TOADSTOOL LED NIGHT LIGHT,A,Étoile,7963.0,15205.04,2.3904327485380117,2.3904327485380117,0.22697775363852848,Atypique / complémentaire,0.02185106115785508,2011-11,Mettre en avant et sécuriser le stock,0.0
85099F,JUMBO BAG STRAWBERRY,A,Étoile,7518.0,15153.935,2.3821568627450977,2.3821568627450977,,Non calculable,0.03325352487363661,2011-03,Mettre en avant et sécuriser le stock,0.0
22629,SPACEBOY LUNCH BOX ,A,Étoile,7848.0,15126.32,2.193337016574586,2.193337016574586,,Non calculable,0.006880733944954129,2011-09,Mettre en avant et sécuriser le stock,0.0
22382,LUNCH BAG SPACEBOY DESIGN ,A,Étoile,8424.5,15042.335,2.0130927835051544,2.0130927835051544,3.535406347735499,Atypique / complémentaire,0.018873523651255268,2011-11,Mettre en avant et sécuriser le stock,0.0
23344,JUMBO BAG 50'S CHRISTMAS ,A,Vache à lait,6875.0,15006.91,2.4177423822714683,2.4177423822714683,,Non calculable,0.03810909090909091,2011-11,Surveiller sans action urgente,0.0
23173,REGENCY TEAPOT ROSES ,A,Étoile,1807.5,14979.525,8.40688836104513,8.40688836104513,,Non calculable,0.028769017980636236,2011-05,Mettre en avant et sécuriser le stock,0.0
22624,IVORY KITCHEN SCALES,A,Étoile,1818.5,14943.525,8.411744022503514,8.411744022503514,,Non calculable,0.009348364036293648,2011-06,Mettre en avant et sécuriser le stock,0.0
22077,6 RIBBONS RUSTIC CHARM,A,Étoile,7778.5,14830.045,2.211237113402062,2.211237113402062,,Non calculable,0.004371022690750145,2011-10,Mettre en avant et sécuriser le stock,0.0
21479,WHITE SKULL HOT WATER BOTTLE ,A,Étoile,2785.5,14732.855,4.952431372549019,4.952431372549019,,Non calculable,0.06641536528450906,2010-12,Mettre en avant et sécuriser le stock,0.0
21733,RED HANGING HEART T-LIGHT HOLDER,A,Étoile,5095.5,14631.165,3.160996015936255,3.160996015936255,,Non calculable,0.011186340889019724,2011-11,Mettre en avant et sécuriser le stock,0.0
21523,DOORMAT FANCY FONT HOME SWEET HOME,A,Étoile,2008.5,14491.48,7.925617529880478,7.925617529880478,,Non calculable,0.0024894199651481204,2011-09,Mettre en avant et sécuriser le stock,0.0
22728,ALARM CLOCK BAKELIKE PINK,A,Étoile,3561.5,14352.345,4.579709228824274,4.579709228824274,,Non calculable,0.011512003369366839,2011-11,Mettre en avant et sécuriser le stock,0.0
82483,WOOD 2 DRAWER CABINET WHITE FINISH,A,Étoile,2248.5,14152.985,6.703663003663004,6.703663003663004,,Non calculable,0.09028241049588615,2011-11,Mettre en avant et sécuriser le stock,0.0
22384,LUNCH BAG PINK POLKADOT,A,Étoile,8268.0,14144.34,2.031925522252498,2.031925522252498,-1.4917537321936252,Élastique,0.018384131591678763,2011-07,Mettre en avant et sécuriser le stock,0.0
22467,GUMBALL COAT RACK,A,Étoile,5749.5,14077.93,2.8794049346879533,2.8794049346879533,,Non calculable,0.02539351247934603,2011-11,Mettre en avant et sécuriser le stock,0.0
48194,DOORMAT HEARTS,A,Étoile,1913.0,14018.79,7.957032040472175,7.957032040472175,,Non calculable,0.0015682174594877157,2011-03,Mettre en avant et sécuriser le stock,0.0
21485,RETROSPOT HEART HOT WATER BOTTLE,A,Étoile,2809.0,13915.295,5.3833593749999995,5.3833593749999995,,Non calculable,0.00711997152011392,2011-11,Mettre en avant et sécuriser le stock,0.0
84347,ROTATING SILVER ANGELS T-LIGHT HLDR,A,Étoile,4511.0,13803.165,3.415258620689655,3.415258620689655,,Non calculable,2.076479716249169,2011-11,Vérifier qualité / description avant promotion,0.0
21928,JUMBO BAG SCANDINAVIAN BLUE PAISLEY,A,Étoile,6223.0,13752.380000000001,2.697144622991347,2.697144622991347,,Non calculable,0.0430660453157641,2011-08,Mettre en avant et sécuriser le stock,0.0
23240,SET OF 4 KNICK KNACK TINS DOILY ,A,Vache à lait,3287.5,13664.545,4.445494505494506,4.445494505494506,,Non calculable,0.015209125475285171,2011-06,Surveiller sans action urgente,0.0
21843,RED RETROSPOT CAKE STAND,A,Vache à lait,1634.0,13548.369999999999,8.431182994454712,8.431182994454712,,Non calculable,0.19645042839657284,2011-11,Surveiller sans action urgente,0.0
84029E,RED WOOLLY HOTTIE WHITE HEART.,A,Étoile,2897.5,13495.735,5.020867579908676,5.020867579908676,,Non calculable,0.006557377049180328,2010-12,Mettre en avant et sécuriser le stock,0.0
21212,PACK OF 72 RETROSPOT CAKE CASES,A,Vache à lait,20153.5,13416.785,0.7612056213017753,0.7992659023668641,-0.2925448828469892,Inélastique,0.014091845088942368,2011-03,Tester une hausse de prix de 3 à 5 %,670.83925
84029G,KNITTED UNION FLAG HOT WATER BOTTLE,A,Étoile,2805.5,13395.705,5.203068669527897,5.203068669527897,,Non calculable,0.004990197825699519,2010-12,Mettre en avant et sécuriser le stock,0.0
20724,RED RETROSPOT CHARLOTTE BAG,A,Étoile,10944.5,13228.92,1.1461973180076628,1.203507183908046,-0.5263560802232776,Inélastique,0.020375531088674678,2011-11,Tester une hausse de prix de 3 à 5 %,661.446
22630,DOLLY GIRL LUNCH BOX,A,Étoile,6500.5,12893.215,2.3315268065268064,2.3315268065268064,,Non calculable,0.0409199292362126,2011-09,Mettre en avant et sécuriser le stock,0.0
23301,GARDENERS KNEELING PAD KEEP CALM ,A,Étoile,6858.0,12674.045,1.9439673913043478,1.9439673913043478,,Non calculable,0.016622922134733157,2011-11,Mettre en avant et sécuriser le stock,0.0
85066,CREAM SWEETHEART MINI CHEST,A,Étoile,1487.5,12559.97,8.449370229007632,8.449370229007632,,Non calculable,0.027563025210084035,2011-09,Mettre en avant et sécuriser le stock,0.0
22083,PAPER CHAIN KIT RETROSPOT,A,Étoile,4010.0,12502.740000000002,3.7658756137479545,3.7658756137479545,,Non calculable,0.01172069825436409,2011-11,Mettre en avant et sécuriser le stock,0.0
22625,RED KITCHEN SCALES,A,Étoile,1535.0,12435.0,8.387362637362637,8.387362637362637,,Non calculable,0.015635179153094463,2010-12,Mettre en avant et sécuriser le stock,0.0
22355,CHARLOTTE BAG SUKI DESIGN,A,Étoile,9337.5,12433.57,1.2166067415730337,1.2166067415730337,0.1878203070637819,Atypique / complémentaire,0.01606425702811245,2011-11,Mettre en avant et sécuriser le stock,0.0
23313,VINTAGE CHRISTMAS BUNTING,A,Vache à lait,2455.5,12405.925,5.2914215686274515,5.2914215686274515,,Non calculable,0.005294237426186113,2011-11,Surveiller sans action urgente,0.0
22865,HAND WARMER OWL DESIGN,A,Étoile,5688.5,12343.800000000001,2.359009009009009,2.359009009009009,,Non calculable,0.021622571855497933,2011-11,Mettre en avant et sécuriser le stock,0.0
21232,STRAWBERRY CERAMIC TRINKET POT,A,Vache à lait,8259.5,12278.53,1.676267942583732,1.676267942583732,1.8278917695657546,Atypique / complémentaire,0.0464919183969974,2011-11,Surveiller sans action urgente,0.0
22993,SET OF 4 PANTRY JELLY MOULDS,A,Étoile,9376.0,12211.055,1.497788990825688,1.497788990825688,-3.5668248651300067,Élastique,0.007252559726962458,2011-03,Mettre en avant et sécuriser le stock,0.0
20713,JUMBO BAG OWLS,A,Étoile,5298.5,12189.99,2.7772809667673717,2.7772809667673717,,Non calculable,0.045862036425403416,2011-09,Mettre en avant et sécuriser le stock,0.0
22752,SET 7 BABUSHKA NESTING BOXES,A,Étoile,1592.0,12152.039999999999,8.227015706806283,8.227015706806283,,Non calculable,0.07788944723618091,2010-12,Mettre en avant et sécuriser le stock,0.0
21755,LOVE BUILDING BLOCK WORD,A,Vache à lait,2011.0,12130.800000000001,6.287854889589905,6.287854889589905,,Non calculable,0.001989060169070114,2011-01,Surveiller sans action urgente,0.0
84978,HANGING HEART JAR T-LIGHT HOLDER,A,Vache à lait,9160.5,12085.605,1.4836289222373806,1.4836289222373806,2.5237797487647526,Atypique / complémentaire,0.01910376071175154,2011-05,Surveiller sans action urgente,0.0
22969,HOMEMADE JAM SCENTED CANDLES,A,Vache à lait,7916.5,12024.824999999999,1.7925077399380807,1.7925077399380807,1.5128076633360181,Atypique / complémentaire,0.017684582833322807,2010-12,Surveiller sans action urgente,0.0
23356,LOVE HOT WATER BOTTLE,A,Vache à lait,2104.0,11964.800000000001,6.017901234567902,6.017901234567902,,Non calculable,0.0042775665399239545,2011-11,Surveiller sans action urgente,0.0
48184,DOORMAT ENGLISH ROSE ,A,Étoile,1642.0,11957.710000000001,7.855061425061425,7.855061425061425,,Non calculable,0.0036540803897685747,2011-09,Mettre en avant et sécuriser le stock,0.0
23328,SET 6 SCHOOL MILK BOTTLES IN CRATE,A,Vache à lait,2491.0,11930.745,4.845672371638142,4.845672371638142,,Non calculable,0.003211561621838619,2011-11,Surveiller sans action urgente,0.0
21524,DOORMAT SPOTTY HOME SWEET HOME,A,Étoile,1603.5,11902.885,7.936278586278586,7.936278586278586,,Non calculable,0.0037418147801683817,2011-09,Mettre en avant et sécuriser le stock,0.0
21166,COOK WITH WINE METAL SIGN ,A,Étoile,5748.5,11837.85,2.3886126373626375,2.3886126373626375,,Non calculable,0.015134382882491085,2011-09,Mettre en avant et sécuriser le stock,0.0
15056BL,EDWARDIAN PARASOL BLACK,A,Étoile,2059.0,11743.650000000001,6.076479750778816,6.076479750778816,,Non calculable,0.06313744536182612,2011-10,Mettre en avant et sécuriser le stock,0.0
22427,ENAMEL FLOWER JUG CREAM,A,Vache à lait,1996.5,11743.045,6.194636542239686,6.194636542239686,,Non calculable,0.02053593789130979,2011-06,Surveiller sans action urgente,0.0
20750,RED RETROSPOT MINI CASES,A,Vache à lait,1618.0,11683.9,7.780051813471502,7.780051813471502,,Non calculable,0.003708281829419036,2011-11,Surveiller sans action urgente,0.0
22328,ROUND SNACK BOXES SET OF 4 FRUITS ,A,Étoile,3896.5,11584.995,3.275880341880342,3.275880341880342,,Non calculable,0.16835621711792634,2011-03,Mettre en avant et sécuriser le stock,0.0
22499,WOODEN UNION JACK BUNTING,A,Vache à lait,1902.0,11545.380000000001,6.3870000000000005,6.3870000000000005,,Non calculable,0.002103049421661409,2011-04,Surveiller sans action urgente,0.0
84997D,CHILDRENS CUTLERY POLKADOT PINK,A,Étoile,2864.5,11503.665,4.4071428571428575,4.4071428571428575,,Non calculable,0.010123930877989178,2011-01,Mettre en avant et sécuriser le stock,0.0
22113,GREY HEART HOT WATER BOTTLE,A,Étoile,2823.0,11372.985,4.3803264604811,4.3803264604811,,Non calculable,0.009564293304994687,2011-11,Mettre en avant et sécuriser le stock,0.0
82583,HOT BATHS METAL SIGN,A,Étoile,4333.0,11253.07,2.955829307568438,2.955829307568438,,Non calculable,0.01661666282021694,2011-11,Mettre en avant et sécuriser le stock,0.0
20719,WOODLAND CHARLOTTE BAG,A,Étoile,8732.0,11246.505,1.2108571428571429,1.2108571428571429,-3.2901456000587905,Élastique,0.01282638570774164,2011-11,Mettre en avant et sécuriser le stock,0.0
22501,PICNIC BASKET WICKER LARGE,A,Vache à lait,1314.5,11078.42,8.435887640449439,8.435887640449439,,Non calculable,0.07607455306200075,2011-05,Surveiller sans action urgente,0.0
23243,SET OF TEA COFFEE SUGAR TINS PANTRY,A,Vache à lait,2261.5,11059.0,5.478556263269639,5.478556263269639,,Non calculable,0.05085120495246518,2011-09,Surveiller sans action urgente,0.0
22084,PAPER CHAIN KIT EMPIRE,A,Vache à lait,3709.5,10928.845000000001,3.2728442437923255,3.2728442437923255,,Non calculable,0.01105270252055533,2011-04,Surveiller sans action urgente,0.0
22502,PICNIC BASKET WICKER SMALL,A,Vache à lait,1736.0,10827.15,7.056630901287553,7.056630901287553,,Non calculable,0.043202764976958526,2011-05,Surveiller sans action urgente,0.0
21930,JUMBO STORAGE BAG SKULLS,A,Étoile,4629.0,10807.880000000001,2.7869887955182073,2.7869887955182073,,Non calculable,0.0006480881399870382,2011-09,Mettre en avant et sécuriser le stock,0.0
22193,RED DINER WALL CLOCK,A,Étoile,1313.0,10748.449999999999,8.39782608695652,8.39782608695652,,Non calculable,0.01827875095201828,2011-09,Mettre en avant et sécuriser le stock,0.0
85152,HAND OVER THE CHOCOLATE   SIGN ,A,Étoile,5194.5,10746.800000000001,2.3584683357879235,2.3584683357879235,,Non calculable,0.014245836942920396,2011-09,Mettre en avant et sécuriser le stock,0.0
22776,SWEETHEART 3 TIER CAKE STAND ,A,Vache à lait,1244.0,10511.8,8.45,8.45,,Non calculable,0.0747588424437299,2011-03,Surveiller sans action urgente,0.0
20749,ASSORTED COLOUR MINI CASES,A,Étoile,1449.5,10451.324999999999,7.788181818181818,7.788181818181818,,Non calculable,0.005519144532597447,2011-11,Mettre en avant et sécuriser le stock,0.0
22558,CLOTHES PEGS RETROSPOT PACK 24 ,A,Vache à lait,6552.5,10385.445,1.8339870967741934,1.8339870967741934,,Non calculable,0.0064097672644029,2011-09,Surveiller sans action urgente,0.0
22379,RECYCLING BAG RETROSPOT ,A,Étoile,4086.5,10378.515,3.1890400000000003,3.1890400000000003,,Non calculable,0.015661323871283495,2010-12,Mettre en avant et sécuriser le stock,0.0
22385,JUMBO BAG SPACEBOY DESIGN,A,Étoile,4796.0,10355.81,2.6552167630057806,2.6552167630057806,,Non calculable,0.024603836530442035,2011-09,Mettre en avant et sécuriser le stock,0.0
22867,HAND WARMER BIRD DESIGN,A,Étoile,4614.5,10245.965,2.401336898395722,2.401336898395722,,Non calculable,0.011485534727489435,2011-11,Mettre en avant et sécuriser le stock,0.0
22189,CREAM HEART CARD HOLDER,A,Étoile,2768.0,10234.07,4.452110266159695,4.452110266159695,,Non calculable,0.002890173410404624,2010-12,Mettre en avant et sécuriser le stock,0.0
23207,LUNCH BAG ALPHABET DESIGN,A,Étoile,5863.0,10154.0,1.9909656084656082,1.9909656084656082,,Non calculable,0.07641139348456422,2011-05,Mettre en avant et sécuriser le stock,0.0
22659,LUNCH BOX I LOVE LONDON,A,Vache à lait,5146.0,10141.125,2.3154016620498616,2.3154016620498616,,Non calculable,0.06257287213369607,2010-12,Surveiller sans action urgente,0.0
23200,JUMBO BAG PEARS,A,Étoile,4764.0,10103.005000000001,2.4302508361204014,2.4302508361204014,,Non calculable,0.028127623845507977,2011-09,Mettre en avant et sécuriser le stock,0.0
71477,COLOURED GLASS STAR T-LIGHT HOLDER,A,Étoile,3017.0,10012.305,4.023260188087774,4.023260188087774,,Non calculable,0.4070268478621147,2011-11,Vérifier qualité / description avant promotion,0.0
21481,FAWN BLUE HOT WATER BOTTLE,A,Étoile,2788.0,9919.61,4.091,4.091,,Non calculable,0.03156384505021521,2010-12,Mettre en avant et sécuriser le stock,0.0
22941,CHRISTMAS LIGHTS 10 REINDEER,A,Étoile,1208.0,9904.449999999999,8.409163987138264,8.409163987138264,,Non calculable,0.042218543046357616,2011-11,Mettre en avant et sécuriser le stock,0.0
21430,SET/3 RED GINGHAM ROSE STORAGE BOX,A,Étoile,2426.0,9899.61,4.931106471816284,4.931106471816284,,Non calculable,0.016900247320692497,2011-06,Mettre en avant et sécuriser le stock,0.0
21915,RED  HARMONICA IN BOX ,A,Étoile,7656.0,9898.22,1.4255722891566265,1.4255722891566265,,Non calculable,0.008228840125391849,2011-10,Mettre en avant et sécuriser le stock,0.0
22866,HAND WARMER SCOTTY DOG DESIGN,A,Étoile,4488.5,9833.715,2.3365124555160146,2.3365124555160146,,Non calculable,0.02205636626935502,2011-11,Mettre en avant et sécuriser le stock,0.0
23108,SET OF 10 LED DOLLY LIGHTS,A,Étoile,1675.5,9830.68,6.254906166219839,6.254906166219839,,Non calculable,0.03819755296926291,2011-05,Mettre en avant et sécuriser le stock,0.0
22900,SET 2 TEA TOWELS I LOVE LONDON ,A,Vache à lait,2940.0,9749.525,3.734585635359116,3.734585635359116,,Non calculable,0.07346938775510205,2011-11,Surveiller sans action urgente,0.0
47590B,PINK HAPPY BIRTHDAY BUNTING,A,Vache à lait,1836.0,9711.6,5.643908629441624,5.643908629441624,,Non calculable,0.014161220043572984,2011-05,Surveiller sans action urgente,0.0
22607,WOODEN ROUNDERS GARDEN SET ,A,Vache à lait,1145.0,9674.289999999999,8.448217270194986,8.448217270194986,,Non calculable,0.0034934497816593887,2011-05,Surveiller sans action urgente,0.0
22554,PLASTERS IN TIN WOODLAND ANIMALS,A,Étoile,5621.0,9615.27,1.9113445378151261,1.9113445378151261,,Non calculable,0.0051592243373065295,2011-11,Mettre en avant et sécuriser le stock,0.0
84997B,CHILDRENS CUTLERY RETROSPOT RED ,A,Vache à lait,2417.5,9593.155,4.370267379679144,4.370267379679144,,Non calculable,0.0140641158221303,2011-01,Surveiller sans action urgente,0.0
22568,FELTCRAFT CUSHION OWL,A,Étoile,2539.5,9588.325,4.162959830866807,4.162959830866807,,Non calculable,0.06221697184485135,2011-11,Mettre en avant et sécuriser le stock,0.0
22087,PAPER BUNTING WHITE LACE,A,Vache à lait,3181.5,9572.705,3.396042296072508,3.396042296072508,,Non calculable,0.023888103096023888,2011-04,Surveiller sans action urgente,0.0
22622,BOX OF VINTAGE ALPHABET BLOCKS,A,Étoile,1132.0,9565.4,8.45,8.45,,Non calculable,0.011484098939929329,2010-12,Mettre en avant et sécuriser le stock,0.0
85048,15CM CHRISTMAS GLASS BALL 20 LIGHTS,A,Étoile,1272.5,9558.755000000001,7.888707224334601,7.888707224334601,,Non calculable,0.032220039292730845,2011-11,Mettre en avant et sécuriser le stock,0.0
48185,DOORMAT FAIRY CAKE,A,Vache à lait,1312.0,9527.57,7.988797814207651,7.988797814207651,,Non calculable,0.5137195121951219,2011-03,Vérifier qualité / description avant promotion,0.0
47566B,TEA TIME PARTY BUNTING,A,Vache à lait,1985.5,9526.395,5.321092896174863,5.321092896174863,,Non calculable,0.7171996978091161,2011-05,Vérifier qualité / description avant promotion,0.0
21216,"SET 3 RETROSPOT TEA,COFFEE,SUGAR",A,Vache à lait,1823.5,9433.375,6.393548387096773,6.393548387096773,,Non calculable,0.008774335069920482,2011-08,Surveiller sans action urgente,0.0
22734,SET OF 6 RIBBONS VINTAGE CHRISTMAS,A,Étoile,2877.0,9427.81,3.5106250000000006,3.5106250000000006,,Non calculable,0.010427528675703858,2011-11,Mettre en avant et sécuriser le stock,0.0
22692,DOORMAT WELCOME TO OUR HOME,A,Vache à lait,1250.5,9405.05,7.997133182844244,7.997133182844244,,Non calculable,0.0023990403838464614,2011-01,Surveiller sans action urgente,0.0
22730,ALARM CLOCK BAKELIKE IVORY,A,Étoile,2355.0,9395.205,4.417937062937063,4.417937062937063,,Non calculable,0.01740976645435244,2011-11,Mettre en avant et sécuriser le stock,0.0
20723,STRAWBERRY CHARLOTTE BAG,A,Étoile,7131.0,9357.76,1.2022176308539945,1.2022176308539945,,Non calculable,0.01051745898190997,2011-11,Mettre en avant et sécuriser le stock,0.0
22551,PLASTERS IN TIN SPACEBOY,A,Étoile,5495.0,9291.16,1.864023494860499,1.864023494860499,,Non calculable,0.005277525022747953,2011-11,Mettre en avant et sécuriser le stock,0.0
23343,JUMBO BAG VINTAGE CHRISTMAS ,A,Vache à lait,4157.0,9214.125,2.417366255144033,2.417366255144033,,Non calculable,0.06519124368535001,2011-11,Surveiller sans action urgente,0.0
22617,BAKING SET SPACEBOY DESIGN,A,Étoile,1878.5,9188.325,5.248286937901499,5.248286937901499,,Non calculable,0.015437849347883949,2011-11,Mettre en avant et sécuriser le stock,0.0
22456,NATURAL SLATE CHALKBOARD LARGE ,A,Étoile,1719.5,9093.575,6.135744234800838,6.135744234800838,,Non calculable,0.039546379761558594,2011-10,Mettre en avant et sécuriser le stock,0.0
22171,3 HOOK PHOTO SHELF ANTIQUE WHITE,A,Vache à lait,1166.5,9067.205,8.346623036649214,8.346623036649214,,Non calculable,0.09429918559794256,2011-03,Surveiller sans action urgente,0.0
21936,RED RETROSPOT PICNIC BAG,A,Vache à lait,2960.0,9050.84,3.7098496240601504,3.7098496240601504,,Non calculable,0.01891891891891892,2011-05,Surveiller sans action urgente,0.0
22356,CHARLOTTE BAG PINK POLKADOT,A,Étoile,6991.0,8988.095,1.252092715231788,1.252092715231788,,Non calculable,0.0380489200400515,2011-11,Mettre en avant et sécuriser le stock,0.0
22169,FAMILY ALBUM WHITE PICTURE FRAME,A,Étoile,1121.5,8973.23,8.327365591397848,8.327365591397848,,Non calculable,0.026749888542131076,2011-09,Mettre en avant et sécuriser le stock,0.0
23208,LUNCH BAG VINTAGE LEAF DESIGN,A,Étoile,5307.5,8972.985,1.9362038404726736,1.9362038404726736,,Non calculable,0.013754121526142252,2011-05,Mettre en avant et sécuriser le stock,0.0
47590A,BLUE HAPPY BIRTHDAY BUNTING,A,Vache à lait,1662.0,8886.300000000001,5.671538461538462,5.671538461538462,,Non calculable,0.01444043321299639,2011-05,Surveiller sans action urgente,0.0
22621,TRADITIONAL KNITTING NANCY,A,Étoile,5237.5,8785.025,1.8817932148626817,1.8817932148626817,,Non calculable,0.009737470167064438,2011-11,Mettre en avant et sécuriser le stock,0.0
22191,IVORY DINER WALL CLOCK,A,Étoile,1062.5,8781.724999999999,8.415550239234449,8.415550239234449,,Non calculable,0.32376470588235295,2011-09,Vérifier qualité / description avant promotion,0.0
23077,DOUGHNUT LIP GLOSS ,A,Étoile,6907.5,8758.725,1.345436046511628,1.345436046511628,,Non calculable,0.008686210640608035,2011-11,Mettre en avant et sécuriser le stock,0.0
21314,SMALL GLASS HEART TRINKET POT,A,Vache à lait,3690.0,8739.255000000001,2.8415313653136534,2.8415313653136534,,Non calculable,0.03766937669376694,2010-12,Surveiller sans action urgente,0.0
82600,N0 SINGING METAL SIGN,A,Étoile,4001.5,8579.630000000001,2.5495810564663026,2.5495810564663026,,Non calculable,0.00949643883543671,2011-09,Mettre en avant et sécuriser le stock,0.0
22556,PLASTERS IN TIN CIRCUS PARADE ,A,Étoile,5082.5,8498.185,1.7862045060658576,1.7862045060658576,,Non calculable,0.012985735366453517,2011-11,Mettre en avant et sécuriser le stock,0.0
22662,LUNCH BAG DOLLY GIRL DESIGN,A,Étoile,4944.0,8377.43,1.9342608695652173,1.9342608695652173,,Non calculable,0.003236245954692557,2011-08,Mettre en avant et sécuriser le stock,0.0
22619,SET OF 6 SOLDIER SKITTLES,A,Étoile,2019.5,8327.285,4.664125560538116,4.664125560538116,,Non calculable,0.0019806882891804903,2011-11,Mettre en avant et sécuriser le stock,0.0
23300,GARDENERS KNEELING PAD CUP OF TEA ,A,Étoile,4769.0,8305.935,1.9087597911227152,1.9087597911227152,,Non calculable,0.03187250996015936,2011-11,Mettre en avant et sécuriser le stock,0.0
22041,"RECORD FRAME 7"" SINGLE SIZE ",A,Étoile,2910.0,8276.785,3.676493150684932,3.676493150684932,,Non calculable,0.013058419243986255,2011-09,Mettre en avant et sécuriser le stock,0.0
84375,SET OF 20 KIDS COOKIE CUTTERS,A,Vache à lait,3736.5,8242.325,2.518560460652591,2.518560460652591,,Non calculable,0.0034791917569918372,2011-11,Surveiller sans action urgente,0.0
21155,RED RETROSPOT PEG BAG,A,Étoile,2646.5,8219.675,3.131690427698574,3.131690427698574,,Non calculable,0.08993009635367466,2011-05,Mettre en avant et sécuriser le stock,0.0
20679,EDWARDIAN PARASOL RED,A,Étoile,1408.5,8217.425000000001,6.313761467889908,6.313761467889908,,Non calculable,0.006389776357827476,2011-10,Mettre en avant et sécuriser le stock,0.0
21218,RED SPOTTY BISCUIT TIN,A,Vache à lait,1848.0,8214.22,5.908291457286432,5.908291457286432,,Non calculable,0.026515151515151516,2011-11,Surveiller sans action urgente,0.0
22144,CHRISTMAS CRAFT LITTLE FRIENDS,A,Étoile,3445.5,8171.96,2.5802712477396024,2.5802712477396024,,Non calculable,0.012770280075460745,2011-11,Mettre en avant et sécuriser le stock,0.0
23322,LARGE WHITE HEART OF WICKER,A,Vache à lait,2746.5,8158.975,3.1351398601398603,3.1351398601398603,,Non calculable,0.022938285090114693,2011-11,Surveiller sans action urgente,0.0
21790,VINTAGE SNAP CARDS,A,Étoile,9155.0,8153.764999999999,1.0157754010695188,1.0665641711229947,-0.3433255145782834,Inélastique,0.009284543965046422,2011-11,Tester une hausse de prix de 3 à 5 %,407.68825
21080,SET/20 RED RETROSPOT PAPER NAPKINS ,A,Vache à lait,8805.0,8144.085,1.0935721393034825,1.1482507462686566,-0.6277177194068427,Inélastique,0.0019307211811470755,2011-03,Tester une hausse de prix de 3 à 5 %,407.20425
35970,ZINC FOLKART SLEIGH BELLS,A,Étoile,4143.5,8142.145,2.4164301075268813,2.4164301075268813,,Non calculable,0.017617955834439484,2011-11,Mettre en avant et sécuriser le stock,0.0
21340,CLASSIC METAL BIRDCAGE PLANT HOLDER,A,Vache à lait,963.5,8141.575,8.45,8.45,,Non calculable,0.024909185262065387,2011-03,Surveiller sans action urgente,0.0
21217,RED RETROSPOT ROUND CAKE TINS,A,Vache à lait,957.5,8090.875,8.45,8.45,,Non calculable,0.009399477806788513,2011-03,Surveiller sans action urgente,0.0
85014B,RED RETROSPOT UMBRELLA,A,Étoile,1388.0,8058.6,6.257142857142857,6.257142857142857,,Non calculable,0.001440922190201729,2011-10,Mettre en avant et sécuriser le stock,0.0
84997C,CHILDRENS CUTLERY POLKADOT BLUE,A,Étoile,2015.5,8018.225,4.257492537313433,4.257492537313433,,Non calculable,0.002976928801786157,2011-01,Mettre en avant et sécuriser le stock,0.0
21484,CHICK GREY HOT WATER BOTTLE,A,Étoile,1762.5,7981.075,5.1400243902439025,5.1400243902439025,,Non calculable,0.02723404255319149,2010-12,Mettre en avant et sécuriser le stock,0.0
23174,REGENCY SUGAR BOWL GREEN,A,Étoile,1891.0,7969.63,4.795123456790124,4.795123456790124,,Non calculable,0.046536224219989424,2011-05,Mettre en avant et sécuriser le stock,0.0
22507,MEMO BOARD RETROSPOT  DESIGN,A,Étoile,1575.0,7959.085,5.738496732026143,5.738496732026143,,Non calculable,0.0044444444444444444,2011-11,Mettre en avant et sécuriser le stock,0.0
21914,BLUE HARMONICA IN BOX ,A,Étoile,6044.5,7948.525,1.4315409836065573,1.4315409836065573,,Non calculable,0.005955827611878567,2011-11,Mettre en avant et sécuriser le stock,0.0
22844,VINTAGE CREAM DOG FOOD CONTAINER,A,Vache à lait,962.5,7904.87,8.418349282296651,8.418349282296651,,Non calculable,0.02909090909090909,2011-03,Surveiller sans action urgente,0.0
23170,REGENCY TEA PLATE ROSES ,A,Étoile,4655.0,7899.85,2.075707865168539,2.075707865168539,,Non calculable,0.15424274973147153,2011-05,Mettre en avant et sécuriser le stock,0.0
23076,ICE CREAM SUNDAE LIP GLOSS,A,Étoile,6282.0,7889.19,1.35028880866426,1.35028880866426,,Non calculable,0.004457179242279528,2011-11,Mettre en avant et sécuriser le stock,0.0
22766,PHOTO FRAME CORNICE,A,Vache à lait,2627.5,7872.490000000001,3.213877952755906,3.213877952755906,,Non calculable,0.01560418648905804,2011-09,Surveiller sans action urgente,0.0
22192,BLUE DINER WALL CLOCK,A,Étoile,946.5,7826.325,8.414931506849314,8.414931506849314,,Non calculable,0.022187004754358162,2011-07,Mettre en avant et sécuriser le stock,0.0
71053,WHITE MOROCCAN METAL LANTERN,A,Étoile,1773.5,7809.235,4.824294117647058,4.824294117647058,,Non calculable,0.02199041443473358,2011-09,Mettre en avant et sécuriser le stock,0.0
22693,GROW A FLYTRAP OR SUNFLOWER IN TIN,A,Étoile,6116.0,7787.735,1.4859344262295082,1.4859344262295082,,Non calculable,0.011772400261608895,2011-11,Mettre en avant et sécuriser le stock,0.0
22771,CLEAR DRAWER KNOB ACRYLIC EDWARDIAN,A,Étoile,5442.0,7746.635,1.5675615212527965,1.5675615212527965,,Non calculable,0.005512679162072767,2011-09,Mettre en avant et sécuriser le stock,0.0
22654,DELUXE SEWING KIT ,A,Vache à lait,1205.0,7691.42,6.6749090909090905,6.6749090909090905,,Non calculable,0.027385892116182572,2010-12,Surveiller sans action urgente,0.0
22795,SWEETHEART RECIPE BOOK STAND,A,Étoile,1152.5,7679.575,7.062398921832885,7.062398921832885,,Non calculable,0.01475054229934924,2010-12,Mettre en avant et sécuriser le stock,0.0
22749,FELTCRAFT PRINCESS CHARLOTTE DOLL,A,Étoile,1970.0,7636.73,4.116951754385965,4.116951754385965,,Non calculable,0.0,2011-11,Mettre en avant et sécuriser le stock,0.0
21559,STRAWBERRY LUNCH BOX WITH CUTLERY,A,Vache à lait,2923.5,7615.43,3.130447504302926,3.130447504302926,,Non calculable,0.004788780571233111,2011-05,Surveiller sans action urgente,0.0
22725,ALARM CLOCK BAKELIKE CHOCOLATE,A,Étoile,1821.0,7610.11,4.77479262672811,4.77479262672811,,Non calculable,0.026359143327841845,2011-10,Mettre en avant et sécuriser le stock,0.0
20711,JUMBO BAG TOYS ,A,Vache à lait,3033.0,7606.56,3.1267175572519084,3.1267175572519084,,Non calculable,0.007253544345532476,2011-05,Surveiller sans action urgente,0.0
22633,HAND WARMER UNION JACK,A,Étoile,3598.5,7590.705000000001,2.1974036511156188,2.1974036511156188,,Non calculable,0.0072252327358621644,2011-11,Mettre en avant et sécuriser le stock,0.0
22729,ALARM CLOCK BAKELIKE ORANGE,A,Vache à lait,1887.0,7590.67,4.5142699115044245,4.5142699115044245,,Non calculable,0.016428192898781134,2011-09,Surveiller sans action urgente,0.0
22149,FELTCRAFT 6 FLOWER FRIENDS,A,Vache à lait,3467.5,7535.705,2.455298372513562,2.455298372513562,,Non calculable,0.17966834895457823,2010-12,Surveiller sans action urgente,0.0
22847,BREAD BIN DINER STYLE IVORY,A,Étoile,886.5,7490.924999999999,8.45,8.45,,Non calculable,0.048505358150028204,2011-09,Mettre en avant et sécuriser le stock,0.0
22173,METAL 4 HOOK HANGER FRENCH CHATEAU,A,Étoile,2288.5,7354.275000000001,3.8380321285140564,3.8380321285140564,,Non calculable,0.044133712038453135,2011-08,Mettre en avant et sécuriser le stock,0.0
23082,SET 6 PAPER TABLE LANTERN HEARTS ,A,Étoile,1959.0,7344.75,4.093564356435643,4.093564356435643,,Non calculable,0.014293006636038795,2011-11,Mettre en avant et sécuriser le stock,0.0
20972,PINK CREAM FELT CRAFT TRINKET BOX ,A,Étoile,5619.0,7249.315,1.4245659163987139,1.4245659163987139,,Non calculable,0.004271222637479978,2011-11,Mettre en avant et sécuriser le stock,0.0
22570,FELTCRAFT CUSHION RABBIT,A,Vache à lait,1919.0,7248.84,4.297686375321336,4.297686375321336,,Non calculable,0.12767066180302242,2010-12,Surveiller sans action urgente,0.0
22424,ENAMEL BREAD BIN CREAM,A,Étoile,858.0,7241.549999999999,8.449339207048457,8.449339207048457,,Non calculable,0.03263403263403263,2011-05,Mettre en avant et sécuriser le stock,0.0
22966,GINGERBREAD MAN COOKIE CUTTER,A,Étoile,5629.0,7227.275,1.4521260997067449,1.4521260997067449,,Non calculable,0.0008882572392965003,2011-11,Mettre en avant et sécuriser le stock,0.0
21174,POTTERING IN THE SHED METAL SIGN,A,Étoile,3206.0,7187.455,2.6952573529411765,2.6952573529411765,,Non calculable,0.0,2011-09,Mettre en avant et sécuriser le stock,0.0
22555,PLASTERS IN TIN STRONGMAN,A,Étoile,4256.5,7135.455,1.8509351145038169,1.8509351145038169,,Non calculable,0.004933630917420416,2011-11,Mettre en avant et sécuriser le stock,0.0
23319,BOX OF 6 MINI 50'S CRACKERS,A,Vache à lait,2845.5,7133.54,2.651167883211679,2.651167883211679,,Non calculable,0.040766121946933756,2011-11,Surveiller sans action urgente,0.0
23321,SMALL WHITE HEART OF WICKER,A,Vache à lait,4165.0,7116.49,1.7480124223602485,1.7480124223602485,,Non calculable,0.00936374549819928,2011-11,Surveiller sans action urgente,0.0
23256,CHILDRENS CUTLERY SPACEBOY ,A,Étoile,1686.0,7051.62,4.463064516129032,4.463064516129032,,Non calculable,0.05219454329774614,2011-06,Mettre en avant et sécuriser le stock,0.0
22561,WOODEN SCHOOL COLOURING SET,A,Étoile,4190.5,7049.345,1.777737556561086,1.777737556561086,,Non calculable,0.06586326214055602,2011-11,Mettre en avant et sécuriser le stock,0.0
85150,LADIES & GENTLEMEN METAL SIGN,A,Vache à lait,2772.5,7031.79,3.0745511482254697,3.0745511482254697,,Non calculable,0.0018034265103697023,2011-09,Surveiller sans action urgente,0.0
22804,PINK HANGING HEART T-LIGHT HOLDER,A,Vache à lait,2445.5,7010.575000000001,3.1792708333333337,3.1792708333333337,,Non calculable,0.071968922510734,2011-01,Surveiller sans action urgente,0.0
22627,MINT KITCHEN SCALES,A,Étoile,844.5,7009.535,8.403809523809523,8.403809523809523,,Non calculable,0.017761989342806393,2011-06,Mettre en avant et sécuriser le stock,0.0
23080,RED METAL BOX TOP SECRET,A,Étoile,869.5,6978.55,8.242337164750959,8.242337164750959,,Non calculable,0.012650948821161587,2011-11,Mettre en avant et sécuriser le stock,0.0
21136,PAINTED METAL PEARS ASSORTED,A,Étoile,4155.0,6943.985,1.7170744680851064,1.7170744680851064,,Non calculable,0.0021660649819494585,2011-11,Mettre en avant et sécuriser le stock,0.0
22158,3 HEARTS HANGING DECORATION RUSTIC,A,Étoile,2261.5,6942.455,3.352964169381108,3.352964169381108,,Non calculable,0.011054609772275039,2011-11,Mettre en avant et sécuriser le stock,0.0
21791,VINTAGE HEADS AND TAILS CARD GAME ,A,Étoile,5257.0,6921.35,1.5057937806873976,1.5057937806873976,,Non calculable,0.0068480121742438655,2011-11,Mettre en avant et sécuriser le stock,0.0
84380,SET OF 3 BUTTERFLY COOKIE CUTTERS,A,Vache à lait,4704.0,6903.28,1.7178818443804036,1.7178818443804036,,Non calculable,0.013392857142857142,2011-11,Surveiller sans action urgente,0.0
23318,BOX OF 6 MINI VINTAGE CRACKERS,A,Vache à lait,2740.5,6891.555,2.7416492146596863,2.7416492146596863,,Non calculable,0.06130268199233716,2011-11,Surveiller sans action urgente,0.0
23078,ICE CREAM PEN LIP GLOSS ,A,Étoile,5391.0,6881.905,1.4267315175097277,1.4267315175097277,,Non calculable,0.008903728436282694,2011-11,Mettre en avant et sécuriser le stock,0.0
48188,DOORMAT WELCOME PUPPIES,A,Étoile,985.0,6870.38,7.872891986062718,7.872891986062718,,Non calculable,0.005076142131979695,2011-05,Mettre en avant et sécuriser le stock,0.0
15036,ASSORTED COLOURS SILK FAN,A,Étoile,7522.5,6812.075,1.0677649325626204,1.0677649325626204,,Non calculable,0.09890329012961116,2011-05,Mettre en avant et sécuriser le stock,0.0
22667,RECIPE BOX RETROSPOT ,A,Étoile,2397.5,6809.625000000001,3.0373885350318472,3.0373885350318472,,Non calculable,0.033785192909280504,2011-11,Mettre en avant et sécuriser le stock,0.0
84755,COLOUR GLASS T-LIGHT HOLDER HANGING,A,Vache à lait,10044.5,6801.49,0.7275401929260451,0.7639172025723474,-0.8487964350794205,Inélastique,0.006471203146000299,2011-05,Tester une hausse de prix de 3 à 5 %,340.0745
22970,LONDON BUS COFFEE MUG,A,Vache à lait,2744.0,6729.3,2.730219435736677,2.730219435736677,,Non calculable,0.0058309037900874635,2011-03,Surveiller sans action urgente,0.0
22569,FELTCRAFT CUSHION BUTTERFLY,A,Vache à lait,1783.5,6727.745,4.278142857142857,4.278142857142857,,Non calculable,0.1087748808522568,2010-12,Surveiller sans action urgente,0.0
23581,JUMBO BAG PAISLEY PARK,A,Vache à lait,3157.0,6707.08,2.256289855072464,2.256289855072464,,Non calculable,0.03864428254672157,2011-11,Surveiller sans action urgente,0.0
22690,DOORMAT HOME SWEET HOME BLUE ,A,Étoile,933.0,6673.07,7.893146853146853,7.893146853146853,,Non calculable,0.006430868167202572,2011-05,Mettre en avant et sécuriser le stock,0.0
82582,AREA PATROLLED METAL SIGN,A,Étoile,3178.5,6663.435,2.3959453302961276,2.3959453302961276,,Non calculable,0.005977662419380211,2011-09,Mettre en avant et sécuriser le stock,0.0
23493,VINTAGE DOILY TRAVEL SEWING KIT,A,Vache à lait,3210.0,6622.08,2.156320754716981,2.156320754716981,,Non calculable,0.001869158878504673,2011-11,Surveiller sans action urgente,0.0
22605,WOODEN CROQUET GARDEN SET,A,Étoile,782.0,6607.9,8.45,8.45,,Non calculable,0.010230179028132993,2011-07,Mettre en avant et sécuriser le stock,0.0
22487,WHITE WOOD GARDEN PLANT LADDER,A,Vache à lait,780.5,6595.224999999999,8.45,8.45,,Non calculable,0.032030749519538756,2011-03,Surveiller sans action urgente,0.0
23320,GIANT 50'S CHRISTMAS CRACKER,A,Vache à lait,2466.0,6565.02,2.805680473372781,2.805680473372781,,Non calculable,0.0052716950527169504,2011-11,Surveiller sans action urgente,0.0
23169,CLASSIC GLASS COOKIE JAR,A,Étoile,1529.0,6561.59,4.724095238095239,4.724095238095239,,Non calculable,0.060824068018312624,2011-10,Mettre en avant et sécuriser le stock,0.0
22632,HAND WARMER RED RETROSPOT,A,Étoile,3146.5,6532.415000000001,2.212280701754386,2.212280701754386,,Non calculable,0.005402828539647227,2011-11,Mettre en avant et sécuriser le stock,0.0
22652,TRAVEL SEWING KIT,A,Vache à lait,3688.0,6508.62,1.9708723404255317,1.9708723404255317,,Non calculable,0.004067245119305857,2010-12,Surveiller sans action urgente,0.0
23171,REGENCY TEA PLATE GREEN ,A,Étoile,3804.5,6505.865,2.128433420365535,2.128433420365535,,Non calculable,0.025496123012222368,2011-05,Mettre en avant et sécuriser le stock,0.0
22750,FELTCRAFT PRINCESS LOLA DOLL,A,Étoile,1710.0,6505.34,4.061346153846154,4.061346153846154,,Non calculable,0.0035087719298245615,2011-11,Mettre en avant et sécuriser le stock,0.0
23439,HAND WARMER RED LOVE HEART,A,Vache à lait,3002.0,6477.635,2.2266262135922332,2.2266262135922332,,Non calculable,0.0,2011-11,Surveiller sans action urgente,0.0
23238,SET OF 4 KNICK KNACK TINS LONDON ,A,Vache à lait,1510.0,6462.86,4.746762589928058,4.746762589928058,,Non calculable,0.010596026490066225,2011-11,Surveiller sans action urgente,0.0
22367,CHILDRENS APRON SPACEBOY DESIGN,A,Étoile,3095.5,6430.305,2.4254611211573236,2.4254611211573236,,Non calculable,0.01130673558391213,2011-11,Mettre en avant et sécuriser le stock,0.0
84378,SET OF 3 HEART COOKIE CUTTERS,A,Vache à lait,4612.5,6423.625,1.6291907514450867,1.6291907514450867,,Non calculable,0.015609756097560976,2011-01,Surveiller sans action urgente,0.0
21922,UNION STRIPE WITH FRINGE  HAMMOCK,A,Vache à lait,866.5,6421.025000000001,7.8496650717703345,7.8496650717703345,,Non calculable,0.0,2011-05,Surveiller sans action urgente,0.0
22634,CHILDS BREAKFAST SET SPACEBOY ,A,Étoile,759.5,6417.775,8.45,8.45,,Non calculable,0.053982883475971036,2011-11,Mettre en avant et sécuriser le stock,0.0
23103,JINGLE BELL HEART DECORATION,A,Étoile,3796.0,6413.86,1.8441489361702128,1.8441489361702128,,Non calculable,0.007376185458377239,2011-11,Mettre en avant et sécuriser le stock,0.0
22560,TRADITIONAL MODELLING CLAY,A,Étoile,5142.0,6390.2,1.4223907455012852,1.4223907455012852,,Non calculable,0.00019447685725398678,2011-11,Mettre en avant et sécuriser le stock,0.0
22557,PLASTERS IN TIN VINTAGE PAISLEY ,A,Étoile,3770.0,6389.14,1.900190972222222,1.900190972222222,,Non calculable,0.007161803713527852,2011-11,Mettre en avant et sécuriser le stock,0.0
22768,FAMILY PHOTO FRAME CORNICE,A,Étoile,764.0,6378.815,8.436743295019156,8.436743295019156,,Non calculable,0.04712041884816754,2011-09,Mettre en avant et sécuriser le stock,0.0
23311,VINTAGE CHRISTMAS STOCKING ,A,Vache à lait,2327.0,6339.7,2.9656772334293944,2.9656772334293944,,Non calculable,0.003867640739149119,2011-11,Surveiller sans action urgente,0.0
23175,REGENCY MILK JUG PINK ,A,Étoile,1976.5,6332.525,3.8787915407854987,3.8787915407854987,,Non calculable,0.04047558816089046,2011-05,Mettre en avant et sécuriser le stock,0.0
84836,ZINC METAL HEART DECORATION,A,Étoile,5010.0,6330.57,1.3647155963302753,1.3647155963302753,,Non calculable,0.006986027944111776,2011-11,Mettre en avant et sécuriser le stock,0.0
21977,PACK OF 60 PINK PAISLEY CAKE CASES,A,Vache à lait,11206.0,6305.595,0.7446931818181819,0.7446931818181819,3.772826522324075,Atypique / complémentaire,0.00901302873460646,2011-03,Surveiller sans action urgente,0.0
22580,ADVENT CALENDAR GINGHAM SACK,A,Étoile,1213.0,6299.72,5.5546341463414635,5.5546341463414635,,Non calculable,0.0494641384995878,2011-11,Mettre en avant et sécuriser le stock,0.0
22352,LUNCH BOX WITH CUTLERY RETROSPOT ,A,Vache à lait,2341.0,6292.27,3.321921487603306,3.321921487603306,,Non calculable,0.006834686031610423,2011-05,Surveiller sans action urgente,0.0
21889,WOODEN BOX OF DOMINOES,A,Étoile,4623.5,6270.035,1.5789816360601001,1.5789816360601001,,Non calculable,0.005623445441764897,2011-11,Mettre en avant et sécuriser le stock,0.0
22492,MINI PAINT SET VINTAGE ,A,Étoile,9374.0,6268.87,0.7850263157894737,0.7850263157894737,7.671251984512795,Atypique / complémentaire,0.020908896949007893,2011-11,Mettre en avant et sécuriser le stock,0.0
22170,PICTURE FRAME WOOD TRIPLE PORTRAIT,A,Étoile,964.5,6265.71,6.949396226415094,6.949396226415094,,Non calculable,0.019699326075686883,2011-11,Mettre en avant et sécuriser le stock,0.0
84997A,CHILDRENS CUTLERY POLKADOT GREEN ,A,Vache à lait,1559.0,6262.78,4.455807692307692,4.455807692307692,,Non calculable,0.008338678640153944,2011-07,Surveiller sans action urgente,0.0
23083,SET 6 PAPER TABLE LANTERN STARS ,A,Étoile,1635.0,6262.04,4.236586345381526,4.236586345381526,,Non calculable,0.03853211009174312,2011-11,Mettre en avant et sécuriser le stock,0.0
84406B,CREAM CUPID HEARTS COAT HANGER,A,Vache à lait,1638.5,6250.395,4.311608391608392,4.311608391608392,,Non calculable,0.02563320109856576,2011-03,Surveiller sans action urgente,0.0
22940,FELTCRAFT CHRISTMAS FAIRY,A,Étoile,1467.5,6211.905,4.548654434250765,4.548654434250765,,Non calculable,0.019761499148211244,2011-10,Mettre en avant et sécuriser le stock,0.0
22989,SET 2 PANTRY DESIGN TEA TOWELS,A,Vache à lait,1859.5,6211.5,3.6862698412698416,3.6862698412698416,,Non calculable,0.012906695348211886,2011-03,Surveiller sans action urgente,0.0
22791,T-LIGHT GLASS FLUTED ANTIQUE,A,Étoile,4720.5,6209.34,1.5130057803468209,1.5130057803468209,,Non calculable,0.0374960279631395,2011-11,Mettre en avant et sécuriser le stock,0.0
21668,RED STRIPE CERAMIC DRAWER KNOB,A,Étoile,4318.0,6201.8099999999995,1.6713832199546486,1.6713832199546486,,Non calculable,0.019453450671607225,2011-06,Mettre en avant et sécuriser le stock,0.0
22759,SET OF 3 NOTEBOOKS IN PARCEL,A,Étoile,3479.0,6171.74,2.050720930232558,2.050720930232558,,Non calculable,0.006898534061511929,2011-10,Mettre en avant et sécuriser le stock,0.0
21908,CHOCOLATE THIS WAY METAL SIGN,A,Étoile,2830.5,6170.935,2.534714587737844,2.534714587737844,,Non calculable,0.009185656244479774,2011-08,Mettre en avant et sécuriser le stock,0.0
22505,MEMO BOARD COTTAGE DESIGN,A,Vache à lait,1268.0,6160.26,5.367316293929712,5.367316293929712,,Non calculable,0.003943217665615142,2011-01,Surveiller sans action urgente,0.0
23204,CHARLOTTE BAG APPLES DESIGN,A,Étoile,5807.0,6156.325,1.1219453924914675,1.1219453924914675,,Non calculable,0.0320303082486654,2011-11,Mettre en avant et sécuriser le stock,0.0
23283,DOORMAT VINTAGE LEAF,A,Étoile,851.0,6150.26,7.902188841201717,7.902188841201717,,Non calculable,0.008225616921269096,2011-05,Mettre en avant et sécuriser le stock,0.0
71459,HANGING JAM JAR T-LIGHT HOLDERS,A,Vache à lait,7176.0,6138.945,0.9382312925170068,0.9382312925170068,,Non calculable,0.01797658862876254,2011-05,Surveiller sans action urgente,0.0
22553,PLASTERS IN TIN SKULLS,A,Étoile,3571.5,6133.795,1.9751052631578947,1.9751052631578947,,Non calculable,0.023519529609407813,2011-10,Mettre en avant et sécuriser le stock,0.0
22992,REVOLVER WOODEN RULER ,A,Étoile,2972.5,6133.415,2.2714044943820224,2.2714044943820224,,Non calculable,0.23885618166526493,2011-11,Vérifier qualité / description avant promotion,0.0
22179,SET 10 NIGHT OWL LIGHTS,A,Étoile,903.0,6114.35,7.2813698630136985,7.2813698630136985,,Non calculable,0.03211517165005537,2011-11,Mettre en avant et sécuriser le stock,0.0
23535,WALL ART BICYCLE SAFETY,A,Vache à lait,998.5,6096.965,6.477037037037037,6.477037037037037,,Non calculable,0.00100150225338007,2011-11,Surveiller sans action urgente,0.0
23534,WALL ART STOP FOR TEA ,A,Vache à lait,998.5,6088.49,6.521226053639847,6.521226053639847,,Non calculable,0.007010515773660491,2011-10,Surveiller sans action urgente,0.0
20971,PINK BLUE FELT CRAFT TRINKET BOX,A,Étoile,4653.0,6087.61,1.4207224334600759,1.4207224334600759,,Non calculable,0.2839028583709435,2011-11,Vérifier qualité / description avant promotion,0.0
22784,LANTERN CREAM GAZEBO ,A,Étoile,1245.0,6085.05,5.354290429042904,5.354290429042904,,Non calculable,0.03293172690763052,2011-06,Mettre en avant et sécuriser le stock,0.0
21669,BLUE STRIPE CERAMIC DRAWER KNOB,A,Étoile,4341.5,6075.275,1.5951612903225805,1.5951612903225805,,Non calculable,0.01842681101001958,2011-09,Mettre en avant et sécuriser le stock,0.0
84030E,ENGLISH ROSE HOT WATER BOTTLE,A,Étoile,1399.5,6048.505,4.9488095238095235,4.9488095238095235,,Non calculable,0.0021436227224008574,2011-11,Mettre en avant et sécuriser le stock,0.0
22109,FULL ENGLISH BREAKFAST PLATE,A,Étoile,1388.0,6038.43,5.498528428093645,5.498528428093645,,Non calculable,0.02377521613832853,2010-12,Mettre en avant et sécuriser le stock,0.0
21121,SET/10 RED POLKADOT PARTY CANDLES,A,Étoile,4786.5,6020.305,1.3711488250652741,1.3711488250652741,,Non calculable,0.010028204324663115,2011-09,Mettre en avant et sécuriser le stock,0.0
21231,SWEETHEART CERAMIC TRINKET BOX,A,Vache à lait,4535.5,5999.88,1.5708023483365947,1.5708023483365947,,Non calculable,0.03461580862087973,2011-11,Surveiller sans action urgente,0.0
21912,VINTAGE SNAKES & LADDERS,A,Étoile,1429.0,5992.855,4.942045454545455,4.942045454545455,,Non calculable,0.0,2011-11,Mettre en avant et sécuriser le stock,0.0
21533,RETROSPOT LARGE MILK JUG,A,Vache à lait,1223.5,5954.825,5.176470588235294,5.176470588235294,,Non calculable,0.026154474867184307,2011-03,Surveiller sans action urgente,0.0
21623,VINTAGE UNION JACK MEMOBOARD,A,Vache à lait,748.5,5912.429999999999,8.384524886877827,8.384524886877827,,Non calculable,0.005344021376085505,2011-03,Surveiller sans action urgente,0.0
21770,OPEN CLOSED METAL SIGN,A,Étoile,1186.5,5909.925,5.345886889460155,5.345886889460155,,Non calculable,0.0050568900126422255,2011-09,Mettre en avant et sécuriser le stock,0.0
84991,60 TEATIME FAIRY CAKE CASES,A,Vache à lait,10468.5,5889.95,0.689585308056872,0.689585308056872,-4.335588483389497,Élastique,0.01432870038687491,2011-03,Surveiller sans action urgente,0.0
21210,SET OF 72 RETROSPOT PAPER  DOILIES,A,Étoile,3925.5,5869.464999999999,1.7856512141280352,1.7856512141280352,,Non calculable,0.03388103426315119,2011-11,Mettre en avant et sécuriser le stock,0.0
22663,JUMBO BAG DOLLY GIRL DESIGN,A,Étoile,2712.5,5834.78,2.5757427937915747,2.5757427937915747,,Non calculable,0.004055299539170507,2011-09,Mettre en avant et sécuriser le stock,0.0
84970S,HANGING HEART ZINC T-LIGHT HOLDER,A,Vache à lait,6315.5,5824.855,1.141173184357542,1.141173184357542,,Non calculable,0.003958514765260075,2011-05,Surveiller sans action urgente,0.0
23109,PACK OF SIX LED TEA LIGHTS,A,Étoile,1985.5,5812.575,3.264963235294118,3.264963235294118,,Non calculable,0.04835054142533367,2011-11,Mettre en avant et sécuriser le stock,0.0
84947,ANTIQUE SILVER TEA GLASS ENGRAVED,A,Étoile,4517.0,5803.8150000000005,1.471534090909091,1.471534090909091,,Non calculable,0.007084348018596413,2011-09,Mettre en avant et sécuriser le stock,0.0
21935,SUKI  SHOULDER BAG,A,Étoile,3047.5,5786.605,2.336911487758945,2.336911487758945,,Non calculable,0.00032813781788351107,2011-11,Mettre en avant et sécuriser le stock,0.0
22840,ROUND CAKE TIN VINTAGE RED,A,Vache à lait,763.0,5737.400000000001,7.896789667896679,7.896789667896679,,Non calculable,0.02621231979030144,2011-09,Surveiller sans action urgente,0.0
22413,METAL SIGN TAKE IT OR LEAVE IT ,A,Étoile,1870.5,5714.540000000001,3.3484375,3.3484375,,Non calculable,0.009623095429029671,2011-07,Mettre en avant et sécuriser le stock,0.0
22988,SOLDIERS EGG CUP ,A,Étoile,4412.5,5693.87,1.4978199052132701,1.4978199052132701,,Non calculable,0.02538243626062323,2010-12,Mettre en avant et sécuriser le stock,0.0
22947,WOODEN ADVENT CALENDAR RED,A,Étoile,696.5,5680.175,8.176277372262772,8.176277372262772,,Non calculable,0.007178750897343862,2011-11,Mettre en avant et sécuriser le stock,0.0
22952,60 CAKE CASES VINTAGE CHRISTMAS,A,Étoile,8946.0,5677.065,0.7646761453396524,0.7646761453396524,0.08630952380952389,Atypique / complémentaire,0.034875922199865864,2011-11,Mettre en avant et sécuriser le stock,0.0
21259,VICTORIAN SEWING BOX SMALL ,A,Vache à lait,976.5,5667.025,6.3292982456140345,6.3292982456140345,,Non calculable,0.01228878648233487,2010-12,Surveiller sans action urgente,0.0
22147,FELTCRAFT BUTTERFLY HEARTS,A,Étoile,3863.5,5665.615,1.6384444444444444,1.6384444444444444,,Non calculable,0.2269962469263621,2011-10,Vérifier qualité / description avant promotion,0.0
21672,WHITE SPOT RED CERAMIC DRAWER KNOB,A,Étoile,3948.5,5643.98,1.6896626506024097,1.6896626506024097,,Non calculable,0.0149423831834874,2011-08,Mettre en avant et sécuriser le stock,0.0
21035,SET/2 RED RETROSPOT TEA TOWELS ,A,Vache à lait,1541.0,5627.35,4.550554156171285,4.550554156171285,,Non calculable,0.12978585334198572,2011-03,Surveiller sans action urgente,0.0
22767,TRIPLE PHOTO FRAME CORNICE ,A,Étoile,674.5,5622.54,8.434128440366973,8.434128440366973,,Non calculable,0.05189028910303929,2011-09,Mettre en avant et sécuriser le stock,0.0
22968,ROSE COTTAGE KEEPSAKE BOX ,A,Vache à lait,664.0,5610.8,8.45,8.45,,Non calculable,0.030120481927710843,2010-12,Surveiller sans action urgente,0.0
20718,RED RETROSPOT SHOPPER BAG,A,Étoile,3824.5,5583.52,1.7783737024221455,1.7783737024221455,,Non calculable,0.006275330108510916,2011-11,Mettre en avant et sécuriser le stock,0.0
22141,CHRISTMAS CRAFT TREE TOP ANGEL,A,Étoile,2419.5,5571.59,2.6021551724137932,2.6021551724137932,,Non calculable,0.0033064682785699526,2011-11,Mettre en avant et sécuriser le stock,0.0
21888,BINGO SET,A,Étoile,1374.5,5554.655,4.72473544973545,4.72473544973545,,Non calculable,0.005092761004001455,2011-11,Mettre en avant et sécuriser le stock,0.0
85014A,BLACK/BLUE POLKADOT UMBRELLA,A,Étoile,959.0,5550.55,6.137050359712231,6.137050359712231,,Non calculable,0.006256517205422315,2011-07,Mettre en avant et sécuriser le stock,0.0
23229,VINTAGE DONKEY TAIL GAME ,A,Vache à lait,1485.0,5537.355,4.2430078125,4.2430078125,,Non calculable,0.007407407407407408,2011-11,Surveiller sans action urgente,0.0
21165,BEWARE OF THE CAT METAL SIGN ,A,Étoile,3191.0,5535.75,2.156901098901099,2.156901098901099,,Non calculable,0.003760576621748668,2011-08,Mettre en avant et sécuriser le stock,0.0
23254,CHILDRENS CUTLERY DOLLY GIRL ,A,Étoile,1334.0,5516.360000000001,4.267142857142858,4.267142857142858,,Non calculable,0.014992503748125937,2011-05,Mettre en avant et sécuriser le stock,0.0
22668,PINK BABY BUNTING,A,Vache à lait,1723.5,5511.845,4.122405797101449,4.122405797101449,,Non calculable,0.034812880765883375,2011-02,Surveiller sans action urgente,0.0
22846,BREAD BIN DINER STYLE RED ,A,Vache à lait,650.0,5489.049999999999,8.437589928057553,8.437589928057553,,Non calculable,0.038461538461538464,2011-05,Surveiller sans action urgente,0.0
23247,BISCUIT TIN 50'S CHRISTMAS,A,Vache à lait,1791.0,5457.83,3.2880906148867313,3.2880906148867313,,Non calculable,0.02568397543271915,2011-10,Surveiller sans action urgente,0.0
21169,YOU'RE CONFUSING ME METAL SIGN ,A,Étoile,3136.5,5446.885,2.245964912280702,2.245964912280702,,Non calculable,0.005738880918220947,2011-11,Mettre en avant et sécuriser le stock,0.0
22303,COFFEE MUG APPLES DESIGN,A,Vache à lait,2198.0,5432.505,2.7623664122137406,2.7623664122137406,,Non calculable,0.03366696997270246,2011-03,Surveiller sans action urgente,0.0
22909,SET OF 20 VINTAGE CHRISTMAS NAPKINS,A,Étoile,5956.0,5418.1449999999995,0.9908974358974358,0.9908974358974358,,Non calculable,0.04348556077904634,2011-11,Mettre en avant et sécuriser le stock,0.0
23236,STORAGE TIN VINTAGE DOILY ,A,Vache à lait,1864.5,5414.005,3.2796969696969698,3.2796969696969698,,Non calculable,0.017699115044247787,2011-06,Surveiller sans action urgente,0.0
23382,BOX OF 6 CHRISTMAS CAKE DECORATIONS,A,Vache à lait,1335.0,5412.6,4.660950226244344,4.660950226244344,,Non calculable,0.012734082397003745,2011-11,Surveiller sans action urgente,0.0
23052,RECYCLED ACAPULCO MAT TURQUOISE,A,Vache à lait,654.0,5393.1,8.283812949640287,8.283812949640287,,Non calculable,0.0015290519877675841,2011-05,Surveiller sans action urgente,0.0
22620,4 TRADITIONAL SPINNING TOPS,A,Étoile,3651.0,5374.4349999999995,1.6602857142857141,1.6602857142857141,,Non calculable,0.0005477951246233908,2011-11,Mettre en avant et sécuriser le stock,0.0
22294,HEART FILIGREE DOVE  SMALL,A,Vache à lait,4230.0,5369.94,1.453355048859935,1.453355048859935,,Non calculable,0.008037825059101654,2011-04,Surveiller sans action urgente,0.0
21213,PACK OF 72 SKULL CAKE CASES,A,Étoile,8137.0,5369.83,0.797123695976155,0.797123695976155,0.24368447179054162,Atypique / complémentaire,0.005898979968047192,2011-10,Mettre en avant et sécuriser le stock,0.0
23126,FELTCRAFT GIRL AMELIE KIT,A,Étoile,1086.0,5368.2,5.205631399317406,5.205631399317406,,Non calculable,0.014732965009208104,2011-11,Mettre en avant et sécuriser le stock,0.0
23118,PARISIENNE JEWELLERY DRAWER ,A,Étoile,734.0,5367.145,7.583023255813954,7.583023255813954,,Non calculable,0.0326975476839237,2011-10,Mettre en avant et sécuriser le stock,0.0
84970L,SINGLE HEART ZINC T-LIGHT HOLDER,A,Vache à lait,4914.0,5360.135,1.3050436681222708,1.3050436681222708,,Non calculable,0.002442002442002442,2011-04,Surveiller sans action urgente,0.0
48116,DOORMAT MULTICOLOUR STRIPE,A,Vache à lait,772.5,5356.54,7.8833830845771145,7.8833830845771145,,Non calculable,0.003883495145631068,2010-12,Surveiller sans action urgente,0.0
22631,CIRCUS PARADE LUNCH BOX ,A,Étoile,2562.5,5350.295,2.614900497512438,2.614900497512438,,Non calculable,0.012878048780487804,2011-06,Mettre en avant et sécuriser le stock,0.0
84988,SET OF 72 PINK HEART PAPER DOILIES,A,Vache à lait,3286.5,5333.025,2.1471037181996087,2.1471037181996087,,Non calculable,0.003955575840559866,2011-01,Surveiller sans action urgente,0.0
22150,3 STRIPEY MICE FELTCRAFT,A,Étoile,2669.5,5325.615,2.2756779661016946,2.2756779661016946,,Non calculable,0.004120621839295748,2011-11,Mettre en avant et sécuriser le stock,0.0
22834,HAND WARMER BABUSHKA DESIGN,A,Vache à lait,3216.0,5324.08,2.229490616621984,2.229490616621984,,Non calculable,0.06312189054726368,2010-12,Surveiller sans action urgente,0.0
22837,HOT WATER BOTTLE BABUSHKA ,A,Vache à lait,1105.5,5307.975,5.400537634408602,5.400537634408602,,Non calculable,0.03346901854364541,2010-12,Surveiller sans action urgente,0.0
22635,CHILDS BREAKFAST SET DOLLY GIRL ,A,Étoile,626.5,5293.925,8.45,8.45,,Non calculable,0.1340782122905028,2011-08,Mettre en avant et sécuriser le stock,0.0
23172,REGENCY TEA PLATE PINK,A,Étoile,3130.5,5282.185,2.06783606557377,2.06783606557377,,Non calculable,0.03258265452803066,2011-05,Mettre en avant et sécuriser le stock,0.0
21670,BLUE SPOT CERAMIC DRAWER KNOB,A,Étoile,3585.5,5255.54,1.709493333333333,1.709493333333333,,Non calculable,0.019244177938920654,2011-09,Mettre en avant et sécuriser le stock,0.0
22381,TOY TIDY PINK POLKADOT,A,Vache à lait,2257.5,5247.59,3.0202536997885834,3.0202536997885834,,Non calculable,0.011960132890365448,2011-02,Surveiller sans action urgente,0.0
84945,MULTI COLOUR SILVER T-LIGHT HOLDER,A,Étoile,5901.0,5246.205,0.9520170454545455,0.9520170454545455,,Non calculable,0.01728520589730554,2011-11,Mettre en avant et sécuriser le stock,0.0
23480,MINI LIGHTS WOODLAND MUSHROOMS,A,Vache à lait,1350.5,5245.255,4.428761467889909,4.428761467889909,,Non calculable,0.014809329877823029,2011-11,Surveiller sans action urgente,0.0
21122,SET/10 PINK POLKADOT PARTY CANDLES,A,Étoile,4170.0,5242.01,1.373,1.373,,Non calculable,0.011750599520383693,2011-06,Mettre en avant et sécuriser le stock,0.0
21673,WHITE SPOT BLUE CERAMIC DRAWER KNOB,A,Vache à lait,3583.0,5197.3,1.6842276422764229,1.6842276422764229,,Non calculable,0.028746860173039353,2011-06,Surveiller sans action urgente,0.0
22273,FELTCRAFT DOLL MOLLY,A,Étoile,1759.5,5163.240000000001,3.2667267267267266,3.2667267267267266,,Non calculable,0.8223927252060245,2011-10,Vérifier qualité / description avant promotion,0.0
22585,PACK OF 6 BIRDY GIFT TAGS,A,Étoile,4010.5,5141.3,1.4756511056511057,1.4756511056511057,,Non calculable,0.01122054606657524,2011-10,Mettre en avant et sécuriser le stock,0.0
21671,RED SPOT CERAMIC DRAWER KNOB,A,Étoile,3553.0,5135.89,1.7286216216216217,1.7286216216216217,,Non calculable,0.0427807486631016,2011-11,Mettre en avant et sécuriser le stock,0.0
23582,VINTAGE DOILY JUMBO BAG RED ,A,Vache à lait,2396.5,5133.37,2.2147709923664123,2.2147709923664123,,Non calculable,0.05049029835176299,2011-11,Surveiller sans action urgente,0.0
72741,GRAND CHOCOLATECANDLE,A,Étoile,3505.5,5112.375,1.5990443686006826,1.5990443686006826,,Non calculable,0.007131650263871059,2011-11,Mettre en avant et sécuriser le stock,0.0
48111,DOORMAT 3 SMILEY CATS,A,Vache à lait,700.5,5105.93,7.9555982905982905,7.9555982905982905,,Non calculable,0.0028551034975017845,2010-12,Surveiller sans action urgente,0.0
47591D,PINK FAIRY CAKE CHILDRENS APRON,A,Étoile,2633.0,5105.349999999999,2.157881548974943,2.157881548974943,,Non calculable,0.0007595898214963919,2011-11,Mettre en avant et sécuriser le stock,0.0
23312,VINTAGE CHRISTMAS GIFT SACK,A,Vache à lait,1201.0,5104.650000000001,4.445412844036698,4.445412844036698,,Non calculable,0.0008326394671107411,2011-11,Surveiller sans action urgente,0.0
48173C,DOORMAT BLACK FLOCK ,A,Étoile,757.5,5104.18,7.787340425531915,7.787340425531915,,Non calculable,0.005280528052805281,2011-11,Mettre en avant et sécuriser le stock,0.0
23188,VINTAGE  2 METRE FOLDING RULER,A,Vache à lait,2910.5,5086.045,1.934985163204748,1.934985163204748,,Non calculable,0.004810170073870469,2011-11,Surveiller sans action urgente,0.0
20969,RED FLORAL FELTCRAFT SHOULDER BAG,A,Étoile,1324.0,5073.39,4.268562091503268,4.268562091503268,,Non calculable,0.1095166163141994,2011-10,Mettre en avant et sécuriser le stock,0.0
22464,HANGING METAL HEART LANTERN,A,Étoile,3030.0,5067.01,1.9432294617563741,1.9432294617563741,,Non calculable,0.04026402640264026,2011-05,Mettre en avant et sécuriser le stock,0.0
22943,CHRISTMAS LIGHTS 10 VINTAGE BAUBLES,A,Étoile,1013.5,5048.325,5.713636363636364,5.713636363636364,,Non calculable,0.027627035027133696,2011-10,Mettre en avant et sécuriser le stock,0.0
22978,PANTRY ROLLING PIN,A,Vache à lait,1319.5,5037.215,4.3442436974789915,4.3442436974789915,,Non calculable,0.05683971201212581,2011-03,Surveiller sans action urgente,0.0
22488,NATURAL SLATE RECTANGLE CHALKBOARD,A,Étoile,2806.5,5010.3550000000005,2.071558752997602,2.071558752997602,,Non calculable,0.012471049349723855,2011-10,Mettre en avant et sécuriser le stock,0.0
21891,TRADITIONAL WOODEN SKIPPING ROPE,A,Étoile,3495.0,5005.55,1.592523148148148,1.592523148148148,,Non calculable,0.012303290414878397,2011-11,Mettre en avant et sécuriser le stock,0.0
22798,ANTIQUE GLASS DRESSING TABLE POT,A,Étoile,1577.5,4996.025000000001,3.781310861423221,3.781310861423221,,Non calculable,0.028526148969889066,2010-12,Mettre en avant et sécuriser le stock,0.0
22366,DOORMAT AIRMAIL ,A,Étoile,678.5,4989.95,7.989045454545455,7.989045454545455,,Non calculable,0.0397936624907885,2011-10,Mettre en avant et sécuriser le stock,0.0
22971,QUEENS GUARD COFFEE MUG,A,Vache à lait,2018.5,4983.04,2.7821167883211677,2.7821167883211677,,Non calculable,0.007926678226405746,2011-02,Surveiller sans action urgente,0.0
21380,WOODEN HAPPY BIRTHDAY GARLAND,A,Vache à lait,1641.5,4965.385,3.49,3.49,,Non calculable,0.0006091989034419738,2011-05,Surveiller sans action urgente,0.0
22371,AIRLINE BAG VINTAGE TOKYO 78,A,Étoile,1059.0,4964.95,5.2078227848101255,5.2078227848101255,,Non calculable,0.012275731822474031,2011-11,Mettre en avant et sécuriser le stock,0.0
22333,RETROSPOT PARTY BAG + STICKER SET,A,Étoile,3052.0,4950.54,1.8778124999999999,1.8778124999999999,,Non calculable,0.022280471821756225,2011-06,Mettre en avant et sécuriser le stock,0.0
22088,PAPER BUNTING COLOURED LACE,A,Vache à lait,1606.0,4929.2,3.5898333333333334,3.5898333333333334,,Non calculable,0.034869240348692404,2011-05,Surveiller sans action urgente,0.0
22796,PHOTO FRAME 3 CLASSIC HANGING,A,Vache à lait,582.0,4917.9,8.45,8.45,,Non calculable,0.09450171821305842,2011-11,Surveiller sans action urgente,0.0
21756,BATH BUILDING BLOCK WORD,A,Vache à lait,809.0,4903.3,6.27619926199262,6.27619926199262,,Non calculable,0.002472187886279357,2011-03,Surveiller sans action urgente,0.0
21257,VICTORIAN SEWING BOX MEDIUM,A,Étoile,613.5,4892.325,8.14847328244275,8.14847328244275,,Non calculable,0.019559902200488997,2011-11,Mettre en avant et sécuriser le stock,0.0
22636,CHILDS BREAKFAST SET CIRCUS PARADE,A,Vache à lait,595.0,4890.15,8.385353535353536,8.385353535353536,,Non calculable,0.04873949579831933,2011-11,Surveiller sans action urgente,0.0
23263,SET OF 3 WOODEN HEART DECORATIONS,A,Étoile,3603.5,4855.26,1.4479957805907173,1.4479957805907173,,Non calculable,0.013042874982655751,2011-11,Mettre en avant et sécuriser le stock,0.0
21156,RETROSPOT CHILDRENS APRON,A,Étoile,2420.0,4850.75,2.3748888888888886,2.3748888888888886,,Non calculable,0.016115702479338842,2011-11,Mettre en avant et sécuriser le stock,0.0
21907,I'M ON HOLIDAY METAL SIGN,A,Étoile,2273.5,4846.805,2.3004347826086957,2.3004347826086957,,Non calculable,0.005718055861007257,2011-08,Mettre en avant et sécuriser le stock,0.0
22429,ENAMEL MEASURING JUG CREAM,A,Vache à lait,1079.0,4820.81,4.847989417989418,4.847989417989418,,Non calculable,0.028730305838739572,2011-05,Surveiller sans action urgente,0.0
22895,SET OF 2 TEA TOWELS APPLE AND PEARS,A,Vache à lait,1487.0,4807.150000000001,3.6027972027972033,3.6027972027972033,,Non calculable,0.004034969737726967,2011-03,Surveiller sans action urgente,0.0
22623,BOX OF VINTAGE JIGSAW BLOCKS ,A,Étoile,862.0,4802.95,5.905744680851064,5.905744680851064,,Non calculable,0.018561484918793503,2011-10,Mettre en avant et sécuriser le stock,0.0
84949,SILVER HANGING T-LIGHT HOLDER,A,Étoile,2842.0,4788.6900000000005,1.8617465753424658,1.8617465753424658,,Non calculable,0.09254046446164672,2011-11,Mettre en avant et sécuriser le stock,0.0
22845,VINTAGE CREAM CAT FOOD CONTAINER,A,Vache à lait,753.5,4782.705,6.83826498422713,6.83826498422713,,Non calculable,0.0185799601857996,2011-05,Surveiller sans action urgente,0.0
82001S,SILVER RECORD COVER FRAME,A,Étoile,1291.0,4763.72,4.426640625,4.426640625,,Non calculable,0.005422153369481022,2011-11,Mettre en avant et sécuriser le stock,0.0
21094,SET/6 RED SPOTTY PAPER PLATES,A,Étoile,5520.0,4743.62,0.9860338345864661,0.9860338345864661,,Non calculable,0.0,2011-03,Mettre en avant et sécuriser le stock,0.0
22904,CALENDAR PAPER CUT DESIGN,A,Étoile,1553.5,4742.785000000001,3.353065693430657,3.353065693430657,,Non calculable,0.001287415513356936,2011-10,Mettre en avant et sécuriser le stock,0.0
22665,RECIPE BOX BLUE SKETCHBOOK DESIGN,A,Vache à lait,1337.5,4736.905000000001,4.052696629213483,4.052696629213483,,Non calculable,0.01644859813084112,2010-12,Surveiller sans action urgente,0.0
21154,RED RETROSPOT OVEN GLOVE ,A,Étoile,2683.5,4707.48,1.946069868995633,1.946069868995633,,Non calculable,0.07900130426681573,2011-11,Mettre en avant et sécuriser le stock,0.0
21558,SKULL LUNCH BOX WITH CUTLERY ,A,Étoile,1721.5,4689.595,3.376298076923077,3.376298076923077,,Non calculable,0.0023235550392099913,2011-05,Mettre en avant et sécuriser le stock,0.0
23307,SET OF 60 PANTRY DESIGN CAKE CASES ,A,Étoile,8290.0,4684.495,0.6839469578783152,0.6839469578783152,0.22099355365798123,Atypique / complémentaire,0.010615199034981907,2011-07,Mettre en avant et sécuriser le stock,0.0
23494,VINTAGE DOILY DELUXE SEWING KIT ,A,Vache à lait,763.0,4671.85,6.263106796116505,6.263106796116505,,Non calculable,0.08519003931847968,2011-11,Surveiller sans action urgente,0.0
23198,PANTRY MAGNETIC  SHOPPING LIST,A,Vache à lait,2997.0,4632.445,1.7995876288659793,1.7995876288659793,,Non calculable,0.02135468802135469,2011-10,Surveiller sans action urgente,0.0
22781,GUMBALL MAGAZINE RACK,A,Étoile,621.0,4629.55,7.836637931034482,7.836637931034482,,Non calculable,0.07890499194847021,2011-06,Mettre en avant et sécuriser le stock,0.0
22296,HEART IVORY TRELLIS LARGE,A,Vache à lait,2742.5,4629.345,1.8795412844036699,1.8795412844036699,,Non calculable,0.00036463081130355516,2011-04,Surveiller sans action urgente,0.0
21428,SET3 BOOK BOX GREEN GINGHAM FLOWER ,A,Vache à lait,1047.5,4621.56,5.437977099236641,5.437977099236641,,Non calculable,0.03341288782816229,2011-11,Surveiller sans action urgente,0.0
20676,RED RETROSPOT BOWL,A,Vache à lait,3469.5,4616.95,1.631751662971175,1.631751662971175,,Non calculable,0.006340971321516069,2011-01,Surveiller sans action urgente,0.0
22898,CHILDRENS APRON APPLES DESIGN,A,Étoile,2091.5,4614.8949999999995,2.5617983651226157,2.5617983651226157,,Non calculable,0.0,2011-11,Mettre en avant et sécuriser le stock,0.0
21172,PARTY METAL SIGN ,A,Étoile,2913.0,4608.03,2.0224472573839662,2.0224472573839662,,Non calculable,0.004462753175420529,2011-08,Mettre en avant et sécuriser le stock,0.0
22907,PACK OF 20 NAPKINS PANTRY DESIGN,A,Vache à lait,5181.0,4605.24,0.9899710982658959,0.9899710982658959,,Non calculable,0.007720517274657402,2011-03,Surveiller sans action urgente,0.0
22207,FRYING PAN UNION FLAG,A,Vache à lait,1010.0,4597.98,6.178076923076923,6.178076923076923,,Non calculable,0.07425742574257425,2011-11,Surveiller sans action urgente,0.0
22637,PIGGY BANK RETROSPOT ,A,Vache à lait,1701.0,4597.705,3.1144072948328265,3.1144072948328265,,Non calculable,0.03233392122281011,2010-12,Surveiller sans action urgente,0.0
22991,GIRAFFE WOODEN RULER,A,Étoile,2172.5,4585.165,2.273655913978495,2.273655913978495,,Non calculable,0.32589182968929803,2011-11,Vérifier qualité / description avant promotion,0.0
21535,RED RETROSPOT SMALL MILK JUG,A,Vache à lait,1816.5,4577.96,2.7591618497109827,2.7591618497109827,,Non calculable,0.017616295072942472,2011-03,Surveiller sans action urgente,0.0
23192,BUNDLE OF 3 ALPHABET EXERCISE BOOKS,A,Étoile,2716.5,4569.765,1.7743304843304841,1.7743304843304841,,Non calculable,0.0011043622308117063,2011-11,Mettre en avant et sécuriser le stock,0.0
48129,DOORMAT TOPIARY,A,Vache à lait,631.0,4563.805,7.911407766990291,7.911407766990291,,Non calculable,0.03645007923930269,2011-05,Surveiller sans action urgente,0.0
22271,FELTCRAFT DOLL ROSIE,A,Étoile,1516.5,4536.875000000001,3.38049504950495,3.38049504950495,,Non calculable,0.005275304978569074,2011-11,Mettre en avant et sécuriser le stock,0.0
21955,DOORMAT UNION JACK GUNS AND ROSES,A,Vache à lait,642.0,4534.48,7.923990384615385,7.923990384615385,,Non calculable,0.0,2011-01,Surveiller sans action urgente,0.0
22297,HEART IVORY TRELLIS SMALL,A,Vache à lait,3339.0,4527.27,1.746631853785901,1.746631853785901,,Non calculable,0.0,2011-08,Surveiller sans action urgente,0.0
23205,CHARLOTTE BAG VINTAGE ALPHABET ,A,Étoile,4197.5,4518.595,1.1491063829787236,1.1491063829787236,,Non calculable,0.04550327575938058,2011-11,Mettre en avant et sécuriser le stock,0.0
23234,BISCUIT TIN VINTAGE CHRISTMAS,A,Vache à lait,1489.5,4500.8550000000005,3.3792086330935254,3.3792086330935254,,Non calculable,0.010741859684457872,2011-10,Surveiller sans action urgente,0.0
22110,BIRD HOUSE HOT WATER BOTTLE,A,Vache à lait,1110.5,4482.11,4.041736111111111,4.041736111111111,,Non calculable,0.0018009905447996398,2010-12,Surveiller sans action urgente,0.0
22485,SET OF 2 WOODEN MARKET CRATES,A,Étoile,526.0,4444.7,8.45,8.45,,Non calculable,0.011406844106463879,2011-06,Mettre en avant et sécuriser le stock,0.0
21258,VICTORIAN SEWING BOX LARGE,A,Vache à lait,525.0,4436.25,8.45,8.45,,Non calculable,0.11619047619047619,2010-12,Surveiller sans action urgente,0.0
21932,SCANDINAVIAN PAISLEY PICNIC BAG,A,Étoile,2383.5,4420.805,2.0698666666666665,2.0698666666666665,,Non calculable,0.013845185651353053,2011-05,Mettre en avant et sécuriser le stock,0.0
22120,WELCOME  WOODEN BLOCK LETTERS,A,Vache à lait,523.0,4419.35,8.45,8.45,,Non calculable,0.022944550669216062,2011-11,Surveiller sans action urgente,0.0
23351,ROLL WRAP 50'S CHRISTMAS,A,Vache à lait,3137.5,4416.125,1.5103072625698326,1.5103072625698326,,Non calculable,0.026772908366533864,2011-11,Surveiller sans action urgente,0.0
21539,RED RETROSPOT BUTTER DISH,A,Vache à lait,900.0,4400.4,5.3029166666666665,5.3029166666666665,,Non calculable,0.025555555555555557,2011-08,Surveiller sans action urgente,0.0
22751,FELTCRAFT PRINCESS OLIVIA DOLL,A,Étoile,1147.5,4392.925,4.235924657534247,4.235924657534247,,Non calculable,0.0017429193899782135,2011-10,Mettre en avant et sécuriser le stock,0.0
23293,SET OF 12 FAIRY CAKE BAKING CASES,A,Vache à lait,5035.5,4391.905,1.0651805054151624,1.0651805054151624,,Non calculable,0.006354880349518419,2011-11,Surveiller sans action urgente,0.0
22645,CERAMIC HEART FAIRY CAKE MONEY BANK,A,Étoile,2110.0,4390.14,2.2715211267605633,2.2715211267605633,,Non calculable,0.008056872037914692,2010-12,Mettre en avant et sécuriser le stock,0.0
22418,10 COLOUR SPACEBOY PEN,A,Étoile,5011.5,4374.635,1.0559561128526644,1.0559561128526644,,Non calculable,0.03292427416941036,2011-11,Mettre en avant et sécuriser le stock,0.0
23184,BULL DOG BOTTLE OPENER,A,Étoile,836.5,4371.175,5.85,5.85,,Non calculable,0.015540944411237299,2011-11,Mettre en avant et sécuriser le stock,0.0
22302,COFFEE MUG PEARS  DESIGN,A,Vache à lait,1777.0,4370.52,2.7265727699530515,2.7265727699530515,,Non calculable,0.006752954417557681,2011-03,Surveiller sans action urgente,0.0
22748,POPPY'S PLAYHOUSE KITCHEN,A,Étoile,1915.0,4365.58,2.4816628701594534,2.4816628701594534,,Non calculable,0.006788511749347258,2011-11,Mettre en avant et sécuriser le stock,0.0
37449,CERAMIC CAKE STAND + HANGING CAKES,A,Vache à lait,521.0,4355.139999999999,8.43922077922078,8.43922077922078,,Non calculable,0.09596928982725528,2011-01,Surveiller sans action urgente,0.0
23569,TRADTIONAL ALPHABET STAMP SET,A,Vache à lait,874.5,4354.975,5.160204081632653,5.160204081632653,,Non calculable,0.002287021154945683,2011-11,Surveiller sans action urgente,0.0
21033,JUMBO BAG CHARLIE AND LOLA TOYS,A,Vache à lait,1666.0,4353.245,3.2029,3.2029,,Non calculable,0.0006002400960384153,2011-07,Surveiller sans action urgente,0.0
22082,RIBBON REEL STRIPES DESIGN ,A,Étoile,2462.5,4339.605,1.9854457831325298,1.9854457831325298,,Non calculable,0.008121827411167513,2011-11,Mettre en avant et sécuriser le stock,0.0
22365,DOORMAT RESPECTABLE HOUSE,A,Étoile,586.5,4330.38,7.989553072625697,7.989553072625697,,Non calculable,0.0034100596760443308,2011-11,Mettre en avant et sécuriser le stock,0.0
23541,WALL ART CLASSIC PUDDINGS ,A,Vache à lait,558.5,4325.205,8.181973684210528,8.181973684210528,,Non calculable,0.0035810205908683975,2011-10,Surveiller sans action urgente,0.0
21108,FAIRY CAKE FLANNEL ASSORTED COLOUR,A,Étoile,3096.5,4306.5,2.3184790874524714,2.3184790874524714,,Non calculable,1.0172775714516389,2011-11,Vérifier qualité / description avant promotion,0.0
23158,SET OF 5 LUCKY CAT MAGNETS ,A,Étoile,1986.5,4295.38,2.674823529411765,2.674823529411765,,Non calculable,0.03020387616410773,2011-11,Mettre en avant et sécuriser le stock,0.0
23215,JINGLE BELL HEART ANTIQUE SILVER,A,Étoile,2036.5,4290.6900000000005,2.2615962441314554,2.2615962441314554,,Non calculable,0.05892462558310827,2011-11,Mettre en avant et sécuriser le stock,0.0
22838,3 TIER CAKE TIN RED AND CREAM,A,Vache à lait,507.5,4288.375,8.45,8.45,,Non calculable,0.2522167487684729,2011-11,Vérifier qualité / description avant promotion,0.0
22174,PHOTO CUBE,A,Étoile,2026.5,4287.685,2.596676923076923,2.596676923076923,,Non calculable,0.0,2010-12,Mettre en avant et sécuriser le stock,0.0
21164,HOME SWEET HOME METAL SIGN ,A,Vache à lait,1425.5,4284.705000000001,3.292605633802817,3.292605633802817,,Non calculable,0.004209049456331112,2011-03,Surveiller sans action urgente,0.0
22721,SET OF 3 CAKE TINS SKETCHBOOK,A,Vache à lait,952.5,4277.065,5.10496644295302,5.10496644295302,,Non calculable,0.0,2011-01,Surveiller sans action urgente,0.0
21933,PINK VINTAGE PAISLEY PICNIC BAG,A,Étoile,2278.5,4269.455,2.0688009592326138,2.0688009592326138,,Non calculable,0.0013166556945358788,2011-05,Mettre en avant et sécuriser le stock,0.0
22646,CERAMIC STRAWBERRY CAKE MONEY BANK,A,Vache à lait,2891.0,4263.349999999999,2.054529262086514,2.054529262086514,,Non calculable,0.010722933241093047,2010-12,Surveiller sans action urgente,0.0
22745,POPPY'S PLAYHOUSE BEDROOM ,A,Étoile,1839.5,4260.165,2.546305882352941,2.546305882352941,,Non calculable,0.007067137809187279,2011-03,Mettre en avant et sécuriser le stock,0.0
22142,CHRISTMAS CRAFT WHITE FAIRY ,A,Étoile,2793.5,4256.965,1.7504663212435232,1.7504663212435232,,Non calculable,0.00393771254698407,2011-11,Mettre en avant et sécuriser le stock,0.0
21242,RED RETROSPOT PLATE ,A,Vache à lait,2382.0,4256.4,2.085625,2.085625,,Non calculable,0.014693534844668345,2011-03,Surveiller sans action urgente,0.0
23583,LUNCH BAG PAISLEY PARK  ,A,Vache à lait,2534.0,4253.28,1.8020481927710843,1.8020481927710843,,Non calculable,0.003946329913180742,2011-11,Surveiller sans action urgente,0.0
22089,PAPER BUNTING VINTAGE PAISLEY,A,Vache à lait,1342.5,4252.155000000001,3.5026277372262773,3.5026277372262773,,Non calculable,0.0,2011-05,Surveiller sans action urgente,0.0
23162,REGENCY TEA STRAINER,A,Étoile,1139.0,4245.52,4.422272727272728,4.422272727272728,,Non calculable,0.0,2011-05,Mettre en avant et sécuriser le stock,0.0
21934,SKULL SHOULDER BAG,A,Étoile,2253.0,4232.0,2.140631067961165,2.140631067961165,,Non calculable,0.004438526409232135,2011-11,Mettre en avant et sécuriser le stock,0.0
23012,GLASS APOTHECARY BOTTLE PERFUME,A,Vache à lait,1063.5,4171.235000000001,4.62991935483871,4.62991935483871,,Non calculable,0.007522331922896097,2011-10,Surveiller sans action urgente,0.0
23503,PLAYING CARDS KEEP CALM & CARRY ON,A,Vache à lait,3259.5,4163.66,1.279298245614035,1.279298245614035,,Non calculable,0.0006135910415707931,2011-10,Surveiller sans action urgente,0.0
22942,CHRISTMAS LIGHTS 10 SANTAS ,A,Étoile,587.0,4160.25,7.550653594771242,7.550653594771242,,Non calculable,0.12947189097103917,2011-10,Mettre en avant et sécuriser le stock,0.0
22595,GINGHAM HEART DECORATION,A,Étoile,4656.5,4159.4,1.0276793248945149,1.0276793248945149,,Non calculable,0.030924514120047247,2011-11,Mettre en avant et sécuriser le stock,0.0
23007, SPACEBOY BABY GIFT SET,A,Étoile,490.5,4144.725,8.45,8.45,,Non calculable,0.012232415902140673,2011-03,Mettre en avant et sécuriser le stock,0.0
23154,SET OF 4 JAM JAR MAGNETS,A,Étoile,1946.0,4136.7,2.2075000000000005,2.2075000000000005,,Non calculable,0.03134635149023638,2011-11,Mettre en avant et sécuriser le stock,0.0
23165,LARGE CERAMIC TOP STORAGE JAR,A,Étoile,2418.0,4131.86,1.9777738515901062,1.9777738515901062,,Non calculable,0.04218362282878412,2011-06,Mettre en avant et sécuriser le stock,0.0
20970,PINK FLORAL FELTCRAFT SHOULDER BAG,A,Étoile,1086.0,4130.43,4.193650190114068,4.193650190114068,,Non calculable,0.0027624309392265192,2011-11,Mettre en avant et sécuriser le stock,0.0
22549,PICTURE DOMINOES,A,Étoile,2645.0,4118.13,1.9796408839779005,1.9796408839779005,,Non calculable,0.0,2011-11,Mettre en avant et sécuriser le stock,0.0
22979,PANTRY WASHING UP BRUSH,A,Étoile,2664.5,4100.5599999999995,1.8184334203655352,1.8184334203655352,,Non calculable,0.03415274910865078,2011-03,Mettre en avant et sécuriser le stock,0.0
23050,RECYCLED ACAPULCO MAT GREEN,A,Étoile,497.0,4082.05,8.265609756097561,8.265609756097561,,Non calculable,0.002012072434607646,2011-06,Mettre en avant et sécuriser le stock,0.0
23112,PARISIENNE CURIO CABINET,A,Étoile,546.0,4064.4,7.681535269709544,7.681535269709544,,Non calculable,0.06043956043956044,2011-06,Mettre en avant et sécuriser le stock,0.0
22694,WICKER STAR ,A,Étoile,1736.0,4052.7450000000003,2.5493430656934306,2.5493430656934306,,Non calculable,0.029953917050691243,2011-11,Mettre en avant et sécuriser le stock,0.0
22772,PINK DRAWER KNOB ACRYLIC EDWARDIAN,A,Vache à lait,2761.5,4051.32,1.66984375,1.66984375,,Non calculable,0.0010863661053775121,2011-02,Surveiller sans action urgente,0.0
22626,BLACK KITCHEN SCALES,A,Vache à lait,490.0,4037.2999999999997,8.417839195979898,8.417839195979898,,Non calculable,0.018367346938775512,2011-03,Surveiller sans action urgente,0.0
22741,FUNKY DIVA PEN,A,Étoile,4546.5,4034.61,1.107905982905983,1.107905982905983,,Non calculable,0.011217419993401518,2011-09,Mettre en avant et sécuriser le stock,0.0
23397,FOOT STOOL HOME SWEET HOME ,A,Vache à lait,481.5,4029.5249999999996,8.436175115207373,8.436175115207373,,Non calculable,0.012461059190031152,2011-09,Surveiller sans action urgente,0.0
22649,STRAWBERRY FAIRY CAKE TEAPOT,A,Vache à lait,795.0,4025.55,5.584803921568628,5.584803921568628,,Non calculable,0.050314465408805034,2010-12,Surveiller sans action urgente,0.0
23168,CLASSIC CAFE SUGAR DISPENSER,A,Étoile,2786.0,4022.82,1.777485380116959,1.777485380116959,,Non calculable,0.019382627422828428,2011-11,Mettre en avant et sécuriser le stock,0.0
21937,STRAWBERRY   PICNIC BAG,A,Vache à lait,1363.0,4021.05,3.405555555555556,3.405555555555556,,Non calculable,0.01173881144534116,2011-05,Surveiller sans action urgente,0.0
23110,PARISIENNE KEY CABINET ,A,Étoile,696.5,3977.475,6.0984375,6.0984375,,Non calculable,0.0732232591529074,2011-05,Mettre en avant et sécuriser le stock,0.0
23133,LARGE IVORY HEART WALL ORGANISER,A,Étoile,539.5,3964.71,8.054193548387097,8.054193548387097,,Non calculable,0.0018535681186283596,2011-10,Mettre en avant et sécuriser le stock,0.0
22723,SET OF 6 HERB TINS SKETCHBOOK,A,Vache à lait,1077.0,3962.61,4.301006711409396,4.301006711409396,,Non calculable,0.0018570102135561746,2011-01,Surveiller sans action urgente,0.0
23296,SET OF 6 TEA TIME BAKING CASES,A,Vache à lait,3102.5,3961.96,1.524240837696335,1.524240837696335,,Non calculable,0.008702659145850122,2011-11,Surveiller sans action urgente,0.0
21975,PACK OF 60 DINOSAUR CAKE CASES,A,Étoile,7185.0,3957.375,0.6264715447154472,0.6264715447154472,,Non calculable,0.00988169798190675,2011-09,Mettre en avant et sécuriser le stock,0.0
84077,WORLD WAR 2 GLIDERS ASSTD DESIGNS,A,Étoile,13543.5,3956.9949999999994,0.3207276119402985,0.3207276119402985,9.307582953648208,Atypique / complémentaire,0.08860338907963229,2011-11,Mettre en avant et sécuriser le stock,0.0
22957,SET 3 PAPER VINTAGE CHICK PAPER EGG,A,Vache à lait,1356.5,3944.4750000000004,3.115555555555556,3.115555555555556,,Non calculable,0.01916697382970881,2011-03,Surveiller sans action urgente,0.0
21124,SET/10 BLUE POLKADOT PARTY CANDLES,A,Étoile,3154.5,3940.34,1.2982644628099174,1.2982644628099174,,Non calculable,0.015533365034078301,2011-06,Mettre en avant et sécuriser le stock,0.0
22327,ROUND SNACK BOXES SET OF 4 SKULLS,A,Étoile,1021.5,3933.2250000000004,4.334896551724138,4.334896551724138,,Non calculable,0.010768477728830151,2011-11,Mettre en avant et sécuriser le stock,0.0
21116,OWL DOORSTOP,A,Étoile,666.5,3930.125,6.739365079365079,6.739365079365079,,Non calculable,0.0,2011-11,Mettre en avant et sécuriser le stock,0.0
23349,ROLL WRAP VINTAGE CHRISTMAS,A,Vache à lait,2829.5,3925.675,1.5426530612244898,1.5426530612244898,,Non calculable,0.00424103198444955,2011-11,Surveiller sans action urgente,0.0
20682,RED RETROSPOT CHILDRENS UMBRELLA,A,Étoile,1140.5,3911.455,4.018487394957983,4.018487394957983,,Non calculable,0.017536168347216132,2011-09,Mettre en avant et sécuriser le stock,0.0
22964,3 PIECE SPACEBOY COOKIE CUTTER SET,A,Étoile,1779.5,3903.2400000000002,2.5305774278215223,2.5305774278215223,,Non calculable,0.007867378477100308,2011-11,Mettre en avant et sécuriser le stock,0.0
22841,ROUND CAKE TIN VINTAGE GREEN,A,Vache à lait,514.0,3897.35,7.919859154929577,7.919859154929577,,Non calculable,0.02529182879377432,2011-02,Surveiller sans action urgente,0.0
22801,ANTIQUE GLASS PEDESTAL BOWL,A,Étoile,936.5,3897.095,4.729107142857143,4.729107142857143,,Non calculable,0.0202883075280299,2011-11,Mettre en avant et sécuriser le stock,0.0
22295,HEART FILIGREE DOVE LARGE,A,Vache à lait,2304.5,3893.445,1.9075984251968503,1.9075984251968503,,Non calculable,0.005207203297895422,2010-12,Surveiller sans action urgente,0.0
22301,COFFEE MUG CAT + BIRD DESIGN,A,Vache à lait,1494.0,3883.1600000000003,3.1865079365079363,3.1865079365079363,,Non calculable,0.01606425702811245,2010-12,Surveiller sans action urgente,0.0
84792,ENCHANTED BIRD COATHANGER 5 HOOK,A,Vache à lait,813.5,3863.0350000000003,5.3921810699588475,5.3921810699588475,,Non calculable,0.03564843269821758,2011-11,Surveiller sans action urgente,0.0
21892,TRADITIONAL WOODEN CATCH CUP GAME ,A,Étoile,2790.0,3858.55,1.6051196172248803,1.6051196172248803,,Non calculable,0.004659498207885305,2011-11,Mettre en avant et sécuriser le stock,0.0
22938,CUPCAKE LACE PAPER SET 6,A,Vache à lait,2004.0,3850.98,2.093191489361702,2.093191489361702,,Non calculable,0.029940119760479042,2011-11,Surveiller sans action urgente,0.0
21326,AGED GLASS SILVER T-LIGHT HOLDER,A,Étoile,5356.0,3848.1,0.8200289017341041,0.8200289017341041,,Non calculable,0.00392083644510829,2011-11,Mettre en avant et sécuriser le stock,0.0
21041,RED RETROSPOT OVEN GLOVE DOUBLE,A,Vache à lait,894.5,3831.4550000000004,4.408677042801556,4.408677042801556,,Non calculable,0.003353828954723309,2011-05,Surveiller sans action urgente,0.0
22779,WOODEN OWLS LIGHT GARLAND ,A,Vache à lait,968.0,3827.86,4.183509933774834,4.183509933774834,,Non calculable,0.025826446280991736,2010-12,Surveiller sans action urgente,0.0
20979,36 PENCILS TUBE RED RETROSPOT,A,Étoile,2908.5,3824.19,1.5887384615384617,1.5887384615384617,,Non calculable,0.055011174144748154,2011-11,Mettre en avant et sécuriser le stock,0.0
23241,TREASURE TIN GYMKHANA DESIGN,A,Vache à lait,1721.0,3817.1,2.4851092896174864,2.4851092896174864,,Non calculable,0.004067402672864613,2011-09,Surveiller sans action urgente,0.0
23389,SPACEBOY MINI BACKPACK,A,Vache à lait,875.5,3811.465,4.525062761506276,4.525062761506276,,Non calculable,0.002284408909194746,2011-11,Surveiller sans action urgente,0.0
23163,REGENCY SUGAR TONGS,A,Étoile,1496.0,3810.19,3.329234449760766,3.329234449760766,,Non calculable,0.03676470588235294,2011-05,Mettre en avant et sécuriser le stock,0.0
22689,DOORMAT MERRY CHRISTMAS RED ,A,Étoile,500.0,3807.98,8.128503401360543,8.128503401360543,,Non calculable,0.104,2011-10,Mettre en avant et sécuriser le stock,0.0
21871,SAVE THE PLANET MUG,A,Étoile,2656.5,3802.705,1.8128531855955676,1.8128531855955676,,Non calculable,0.25334086203651424,2011-11,Vérifier qualité / description avant promotion,0.0
84992,72 SWEETHEART FAIRY CAKE CASES,A,Vache à lait,6821.0,3785.74,0.6851746031746032,0.6851746031746032,,Non calculable,0.019058789033866003,2011-01,Surveiller sans action urgente,0.0
23159,SET OF 5 PANCAKE DAY MAGNETS,A,Étoile,1805.5,3785.425,2.3199107142857143,2.3199107142857143,,Non calculable,0.013846579894765993,2011-05,Mettre en avant et sécuriser le stock,0.0
23049,RECYCLED ACAPULCO MAT RED,A,Vache à lait,456.0,3749.6,8.261827956989247,8.261827956989247,,Non calculable,0.006578947368421052,2011-05,Surveiller sans action urgente,0.0
21877,HOME SWEET HOME MUG,A,Étoile,2690.0,3743.81,1.7194857142857145,1.7194857142857145,,Non calculable,0.39107806691449815,2011-11,Vérifier qualité / description avant promotion,0.0
23237,SET OF 4 KNICK KNACK TINS LEAF,A,Vache à lait,907.5,3728.765,4.251129943502825,4.251129943502825,,Non calculable,0.018732782369146005,2011-06,Surveiller sans action urgente,0.0
84692,BOX OF 24 COCKTAIL PARASOLS,A,Étoile,6353.5,3716.34,0.6784745762711863,0.6784745762711863,,Non calculable,0.0009443613756197371,2011-11,Mettre en avant et sécuriser le stock,0.0
23571,TRADITIONAL NAUGHTS & CROSSES,A,Vache à lait,2082.0,3714.86,1.8921374045801527,1.8921374045801527,,Non calculable,0.0,2011-11,Surveiller sans action urgente,0.0
22775,PURPLE DRAWERKNOB ACRYLIC EDWARDIAN,A,Étoile,2410.5,3694.44,1.743677685950413,1.743677685950413,,Non calculable,0.011615847334577888,2011-11,Mettre en avant et sécuriser le stock,0.0
22584,PACK OF 6 PANETTONE GIFT BOXES,A,Étoile,1356.5,3691.875,3.1074111675126903,3.1074111675126903,,Non calculable,0.011057869517139697,2011-04,Mettre en avant et sécuriser le stock,0.0
23130,MISTLETOE HEART WREATH GREEN,A,Étoile,880.5,3683.355,4.519456521739131,4.519456521739131,,Non calculable,0.010221465076660987,2011-10,Mettre en avant et sécuriser le stock,0.0
23526,WALL ART DOG LICENCE ,A,Vache à lait,614.5,3678.365,6.76625,6.76625,,Non calculable,0.026037428803905614,2011-10,Surveiller sans action urgente,0.0
23013,GLASS APOTHECARY BOTTLE TONIC,A,Vache à lait,924.0,3674.1600000000003,4.672946428571429,4.672946428571429,,Non calculable,0.006493506493506494,2011-10,Surveiller sans action urgente,0.0
23129,HEART SHAPED HOLLY WREATH,A,Étoile,861.5,3667.025,4.576279069767442,4.576279069767442,,Non calculable,0.0011607661056297156,2011-10,Mettre en avant et sécuriser le stock,0.0
23127,FELTCRAFT GIRL NICOLE KIT,A,Étoile,728.5,3654.275,5.134183673469388,5.134183673469388,,Non calculable,0.017844886753603295,2011-11,Mettre en avant et sécuriser le stock,0.0
21716,BOYS VINTAGE TIN SEASIDE BUCKET,A,Vache à lait,1322.5,3641.6949999999997,3.385204918032787,3.385204918032787,,Non calculable,0.0060491493383742915,2011-05,Surveiller sans action urgente,0.0
20677,PINK POLKADOT BOWL,A,Vache à lait,2617.0,3619.785,1.6501483679525224,1.6501483679525224,,Non calculable,0.0019105846388995033,2011-02,Surveiller sans action urgente,0.0
22222,CAKE PLATE LOVEBIRD WHITE,A,Vache à lait,1013.5,3614.875,5.133243243243243,5.133243243243243,,Non calculable,0.0,2011-01,Surveiller sans action urgente,0.0
22466,FAIRY TALE COTTAGE NIGHT LIGHT,A,Étoile,1765.5,3611.615,2.4860189573459714,2.4860189573459714,,Non calculable,0.010195412064570943,2011-11,Mettre en avant et sécuriser le stock,0.0
22899,CHILDREN'S APRON DOLLY GIRL ,A,Étoile,1682.0,3608.605,2.442825396825397,2.442825396825397,,Non calculable,0.002972651605231867,2011-11,Mettre en avant et sécuriser le stock,0.0
22508,DOORSTOP RETROSPOT HEART,A,Étoile,878.5,3606.64,4.5645945945945945,4.5645945945945945,,Non calculable,0.02504268639726807,2011-11,Mettre en avant et sécuriser le stock,0.0
22839,3 TIER CAKE TIN GREEN AND CREAM,A,Vache à lait,426.5,3603.9249999999997,8.45,8.45,,Non calculable,0.032825322391559206,2011-09,Surveiller sans action urgente,0.0
23008,DOLLY GIRL BABY GIFT SET,A,Vache à lait,425.5,3595.475,8.45,8.45,,Non calculable,0.01645123384253819,2011-03,Surveiller sans action urgente,0.0
22842,BISCUIT TIN VINTAGE RED,A,Vache à lait,562.0,3589.4,6.798148148148148,6.798148148148148,,Non calculable,0.033807829181494664,2011-02,Surveiller sans action urgente,0.0
22274,FELTCRAFT DOLL EMILY,A,Étoile,1194.5,3582.4550000000004,3.327977528089888,3.327977528089888,,Non calculable,0.0058601925491837585,2011-11,Mettre en avant et sécuriser le stock,0.0
23091,ZINC HERB GARDEN CONTAINER,A,Étoile,580.0,3576.12,6.40352380952381,6.40352380952381,,Non calculable,0.01206896551724138,2011-06,Mettre en avant et sécuriser le stock,0.0
21844,RED RETROSPOT MUG,A,Vache à lait,1224.5,3574.3150000000005,3.3125477707006374,3.3125477707006374,,Non calculable,0.016333197223356473,2011-03,Surveiller sans action urgente,0.0
22219,LOVEBIRD HANGING DECORATION WHITE ,A,Vache à lait,3551.5,3573.19,1.1821157323688969,1.1821157323688969,,Non calculable,0.007320850344924679,2011-03,Surveiller sans action urgente,0.0
22188,BLACK HEART CARD HOLDER,A,Vache à lait,1064.0,3571.065,4.3496296296296295,4.3496296296296295,,Non calculable,0.0009398496240601503,2010-12,Surveiller sans action urgente,0.0
22628,PICNIC BOXES SET OF 3 RETROSPOT ,A,Étoile,730.5,3570.385,5.402041884816754,5.402041884816754,,Non calculable,0.028747433264887063,2011-01,Mettre en avant et sécuriser le stock,0.0
22946,WOODEN ADVENT CALENDAR CREAM,A,Étoile,421.5,3560.775,8.446739130434782,8.446739130434782,,Non calculable,0.04033214709371293,2011-10,Mettre en avant et sécuriser le stock,0.0
15056P,EDWARDIAN PARASOL PINK,A,Étoile,623.0,3544.275,6.070138888888889,6.070138888888889,,Non calculable,0.016051364365971106,2011-07,Mettre en avant et sécuriser le stock,0.0
21498,RED RETROSPOT WRAP ,A,Étoile,8477.0,3541.81,0.4180357142857143,0.4180357142857143,-10.580176359781182,Élastique,0.0058983130824584165,2011-11,Mettre en avant et sécuriser le stock,0.0
85049E,SCANDINAVIAN REDS RIBBONS,A,Étoile,2647.0,3541.585,1.4938313253012048,1.4938313253012048,,Non calculable,0.0056667925953910086,2011-10,Mettre en avant et sécuriser le stock,0.0
23081,GREEN METAL BOX ARMY SUPPLIES,A,Étoile,444.0,3541.25,8.23021582733813,8.23021582733813,,Non calculable,0.013513513513513514,2011-11,Mettre en avant et sécuriser le stock,0.0
22195,LARGE HEART MEASURING SPOONS,A,Vache à lait,1846.5,3527.585,2.3564285714285713,2.3564285714285713,,Non calculable,0.0005415651232060655,2010-12,Surveiller sans action urgente,0.0
21390,FILIGRIS HEART WITH BUTTERFLY,A,Vache à lait,2735.5,3518.92,1.4722374429223746,1.4722374429223746,,Non calculable,0.0010966916468652897,2011-03,Surveiller sans action urgente,0.0
22813,PACK 3 BOXES BIRD PANETTONE ,A,Étoile,1698.5,3518.2549999999997,2.645229357798165,2.645229357798165,,Non calculable,0.0,2011-09,Mettre en avant et sécuriser le stock,0.0
21658,GLASS  BEURRE DISH,A,Vache à lait,819.5,3510.985,5.626338028169013,5.626338028169013,,Non calculable,0.037827943868212324,2011-02,Surveiller sans action urgente,0.0
84078A,SET/4 WHITE RETRO STORAGE CUBES ,A,Vache à lait,415.0,3506.75,8.45,8.45,,Non calculable,0.08433734939759036,2011-07,Surveiller sans action urgente,0.0
23404,HOME SWEET HOME BLACKBOARD,A,Vache à lait,721.5,3506.36,5.56396449704142,5.56396449704142,,Non calculable,0.040194040194040194,2011-10,Surveiller sans action urgente,0.0
22061,LARGE CAKE STAND  HANGING STRAWBERY,A,Vache à lait,536.0,3505.64,7.835890410958904,7.835890410958904,,Non calculable,0.029850746268656716,2011-05,Surveiller sans action urgente,0.0
22212,FOUR HOOK  WHITE LOVEBIRDS,A,Vache à lait,1492.0,3502.5950000000003,2.8394306930693074,2.8394306930693074,,Non calculable,0.015415549597855228,2011-04,Surveiller sans action urgente,0.0
23182,TOILET SIGN OCCUPIED OR VACANT,A,Étoile,3503.0,3499.36,1.5304347826086955,1.5304347826086955,,Non calculable,0.003996574364830145,2011-08,Mettre en avant et sécuriser le stock,0.0
21527,RED RETROSPOT TRADITIONAL TEAPOT ,A,Vache à lait,457.5,3483.125,7.905172413793103,7.905172413793103,,Non calculable,0.07431693989071038,2010-12,Surveiller sans action urgente,0.0
22809,SET OF 6 T-LIGHTS SANTA,A,Étoile,1121.5,3479.0250000000005,3.5039805825242722,3.5039805825242722,,Non calculable,0.02139991083370486,2011-11,Mettre en avant et sécuriser le stock,0.0
21745,GAOLERS KEYS DECORATIVE GARDEN ,A,Étoile,931.5,3463.845,3.967953488372093,3.967953488372093,,Non calculable,0.0042941492216854536,2011-09,Mettre en avant et sécuriser le stock,0.0
22980,PANTRY SCRUBBING BRUSH,A,Vache à lait,2052.5,3459.7850000000003,1.9236734693877549,1.9236734693877549,,Non calculable,0.03946406820950061,2011-03,Surveiller sans action urgente,0.0
22926,IVORY GIANT GARDEN THERMOMETER,A,Vache à lait,579.0,3450.55,6.080102040816326,6.080102040816326,,Non calculable,0.025906735751295335,2011-03,Surveiller sans action urgente,0.0
22896,PEG BAG APPLES DESIGN,A,Vache à lait,1297.5,3441.71,3.2036206896551724,3.2036206896551724,,Non calculable,0.013872832369942197,2011-04,Surveiller sans action urgente,0.0
22431,WATERING CAN BLUE ELEPHANT,A,Vache à lait,1719.0,3439.3599999999997,2.3188988095238097,2.3188988095238097,,Non calculable,0.004653868528214078,2011-05,Surveiller sans action urgente,0.0
84987,SET OF 36 TEATIME PAPER DOILIES,A,Vache à lait,2242.5,3437.4449999999997,1.9834730538922156,1.9834730538922156,,Non calculable,0.006688963210702341,2011-03,Surveiller sans action urgente,0.0
21110,LARGE CAKE TOWEL PINK SPOTS,A,Vache à lait,986.0,3431.3,5.529333333333334,5.529333333333334,,Non calculable,0.002028397565922921,2011-01,Surveiller sans action urgente,0.0
72760B,VINTAGE CREAM 3 BASKET CAKE STAND,A,Vache à lait,405.5,3426.475,8.45,8.45,,Non calculable,0.004932182490752158,2011-03,Surveiller sans action urgente,0.0
23014,GLASS APOTHECARY BOTTLE ELIXIR,A,Vache à lait,856.0,3419.5800000000004,4.863838862559241,4.863838862559241,,Non calculable,0.010514018691588784,2011-10,Surveiller sans action urgente,0.0
22950,36 DOILIES VINTAGE CHRISTMAS,A,Vache à lait,2368.0,3415.8999999999996,1.5890810810810811,1.5890810810810811,,Non calculable,0.13724662162162163,2011-09,Surveiller sans action urgente,0.0
22739,RIBBON REEL CHRISTMAS SOCK BAUBLE,A,Étoile,1720.5,3414.395,2.3681619937694705,2.3681619937694705,,Non calculable,0.005812263876780006,2011-10,Mettre en avant et sécuriser le stock,0.0
21974,SET OF 36 PAISLEY FLOWER DOILIES,A,Étoile,2103.5,3401.225,2.144388888888889,2.144388888888889,,Non calculable,0.028999286902781078,2011-09,Mettre en avant et sécuriser le stock,0.0
22669,RED BABY BUNTING ,A,Étoile,1062.0,3390.1,3.7677777777777783,3.7677777777777783,,Non calculable,0.047080979284369114,2011-09,Mettre en avant et sécuriser le stock,0.0
85053,FRENCH ENAMEL CANDLEHOLDER,A,Étoile,1537.0,3385.85,2.6198136645962733,2.6198136645962733,,Non calculable,0.018217306441119064,2011-11,Mettre en avant et sécuriser le stock,0.0
23531,WALL ART BIG LOVE ,A,Vache à lait,547.0,3385.445,6.957964601769912,6.957964601769912,,Non calculable,0.0,2011-10,Surveiller sans action urgente,0.0
21992,VINTAGE PAISLEY STATIONERY SET,A,Étoile,1840.0,3384.255,2.065475113122172,2.065475113122172,,Non calculable,0.0,2011-09,Mettre en avant et sécuriser le stock,0.0
22596,CHRISTMAS STAR WISH LIST CHALKBOARD,A,Vache à lait,2896.0,3378.75,1.299132075471698,1.299132075471698,,Non calculable,0.008632596685082873,2011-11,Surveiller sans action urgente,0.0
21494,ROTATING LEAVES T-LIGHT HOLDER,A,Étoile,1757.0,3374.965,2.6051265822784813,2.6051265822784813,,Non calculable,0.0011383039271485487,2011-11,Mettre en avant et sécuriser le stock,0.0
23332,IVORY WICKER HEART LARGE,A,Vache à lait,1966.0,3373.51,1.7616891891891888,1.7616891891891888,,Non calculable,0.001017293997965412,2011-11,Surveiller sans action urgente,0.0
22854,CREAM SWEETHEART EGG HOLDER,A,Vache à lait,692.0,3358.2000000000003,5.199079754601227,5.199079754601227,,Non calculable,0.004335260115606936,2011-03,Surveiller sans action urgente,0.0
23191,BUNDLE OF 3 RETRO NOTE BOOKS,A,Étoile,1998.5,3329.8650000000002,1.8722996515679444,1.8722996515679444,,Non calculable,0.0015011258443832875,2011-10,Mettre en avant et sécuriser le stock,0.0
23295,SET OF 12 MINI LOAF BAKING CASES,A,Vache à lait,3766.5,3328.92,1.1117555555555554,1.1117555555555554,,Non calculable,0.0034514801539891147,2011-09,Surveiller sans action urgente,0.0
23132,SMALL IVORY HEART WALL ORGANISER,A,Étoile,625.5,3320.005,5.87921052631579,5.87921052631579,,Non calculable,0.006394884092725819,2011-10,Mettre en avant et sécuriser le stock,0.0
22468,BABUSHKA LIGHTS STRING OF 10,A,Étoile,497.5,3317.025,7.124509803921568,7.124509803921568,,Non calculable,0.006030150753768844,2011-11,Mettre en avant et sécuriser le stock,0.0
22417,PACK OF 60 SPACEBOY CAKE CASES,A,Étoile,5673.5,3315.855,0.7674003795066414,0.7674003795066414,,Non calculable,0.008107869921565172,2011-03,Mettre en avant et sécuriser le stock,0.0
21086,SET/6 RED SPOTTY PAPER CUPS,A,Vache à lait,4349.0,3292.79,0.9603908045977011,0.9603908045977011,,Non calculable,0.0,2011-03,Surveiller sans action urgente,0.0
21993,FLORAL FOLK STATIONERY SET,A,Étoile,1886.0,3292.09,2.024824355971897,2.024824355971897,,Non calculable,0.006362672322375398,2011-11,Mettre en avant et sécuriser le stock,0.0
84509A,SET OF 4 ENGLISH ROSE PLACEMATS,A,Vache à lait,852.5,3288.955,4.501217391304348,4.501217391304348,,Non calculable,0.010557184750733138,2011-01,Surveiller sans action urgente,0.0
23157,SET OF 6 NATIVITY MAGNETS ,A,Étoile,1567.5,3286.2650000000003,2.361597633136095,2.361597633136095,,Non calculable,0.15311004784688995,2011-10,Mettre en avant et sécuriser le stock,0.0
84032A,CHARLIE+LOLA PINK HOT WATER BOTTLE,A,Étoile,972.5,3281.525,3.4974203821656054,3.4974203821656054,,Non calculable,0.02879177377892031,2010-12,Mettre en avant et sécuriser le stock,0.0
23275,SET OF 3 HANGING OWLS OLLIE BEAK,A,Étoile,2558.5,3275.855,1.4738323353293412,1.4738323353293412,,Non calculable,0.030095759233926128,2011-11,Mettre en avant et sécuriser le stock,0.0
22577,WOODEN HEART CHRISTMAS SCANDINAVIAN,A,Étoile,8195.0,3272.0299999999997,0.4979783393501805,0.4979783393501805,-5.16823230532908,Élastique,0.012324588163514338,2011-11,Mettre en avant et sécuriser le stock,0.0
23306,SET OF 36 PANTRY PAPER DOILIES,A,Étoile,2167.5,3263.955,1.8061290322580643,1.8061290322580643,,Non calculable,0.003229527104959631,2011-06,Mettre en avant et sécuriser le stock,0.0
22890,NOVELTY BISCUITS CAKE STAND 3 TIER,A,Vache à lait,385.0,3253.25,8.45,8.45,,Non calculable,0.07532467532467532,2011-03,Surveiller sans action urgente,0.0
85132C,CHARLIE AND LOLA FIGURES TINS,A,Étoile,1361.0,3236.95,3.9428301886792454,3.9428301886792454,,Non calculable,0.0036737692872887582,2011-07,Mettre en avant et sécuriser le stock,0.0
22780,LIGHT GARLAND BUTTERFILES PINK,A,Vache à lait,816.0,3221.19,4.1853731343283584,4.1853731343283584,,Non calculable,0.030637254901960783,2011-02,Surveiller sans action urgente,0.0
23032,DRAWER KNOB CRACKLE GLAZE IVORY,A,Vache à lait,1891.5,3210.555,1.7743349753694582,1.7743349753694582,,Non calculable,0.024319323288395454,2011-10,Surveiller sans action urgente,0.0
21715,GIRLS VINTAGE TIN SEASIDE BUCKET,A,Vache à lait,1195.5,3208.745,3.261293103448276,3.261293103448276,,Non calculable,0.0,2011-05,Surveiller sans action urgente,0.0
85049A,TRADITIONAL CHRISTMAS RIBBONS,A,Étoile,2413.0,3200.555,1.4897256097560976,1.4897256097560976,,Non calculable,0.004973062577704103,2011-11,Mettre en avant et sécuriser le stock,0.0
22800,ANTIQUE TALL SWIRLGLASS TRINKET POT,A,Vache à lait,763.5,3198.445,4.955615763546798,4.955615763546798,,Non calculable,0.007858546168958742,2010-12,Surveiller sans action urgente,0.0
21463,MIRRORED DISCO BALL ,A,Étoile,599.5,3190.025,5.797388059701492,5.797388059701492,,Non calculable,0.07005838198498748,2010-12,Mettre en avant et sécuriser le stock,0.0
23350,ROLL WRAP VINTAGE SPOT ,A,Vache à lait,2451.0,3170.49,1.4612861736334404,1.4612861736334404,,Non calculable,0.004895960832313341,2011-11,Surveiller sans action urgente,0.0
21833,CAMOUFLAGE LED TORCH,A,Étoile,1803.5,3170.105,2.109345238095238,2.109345238095238,,Non calculable,0.01663432215137233,2011-11,Mettre en avant et sécuriser le stock,0.0
21906,PHARMACIE FIRST AID TIN,A,Vache à lait,453.0,3168.32,7.4928735632183905,7.4928735632183905,,Non calculable,0.037527593818984545,2011-01,Surveiller sans action urgente,0.0
23299,FOOD COVER WITH BEADS SET 2 ,A,Étoile,833.0,3166.07,4.370479452054795,4.370479452054795,,Non calculable,0.009603841536614645,2011-05,Mettre en avant et sécuriser le stock,0.0
22550,HOLIDAY FUN LUDO,A,Étoile,827.5,3160.88,4.441428571428571,4.441428571428571,,Non calculable,0.009667673716012085,2011-04,Mettre en avant et sécuriser le stock,0.0
23297,SET 40 HEART SHAPE PETIT FOUR CASES,A,Vache à lait,1919.5,3159.455,1.8389570552147239,1.8389570552147239,,Non calculable,0.013545194060953373,2011-08,Surveiller sans action urgente,0.0
82552,WASHROOM METAL SIGN,A,Vache à lait,2077.5,3146.93,1.657445652173913,1.657445652173913,,Non calculable,0.0,2011-11,Surveiller sans action urgente,0.0
23393,HOME SWEET HOME CUSHION COVER ,A,Vache à lait,801.0,3140.05,4.238311688311688,4.238311688311688,,Non calculable,0.026217228464419477,2011-09,Surveiller sans action urgente,0.0
84050,PINK HEART SHAPE EGG FRYING PAN,A,Vache à lait,1953.0,3139.93,2.165366795366795,2.165366795366795,,Non calculable,0.007168458781362007,2011-01,Surveiller sans action urgente,0.0
22738,RIBBON REEL SNOWY VILLAGE,A,Étoile,1696.5,3134.945,2.3363176895306856,2.3363176895306856,,Non calculable,0.07662835249042145,2011-10,Mettre en avant et sécuriser le stock,0.0
21890,S/6 WOODEN SKITTLES IN COTTON BAG,A,Étoile,936.5,3131.555,3.8581196581196586,3.8581196581196586,,Non calculable,0.004271222637479978,2011-11,Mettre en avant et sécuriser le stock,0.0
23092,LARGE ANTIQUE WHITE PHOTO FRAME,A,Étoile,419.5,3130.8450000000003,7.829111111111112,7.829111111111112,,Non calculable,0.023837902264600714,2011-09,Mettre en avant et sécuriser le stock,0.0
20675,BLUE POLKADOT BOWL,A,Vache à lait,2314.5,3122.165,1.5869753086419751,1.5869753086419751,,Non calculable,0.005184705119896306,2011-03,Surveiller sans action urgente,0.0
22430,ENAMEL WATERING CAN CREAM,A,Vache à lait,605.5,3114.2,5.511479591836735,5.511479591836735,,Non calculable,0.03303055326176713,2011-06,Surveiller sans action urgente,0.0
23089,GLASS BON BON JAR,A,Étoile,1602.5,3111.4049999999997,2.380175438596491,2.380175438596491,,Non calculable,0.0093603744149766,2011-11,Mettre en avant et sécuriser le stock,0.0
23255,CHILDRENS CUTLERY CIRCUS PARADE,A,Étoile,753.5,3103.145,4.346962025316456,4.346962025316456,,Non calculable,0.011944260119442602,2011-05,Mettre en avant et sécuriser le stock,0.0
21531,RED RETROSPOT SUGAR JAM BOWL,A,Vache à lait,1237.0,3096.27,2.9028225806451613,2.9028225806451613,,Non calculable,0.012126111560226353,2011-02,Surveiller sans action urgente,0.0
22432,WATERING CAN PINK BUNNY,A,Vache à lait,1560.0,3085.42,2.247849462365591,2.247849462365591,,Non calculable,0.008974358974358974,2011-04,Surveiller sans action urgente,0.0
22578,WOODEN STAR CHRISTMAS SCANDINAVIAN,A,Étoile,8070.5,3079.535,0.46971698113207544,0.46971698113207544,-1.614250194506531,Élastique,0.016479772009169197,2011-11,Mettre en avant et sécuriser le stock,0.0
22079,RIBBON REEL HEARTS DESIGN ,A,Étoile,1732.5,3072.165,2.0423312883435583,2.0423312883435583,,Non calculable,0.017316017316017316,2011-01,Mettre en avant et sécuriser le stock,0.0
23323,WHITE WICKER STAR ,A,Vache à lait,1428.5,3069.98,2.251291390728477,2.251291390728477,,Non calculable,0.0021001050052502626,2011-11,Surveiller sans action urgente,0.0
20975,12 PENCILS SMALL TUBE RED RETROSPOT,A,Vache à lait,4530.0,3066.57,0.7378688524590163,0.7378688524590163,,Non calculable,0.026490066225165563,2011-10,Surveiller sans action urgente,0.0
20717,STRAWBERRY SHOPPER BAG,A,Vache à lait,2369.0,3060.885,1.6730215827338129,1.6730215827338129,,Non calculable,0.004221190375685944,2011-01,Surveiller sans action urgente,0.0
22187,GREEN CHRISTMAS TREE CARD HOLDER,A,Étoile,1170.0,3058.1,3.9385567010309273,3.9385567010309273,,Non calculable,0.003418803418803419,2011-11,Mettre en avant et sécuriser le stock,0.0
47567B,TEA TIME KITCHEN APRON,A,Vache à lait,536.0,3056.23,6.063432835820896,6.063432835820896,,Non calculable,0.014925373134328358,2010-12,Surveiller sans action urgente,0.0
22746,POPPY'S PLAYHOUSE LIVINGROOM ,A,Vache à lait,1349.5,3055.415,2.5151975683890577,2.5151975683890577,,Non calculable,0.00889218228973694,2011-03,Surveiller sans action urgente,0.0
22661,CHARLOTTE BAG DOLLY GIRL DESIGN,A,Étoile,3575.0,3048.49,0.9770883054892601,0.9770883054892601,,Non calculable,0.0036363636363636364,2011-11,Mettre en avant et sécuriser le stock,0.0
23395,BELLE JARDINIERE CUSHION COVER,A,Vache à lait,732.5,3046.855,4.527440758293839,4.527440758293839,,Non calculable,0.00955631399317406,2011-11,Surveiller sans action urgente,0.0
23342,MINT DINER WALL CLOCK,A,Vache à lait,365.5,3046.475,8.435276073619631,8.435276073619631,,Non calculable,0.0027359781121751026,2011-09,Surveiller sans action urgente,0.0
23144,ZINC T-LIGHT HOLDER STARS SMALL,A,Étoile,3528.5,3037.26,0.9436727272727272,0.9436727272727272,,Non calculable,0.012469888054414057,2011-05,Mettre en avant et sécuriser le stock,0.0
84997b,CHILDRENS CUTLERY RETROSPOT RED ,A,Vache à lait,364.0,3028.2799999999997,8.312857142857142,8.312857142857142,,Non calculable,0.0,2011-11,Surveiller sans action urgente,0.0
23239,SET OF 4 KNICK KNACK TINS POPPIES,A,Vache à lait,755.0,3027.5899999999997,4.393646408839779,4.393646408839779,,Non calculable,0.03708609271523179,2011-07,Surveiller sans action urgente,0.0
23166,MEDIUM CERAMIC TOP STORAGE JAR,A,Étoile,2445.5,3027.235,1.46848,1.46848,,Non calculable,30.46166428133306,2011-11,Vérifier qualité / description avant promotion,0.0
21429,RED GINGHAM ROSE JEWELLERY BOX,A,Étoile,1499.5,3007.825,2.321786941580756,2.321786941580756,,Non calculable,0.028009336445481828,2011-11,Mettre en avant et sécuriser le stock,0.0
22778,GLASS CLOCHE SMALL,A,Vache à lait,765.5,3002.525,4.896216216216216,4.896216216216216,,Non calculable,0.08360548661005879,2011-02,Surveiller sans action urgente,0.0
22148,EASTER CRAFT 4 CHICKS ,A,Vache à lait,1480.0,2996.75,2.255079365079365,2.255079365079365,,Non calculable,0.010135135135135136,2011-03,Surveiller sans action urgente,0.0
23051,RECYCLED ACAPULCO MAT BLUE,A,Vache à lait,365.0,2994.45,8.273456790123456,8.273456790123456,,Non calculable,0.005479452054794521,2011-04,Surveiller sans action urgente,0.0
23210,WHITE ROCKING HORSE HAND PAINTED,A,Étoile,2324.0,2992.3,1.4668316831683168,1.4668316831683168,,Non calculable,0.08605851979345955,2011-11,Mettre en avant et sécuriser le stock,0.0
22998,TRAVEL CARD WALLET KEEP CALM,A,Étoile,6813.0,2990.475,0.49730483271375464,0.49730483271375464,,Non calculable,0.025979744605900485,2011-11,Mettre en avant et sécuriser le stock,0.0
23085,ANTIQUE SILVER BAUBLE LAMP  ,A,Étoile,356.5,2979.125,8.42142857142857,8.42142857142857,,Non calculable,0.0364656381486676,2011-11,Mettre en avant et sécuriser le stock,0.0
23426,METAL SIGN DROP YOUR PANTS,A,Vache à lait,1042.5,2977.5550000000003,3.3344711538461542,3.3344711538461542,,Non calculable,0.0057553956834532375,2011-09,Surveiller sans action urgente,0.0
23177,TREASURE ISLAND BOOK BOX,A,Étoile,1246.5,2977.065,2.702074074074074,2.702074074074074,,Non calculable,0.016044925792218213,2011-03,Mettre en avant et sécuriser le stock,0.0
23053,RECYCLED ACAPULCO MAT PINK,A,Vache à lait,364.0,2976.2,8.273170731707317,8.273170731707317,,Non calculable,0.0027472527472527475,2011-05,Surveiller sans action urgente,0.0
23354,6 GIFT TAGS 50'S CHRISTMAS ,A,Vache à lait,3316.5,2974.2000000000003,0.9722121212121212,0.9722121212121212,,Non calculable,0.014473089099954772,2011-11,Surveiller sans action urgente,0.0
22378,WALL TIDY RETROSPOT ,A,Vache à lait,1618.5,2971.925,3.022176870748299,3.022176870748299,,Non calculable,0.0006178560395427865,2011-01,Surveiller sans action urgente,0.0
21868,POTTING SHED TEA MUG,A,Vache à lait,2201.0,2964.34,1.7556578947368422,1.7556578947368422,,Non calculable,0.03861880963198546,2011-06,Surveiller sans action urgente,0.0
23353,6 GIFT TAGS VINTAGE CHRISTMAS ,A,Vache à lait,3313.5,2955.07,0.9988519637462235,0.9988519637462235,,Non calculable,0.0036215482118605704,2011-10,Surveiller sans action urgente,0.0
22592,CARDHOLDER HOLLY WREATH METAL,A,Étoile,638.5,2955.015,5.085037037037037,5.085037037037037,,Non calculable,0.0031323414252153485,2011-11,Mettre en avant et sécuriser le stock,0.0
21746,SMALL RED RETROSPOT WINDMILL,A,Vache à lait,2311.5,2948.215,1.469078947368421,1.469078947368421,,Non calculable,0.006489292667099286,2011-05,Surveiller sans action urgente,0.0
22493,PAINT YOUR OWN CANVAS SET,A,Étoile,1744.0,2943.9900000000002,1.9142342342342342,1.9142342342342342,,Non calculable,0.1565366972477064,2011-11,Mettre en avant et sécuriser le stock,0.0
22972,CHILDREN'S SPACEBOY MUG,A,Vache à lait,1709.5,2943.665,1.9869999999999999,1.9869999999999999,,Non calculable,0.01988885639075753,2011-01,Surveiller sans action urgente,0.0
23176,ABC TREASURE BOOK BOX ,A,Étoile,1263.0,2933.13,2.663215859030837,2.663215859030837,,Non calculable,0.035629453681710214,2011-03,Mettre en avant et sécuriser le stock,0.0
22653,BUTTON BOX ,A,Étoile,1620.0,2931.23,1.9483399209486165,1.9483399209486165,,Non calculable,0.018518518518518517,2011-11,Mettre en avant et sécuriser le stock,0.0
21876,POTTERING MUG,A,Étoile,2107.5,2930.035,2.0920059880239523,2.0920059880239523,,Non calculable,0.0199288256227758,2011-11,Mettre en avant et sécuriser le stock,0.0
22300,COFFEE MUG DOG + BALL DESIGN,A,Vache à lait,1109.5,2925.79,3.1201020408163265,3.1201020408163265,,Non calculable,0.011716989634970707,2010-12,Surveiller sans action urgente,0.0
21098,CHRISTMAS TOILET ROLL,A,Étoile,1701.0,2924.52,1.6951538461538462,1.6951538461538462,,Non calculable,0.02292768959435626,2010-12,Mettre en avant et sécuriser le stock,0.0
20828,GLITTER BUTTERFLY CLIPS,A,Vache à lait,1050.0,2910.98,3.1662903225806454,3.1662903225806454,,Non calculable,0.0,2011-11,Surveiller sans action urgente,0.0
23189,SET OF 12 FORK CANDLES,A,Vache à lait,1009.0,2903.31,3.3956338028169015,3.3956338028169015,,Non calculable,0.0009910802775024777,2011-10,Surveiller sans action urgente,0.0
23530,WALL ART ONLY ONE PERSON ,A,Vache à lait,642.0,2895.695,5.281724137931034,5.281724137931034,,Non calculable,0.0,2011-10,Surveiller sans action urgente,0.0
21385,IVORY HANGING DECORATION  HEART,A,Vache à lait,3176.0,2894.54,1.1086196319018404,1.1086196319018404,,Non calculable,0.0006297229219143577,2011-01,Surveiller sans action urgente,0.0
22435,SET OF 9 HEART SHAPED BALLOONS,A,Vache à lait,2258.0,2887.775,1.4632089552238805,1.4632089552238805,,Non calculable,0.005314437555358724,2011-01,Surveiller sans action urgente,0.0
22812,PACK 3 BOXES CHRISTMAS PANETTONE,A,Étoile,1293.0,2887.4,2.820315789473684,2.820315789473684,,Non calculable,0.016241299303944315,2011-09,Mettre en avant et sécuriser le stock,0.0
23156,SET OF 5 MINI GROCERY MAGNETS,A,Étoile,1375.5,2885.9900000000002,2.261497584541063,2.261497584541063,,Non calculable,0.017448200654307525,2011-10,Mettre en avant et sécuriser le stock,0.0
22951,60 CAKE CASES DOLLY GIRL DESIGN,A,Étoile,5118.0,2878.475,0.6748868778280543,0.6748868778280543,,Non calculable,0.023446658851113716,2011-09,Mettre en avant et sécuriser le stock,0.0
23570,TRADITIONAL PICK UP STICKS GAME ,A,Vache à lait,2058.0,2871.47,1.431118881118881,1.431118881118881,,Non calculable,0.0,2011-11,Surveiller sans action urgente,0.0
22465,HANGING METAL STAR LANTERN,A,Étoile,1810.0,2866.41,1.87605,1.87605,,Non calculable,0.014917127071823204,2011-11,Mettre en avant et sécuriser le stock,0.0
22855,FINE WICKER HEART ,A,Vache à lait,2229.5,2861.63,1.5268487394957984,1.5268487394957984,,Non calculable,0.005382372729311505,2011-04,Surveiller sans action urgente,0.0
22151,PLACE SETTING WHITE HEART,A,Vache à lait,6132.0,2861.17,0.5779646017699115,0.5779646017699115,,Non calculable,0.1451402478799739,2011-02,Surveiller sans action urgente,0.0
23329,DECORATIVE WICKER HEART LARGE,A,Vache à lait,1670.0,2853.19,1.7691199999999998,1.7691199999999998,,Non calculable,0.0017964071856287425,2011-11,Surveiller sans action urgente,0.0
20974,12 PENCILS SMALL TUBE SKULL,A,Vache à lait,4193.5,2847.805,0.7523415977961433,0.7523415977961433,,Non calculable,0.13497078812447835,2011-10,Surveiller sans action urgente,0.0
82551,LAUNDRY 15C METAL SIGN,A,Étoile,1839.5,2843.765,1.7629745042492915,1.7629745042492915,,Non calculable,0.0021745039412883935,2011-11,Mettre en avant et sécuriser le stock,0.0
22360,GLASS JAR ENGLISH CONFECTIONERY,A,Vache à lait,872.0,2840.92,3.937720930232558,3.937720930232558,,Non calculable,0.11926605504587157,2011-02,Surveiller sans action urgente,0.0
22740,POLKADOT PEN,A,Vache à lait,3198.0,2837.4,1.1349411764705881,1.1349411764705881,,Non calculable,0.0,2011-03,Surveiller sans action urgente,0.0
23314,VINTAGE CHRISTMAS TABLECLOTH,A,Vache à lait,335.5,2834.975,8.45,8.45,,Non calculable,0.014903129657228018,2011-10,Surveiller sans action urgente,0.0
21714,CITRONELLA CANDLE GARDEN POT,A,Étoile,1565.5,2830.7,1.8948458149779734,1.8948458149779734,,Non calculable,0.012775471095496647,2011-07,Mettre en avant et sécuriser le stock,0.0
21411,GINGHAM HEART  DOORSTOP RED,A,Étoile,717.5,2829.985,4.916666666666667,4.916666666666667,,Non calculable,0.008362369337979094,2011-12,Mettre en avant et sécuriser le stock,0.0
22426,ENAMEL WASH BOWL CREAM,A,Étoile,731.5,2824.175,4.903062200956938,4.903062200956938,,Non calculable,0.015037593984962405,2011-07,Mettre en avant et sécuriser le stock,0.0
23543,WALL ART KEEP CALM ,A,Vache à lait,383.5,2818.35,7.9077142857142855,7.9077142857142855,,Non calculable,0.0,2011-10,Surveiller sans action urgente,0.0
21238,RED RETROSPOT CUP,A,Vache à lait,3046.0,2804.315,1.0694117647058823,1.0694117647058823,,Non calculable,0.01674326986211425,2011-05,Surveiller sans action urgente,0.0
22072,RED RETROSPOT TEA CUP AND SAUCER ,A,Vache à lait,840.5,2801.795,3.9930120481927713,3.9930120481927713,,Non calculable,0.022605591909577633,2011-03,Surveiller sans action urgente,0.0
22810,SET OF 6 T-LIGHTS SNOWMEN,A,Étoile,858.5,2801.0550000000003,3.5977108433734943,3.5977108433734943,,Non calculable,0.0629004076878276,2011-11,Mettre en avant et sécuriser le stock,0.0
22180,RETROSPOT LAMP,A,Vache à lait,330.0,2788.5,8.45,8.45,,Non calculable,0.06060606060606061,2011-10,Surveiller sans action urgente,0.0
21243,PINK POLKADOT PLATE ,A,Vache à lait,1568.5,2782.955,2.128815165876777,2.128815165876777,,Non calculable,0.005100414408670704,2011-05,Surveiller sans action urgente,0.0
21990,MODERN FLORAL STATIONERY SET,A,Étoile,1601.5,2781.875,1.9954200542005418,1.9954200542005418,,Non calculable,0.007492975335622854,2011-11,Mettre en avant et sécuriser le stock,0.0
22224,WHITE LOVEBIRD LANTERN,A,Vache à lait,830.5,2755.135,3.735454545454546,3.735454545454546,,Non calculable,0.00481637567730283,2011-04,Surveiller sans action urgente,0.0
23147,SINGLE ANTIQUE ROSE HOOK IVORY,A,Étoile,1868.0,2752.2,1.5256226415094338,1.5256226415094338,,Non calculable,0.008029978586723769,2011-05,Mettre en avant et sécuriser le stock,0.0
22892,SET OF SALT AND PEPPER TOADSTOOLS,A,Vache à lait,2215.5,2742.3,1.2452261306532664,1.2452261306532664,,Non calculable,0.043331076506431955,2011-10,Surveiller sans action urgente,0.0
47599A,PINK PARTY BAGS,A,Vache à lait,1334.0,2742.045,2.2805988023952097,2.2805988023952097,,Non calculable,0.004497751124437781,2011-04,Surveiller sans action urgente,0.0
21244,BLUE POLKADOT PLATE ,A,Vache à lait,1562.0,2739.2,2.0589847715736043,2.0589847715736043,,Non calculable,0.009603072983354673,2011-03,Surveiller sans action urgente,0.0
23035,DRAWER KNOB CERAMIC IVORY,A,Vache à lait,1826.5,2738.9649999999997,1.6449999999999998,1.6449999999999998,,Non calculable,0.004927456884752259,2011-11,Surveiller sans action urgente,0.0
23231,WRAP  VINTAGE DOILY ,A,Étoile,6522.5,2732.61,0.41907692307692307,0.41907692307692307,,Non calculable,0.0,2011-09,Mettre en avant et sécuriser le stock,0.0
21260,FIRST AID TIN,A,Vache à lait,827.0,2722.905,3.5810119047619047,3.5810119047619047,,Non calculable,0.05199516324062878,2011-07,Surveiller sans action urgente,0.0
23388,WOODLAND MINI BACKPACK,A,Vache à lait,635.0,2719.59,4.624545454545455,4.624545454545455,,Non calculable,0.0,2011-10,Surveiller sans action urgente,0.0
22848,BREAD BIN DINER STYLE PINK,A,Vache à lait,321.5,2716.6749999999997,8.45,8.45,,Non calculable,0.03421461897356143,2011-05,Surveiller sans action urgente,0.0
21625,VINTAGE UNION JACK APRON,A,Vache à lait,407.0,2709.61,6.915294117647059,6.915294117647059,,Non calculable,0.0,2011-04,Surveiller sans action urgente,0.0
23266,SET OF 3 WOODEN STOCKING DECORATION,A,Vache à lait,2018.5,2702.27,1.454005934718101,1.454005934718101,,Non calculable,0.00594500866980431,2011-11,Surveiller sans action urgente,0.0
22348,TEA BAG PLATE RED RETROSPOT,A,Étoile,2971.0,2701.0049999999997,1.0849861495844875,1.0849861495844875,,Non calculable,0.004039044092898014,2011-11,Mettre en avant et sécuriser le stock,0.0
22849,BREAD BIN DINER STYLE MINT,A,Vache à lait,319.5,2699.7749999999996,8.45,8.45,,Non calculable,0.046948356807511735,2011-03,Surveiller sans action urgente,0.0
22380,TOY TIDY SPACEBOY  ,A,Vache à lait,1247.5,2696.135,2.6916433566433566,2.6916433566433566,,Non calculable,0.02965931863727455,2011-02,Surveiller sans action urgente,0.0
22644,CERAMIC CHERRY CAKE MONEY BANK,A,Vache à lait,1830.0,2693.96,2.1284420289855075,2.1284420289855075,,Non calculable,0.004918032786885246,2010-12,Surveiller sans action urgente,0.0
85174,S/4 CACTI CANDLES,A,Vache à lait,598.5,2690.795,6.0819745222929935,6.0819745222929935,,Non calculable,0.003341687552213868,2011-11,Surveiller sans action urgente,0.0
22737,RIBBON REEL CHRISTMAS PRESENT ,A,Étoile,1385.0,2689.2,2.3409022556390977,2.3409022556390977,,Non calculable,0.02888086642599278,2011-11,Mettre en avant et sécuriser le stock,0.0
21135,VICTORIAN  METAL POSTCARD SPRING,A,Étoile,1692.5,2687.325,1.7097802197802199,1.7097802197802199,,Non calculable,0.1725258493353028,2011-11,Mettre en avant et sécuriser le stock,0.0
22460,EMBOSSED GLASS TEALIGHT HOLDER,A,Étoile,1997.0,2682.44,1.5488151658767773,1.5488151658767773,,Non calculable,0.009514271407110666,2011-11,Mettre en avant et sécuriser le stock,0.0
72807C,SET/3 VANILLA SCENTED CANDLE IN BOX,A,Étoile,598.0,2676.18,5.297388535031847,5.297388535031847,,Non calculable,0.22408026755852842,2010-12,Vérifier qualité / description avant promotion,0.0
22843,BISCUIT TIN VINTAGE GREEN,A,Vache à lait,423.0,2671.19,6.809047619047619,6.809047619047619,,Non calculable,0.02364066193853428,2011-02,Surveiller sans action urgente,0.0
23131,MISTLETOE HEART WREATH CREAM,A,Étoile,652.5,2665.755,4.2041379310344835,4.2041379310344835,,Non calculable,0.009195402298850575,2011-10,Mettre en avant et sécuriser le stock,0.0
22962,JAM JAR WITH PINK LID,A,Vache à lait,3032.0,2664.8599999999997,1.058187134502924,1.058187134502924,,Non calculable,0.028034300791556728,2010-12,Surveiller sans action urgente,0.0
84968C,SET OF 16 VINTAGE PISTACHIO CUTLERY,A,Vache à lait,317.0,2661.37,8.428461538461537,8.428461538461537,,Non calculable,0.012618296529968454,2011-01,Surveiller sans action urgente,0.0
22965,3 TRADITIONAl BISCUIT CUTTERS  SET,A,Étoile,1236.0,2660.86,2.349367088607595,2.349367088607595,,Non calculable,0.021035598705501618,2011-11,Mettre en avant et sécuriser le stock,0.0
23489,VINTAGE BELLS GARLAND,A,Vache à lait,893.5,2660.675,3.221454545454545,3.221454545454545,,Non calculable,0.0,2011-11,Surveiller sans action urgente,0.0
23196,VINTAGE LEAF MAGNETIC NOTEPAD,A,Vache à lait,1720.5,2649.865,1.7964473684210527,1.7964473684210527,,Non calculable,0.007555943039814008,2011-10,Surveiller sans action urgente,0.0
23264,SET OF 3 WOODEN SLEIGH DECORATIONS,A,Vache à lait,1928.5,2649.26,1.496592356687898,1.496592356687898,,Non calculable,0.0005185377236193933,2011-11,Surveiller sans action urgente,0.0
22925,BLUE GIANT GARDEN THERMOMETER,A,Vache à lait,441.5,2648.425,6.176775956284152,6.176775956284152,,Non calculable,0.01812004530011325,2011-05,Surveiller sans action urgente,0.0
84997d,CHILDRENS CUTLERY POLKADOT PINK,A,Étoile,319.0,2648.0299999999997,8.300666666666666,8.300666666666666,,Non calculable,0.0,2011-11,Mettre en avant et sécuriser le stock,0.0
20754,RETROSPOT RED WASHING UP GLOVES,A,Vache à lait,1196.0,2647.77,2.5132573289902282,2.5132573289902282,,Non calculable,0.0008361204013377926,2010-12,Surveiller sans action urgente,0.0
23146,TRIPLE HOOK ANTIQUE IVORY ROSE,A,Étoile,798.0,2645.2599999999998,3.5144155844155844,3.5144155844155844,,Non calculable,0.06265664160401002,2011-05,Mettre en avant et sécuriser le stock,0.0
22606,WOODEN SKITTLES GARDEN SET,A,Vache à lait,313.0,2644.85,8.45,8.45,,Non calculable,0.03514376996805112,2011-05,Surveiller sans action urgente,0.0
23111,PARISIENNE SEWING BOX,A,Étoile,312.0,2636.3999999999996,8.45,8.45,,Non calculable,0.07692307692307693,2011-05,Mettre en avant et sécuriser le stock,0.0
22908,PACK OF 20 NAPKINS RED APPLES,A,Vache à lait,3012.0,2618.835,0.9678851174934725,0.9678851174934725,,Non calculable,0.00099601593625498,2011-05,Surveiller sans action urgente,0.0
75049L,LARGE CIRCULAR MIRROR MOBILE,A,Étoile,2182.0,2614.78,1.6756937799043061,1.6756937799043061,,Non calculable,0.10449129239230064,2011-05,Mettre en avant et sécuriser le stock,0.0
16161P,WRAP ENGLISH ROSE ,A,Étoile,6228.5,2611.98,0.41943548387096774,0.41943548387096774,,Non calculable,0.004013807497792406,2011-10,Mettre en avant et sécuriser le stock,0.0
23497,CLASSIC CHROME BICYCLE BELL ,A,Vache à lait,1783.5,2609.5,1.62365,1.62365,,Non calculable,0.00672834314550042,2011-11,Surveiller sans action urgente,0.0
22354,RETROSPOT PADDED SEAT CUSHION,A,Vache à lait,675.0,2606.73,4.555903614457831,4.555903614457831,,Non calculable,0.0014814814814814814,2011-06,Surveiller sans action urgente,0.0
85184C,SET 4 VALENTINE DECOUPAGE HEART BOX,A,Vache à lait,1347.5,2605.215,3.1743814432989694,3.1743814432989694,,Non calculable,0.0,2011-01,Surveiller sans action urgente,0.0
22236,CAKE STAND 3 TIER MAGIC GARDEN,A,Vache à lait,308.0,2602.6,8.45,8.45,,Non calculable,0.1461038961038961,2011-11,Surveiller sans action urgente,0.0
23010,CIRCUS PARADE BABY GIFT SET,A,Vache à lait,307.5,2598.375,8.45,8.45,,Non calculable,0.00975609756097561,2011-03,Surveiller sans action urgente,0.0
22794,SWEETHEART WIRE MAGAZINE RACK,A,Vache à lait,326.0,2592.7000000000003,8.012087912087912,8.012087912087912,,Non calculable,0.015337423312883436,2011-03,Surveiller sans action urgente,0.0
23396,LE JARDIN BOTANIQUE CUSHION COVER,A,Vache à lait,637.0,2586.16,4.453333333333333,4.453333333333333,,Non calculable,0.006279434850863423,2011-10,Surveiller sans action urgente,0.0
21874,GIN AND TONIC MUG,A,Étoile,1753.0,2584.945,2.014203389830508,2.014203389830508,,Non calculable,0.012549914432401598,2011-11,Mettre en avant et sécuriser le stock,0.0
22906,12 MESSAGE CARDS WITH ENVELOPES,A,Étoile,1479.5,2579.995,2.0496899224806198,2.0496899224806198,,Non calculable,0.0,2011-05,Mettre en avant et sécuriser le stock,0.0
22894,TABLECLOTH RED APPLES DESIGN ,A,Vache à lait,305.0,2574.35,8.441056910569106,8.441056910569106,,Non calculable,0.0,2011-02,Surveiller sans action urgente,0.0
35004B,SET OF 3 BLACK FLYING DUCKS,A,Vache à lait,511.0,2571.5099999999998,5.801071428571428,5.801071428571428,,Non calculable,0.05870841487279843,2011-02,Surveiller sans action urgente,0.0
23100,SILVER BELLS TABLE DECORATION,A,Étoile,2008.5,2569.91,1.426235741444867,1.426235741444867,,Non calculable,0.0004978839930296241,2011-11,Mettre en avant et sécuriser le stock,0.0
23310,BUBBLEGUM RING ASSORTED,A,Vache à lait,6038.0,2566.56,0.47804878048780486,0.47804878048780486,,Non calculable,0.0,2011-11,Surveiller sans action urgente,0.0
23333,IVORY WICKER HEART MEDIUM,A,Vache à lait,1993.5,2564.945,1.3329218106995884,1.3329218106995884,,Non calculable,0.006019563581640331,2011-11,Surveiller sans action urgente,0.0
22773,GREEN DRAWER KNOB ACRYLIC EDWARDIAN,A,Vache à lait,1877.0,2557.3,1.5244102564102564,1.5244102564102564,,Non calculable,0.0,2011-03,Surveiller sans action urgente,0.0
22029,SPACEBOY BIRTHDAY CARD,A,Étoile,5884.0,2544.45,0.5244318181818182,0.5244318181818182,,Non calculable,0.0020394289598912306,2011-11,Mettre en avant et sécuriser le stock,0.0
22196,SMALL HEART MEASURING SPOONS,A,Vache à lait,2547.5,2533.775,1.2229853862212943,1.2229853862212943,,Non calculable,0.011383709519136408,2011-11,Surveiller sans action urgente,0.0
22822,CREAM WALL PLANTER HEART SHAPED,A,Vache à lait,433.0,2526.35,6.111392405063291,6.111392405063291,,Non calculable,0.004618937644341801,2011-05,Surveiller sans action urgente,0.0
23232,WRAP VINTAGE LEAF DESIGN,A,Étoile,6045.5,2522.01,0.417489539748954,0.417489539748954,,Non calculable,0.008436026796791002,2011-11,Mettre en avant et sécuriser le stock,0.0
22489,PACK OF 12 TRADITIONAL CRAYONS,A,Étoile,5619.5,2516.66,0.5406053811659193,0.5406053811659193,,Non calculable,0.0003559035501379126,2011-09,Mettre en avant et sécuriser le stock,0.0
21561,DINOSAUR LUNCH BOX WITH CUTLERY,A,Étoile,990.0,2516.28,3.0350467289719627,3.0350467289719627,,Non calculable,0.00202020202020202,2011-01,Mettre en avant et sécuriser le stock,0.0
72351B,SET/6 PINK  BUTTERFLY T-LIGHTS,A,Vache à lait,1222.5,2510.7250000000004,2.3841176470588237,2.3841176470588237,,Non calculable,0.00245398773006135,2010-12,Surveiller sans action urgente,0.0
22131,FOOD CONTAINER SET 3 LOVE HEART ,A,Vache à lait,1164.0,2506.04,2.8124324324324323,2.8124324324324323,,Non calculable,0.000859106529209622,2011-01,Surveiller sans action urgente,0.0
22927,GREEN GIANT GARDEN THERMOMETER,A,Vache à lait,415.0,2494.75,6.2405405405405405,6.2405405405405405,,Non calculable,0.033734939759036145,2010-12,Surveiller sans action urgente,0.0
22358,KINGS CHOICE TEA CADDY ,A,Vache à lait,678.5,2493.695,4.32796875,4.32796875,,Non calculable,0.011790714812085483,2011-03,Surveiller sans action urgente,0.0
22956,36 FOIL HEART CAKE CASES,A,Vache à lait,1249.0,2493.335,2.225273631840796,2.225273631840796,,Non calculable,0.12169735788630905,2011-01,Surveiller sans action urgente,0.0
23340,VINTAGE CHRISTMAS CAKE FRILL,A,Vache à lait,1474.0,2492.08,1.9589473684210525,1.9589473684210525,,Non calculable,0.0,2011-09,Surveiller sans action urgente,0.0
21012,ANTIQUE ALL GLASS CANDLESTICK,A,Étoile,1096.5,2490.91,2.3111940298507463,2.3111940298507463,,Non calculable,0.0027359781121751026,2010-12,Mettre en avant et sécuriser le stock,0.0
21787,RAIN PONCHO RETROSPOT,A,Étoile,2867.5,2483.4249999999997,1.0531854838709678,1.0531854838709678,,Non calculable,0.18413251961639057,2011-09,Mettre en avant et sécuriser le stock,0.0
22670,FRENCH WC SIGN BLUE METAL,A,Étoile,1855.0,2483.0,1.6347194719471947,1.6347194719471947,,Non calculable,0.0026954177897574125,2011-08,Mettre en avant et sécuriser le stock,0.0
23230,WRAP ALPHABET DESIGN,A,Vache à lait,5945.5,2479.44,0.41736170212765955,0.41736170212765955,,Non calculable,0.008409721638213775,2011-03,Surveiller sans action urgente,0.0
21730,GLASS STAR FROSTED T-LIGHT HOLDER,A,Vache à lait,517.0,2478.65,5.1904580152671755,5.1904580152671755,,Non calculable,0.027079303675048357,2010-12,Surveiller sans action urgente,0.0
22937,BAKING MOULD CHOCOLATE CUPCAKES,A,Vache à lait,937.0,2473.9900000000002,2.9215853658536584,2.9215853658536584,,Non calculable,0.013874066168623266,2011-01,Surveiller sans action urgente,0.0
23341,PINK DINER WALL CLOCK,A,Vache à lait,299.5,2469.575,8.41694214876033,8.41694214876033,,Non calculable,0.0,2011-09,Surveiller sans action urgente,0.0
22616,PACK OF 12 LONDON TISSUES ,A,Étoile,7133.5,2466.8799999999997,0.44826003824091776,0.44826003824091776,,Non calculable,0.003364407373659494,2011-11,Mettre en avant et sécuriser le stock,0.0
22967,SET 3 SONG BIRD PAPER EGGS ASSORTED,A,Vache à lait,854.5,2461.335,3.0120289855072464,3.0120289855072464,,Non calculable,0.025746050321825628,2011-03,Surveiller sans action urgente,0.0
23190,BUNDLE OF 3 SCHOOL EXERCISE BOOKS  ,A,Étoile,1489.0,2453.05,1.7966009852216749,1.7966009852216749,,Non calculable,0.001343183344526528,2011-05,Mettre en avant et sécuriser le stock,0.0
23054,RECYCLED ACAPULCO MAT LAVENDER,A,Étoile,295.0,2433.15,8.274615384615386,8.274615384615386,,Non calculable,0.003389830508474576,2011-06,Mettre en avant et sécuriser le stock,0.0
22374,AIRLINE BAG VINTAGE JET SET RED,A,Étoile,546.0,2427.38,4.769553571428571,4.769553571428571,,Non calculable,0.007326007326007326,2011-10,Mettre en avant et sécuriser le stock,0.0
21115,ROSE CARAVAN DOORSTOP,A,Étoile,470.5,2426.675,6.315644171779141,6.315644171779141,,Non calculable,0.0,2011-10,Mettre en avant et sécuriser le stock,0.0
22974,CHILDRENS DOLLY GIRL MUG,A,Vache à lait,1388.0,2425.19,2.044390243902439,2.044390243902439,,Non calculable,0.01440922190201729,2011-01,Surveiller sans action urgente,0.0
21497,FANCY FONTS BIRTHDAY WRAP,A,Étoile,5799.0,2424.18,0.4182608695652174,0.4182608695652174,,Non calculable,0.0,2011-11,Mettre en avant et sécuriser le stock,0.0
22064,PINK DOUGHNUT TRINKET POT ,A,Vache à lait,1504.5,2417.795,2.1447368421052633,2.1447368421052633,,Non calculable,0.02326354270521768,2011-11,Surveiller sans action urgente,0.0
23294,SET OF 6 SNACK LOAF BAKING CASES,A,Vache à lait,2756.5,2412.98,1.089776536312849,1.089776536312849,,Non calculable,0.004716125521494649,2011-09,Surveiller sans action urgente,0.0
22278,OVERNIGHT BAG VINTAGE ROSE PAISLEY,A,Étoile,405.0,2410.05,6.354175824175824,6.354175824175824,,Non calculable,0.014814814814814815,2011-11,Mettre en avant et sécuriser le stock,0.0
23308,SET OF 60 VINTAGE LEAF CAKE CASES ,A,Étoile,4276.0,2405.52,0.6942159383033419,0.6942159383033419,,Non calculable,0.0,2011-06,Mettre en avant et sécuriser le stock,0.0
22283,6 EGG HOUSE PAINTED WOOD,A,Vache à lait,299.0,2399.05,8.075806451612904,8.075806451612904,,Non calculable,0.013377926421404682,2011-03,Surveiller sans action urgente,0.0
23424,GINGHAM RECIPE BOOK BOX,A,Vache à lait,462.0,2397.3,5.684074074074074,5.684074074074074,,Non calculable,0.0021645021645021645,2011-09,Surveiller sans action urgente,0.0
22990,COTTON APRON PANTRY DESIGN,A,Vache à lait,518.5,2391.025,5.089759036144578,5.089759036144578,,Non calculable,0.24300867888138863,2011-03,Vérifier qualité / description avant promotion,0.0
84969,BOX OF 6 ASSORTED COLOUR TEASPOONS,A,Vache à lait,558.0,2389.14,4.659333333333333,4.659333333333333,,Non calculable,0.0035842293906810036,2011-03,Surveiller sans action urgente,0.0
23265,SET OF 3 WOODEN TREE DECORATIONS,A,Vache à lait,1754.0,2387.615,1.4839016393442621,1.4839016393442621,,Non calculable,0.00855188141391106,2011-11,Surveiller sans action urgente,0.0
21328,BALLOONS  WRITING SET ,A,Étoile,1302.0,2381.38,2.2488218390804597,2.2488218390804597,,Non calculable,0.0,2010-12,Mettre en avant et sécuriser le stock,0.0
22930,BAKING MOULD HEART MILK CHOCOLATE,A,Vache à lait,890.5,2380.3,3.073350785340314,3.073350785340314,,Non calculable,0.10780460415496912,2011-01,Surveiller sans action urgente,0.0
22805,BLUE DRAWER KNOB ACRYLIC EDWARDIAN,A,Étoile,1704.0,2374.595,1.675846153846154,1.675846153846154,,Non calculable,0.007629107981220657,2011-10,Mettre en avant et sécuriser le stock,0.0
23309,SET OF 60 I LOVE LONDON CAKE CASES ,A,Étoile,4031.5,2374.475,0.7424170616113744,0.7424170616113744,,Non calculable,0.01587498449708545,2011-11,Mettre en avant et sécuriser le stock,0.0
23164,REGENCY CAKE SLICE,A,Étoile,497.0,2359.85,5.366304347826087,5.366304347826087,,Non calculable,0.002012072434607646,2011-05,Mettre en avant et sécuriser le stock,0.0
22361,GLASS JAR DAISY FRESH COTTON WOOL,A,Étoile,635.5,2359.005,4.470148698884758,4.470148698884758,,Non calculable,0.01888276947285602,2011-11,Mettre en avant et sécuriser le stock,0.0
20973,12 PENCIL SMALL TUBE WOODLAND,A,Étoile,3291.0,2357.82,0.7885479452054794,0.7885479452054794,,Non calculable,0.001215436037678517,2011-11,Mettre en avant et sécuriser le stock,0.0
84997c,CHILDRENS CUTLERY POLKADOT BLUE,A,Étoile,284.0,2355.64,8.304545454545453,8.304545454545453,,Non calculable,0.0,2011-11,Mettre en avant et sécuriser le stock,0.0
22215,CAKE STAND WHITE TWO TIER LACE,A,Vache à lait,343.0,2355.35,7.50049504950495,7.50049504950495,,Non calculable,0.0058309037900874635,2011-09,Surveiller sans action urgente,0.0
23352,ROLL WRAP 50'S RED CHRISTMAS ,A,Vache à lait,1698.0,2349.97,1.511643192488263,1.511643192488263,,Non calculable,0.0,2011-11,Surveiller sans action urgente,0.0
22241,GARLAND WOODEN HAPPY EASTER,A,Vache à lait,1698.5,2336.445,1.610539419087137,1.610539419087137,,Non calculable,0.0023550191345304682,2011-03,Surveiller sans action urgente,0.0
23390,DOLLY GIRL MINI BACKPACK,A,Vache à lait,561.0,2328.09,4.389759036144579,4.389759036144579,,Non calculable,0.0017825311942959,2011-10,Surveiller sans action urgente,0.0
21452,TOADSTOOL MONEY BOX,A,Vache à lait,730.0,2327.26,3.657795698924731,3.657795698924731,,Non calculable,0.038356164383561646,2010-12,Surveiller sans action urgente,0.0
21109,LARGE CAKE TOWEL CHOCOLATE SPOTS,A,Vache à lait,762.0,2324.86,4.894655172413793,4.894655172413793,,Non calculable,0.0,2011-01,Surveiller sans action urgente,0.0
84832,ZINC WILLIE WINKIE  CANDLE STICK,A,Étoile,2507.5,2317.7799999999997,1.0908487084870848,1.0908487084870848,,Non calculable,0.004785643070787637,2011-11,Mettre en avant et sécuriser le stock,0.0
82580,BATHROOM METAL SIGN,A,Étoile,3704.5,2312.92,0.8306466876971609,0.8306466876971609,,Non calculable,0.07828316911863949,2011-11,Mettre en avant et sécuriser le stock,0.0
23542,WALL ART 70'S ALPHABET ,A,Vache à lait,308.0,2307.72,8.129775280898876,8.129775280898876,,Non calculable,0.01948051948051948,2011-10,Surveiller sans action urgente,0.0
84032B,CHARLIE + LOLA RED HOT WATER BOTTLE,A,Étoile,798.0,2299.3700000000003,3.1212451361867704,3.1212451361867704,,Non calculable,0.08270676691729323,2010-12,Mettre en avant et sécuriser le stock,0.0
23211,RED ROCKING HORSE HAND PAINTED,A,Étoile,1745.5,2298.215,1.5651851851851852,1.5651851851851852,,Non calculable,0.013749641936407906,2011-11,Mettre en avant et sécuriser le stock,0.0
23242,TREASURE TIN BUFFALO BILL ,A,Vache à lait,1093.5,2297.055,2.2825345622119815,2.2825345622119815,,Non calculable,0.024691358024691357,2011-09,Surveiller sans action urgente,0.0
23194,GYMKHANA TREASURE BOOK BOX,A,Étoile,949.5,2292.895,2.71331797235023,2.71331797235023,,Non calculable,0.03896787783043707,2011-03,Mettre en avant et sécuriser le stock,0.0
22425,ENAMEL COLANDER CREAM,A,Vache à lait,456.5,2289.425,5.47710843373494,5.47710843373494,,Non calculable,0.013143483023001095,2011-05,Surveiller sans action urgente,0.0
85062,PEARL CRYSTAL PUMPKIN T-LIGHT HLDR,A,Vache à lait,1363.0,2285.65,1.7914999999999999,1.7914999999999999,,Non calculable,0.00293470286133529,2011-05,Surveiller sans action urgente,0.0
23552,BICYCLE PUNCTURE REPAIR KIT ,A,Vache à lait,995.5,2283.33,2.2640650406504066,2.2640650406504066,,Non calculable,0.0,2011-12,Surveiller sans action urgente,0.0
21240,BLUE POLKADOT CUP,A,Vache à lait,2427.0,2280.93,1.113211009174312,1.113211009174312,,Non calculable,0.014833127317676144,2011-05,Surveiller sans action urgente,0.0
22567,20 DOLLY PEGS RETROSPOT,A,Vache à lait,1650.5,2278.665,1.569642857142857,1.569642857142857,,Non calculable,0.00969403211148137,2010-12,Surveiller sans action urgente,0.0
20978,36 PENCILS TUBE SKULLS,A,Étoile,1685.0,2276.455,1.6181954887218044,1.6181954887218044,,Non calculable,0.009495548961424332,2011-11,Mettre en avant et sécuriser le stock,0.0
37500,TEA TIME TEAPOT IN GIFT BOX,A,Étoile,380.0,2275.8,6.689823008849557,6.689823008849557,,Non calculable,0.005263157894736842,2011-11,Mettre en avant et sécuriser le stock,0.0
21499,BLUE POLKADOT WRAP,A,Étoile,5461.5,2275.02,0.41695852534562206,0.41695852534562206,,Non calculable,0.041197473221642404,2011-06,Mettre en avant et sécuriser le stock,0.0
22945,CHRISTMAS METAL TAGS ASSORTED ,A,Étoile,2146.5,2271.595,1.8932571428571427,1.8932571428571427,,Non calculable,0.08385744234800839,2011-11,Mettre en avant et sécuriser le stock,0.0
22433,WATERING CAN GREEN DINOSAUR,A,Vache à lait,1154.0,2269.25,2.2754148471615716,2.2754148471615716,,Non calculable,0.0025996533795493936,2011-05,Surveiller sans action urgente,0.0
22807,SET OF 6 T-LIGHTS TOADSTOOLS,A,Étoile,759.5,2268.5550000000003,3.7699492385786804,3.7699492385786804,,Non calculable,0.0,2011-11,Mettre en avant et sécuriser le stock,0.0
20829,GLITTER HANGING BUTTERFLY STRING,A,Étoile,1041.5,2260.9900000000002,2.452060301507538,2.452060301507538,,Non calculable,0.11521843494959194,2011-11,Mettre en avant et sécuriser le stock,0.0
22963,JAM JAR WITH GREEN LID,A,Vache à lait,2571.5,2259.6949999999997,1.0828478964401294,1.0828478964401294,,Non calculable,0.04472097997277853,2010-12,Surveiller sans action urgente,0.0
47559B,TEA TIME OVEN GLOVE,A,Vache à lait,1765.5,2254.425,1.457854671280277,1.457854671280277,,Non calculable,0.016992353440951572,2011-11,Surveiller sans action urgente,0.0
84968A,SET OF 16 VINTAGE ROSE CUTLERY,A,Vache à lait,267.0,2247.99,8.427373737373737,8.427373737373737,,Non calculable,0.03745318352059925,2011-01,Surveiller sans action urgente,0.0
22078,RIBBON REEL LACE DESIGN ,A,Étoile,1003.0,2246.11,2.6293401015228426,2.6293401015228426,,Non calculable,0.0,2011-09,Mettre en avant et sécuriser le stock,0.0
23212,HEART WREATH DECORATION WITH BELL,A,Étoile,1726.0,2245.41,1.4950261780104712,1.4950261780104712,,Non calculable,0.03476245654692932,2011-11,Mettre en avant et sécuriser le stock,0.0
21500,PINK POLKADOT WRAP ,A,Étoile,5381.0,2241.21,0.4169014084507042,0.4169014084507042,,Non calculable,0.0,2011-03,Mettre en avant et sécuriser le stock,0.0
23407,SET OF 2 TRAYS HOME SWEET HOME,A,Vache à lait,265.0,2239.25,8.45,8.45,,Non calculable,0.022641509433962263,2011-09,Surveiller sans action urgente,0.0
22349,DOG BOWL CHASING BALL DESIGN,A,Étoile,593.5,2229.525,4.129848484848485,4.129848484848485,,Non calculable,0.02190395956192081,2011-10,Mettre en avant et sécuriser le stock,0.0
22329,ROUND CONTAINER SET OF 5 RETROSPOT,A,Vache à lait,1300.5,2222.815,2.0687866108786612,2.0687866108786612,,Non calculable,0.013071895424836602,2011-03,Surveiller sans action urgente,0.0
23009,I LOVE LONDON BABY GIFT SET,A,Étoile,263.0,2222.35,8.45,8.45,,Non calculable,0.0,2011-11,Mettre en avant et sécuriser le stock,0.0
22563,HAPPY STENCIL CRAFT,A,Étoile,1782.0,2221.635,1.3495070422535211,1.3495070422535211,,Non calculable,0.0005611672278338945,2011-11,Mettre en avant et sécuriser le stock,0.0
22441,GROW YOUR OWN BASIL IN ENAMEL MUG,A,Étoile,1008.0,2219.885,2.5595475113122172,2.5595475113122172,,Non calculable,0.002976190476190476,2011-11,Mettre en avant et sécuriser le stock,0.0
22331,WOODLAND PARTY BAG + STICKER SET,A,Étoile,1318.0,2218.24,2.0058469945355193,2.0058469945355193,,Non calculable,0.0015174506828528073,2011-10,Mettre en avant et sécuriser le stock,0.0
22743,MAKE YOUR OWN FLOWERPOWER CARD KIT,A,Vache à lait,775.5,2217.8450000000003,3.649323671497585,3.649323671497585,,Non calculable,0.007736943907156673,2011-03,Surveiller sans action urgente,0.0
21381,MINI WOODEN HAPPY BIRTHDAY GARLAND,A,Vache à lait,1190.0,2213.15,2.377920353982301,2.377920353982301,,Non calculable,0.02100840336134454,2011-03,Surveiller sans action urgente,0.0
23504,PLAYING CARDS JUBILEE UNION JACK,A,Vache à lait,1672.5,2204.3650000000002,1.3483410138248846,1.3483410138248846,,Non calculable,0.0,2011-10,Surveiller sans action urgente,0.0
22175,PINK OWL SOFT TOY,A,Étoile,722.5,2200.255,3.462046783625731,3.462046783625731,,Non calculable,0.002768166089965398,2011-11,Mettre en avant et sécuriser le stock,0.0
21813,GARLAND WITH STARS AND BELLS,A,Étoile,535.5,2195.995,4.467345132743363,4.467345132743363,,Non calculable,0.013071895424836602,2011-11,Mettre en avant et sécuriser le stock,0.0
23167,SMALL CERAMIC TOP STORAGE JAR ,A,Étoile,2567.5,2195.235,1.0025210084033613,1.0025210084033613,,Non calculable,0.2044790652385589,2011-05,Vérifier qualité / description avant promotion,0.0
22045,SPACEBOY GIFT WRAP,A,Étoile,5240.0,2192.82,0.41865384615384615,0.41865384615384615,,Non calculable,0.009541984732824428,2011-11,Mettre en avant et sécuriser le stock,0.0
23253,16 PIECE CUTLERY SET PANTRY DESIGN,A,Étoile,258.0,2180.1,8.45,8.45,,Non calculable,0.007751937984496124,2011-05,Mettre en avant et sécuriser le stock,0.0
22672,FRENCH BATHROOM SIGN BLUE METAL,A,Vache à lait,1245.0,2176.27,2.0876923076923077,2.0876923076923077,,Non calculable,0.01285140562248996,2011-04,Surveiller sans action urgente,0.0
22357,KINGS CHOICE BISCUIT TIN,A,Vache à lait,468.0,2174.8,5.332666666666666,5.332666666666666,,Non calculable,0.038461538461538464,2011-11,Surveiller sans action urgente,0.0
21563,RED HEART SHAPE LOVE BUCKET ,A,Vache à lait,898.5,2172.935,3.200062893081761,3.200062893081761,,Non calculable,0.0,2011-01,Surveiller sans action urgente,0.0
22902,TOTE BAG I LOVE LONDON,A,Vache à lait,1015.0,2171.9100000000003,2.6674264705882353,2.6674264705882353,,Non calculable,0.023645320197044337,2011-06,Surveiller sans action urgente,0.0
84596B,SMALL DOLLY MIX DESIGN ORANGE BOWL,A,Étoile,4183.5,2165.485,0.614593572778828,0.614593572778828,,Non calculable,0.0038245488227560656,2011-11,Mettre en avant et sécuriser le stock,0.0
22774,RED DRAWER KNOB ACRYLIC EDWARDIAN,A,Vache à lait,1564.0,2164.82,1.5968794326241134,1.5968794326241134,,Non calculable,0.010230179028132993,2010-12,Surveiller sans action urgente,0.0
21239,PINK  POLKADOT CUP,A,Vache à lait,2268.5,2164.785,1.1209354838709678,1.1209354838709678,,Non calculable,0.009257218426272867,2011-05,Surveiller sans action urgente,0.0
23128,FELTCRAFT BOY JEAN-PAUL KIT,A,Étoile,436.5,2164.715,5.12863309352518,5.12863309352518,,Non calculable,0.016036655211912942,2011-03,Mettre en avant et sécuriser le stock,0.0
22691,DOORMAT WELCOME SUNRISE,A,Étoile,299.5,2162.48,7.985416666666667,7.985416666666667,,Non calculable,0.01001669449081803,2011-09,Mettre en avant et sécuriser le stock,0.0
22792,FLUTED ANTIQUE CANDLE HOLDER,A,Étoile,2194.5,2160.33,1.1530582524271844,1.1530582524271844,,Non calculable,0.005468215994531784,2011-11,Mettre en avant et sécuriser le stock,0.0
22736,RIBBON REEL MAKING SNOWMEN ,A,Étoile,1126.0,2157.0,2.3843612334801763,2.3843612334801763,,Non calculable,0.011545293072824156,2011-11,Mettre en avant et sécuriser le stock,0.0
21704,BAG 250g SWIRLY MARBLES,A,Étoile,2561.0,2155.535,1.0033734939759036,1.0033734939759036,,Non calculable,0.001952362358453729,2011-11,Mettre en avant et sécuriser le stock,0.0
22107,PIZZA PLATE IN BOX,A,Étoile,592.0,2153.06,4.238901098901099,4.238901098901099,,Non calculable,0.03547297297297297,2011-11,Mettre en avant et sécuriser le stock,0.0
22939,ADULT APRON APPLE DELIGHT,A,Étoile,426.0,2152.84,5.58312,5.58312,,Non calculable,0.03286384976525822,2011-11,Mettre en avant et sécuriser le stock,0.0
21976,PACK OF 60 MUSHROOM CAKE CASES,A,Vache à lait,3558.0,2148.7,0.8403266331658291,0.8403266331658291,,Non calculable,0.008150646430578976,2011-03,Surveiller sans action urgente,0.0
21313,GLASS HEART T-LIGHT HOLDER ,A,Vache à lait,2242.5,2144.04,1.149158878504673,1.149158878504673,,Non calculable,0.013823857302118171,2011-03,Surveiller sans action urgente,0.0
23065,LARGE DECO JEWELLERY STAND,A,Étoile,253.5,2142.075,8.45,8.45,,Non calculable,0.0039447731755424065,2011-05,Mettre en avant et sécuriser le stock,0.0
22588,CARD HOLDER GINGHAM HEART,A,Étoile,684.0,2141.32,3.5053977272727277,3.5053977272727277,,Non calculable,0.2850877192982456,2011-11,Vérifier qualité / description avant promotion,0.0
84796B,BLUE SAVANNAH PICNIC HAMPER FOR 2,A,Vache à lait,256.0,2133.7599999999998,8.315806451612902,8.315806451612902,,Non calculable,0.0,2011-05,Surveiller sans action urgente,0.0
23252,VINTAGE RED ENAMEL TRIM JUG ,A,Vache à lait,564.0,2133.3,4.0390579710144925,4.0390579710144925,,Non calculable,0.05851063829787234,2011-06,Surveiller sans action urgente,0.0
21794,CLASSIC FRENCH STYLE BASKET NATURAL,A,Étoile,506.5,2132.275,4.742830188679245,4.742830188679245,,Non calculable,0.005923000987166831,2011-06,Mettre en avant et sécuriser le stock,0.0
21903,MAN FLU METAL SIGN,A,Étoile,966.5,2132.155,2.5055555555555555,2.5055555555555555,,Non calculable,0.013450594930160372,2011-03,Mettre en avant et sécuriser le stock,0.0
82494l,WOODEN FRAME ANTIQUE WHITE ,A,Vache à lait,254.0,2124.54,8.308360655737705,8.308360655737705,,Non calculable,0.0,2010-12,Surveiller sans action urgente,0.0
21700,BIG DOUGHNUT FRIDGE MAGNETS,A,Vache à lait,1492.0,2122.065,3.95525,3.95525,,Non calculable,0.024128686327077747,2010-12,Surveiller sans action urgente,0.0
22437,SET OF 9 BLACK SKULL BALLOONS,A,Étoile,2427.5,2121.405,1.0173127753303963,1.0173127753303963,,Non calculable,0.004119464469618949,2011-05,Mettre en avant et sécuriser le stock,0.0
23079,TOADSTOOL BEDSIDE LIGHT ,A,Étoile,251.0,2114.95,8.446261682242989,8.446261682242989,,Non calculable,0.055776892430278883,2011-06,Mettre en avant et sécuriser le stock,0.0
20977,36 PENCILS TUBE WOODLAND,A,Étoile,1595.5,2111.22,1.5118279569892472,1.5118279569892472,,Non calculable,0.04700720777185835,2011-08,Mettre en avant et sécuriser le stock,0.0
23330,DECORATIVE WICKER HEART MEDIUM,A,Vache à lait,1651.5,2110.42,1.3630044843049327,1.3630044843049327,,Non calculable,0.0036330608537693005,2011-11,Surveiller sans action urgente,0.0
37448,CERAMIC CAKE DESIGN SPOTTED MUG,A,Vache à lait,1373.0,2109.13,1.7963157894736843,1.7963157894736843,,Non calculable,0.03277494537509104,2011-03,Surveiller sans action urgente,0.0
22760,"TRAY, BREAKFAST IN BED",A,Vache à lait,249.5,2108.275,8.45,8.45,,Non calculable,0.02404809619238477,2011-01,Surveiller sans action urgente,0.0
22891,TEA FOR ONE POLKADOT,A,Vache à lait,420.0,2107.64,5.820952380952381,5.820952380952381,,Non calculable,0.06904761904761905,2010-12,Surveiller sans action urgente,0.0
20983,12 PENCILS TALL TUBE RED RETROSPOT,A,Étoile,2417.5,2105.77,0.9340072202166064,0.9340072202166064,,Non calculable,0.002895553257497415,2011-11,Mettre en avant et sécuriser le stock,0.0
22070,SMALL RED RETROSPOT MUG IN BOX ,A,Étoile,631.5,2105.7,4.214017094017094,4.214017094017094,,Non calculable,0.46872525732383213,2011-11,Vérifier qualité / description avant promotion,0.0
22165,"DIAMANTE HEART SHAPED WALL MIRROR, ",A,Étoile,299.5,2096.525,8.143877551020408,8.143877551020408,,Non calculable,0.00333889816360601,2011-12,Mettre en avant et sécuriser le stock,0.0
23029,DRAWER KNOB CRACKLE GLAZE GREEN,A,Vache à lait,1209.5,2095.795,1.8366666666666664,1.8366666666666664,,Non calculable,0.02315006200909467,2011-07,Surveiller sans action urgente,0.0
22244,3 HOOK HANGER MAGIC GARDEN,A,Vache à lait,1005.0,2094.21,2.8271249999999997,2.8271249999999997,,Non calculable,0.015920398009950248,2011-02,Surveiller sans action urgente,0.0
23316,RED REFECTORY CLOCK ,A,Vache à lait,250.0,2091.5,8.430909090909092,8.430909090909092,,Non calculable,0.004,2011-08,Surveiller sans action urgente,0.0
23197,SKETCHBOOK MAGNETIC SHOPPING LIST,A,Vache à lait,1305.5,2086.375,1.95224,1.95224,,Non calculable,0.019149751053236307,2011-11,Surveiller sans action urgente,0.0
22504,CABIN BAG VINTAGE RETROSPOT,A,Étoile,245.5,2074.475,8.45,8.45,,Non calculable,0.020366598778004074,2010-12,Mettre en avant et sécuriser le stock,0.0
21042,RED RETROSPOT APRON ,A,Vache à lait,334.0,2067.3,6.4350746268656716,6.4350746268656716,,Non calculable,0.017964071856287425,2011-02,Surveiller sans action urgente,0.0
22733,3D TRADITIONAL CHRISTMAS STICKERS,A,Étoile,1560.5,2066.955,1.5160696517412937,1.5160696517412937,,Non calculable,0.0,2011-11,Mettre en avant et sécuriser le stock,0.0
37450,CERAMIC CAKE BOWL + HANGING CAKES,A,Vache à lait,691.5,2060.165,3.6647058823529415,3.6647058823529415,,Non calculable,0.052060737527114966,2011-01,Surveiller sans action urgente,0.0
21588,RETROSPOT GIANT TUBE MATCHES,A,Étoile,837.0,2059.425,2.5266666666666664,2.5266666666666664,,Non calculable,0.0011947431302270011,2011-11,Mettre en avant et sécuriser le stock,0.0
22185,SLATE TILE NATURAL HANGING,A,Étoile,1310.0,2058.46,1.9492073170731707,1.9492073170731707,,Non calculable,0.0,2011-11,Mettre en avant et sécuriser le stock,0.0
22851,SET 20 NAPKINS FAIRY CAKES DESIGN ,A,Vache à lait,2309.0,2054.0899999999997,1.000593220338983,1.000593220338983,,Non calculable,0.00563014291901256,2011-03,Surveiller sans action urgente,0.0
23292,SPACEBOY CHILDRENS CUP,A,Vache à lait,1572.0,2053.965,1.5313004484304933,1.5313004484304933,,Non calculable,0.013358778625954198,2011-09,Surveiller sans action urgente,0.0
22914,BLUE COAT RACK PARIS FASHION,A,Vache à lait,416.0,2046.72,5.274,5.274,,Non calculable,0.01201923076923077,2011-05,Surveiller sans action urgente,0.0
22732,3D VINTAGE CHRISTMAS STICKERS ,A,Étoile,1528.0,2031.605,1.5677894736842104,1.5677894736842104,,Non calculable,0.0,2011-10,Mettre en avant et sécuriser le stock,0.0
22983,CARD BILLBOARD FONT,A,Étoile,4651.5,2023.28,0.5251015801354402,0.5251015801354402,,Non calculable,0.028592927012791574,2011-09,Mettre en avant et sécuriser le stock,0.0
22498,WOODEN REGATTA BUNTING,A,Vache à lait,333.0,2018.76,6.330866666666666,6.330866666666666,,Non calculable,0.0,2011-06,Surveiller sans action urgente,0.0
46000S,POLYESTER FILLER PAD 40x40cm,A,Étoile,1389.5,2014.7749999999999,1.45,1.45,,Non calculable,0.03166606693055056,2011-11,Mettre en avant et sécuriser le stock,0.0
23152,IVORY SWEETHEART WIRE LETTER RACK ,A,Étoile,534.5,2014.545,3.9519374999999997,3.9519374999999997,,Non calculable,0.013096351730589336,2011-05,Mettre en avant et sécuriser le stock,0.0
23093,SMALL PARISIENNE HEART PHOTO FRAME ,A,Étoile,804.0,2009.2600000000002,2.7882394366197185,2.7882394366197185,,Non calculable,0.0037313432835820895,2011-05,Mettre en avant et sécuriser le stock,0.0
22782,SET 3 WICKER STORAGE BASKETS ,A,Vache à lait,237.5,2006.8749999999998,8.45,8.45,,Non calculable,0.0,2011-01,Surveiller sans action urgente,0.0
21078,SET/20 STRAWBERRY PAPER NAPKINS ,A,Vache à lait,2031.0,2002.29,1.2559047619047619,1.2559047619047619,,Non calculable,0.0,2011-03,Surveiller sans action urgente,0.0
21810,CHRISTMAS HANGING STAR WITH BELL,A,Étoile,3603.5,1996.625,0.744638783269962,0.744638783269962,,Non calculable,0.016372970722908282,2011-11,Mettre en avant et sécuriser le stock,0.0
23028,DRAWER KNOB CRACKLE GLAZE BLUE,A,Vache à lait,1103.5,1989.155,1.9253623188405797,1.9253623188405797,,Non calculable,0.006343452650657001,2011-07,Surveiller sans action urgente,0.0
22311,OFFICE MUG WARMER BLACK+SILVER ,A,Étoile,577.0,1987.8100000000002,4.0818055555555555,4.0818055555555555,,Non calculable,0.012131715771230503,2010-12,Mettre en avant et sécuriser le stock,0.0
21985,PACK OF 12 HEARTS DESIGN TISSUES ,A,Vache à lait,5885.0,1984.09,0.4177389277389277,0.4177389277389277,,Non calculable,0.0,2011-01,Surveiller sans action urgente,0.0
23490,T-LIGHT HOLDER HANGING LOVE BIRD,A,Vache à lait,527.0,1983.42,3.961287128712871,3.961287128712871,,Non calculable,0.0056925996204933585,2011-11,Surveiller sans action urgente,0.0
22660,DOORMAT I LOVE LONDON,A,Étoile,271.0,1982.45,8.024607843137256,8.024607843137256,,Non calculable,0.0,2011-11,Mettre en avant et sécuriser le stock,0.0
21249,WOODLAND  HEIGHT CHART STICKERS ,A,Étoile,653.5,1980.2250000000001,3.8703361344537814,3.8703361344537814,,Non calculable,0.0,2011-08,Mettre en avant et sécuriser le stock,0.0
72802C,VANILLA SCENT CANDLE JEWELLED BOX,A,Vache à lait,576.0,1979.6,4.531121495327103,4.531121495327103,,Non calculable,0.8767361111111112,2010-12,Vérifier qualité / description avant promotion,0.0
22121,NOEL WOODEN BLOCK LETTERS ,A,Étoile,332.5,1978.125,6.330597014925373,6.330597014925373,,Non calculable,0.0030075187969924814,2011-11,Mettre en avant et sécuriser le stock,0.0
23290,SPACEBOY CHILDRENS BOWL,A,Vache à lait,1567.5,1973.925,1.4357009345794394,1.4357009345794394,,Non calculable,0.006379585326953748,2011-09,Surveiller sans action urgente,0.0
22973,CHILDREN'S CIRCUS PARADE MUG,A,Vache à lait,1141.0,1970.71,2.033379310344827,2.033379310344827,,Non calculable,0.019281332164767746,2010-12,Surveiller sans action urgente,0.0
23357,HOT WATER BOTTLE SEX BOMB,A,Vache à lait,450.0,1959.32,4.83,4.83,,Non calculable,0.0,2011-09,Surveiller sans action urgente,0.0
23358,HOT STUFF HOT WATER BOTTLE,A,Vache à lait,579.0,1959.03,4.198539325842697,4.198539325842697,,Non calculable,0.0034542314335060447,2011-09,Surveiller sans action urgente,0.0
22604,SET OF 4 NAPKIN CHARMS CUTLERY,A,Étoile,738.0,1958.07,2.8548837209302325,2.8548837209302325,,Non calculable,0.0,2011-11,Mettre en avant et sécuriser le stock,0.0
21201,TROPICAL  HONEYCOMB PAPER GARLAND ,A,Étoile,748.0,1954.6200000000001,3.166153846153846,3.166153846153846,,Non calculable,0.001336898395721925,2011-11,Mettre en avant et sécuriser le stock,0.0
23031,DRAWER KNOB CRACKLE GLAZE PINK,A,Vache à lait,1135.5,1944.175,1.827290322580645,1.827290322580645,,Non calculable,0.017613386173491855,2011-09,Surveiller sans action urgente,0.0
22744,MAKE YOUR OWN MONSOON CARD KIT,A,Vache à lait,732.0,1943.88,3.1233333333333335,3.1233333333333335,,Non calculable,0.01092896174863388,2011-03,Surveiller sans action urgente,0.0
21718,RED METAL BEACH SPADE ,A,Vache à lait,1358.5,1943.45,1.7087826086956521,1.7087826086956521,,Non calculable,0.000736105999263894,2011-05,Surveiller sans action urgente,0.0
22065,CHRISTMAS PUDDING TRINKET POT ,A,Étoile,2914.5,1941.0549999999998,1.0662948207171314,1.0662948207171314,,Non calculable,0.007548464573683308,2011-11,Mettre en avant et sécuriser le stock,0.0
23360,SET 8 CANDLES VINTAGE DOILY,A,Vache à lait,972.0,1937.6499999999999,2.0620689655172413,2.0620689655172413,,Non calculable,0.0,2011-09,Surveiller sans action urgente,0.0
37370,RETRO COFFEE MUGS ASSORTED,A,Vache à lait,1239.5,1935.385,3.2824074074074074,3.2824074074074074,,Non calculable,0.01855586930213796,2010-12,Surveiller sans action urgente,0.0
23066,SMALL DECO JEWELLERY STAND,A,Étoile,239.5,1935.275,8.247647058823528,8.247647058823528,,Non calculable,0.0041753653444676405,2011-05,Mettre en avant et sécuriser le stock,0.0
22186,RED STAR CARD HOLDER,A,Étoile,821.0,1933.1299999999999,3.0438666666666667,3.0438666666666667,,Non calculable,0.06455542021924482,2011-11,Mettre en avant et sécuriser le stock,0.0
84880,WHITE WIRE EGG HOLDER,A,Vache à lait,304.5,1932.575,7.190909090909091,7.190909090909091,,Non calculable,0.029556650246305417,2010-12,Surveiller sans action urgente,0.0
22312,OFFICE MUG WARMER POLKADOT,A,Vache à lait,637.5,1928.3650000000002,3.6210526315789475,3.6210526315789475,,Non calculable,0.003137254901960784,2010-12,Surveiller sans action urgente,0.0
21989,PACK OF 20 SKULL PAPER NAPKINS,A,Étoile,1975.5,1926.3799999999999,1.1530088495575221,1.1530088495575221,,Non calculable,0.0,2011-06,Mettre en avant et sécuriser le stock,0.0
22199,FRYING PAN RED RETROSPOT,A,Vache à lait,467.0,1926.29,5.294311377245509,5.294311377245509,,Non calculable,0.017130620985010708,2010-12,Surveiller sans action urgente,0.0
22829,SWEETHEART WIRE WALL TIDY,A,Vache à lait,227.0,1918.1499999999999,8.45,8.45,,Non calculable,0.04405286343612335,2011-03,Surveiller sans action urgente,0.0
23536,WALL ART VILLAGE SHOW ,A,Vache à lait,339.5,1915.05,6.203764705882354,6.203764705882354,,Non calculable,0.011782032400589101,2011-10,Surveiller sans action urgente,0.0
84356,POMPOM CURTAIN,A,Vache à lait,389.5,1914.345,5.802682926829268,5.802682926829268,,Non calculable,0.0,2011-01,Surveiller sans action urgente,0.0
21622,VINTAGE UNION JACK CUSHION COVER,A,Vache à lait,380.0,1913.2,5.313461538461539,5.313461538461539,,Non calculable,0.04736842105263158,2011-03,Surveiller sans action urgente,0.0
22377,BOTTLE BAG RETROSPOT ,A,Vache à lait,1111.0,1912.005,2.423816425120773,2.423816425120773,,Non calculable,0.008100810081008101,2011-01,Surveiller sans action urgente,0.0
22183,CAKE STAND VICTORIAN FILIGREE MED,A,Vache à lait,322.0,1911.17,5.91984496124031,5.91984496124031,,Non calculable,0.006211180124223602,2011-03,Surveiller sans action urgente,0.0
23437, 50'S CHRISTMAS GIFT BAG LARGE,A,Vache à lait,1506.0,1910.395,1.4238931297709925,1.4238931297709925,,Non calculable,0.0013280212483399733,2011-10,Surveiller sans action urgente,0.0
23412,HEART MIRROR ANTIQUE WHITE,A,Vache à lait,274.5,1909.6100000000001,7.438441558441558,7.438441558441558,,Non calculable,0.007285974499089253,2011-09,Surveiller sans action urgente,0.0
22483,RED GINGHAM TEDDY BEAR ,A,Étoile,615.5,1908.9650000000001,3.6001775147929,3.6001775147929,,Non calculable,0.0016246953696181965,2011-11,Mettre en avant et sécuriser le stock,0.0
21471,STRAWBERRY RAFFIA FOOD COVER,A,Étoile,532.5,1906.415,3.6676073619631904,3.6676073619631904,,Non calculable,0.007511737089201878,2011-08,Mettre en avant et sécuriser le stock,0.0
22364,GLASS JAR DIGESTIVE BISCUITS,A,Étoile,577.0,1901.8700000000001,4.1715757575757575,4.1715757575757575,,Non calculable,0.11611785095320624,2011-09,Mettre en avant et sécuriser le stock,0.0
84031A,CHARLIE+LOLA RED HOT WATER BOTTLE ,A,Vache à lait,430.0,1897.81,4.462969696969697,4.462969696969697,,Non calculable,0.046511627906976744,2010-12,Surveiller sans action urgente,0.0
22115,METAL SIGN EMPIRE TEA,A,Étoile,1391.5,1896.4850000000001,2.34704347826087,2.34704347826087,,Non calculable,0.0,2011-03,Mettre en avant et sécuriser le stock,0.0
21811,HANGING HEART WITH BELL,A,Étoile,3093.5,1895.645,0.9952173913043478,0.9952173913043478,,Non calculable,0.01551640536609019,2011-10,Mettre en avant et sécuriser le stock,0.0
20751,FUNKY WASHING UP GLOVES ASSORTED,A,Vache à lait,884.0,1894.4900000000002,2.3687192118226603,2.3687192118226603,,Non calculable,0.0011312217194570137,2011-03,Surveiller sans action urgente,0.0
22602,RETROSPOT WOODEN HEART DECORATION,A,Étoile,2044.0,1890.0249999999999,1.1233214285714286,1.1233214285714286,,Non calculable,0.019569471624266144,2011-11,Mettre en avant et sécuriser le stock,0.0
22491,PACK OF 12 COLOURED PENCILS,A,Étoile,2231.0,1888.83,0.9124886877828055,0.9124886877828055,,Non calculable,0.005378753922008068,2011-05,Mettre en avant et sécuriser le stock,0.0
22075,6 RIBBONS ELEGANT CHRISTMAS ,A,Étoile,1272.0,1885.01,1.774009900990099,1.774009900990099,,Non calculable,0.009433962264150943,2011-11,Mettre en avant et sécuriser le stock,0.0
22639,SET OF 4 NAPKIN CHARMS HEARTS,A,Vache à lait,776.5,1884.2549999999999,2.7926490066225167,2.7926490066225167,,Non calculable,0.0,2011-10,Surveiller sans action urgente,0.0
22747,POPPY'S PLAYHOUSE BATHROOM,A,Vache à lait,848.0,1881.875,2.4989956331877727,2.4989956331877727,,Non calculable,0.0,2011-03,Surveiller sans action urgente,0.0
23491,VINTAGE JINGLE BELLS HEART,B,Vache à lait,228.0,1881.4,8.25506329113924,8.25506329113924,,Non calculable,0.0043859649122807015,2011-11,Maintenir et suivre la saisonnalité,0.0
23075,PARLOUR CERAMIC WALL HOOK,B,Étoile,451.0,1880.95,4.248500000000001,4.248500000000001,,Non calculable,0.07538802660753881,2011-06,Mettre en avant et sécuriser le stock,0.0
22156,HEART DECORATION WITH PEARLS ,B,Étoile,1935.5,1878.0549999999998,1.1691570881226052,1.1691570881226052,,Non calculable,0.054249547920433995,2011-07,Mettre en avant et sécuriser le stock,0.0
22167, OVAL WALL MIRROR DIAMANTE ,B,Vache à lait,236.0,1874.1999999999998,8.35551282051282,8.35551282051282,,Non calculable,0.0211864406779661,2011-05,Maintenir et suivre la saisonnalité,0.0
21749,LARGE RED RETROSPOT WINDMILL,B,Vache à lait,880.0,1873.54,2.531,2.531,,Non calculable,0.00909090909090909,2011-05,Maintenir et suivre la saisonnalité,0.0
23227,FILIGREE HEART BUTTERFLY WHITE ,B,Étoile,1459.0,1865.565,1.5737606837606837,1.5737606837606837,,Non calculable,0.00411240575736806,2011-06,Mettre en avant et sécuriser le stock,0.0
22574,HEART WOODEN CHRISTMAS DECORATION,B,Étoile,1934.5,1860.865,1.113125,1.113125,,Non calculable,0.09925045231325924,2011-11,Mettre en avant et sécuriser le stock,0.0
23367,SET 12 COLOUR PENCILS SPACEBOY ,B,Vache à lait,2610.5,1860.175,0.7566666666666667,0.7566666666666667,,Non calculable,0.0061290940432867265,2011-11,Maintenir et suivre la saisonnalité,0.0
22897,OVEN MITT APPLES DESIGN,B,Étoile,1222.5,1853.125,1.8147641509433963,1.8147641509433963,,Non calculable,0.0343558282208589,2011-11,Mettre en avant et sécuriser le stock,0.0
22291,HANGING CHICK CREAM DECORATION,B,Poids mort,1250.0,1849.4699999999998,1.6335245901639344,1.6335245901639344,,Non calculable,0.0192,2011-03,Maintenir et suivre la saisonnalité,0.0
21534,DAIRY MAID LARGE MILK JUG,B,Poids mort,370.0,1849.02,5.2773076923076925,5.2773076923076925,,Non calculable,0.03513513513513514,2011-05,Maintenir et suivre la saisonnalité,0.0
22579,WOODEN TREE CHRISTMAS SCANDINAVIAN,B,Dilemme,4707.0,1843.4299999999998,0.5163896848137536,0.5163896848137536,,Non calculable,0.020395156150414276,2011-11,Tester visibilité ou promotion courte,0.0
22059,CERAMIC STRAWBERRY DESIGN MUG,B,Poids mort,1528.0,1841.36,1.6124293785310733,1.6124293785310733,,Non calculable,0.015706806282722512,2010-12,Maintenir et suivre la saisonnalité,0.0
23681,LUNCH BAG RED VINTAGE DOILY,B,Poids mort,1104.0,1837.74,1.8662406015037591,1.8662406015037591,,Non calculable,0.0,2011-11,Maintenir et suivre la saisonnalité,0.0
22571,ROCKING HORSE RED CHRISTMAS ,B,Dilemme,1972.5,1837.08,1.0800387596899224,1.0800387596899224,,Non calculable,0.05525982256020279,2011-11,Tester visibilité ou promotion courte,0.0
22704,WRAP RED APPLES ,B,Dilemme,4377.0,1833.78,0.41908045977011493,0.41908045977011493,,Non calculable,0.011423349326022389,2011-07,Tester visibilité ou promotion courte,0.0
22243,5 HOOK HANGER RED MAGIC TOADSTOOL,B,Poids mort,1088.0,1825.44,1.9261654135338346,1.9261654135338346,,Non calculable,0.01011029411764706,2011-03,Maintenir et suivre la saisonnalité,0.0
22593,CHRISTMAS GINGHAM STAR,B,Dilemme,1921.0,1824.97,1.12425,1.12425,,Non calculable,0.07496095783446122,2011-11,Tester visibilité ou promotion courte,0.0
22777,GLASS CLOCHE LARGE,B,Poids mort,228.0,1823.3999999999999,8.339655172413792,8.339655172413792,,Non calculable,0.021929824561403508,2011-02,Maintenir et suivre la saisonnalité,0.0
22055,MINI CAKE STAND  HANGING STRAWBERY,B,Poids mort,1190.5,1823.085,2.086160714285714,2.086160714285714,,Non calculable,0.019319613607727847,2011-03,Maintenir et suivre la saisonnalité,0.0
22863,SOAP DISH BROCANTE,B,Poids mort,621.5,1822.105,3.2954545454545454,3.2954545454545454,,Non calculable,0.02091713596138375,2011-03,Maintenir et suivre la saisonnalité,0.0
23068,ALUMINIUM STAMPED HEART,B,Dilemme,738.5,1820.2900000000002,2.5855072463768116,2.5855072463768116,,Non calculable,0.0,2011-05,Tester visibilité ou promotion courte,0.0
21864,UNION JACK FLAG PASSPORT COVER ,B,Poids mort,710.0,1818.135,2.863763440860215,2.863763440860215,,Non calculable,0.028169014084507043,2010-12,Maintenir et suivre la saisonnalité,0.0
22933,BAKING MOULD EASTER EGG MILK CHOC,B,Poids mort,598.0,1817.7700000000002,3.48869918699187,3.48869918699187,,Non calculable,0.2608695652173913,2011-02,Vérifier qualité / description avant promotion,0.0
47504K,ENGLISH ROSE GARDEN SECATEURS,B,Dilemme,1725.5,1813.995,1.5552777777777778,1.5552777777777778,,Non calculable,0.006954505940307157,2011-09,Tester visibilité ou promotion courte,0.0
35961,FOLKART ZINC HEART CHRISTMAS DEC,B,Poids mort,1874.5,1810.615,1.1341129032258064,1.1341129032258064,,Non calculable,0.0005334755934915977,2010-12,Maintenir et suivre la saisonnalité,0.0
23213,STAR WREATH DECORATION WITH BELL,B,Dilemme,1377.5,1806.305,1.4865806451612902,1.4865806451612902,,Non calculable,0.008711433756805808,2011-11,Tester visibilité ou promotion courte,0.0
23148,MINIATURE ANTIQUE ROSE HOOK IVORY,B,Dilemme,2124.0,1803.8600000000001,0.9133858267716536,0.9133858267716536,,Non calculable,0.006120527306967985,2011-05,Tester visibilité ou promotion courte,0.0
72351A,SET/6 TURQUOISE BUTTERFLY T-LIGHTS,B,Poids mort,868.0,1803.68,2.293974358974359,2.293974358974359,,Non calculable,0.0,2011-02,Maintenir et suivre la saisonnalité,0.0
23145,ZINC T-LIGHT HOLDER STAR LARGE,B,Dilemme,1875.5,1803.005,1.0791764705882354,1.0791764705882354,,Non calculable,0.005865102639296188,2011-05,Tester visibilité ou promotion courte,0.0
85034C,3 ROSE MORRIS BOXED CANDLES,B,Dilemme,1129.0,1799.94,2.2981212121212122,2.2981212121212122,,Non calculable,0.01771479185119575,2011-11,Tester visibilité ou promotion courte,0.0
37446,MINI CAKE STAND WITH HANGING CAKES,B,Poids mort,1212.5,1799.215,1.7795212765957447,1.7795212765957447,,Non calculable,0.05690721649484536,2011-04,Maintenir et suivre la saisonnalité,0.0
23394,POSTE FRANCE CUSHION COVER,B,Poids mort,435.0,1795.75,4.553947368421052,4.553947368421052,,Non calculable,0.0,2011-11,Maintenir et suivre la saisonnalité,0.0
11001,ASSTD DESIGN RACING CAR PEN,B,Dilemme,1131.5,1794.0049999999999,1.89,1.89,,Non calculable,0.16349977905435262,2011-07,Tester visibilité ou promotion courte,0.0
23274,STAR T-LIGHT HOLDER WILLIE WINKIE,B,Dilemme,1042.0,1790.8,2.0156666666666667,2.0156666666666667,,Non calculable,0.0028790786948176585,2011-10,Tester visibilité ou promotion courte,0.0
21832,CHOCOLATE CALCULATOR,B,Dilemme,954.0,1790.1,2.34964824120603,2.34964824120603,,Non calculable,0.0,2010-12,Tester visibilité ou promotion courte,0.0
21735,TWO DOOR CURIO CABINET,B,Poids mort,212.0,1788.95,8.420481927710844,8.420481927710844,,Non calculable,0.15566037735849056,2010-12,Maintenir et suivre la saisonnalité,0.0
23193,BUFFALO BILL TREASURE BOOK BOX,B,Dilemme,745.0,1784.13,2.730571428571429,2.730571428571429,,Non calculable,0.026845637583892617,2011-03,Tester visibilité ou promotion courte,0.0
21034,REX CASH+CARRY JUMBO SHOPPER,B,Dilemme,1876.5,1782.675,0.95,0.95,,Non calculable,0.011191047162270184,2011-11,Tester visibilité ou promotion courte,0.0
23315,IVORY REFECTORY CLOCK,B,Poids mort,213.0,1780.6499999999999,8.432558139534883,8.432558139534883,,Non calculable,0.056338028169014086,2011-08,Maintenir et suivre la saisonnalité,0.0
22831,WHITE BROCANTE SOAP DISH,B,Poids mort,590.5,1776.3750000000002,3.319105691056911,3.319105691056911,,Non calculable,0.0,2011-05,Maintenir et suivre la saisonnalité,0.0
22573,STAR WOODEN CHRISTMAS DECORATION,B,Dilemme,1836.5,1773.8,1.121936936936937,1.121936936936937,,Non calculable,0.0,2011-11,Tester visibilité ou promotion courte,0.0
85123a,WHITE HANGING HEART T-LIGHT HOLDER,B,Dilemme,265.5,1773.075,6.64044776119403,6.64044776119403,,Non calculable,0.0,2010-12,Tester visibilité ou promotion courte,0.0
23438, RED SPOT GIFT BAG LARGE,B,Poids mort,1395.0,1770.435,1.370183486238532,1.370183486238532,,Non calculable,0.0,2011-10,Maintenir et suivre la saisonnalité,0.0
22928,YELLOW GIANT GARDEN THERMOMETER,B,Dilemme,280.5,1762.9750000000001,6.658695652173913,6.658695652173913,,Non calculable,0.0213903743315508,2011-05,Tester visibilité ou promotion courte,0.0
16156S,WRAP PINK FAIRY CAKES ,B,Poids mort,4227.5,1760.73,0.4168862275449102,0.4168862275449102,,Non calculable,0.0,2011-03,Maintenir et suivre la saisonnalité,0.0
22852,DOG BOWL VINTAGE CREAM,B,Dilemme,390.0,1757.8799999999999,4.6368,4.6368,,Non calculable,0.01282051282051282,2011-03,Tester visibilité ou promotion courte,0.0
20674,GREEN POLKADOT BOWL,B,Poids mort,1322.5,1756.93,1.5633009708737866,1.5633009708737866,,Non calculable,0.004536862003780718,2011-01,Maintenir et suivre la saisonnalité,0.0
20982,12 PENCILS TALL TUBE SKULLS,B,Dilemme,2001.0,1755.705,0.957104247104247,0.957104247104247,,Non calculable,0.001999000499750125,2011-11,Tester visibilité ou promotion courte,0.0
10135,COLOURING PENCILS BROWN TUBE,B,Poids mort,1672.0,1754.8700000000001,1.4128813559322033,1.4128813559322033,,Non calculable,0.0005980861244019139,2011-01,Maintenir et suivre la saisonnalité,0.0
47599B,BLUE PARTY BAGS ,B,Poids mort,853.5,1754.72,2.182372881355932,2.182372881355932,,Non calculable,0.06092560046865846,2011-03,Maintenir et suivre la saisonnalité,0.0
21495,SKULLS AND CROSSBONES WRAP,B,Dilemme,4202.0,1754.01,0.41769696969696973,0.41769696969696973,,Non calculable,0.005949547834364588,2011-07,Tester visibilité ou promotion courte,0.0
21918,SET 12 KIDS COLOUR  CHALK STICKS,B,Dilemme,4043.0,1752.71,0.5195967741935483,0.5195967741935483,,Non calculable,0.003957457333663122,2011-05,Tester visibilité ou promotion courte,0.0
21870,I CAN ONLY PLEASE ONE PERSON MUG,B,Poids mort,1312.5,1749.865,1.5759393939393938,1.5759393939393938,,Non calculable,0.019809523809523808,2010-12,Maintenir et suivre la saisonnalité,0.0
23500,KEY RING BASEBALL BOOT ASSORTED ,B,Poids mort,1371.0,1749.61,1.3861764705882351,1.3861764705882351,,Non calculable,0.0,2011-11,Maintenir et suivre la saisonnalité,0.0
22548,HEADS AND TAILS SPORTING FUN,B,Dilemme,1366.5,1749.365,1.4097641509433962,1.4097641509433962,,Non calculable,0.0,2011-09,Tester visibilité ou promotion courte,0.0
23302,KNEELING MAT HOUSEWORK  DESIGN,B,Dilemme,1107.0,1742.385,1.8876394849785407,1.8876394849785407,,Non calculable,0.032520325203252036,2011-11,Tester visibilité ou promotion courte,0.0
84596F,SMALL MARSHMALLOWS PINK BOWL,B,Dilemme,3318.5,1741.28,0.631554054054054,0.631554054054054,,Non calculable,0.0048214554768720806,2011-11,Tester visibilité ou promotion courte,0.0
21592,RETROSPOT CIGAR BOX MATCHES ,B,Dilemme,1595.5,1741.025,1.1326008968609864,1.1326008968609864,,Non calculable,0.0,2011-11,Tester visibilité ou promotion courte,0.0
22763,KEY CABINET MA CAMPAGNE,B,Dilemme,206.0,1740.6999999999998,8.45,8.45,,Non calculable,0.024271844660194174,2011-01,Tester visibilité ou promotion courte,0.0
72807A,SET/3 ROSE CANDLE IN JEWELLED BOX,B,Poids mort,365.5,1740.355,5.717407407407408,5.717407407407408,,Non calculable,0.024623803009575923,2010-12,Maintenir et suivre la saisonnalité,0.0
22314,OFFICE MUG WARMER CHOC+BLUE,B,Poids mort,562.5,1736.9150000000002,3.961555555555556,3.961555555555556,,Non calculable,0.0035555555555555557,2010-12,Maintenir et suivre la saisonnalité,0.0
23427,STOOL HOME SWEET HOME ,B,Poids mort,205.5,1736.475,8.45,8.45,,Non calculable,0.009732360097323601,2011-09,Maintenir et suivre la saisonnalité,0.0
22200,FRYING PAN PINK POLKADOT,B,Poids mort,378.5,1736.0149999999999,5.904751773049645,5.904751773049645,,Non calculable,0.010568031704095112,2011-04,Maintenir et suivre la saisonnalité,0.0
20963,APPLE BATH SPONGE,B,Dilemme,1195.5,1735.545,1.8230172413793104,1.8230172413793104,,Non calculable,0.0,2010-12,Tester visibilité ou promotion courte,0.0
21900,"KEY FOB , SHED",B,Dilemme,2409.0,1732.86,0.9522252010723861,0.9522252010723861,,Non calculable,0.0020755500207555004,2011-05,Tester visibilité ou promotion courte,0.0
23553,LANDMARK FRAME CAMDEN TOWN ,B,Poids mort,205.0,1732.25,8.45,8.45,,Non calculable,0.0,2011-10,Maintenir et suivre la saisonnalité,0.0
23228,FILIGREE HEART BIRD WHITE ,B,Dilemme,1289.5,1731.13,1.7907142857142857,1.7907142857142857,,Non calculable,0.11167119038386972,2011-10,Tester visibilité ou promotion courte,0.0
85049G,CHOCOLATE BOX RIBBONS ,B,Dilemme,1357.5,1729.955,1.4033955223880596,1.4033955223880596,,Non calculable,0.010313075506445672,2011-10,Tester visibilité ou promotion courte,0.0
22428,ENAMEL FIRE BUCKET CREAM,B,Dilemme,246.0,1728.3,7.2026315789473685,7.2026315789473685,,Non calculable,0.012195121951219513,2011-08,Tester visibilité ou promotion courte,0.0
23048,SET OF 10 LANTERNS FAIRY LIGHT STAR,B,Dilemme,405.5,1725.2450000000001,4.6737254901960785,4.6737254901960785,,Non calculable,0.07891491985203453,2011-09,Tester visibilité ou promotion courte,0.0
21329,DINOSAURS  WRITING SET ,B,Dilemme,938.5,1721.615,2.1594791666666664,2.1594791666666664,,Non calculable,0.0,2011-11,Tester visibilité ou promotion courte,0.0
20981,12 PENCILS TALL TUBE WOODLAND,B,Dilemme,1947.0,1717.62,0.96316,0.96316,,Non calculable,0.009758602978941962,2011-11,Tester visibilité ou promotion courte,0.0
21878,PACK OF 6 SANDCASTLE FLAGS ASSORTED,B,Poids mort,1923.0,1715.5649999999998,1.091578947368421,1.091578947368421,,Non calculable,0.006760270410816433,2011-04,Maintenir et suivre la saisonnalité,0.0
21114,LAVENDER SCENTED FABRIC HEART,B,Poids mort,1311.5,1714.775,1.7666187050359712,1.7666187050359712,,Non calculable,0.007624857033930614,2011-02,Maintenir et suivre la saisonnalité,0.0
15060B,FAIRY CAKE DESIGN UMBRELLA,B,Dilemme,419.5,1714.385,4.991526717557252,4.991526717557252,,Non calculable,0.0023837902264600714,2011-09,Tester visibilité ou promotion courte,0.0
22119,PEACE WOODEN BLOCK LETTERS,B,Dilemme,345.0,1712.15,6.109259259259259,6.109259259259259,,Non calculable,0.002898550724637681,2011-12,Tester visibilité ou promotion courte,0.0
21812,GARLAND WITH HEARTS AND BELLS,B,Dilemme,391.5,1708.015,4.895,4.895,,Non calculable,0.035759897828863345,2011-11,Tester visibilité ou promotion courte,0.0
22223,CAKE PLATE LOVEBIRD PINK,B,Poids mort,439.5,1705.835,4.993797468354431,4.993797468354431,,Non calculable,0.0,2011-01,Maintenir et suivre la saisonnalité,0.0
22996,TRAVEL CARD WALLET VINTAGE TICKET,B,Dilemme,3818.0,1703.65,0.5296385542168675,0.5296385542168675,,Non calculable,0.006809848088004191,2011-11,Tester visibilité ou promotion courte,0.0
72807B,SET/3 OCEAN SCENT CANDLE JEWEL BOX,B,Poids mort,363.5,1702.0149999999999,5.367857142857142,5.367857142857142,,Non calculable,0.008253094910591471,2010-12,Maintenir et suivre la saisonnalité,0.0
23359,SET OF 12 T-LIGHTS VINTAGE DOILY,B,Poids mort,888.0,1698.1599999999999,1.9862025316455696,1.9862025316455696,,Non calculable,0.0,2011-09,Maintenir et suivre la saisonnalité,0.0
79000,MOROCCAN TEA GLASS,B,Poids mort,1882.0,1694.1399999999999,1.01512,1.01512,,Non calculable,0.004782146652497344,2011-03,Maintenir et suivre la saisonnalité,0.0
23434,3 RAFFIA RIBBONS 50'S CHRISTMAS ,B,Poids mort,1849.0,1689.8300000000002,0.8802,0.8802,,Non calculable,0.005408328826392645,2011-11,Maintenir et suivre la saisonnalité,0.0
21713,CITRONELLA CANDLE FLOWERPOT,B,Poids mort,715.0,1685.515,2.5079874213836475,2.5079874213836475,,Non calculable,0.022377622377622378,2011-05,Maintenir et suivre la saisonnalité,0.0
23233,WRAP POPPIES  DESIGN,B,Poids mort,4017.0,1680.87,0.41861635220125787,0.41861635220125787,,Non calculable,0.006223549912870301,2011-05,Maintenir et suivre la saisonnalité,0.0
22594,CHRISTMAS GINGHAM TREE,B,Dilemme,1706.0,1680.8,1.1763959390862944,1.1763959390862944,,Non calculable,0.0005861664712778429,2011-11,Tester visibilité ou promotion courte,0.0
23403,LETTER HOLDER HOME SWEET HOME,B,Poids mort,442.0,1679.815,4.374,4.374,,Non calculable,0.006787330316742082,2011-10,Maintenir et suivre la saisonnalité,0.0
23371,SET 36 COLOUR PENCILS SPACEBOY ,B,Poids mort,1230.5,1675.075,1.5179032258064515,1.5179032258064515,,Non calculable,0.0,2011-11,Maintenir et suivre la saisonnalité,0.0
23134,LARGE ZINC HEART WALL ORGANISER,B,Dilemme,256.5,1668.9499999999998,7.69157894736842,7.69157894736842,,Non calculable,0.0,2011-07,Tester visibilité ou promotion courte,0.0
23436,VINTAGE CHRISTMAS GIFT BAG LARGE ,B,Poids mort,1310.0,1666.8,1.4442982456140352,1.4442982456140352,,Non calculable,0.011450381679389313,2011-10,Maintenir et suivre la saisonnalité,0.0
23399,HOME SWEET HOME HANGING HEART,B,Poids mort,1821.0,1666.5,1.1070085470085471,1.1070085470085471,,Non calculable,0.0,2011-09,Maintenir et suivre la saisonnalité,0.0
23400,SHELF WITH 4 HOOKS HOME SWEET HOME,B,Poids mort,294.0,1664.995,6.408518518518519,6.408518518518519,,Non calculable,0.006802721088435374,2011-10,Maintenir et suivre la saisonnalité,0.0
21577,SAVE THE PLANET COTTON TOTE BAG,B,Dilemme,720.0,1664.8999999999999,2.7186285714285714,2.7186285714285714,,Non calculable,0.009722222222222222,2011-07,Tester visibilité ou promotion courte,0.0
22076,6 RIBBONS EMPIRE  ,B,Dilemme,1239.5,1660.275,1.611858407079646,1.611858407079646,,Non calculable,0.0,2011-11,Tester visibilité ou promotion courte,0.0
22452,MEASURING TAPE BABUSHKA PINK,B,Dilemme,681.5,1656.4350000000002,2.3233561643835614,2.3233561643835614,,Non calculable,0.001467351430667645,2011-01,Tester visibilité ou promotion courte,0.0
22853,CAT BOWL VINTAGE CREAM,B,Poids mort,472.0,1655.96,3.6286206896551727,3.6286206896551727,,Non calculable,0.012711864406779662,2011-05,Maintenir et suivre la saisonnalité,0.0
23214,JINGLE BELL HEART ANTIQUE GOLD,B,Dilemme,769.5,1654.48,2.3925961538461538,2.3925961538461538,,Non calculable,0.0,2011-11,Tester visibilité ou promotion courte,0.0
15058B,PINK POLKADOT GARDEN PARASOL,B,Dilemme,223.5,1651.825,8.15,8.15,,Non calculable,0.02237136465324385,2011-05,Tester visibilité ou promotion courte,0.0
47566b,TEA TIME PARTY BUNTING,B,Poids mort,199.0,1650.99,8.299411764705882,8.299411764705882,,Non calculable,0.0,2011-05,Maintenir et suivre la saisonnalité,0.0
23273,HEART T-LIGHT HOLDER WILLIE WINKIE,B,Dilemme,969.0,1649.05,1.8786725663716815,1.8786725663716815,,Non calculable,0.0041279669762641896,2011-10,Tester visibilité ou promotion courte,0.0
23291,DOLLY GIRL CHILDRENS CUP,B,Poids mort,1247.0,1646.665,1.5237244897959183,1.5237244897959183,,Non calculable,0.00801924619085806,2011-09,Maintenir et suivre la saisonnalité,0.0
23445,ICE CREAM BUBBLES,B,Poids mort,1979.0,1645.965,0.8659803921568627,0.8659803921568627,,Non calculable,0.01010611419909045,2011-09,Maintenir et suivre la saisonnalité,0.0
23370,SET 36 COLOURING PENCILS DOILY,B,Poids mort,1182.0,1641.01,1.538627450980392,1.538627450980392,,Non calculable,0.0008460236886632825,2011-11,Maintenir et suivre la saisonnalité,0.0
23251,VINTAGE RED ENAMEL TRIM MUG ,B,Poids mort,1281.5,1638.5,1.4126666666666667,1.4126666666666667,,Non calculable,0.04525946156847444,2011-07,Maintenir et suivre la saisonnalité,0.0
22412,METAL SIGN NEIGHBOURHOOD WITCH ,B,Poids mort,752.0,1637.7,2.5650675675675676,2.5650675675675676,,Non calculable,0.0026595744680851063,2011-09,Maintenir et suivre la saisonnalité,0.0
23235,STORAGE TIN VINTAGE LEAF,B,Poids mort,610.0,1636.92,2.9825714285714287,2.9825714285714287,,Non calculable,0.022950819672131147,2011-06,Maintenir et suivre la saisonnalité,0.0
22789,T-LIGHT HOLDER SWEETHEART HANGING,B,Poids mort,829.5,1633.095,2.159928057553957,2.159928057553957,,Non calculable,0.0012055455093429777,2011-01,Maintenir et suivre la saisonnalité,0.0
21107,CREAM SLICE FLANNEL PINK SPOT ,B,Poids mort,563.5,1632.085,3.8324489795918364,3.8324489795918364,,Non calculable,0.0,2011-11,Maintenir et suivre la saisonnalité,0.0
85034B,3 WHITE CHOC MORRIS BOXED CANDLES,B,Dilemme,945.0,1628.76,2.7204918032786884,2.7204918032786884,,Non calculable,0.0,2011-11,Tester visibilité ou promotion courte,0.0
22375,AIRLINE BAG VINTAGE JET SET BROWN,B,Dilemme,346.0,1626.3,5.2256886227544905,5.2256886227544905,,Non calculable,0.0,2011-09,Tester visibilité ou promotion courte,0.0
21584,RETROSPOT SMALL TUBE MATCHES,B,Dilemme,987.5,1625.375,1.6487012987012986,1.6487012987012986,,Non calculable,0.0010126582278481013,2011-11,Tester visibilité ou promotion courte,0.0
22955,36 FOIL STAR CAKE CASES ,B,Dilemme,807.5,1623.2250000000001,2.3133823529411766,2.3133823529411766,,Non calculable,0.0,2011-11,Tester visibilité ou promotion courte,0.0
23181,BULL DOG BOTTLE TOP WALL CLOCK,B,Dilemme,201.0,1619.05,8.22439024390244,8.22439024390244,,Non calculable,0.01990049751243781,2011-03,Tester visibilité ou promotion courte,0.0
22080,RIBBON REEL POLKADOTS ,B,Dilemme,950.0,1617.68,1.9770063694267515,1.9770063694267515,,Non calculable,0.010526315789473684,2011-11,Tester visibilité ou promotion courte,0.0
22027,TEA PARTY BIRTHDAY CARD,B,Dilemme,3688.5,1616.91,0.5336263736263736,0.5336263736263736,,Non calculable,0.04554697031313542,2011-05,Tester visibilité ou promotion courte,0.0
22986,WRAP GINGHAM ROSE ,B,Dilemme,3847.5,1614.24,0.4196129032258064,0.4196129032258064,,Non calculable,0.00649772579597141,2011-06,Tester visibilité ou promotion courte,0.0
21557,SET OF 6 FUNKY BEAKERS,B,Poids mort,459.5,1610.285,4.164846625766871,4.164846625766871,,Non calculable,0.0,2011-01,Maintenir et suivre la saisonnalité,0.0
23289,DOLLY GIRL CHILDRENS BOWL,B,Poids mort,1241.0,1606.75,1.5367708333333334,1.5367708333333334,,Non calculable,0.009669621273166801,2011-08,Maintenir et suivre la saisonnalité,0.0
17003,BROCADE RING PURSE ,B,Dilemme,5053.5,1605.6,0.363402489626556,0.363402489626556,,Non calculable,0.0005936479667557139,2011-11,Tester visibilité ou promotion courte,0.0
85038,6 CHOCOLATE LOVE HEART T-LIGHTS,B,Dilemme,750.5,1603.795,2.542191780821918,2.542191780821918,,Non calculable,0.0,2010-12,Tester visibilité ou promotion courte,0.0
22783,SET 3 WICKER OVAL BASKETS W LIDS,B,Poids mort,194.5,1603.0249999999999,8.237878787878786,8.237878787878786,,Non calculable,0.0,2011-06,Maintenir et suivre la saisonnalité,0.0
21506,"FANCY FONT BIRTHDAY CARD, ",B,Dilemme,3683.0,1602.98,0.509969040247678,0.509969040247678,,Non calculable,0.00325821341297855,2011-03,Tester visibilité ou promotion courte,0.0
23161,REGENCY CAKE FORK,B,Dilemme,1218.0,1600.91,1.593061224489796,1.593061224489796,,Non calculable,0.009852216748768473,2011-05,Tester visibilité ou promotion courte,0.0
22975,SPACEBOY CHILDRENS EGG CUP,B,Poids mort,1184.5,1600.255,1.544627659574468,1.544627659574468,,Non calculable,0.0008442380751371887,2011-03,Maintenir et suivre la saisonnalité,0.0
51014A,"FEATHER PEN,HOT PINK",B,Dilemme,2950.0,1589.97,0.6593305439330543,0.6593305439330543,,Non calculable,0.02440677966101695,2011-11,Tester visibilité ou promotion courte,0.0
21706,FOLDING UMBRELLA RED/WHITE POLKADOT,B,Dilemme,346.0,1589.88,4.814166666666667,4.814166666666667,,Non calculable,0.0,2011-01,Tester visibilité ou promotion courte,0.0
22227,HANGING HEART MIRROR DECORATION ,B,Poids mort,2183.5,1585.745,0.8917940199335549,0.8917940199335549,,Non calculable,0.0009159606136936112,2011-03,Maintenir et suivre la saisonnalité,0.0
23346,SPACEBOY BEAKER,B,Poids mort,1235.5,1585.49,1.5186559139784948,1.5186559139784948,,Non calculable,0.004856333468231485,2011-08,Maintenir et suivre la saisonnalité,0.0
22449,SILK PURSE BABUSHKA PINK,B,Poids mort,491.0,1583.95,3.25,3.25,,Non calculable,0.012219959266802444,2011-01,Maintenir et suivre la saisonnalité,0.0
23406,HOME SWEET HOME KEY HOLDER,B,Poids mort,275.0,1583.29,6.495765765765766,6.495765765765766,,Non calculable,0.01090909090909091,2011-11,Maintenir et suivre la saisonnalité,0.0
22101,MIRROR MOSAIC VOTIVE HOLDER,B,Dilemme,733.0,1582.805,2.2659420289855072,2.2659420289855072,,Non calculable,0.44201909959072305,2011-11,Vérifier qualité / description avant promotion,0.0
85061W,WHITE JEWELLED HEART DECORATION,B,Dilemme,1734.0,1581.57,1.1002958579881656,1.1002958579881656,,Non calculable,0.004036908881199538,2011-11,Tester visibilité ou promotion courte,0.0
16169E,WRAP 50'S  CHRISTMAS,B,Poids mort,3765.5,1578.09,0.41919999999999996,0.41919999999999996,,Non calculable,0.03319612269286947,2011-11,Maintenir et suivre la saisonnalité,0.0
37495,FAIRY CAKE BIRTHDAY CANDLE SET,B,Dilemme,425.0,1577.99,4.016630434782608,4.016630434782608,,Non calculable,0.11529411764705882,2011-10,Tester visibilité ou promotion courte,0.0
22037,ROBOT BIRTHDAY CARD,B,Dilemme,3609.5,1575.89,0.5297183098591549,0.5297183098591549,,Non calculable,0.0,2011-09,Tester visibilité ou promotion courte,0.0
22601,CHRISTMAS RETROSPOT ANGEL WOOD,B,Dilemme,1688.5,1574.425,1.0747029702970297,1.0747029702970297,,Non calculable,0.0023689665383476457,2011-11,Tester visibilité ou promotion courte,0.0
22859,EASTER TIN BUNNY BOUQUET,B,Poids mort,913.5,1573.095,1.9235,1.9235,,Non calculable,0.03503010399562124,2011-03,Maintenir et suivre la saisonnalité,0.0
23348,CHILDRENS TOY COOKING UTENSIL SET,B,Dilemme,712.0,1572.95,2.5796470588235296,2.5796470588235296,,Non calculable,0.032303370786516857,2011-10,Tester visibilité ou promotion courte,0.0
23155,KNICKERBOCKERGLORY MAGNET ASSORTED ,B,Poids mort,1766.5,1572.085,1.472074074074074,1.472074074074074,,Non calculable,0.09566940277384658,2011-05,Maintenir et suivre la saisonnalité,0.0
20961,STRAWBERRY BATH SPONGE ,B,Dilemme,1093.0,1571.68,1.7937554585152837,1.7937554585152837,,Non calculable,0.04574565416285453,2011-11,Tester visibilité ou promotion courte,0.0
85178,VICTORIAN SEWING KIT,B,Dilemme,1292.5,1571.505,1.3965248226950355,1.3965248226950355,,Non calculable,0.22359767891682786,2011-09,Vérifier qualité / description avant promotion,0.0
22562,MONSTERS STENCIL CRAFT,B,Dilemme,1243.5,1568.025,1.366824644549763,1.366824644549763,,Non calculable,0.0,2011-09,Tester visibilité ou promotion courte,0.0
22799,SWEETHEART WIRE FRUIT BOWL,B,Poids mort,207.0,1566.55,8.123033707865169,8.123033707865169,,Non calculable,0.0,2011-05,Maintenir et suivre la saisonnalité,0.0
21913,VINTAGE SEASIDE JIGSAW PUZZLES,B,Poids mort,398.0,1565.83,4.369256756756757,4.369256756756757,,Non calculable,0.007537688442211055,2011-05,Maintenir et suivre la saisonnalité,0.0
84279P,CHERRY BLOSSOM  DECORATIVE FLASK,B,Dilemme,377.0,1565.57,4.855669291338582,4.855669291338582,,Non calculable,0.042440318302387266,2011-11,Tester visibilité ou promotion courte,0.0
22198,LARGE POPCORN HOLDER ,B,Poids mort,817.5,1564.335,2.2325581395348837,2.2325581395348837,,Non calculable,0.052599388379204894,2010-12,Maintenir et suivre la saisonnalité,0.0
22476,EMPIRE UNION JACK TV DINNER TRAY,B,Poids mort,308.5,1562.295,6.01128,6.01128,,Non calculable,0.02593192868719611,2010-12,Maintenir et suivre la saisonnalité,0.0
23101,SILVER STARS TABLE DECORATION,B,Dilemme,1791.5,1561.97,0.9744859813084111,0.9744859813084111,,Non calculable,0.0,2011-11,Tester visibilité ou promotion courte,0.0
21744,SNOWFLAKE PORTABLE TABLE LIGHT ,B,Dilemme,529.0,1557.65,3.042093023255814,3.042093023255814,,Non calculable,0.0,2011-11,Tester visibilité ou promotion courte,0.0
85015,SET OF 12  VINTAGE POSTCARD SET,B,Dilemme,1929.5,1555.715,1.3232167832167832,1.3232167832167832,,Non calculable,0.0,2011-09,Tester visibilité ou promotion courte,0.0
85040A,S/4 PINK FLOWER CANDLES IN BOWL,B,Poids mort,853.5,1554.295,2.0394674556213017,2.0394674556213017,,Non calculable,0.018746338605741066,2011-06,Maintenir et suivre la saisonnalité,0.0
82581,TOILET METAL SIGN,B,Poids mort,2643.0,1547.085,0.7287931034482759,0.7287931034482759,,Non calculable,0.007945516458569807,2011-03,Maintenir et suivre la saisonnalité,0.0
20665,RED RETROSPOT PURSE ,B,Poids mort,461.0,1546.2700000000002,4.068333333333333,4.068333333333333,,Non calculable,0.0,2010-12,Maintenir et suivre la saisonnalité,0.0
22284,HEN HOUSE DECORATION,B,Poids mort,895.5,1545.095,2.036212121212121,2.036212121212121,,Non calculable,0.014517029592406477,2011-03,Maintenir et suivre la saisonnalité,0.0
21980,PACK OF 12 RED RETROSPOT TISSUES ,B,Poids mort,4646.5,1542.3899999999999,0.40671140939597317,0.40671140939597317,,Non calculable,0.020660712364145056,2011-09,Maintenir et suivre la saisonnalité,0.0
15058A,BLUE POLKADOT GARDEN PARASOL,B,Dilemme,200.0,1542.0,8.076966292134832,8.076966292134832,,Non calculable,0.025,2011-06,Tester visibilité ou promotion courte,0.0
22318,FIVE HEART HANGING DECORATION,B,Poids mort,462.0,1541.6200000000001,3.984685314685315,3.984685314685315,,Non calculable,0.015151515151515152,2011-01,Maintenir et suivre la saisonnalité,0.0
21626,VINTAGE UNION JACK PENNANT,B,Poids mort,771.5,1540.925,2.2763999999999998,2.2763999999999998,,Non calculable,0.028515878159429683,2011-03,Maintenir et suivre la saisonnalité,0.0
23401,RUSTIC MIRROR WITH LACE HEART,B,Poids mort,278.0,1539.56,6.462289156626506,6.462289156626506,,Non calculable,0.01079136690647482,2011-10,Maintenir et suivre la saisonnalité,0.0
46000M,POLYESTER FILLER PAD 45x45cm,B,Dilemme,992.0,1537.6000000000001,1.55,1.55,,Non calculable,0.0010080645161290322,2011-10,Tester visibilité ou promotion courte,0.0
23501,KEY RING BASEBALL BOOT UNION JACK,B,Poids mort,1211.0,1536.43,1.4955263157894738,1.4955263157894738,,Non calculable,0.0,2011-10,Maintenir et suivre la saisonnalité,0.0
23096,PETIT TRAY CHIC,B,Dilemme,895.0,1535.09,2.027808219178082,2.027808219178082,,Non calculable,0.0,2011-11,Tester visibilité ou promotion courte,0.0
23135,SMALL ZINC HEART WALL ORGANISER,B,Dilemme,373.5,1528.05,5.408444444444444,5.408444444444444,,Non calculable,0.0,2011-05,Tester visibilité ou promotion courte,0.0
23226,FILIGREE HEART DAISY WHITE,B,Dilemme,1188.5,1527.64,1.5736363636363635,1.5736363636363635,,Non calculable,0.040387042490534285,2011-06,Tester visibilité ou promotion courte,0.0
23020,GLASS  SONGBIRD STORAGE JAR,B,Poids mort,180.0,1521.0,8.45,8.45,,Non calculable,0.03333333333333333,2011-10,Maintenir et suivre la saisonnalité,0.0
22445,PENCIL CASE LIFE IS BEAUTIFUL,B,Poids mort,495.0,1516.46,3.5214074074074078,3.5214074074074078,,Non calculable,0.0,2010-12,Maintenir et suivre la saisonnalité,0.0
23090,VINTAGE GLASS T-LIGHT HOLDER,B,Dilemme,1758.5,1510.99,0.9790131578947369,0.9790131578947369,,Non calculable,0.005117998294000569,2011-11,Tester visibilité ou promotion courte,0.0
22208,WOOD STAMP SET THANK YOU,B,Dilemme,1450.5,1510.845,1.277937062937063,1.277937062937063,,Non calculable,0.008962426749396759,2011-11,Tester visibilité ou promotion courte,0.0
22350,ILLUSTRATED CAT BOWL ,B,Poids mort,549.0,1506.03,3.13900826446281,3.13900826446281,,Non calculable,0.0018214936247723133,2011-05,Maintenir et suivre la saisonnalité,0.0
23345, DOLLY GIRL BEAKER,B,Poids mort,1174.0,1503.775,1.5064204545454545,1.5064204545454545,,Non calculable,0.00596252129471891,2011-08,Maintenir et suivre la saisonnalité,0.0
22030,SWALLOWS GREETING CARD,B,Dilemme,3513.0,1502.365,0.4638181818181818,0.4638181818181818,,Non calculable,0.0,2011-07,Tester visibilité ou promotion courte,0.0
23286,BLUE VINTAGE SPOT BEAKER,B,Poids mort,1671.0,1498.2,1.03009009009009,1.03009009009009,,Non calculable,0.029323758228605626,2011-08,Maintenir et suivre la saisonnalité,0.0
22982,PANTRY PASTRY BRUSH,B,Poids mort,1110.5,1497.66,1.6372169811320754,1.6372169811320754,,Non calculable,0.021611886537595677,2011-03,Maintenir et suivre la saisonnalité,0.0
21578,WOODLAND DESIGN  COTTON TOTE BAG,B,Poids mort,671.0,1495.52,2.5840944881889762,2.5840944881889762,,Non calculable,0.0029806259314456036,2011-07,Maintenir et suivre la saisonnalité,0.0
21055,TOOL BOX SOFT TOY ,B,Poids mort,178.0,1492.22,8.412285714285714,8.412285714285714,,Non calculable,0.033707865168539325,2011-11,Maintenir et suivre la saisonnalité,0.0
22474,SPACEBOY TV DINNER TRAY,B,Poids mort,299.5,1491.425,5.983333333333333,5.983333333333333,,Non calculable,0.10684474123539232,2010-12,Maintenir et suivre la saisonnalité,0.0
22948,METAL DECORATION NAUGHTY CHILDREN ,B,Dilemme,1464.0,1488.54,1.6767605633802816,1.6767605633802816,,Non calculable,0.004098360655737705,2011-11,Tester visibilité ou promotion courte,0.0
22475,SKULL DESIGN TV DINNER TRAY,B,Dilemme,308.5,1487.725,5.43273381294964,5.43273381294964,,Non calculable,0.0,2011-11,Tester visibilité ou promotion courte,0.0
22959,WRAP CHRISTMAS VILLAGE,B,Dilemme,3557.0,1487.67,0.4184507042253521,0.4184507042253521,,Non calculable,0.0843407365757661,2011-11,Tester visibilité ou promotion courte,0.0
22176,BLUE OWL SOFT TOY,B,Poids mort,492.5,1487.1550000000002,3.312735042735043,3.312735042735043,,Non calculable,0.0040609137055837565,2011-10,Maintenir et suivre la saisonnalité,0.0
84968F,SET OF 16 VINTAGE SKY BLUE CUTLERY,B,Poids mort,177.0,1486.53,8.418,8.418,,Non calculable,0.0,2011-01,Maintenir et suivre la saisonnalité,0.0
22220,CAKE STAND LOVEBIRD 2 TIER WHITE,B,Dilemme,231.0,1484.45,7.426744186046511,7.426744186046511,,Non calculable,0.09523809523809523,2011-12,Tester visibilité ou promotion courte,0.0
22676,FRENCH BLUE METAL DOOR SIGN 1,B,Dilemme,1079.0,1483.39,1.6345500000000002,1.6345500000000002,,Non calculable,0.010194624652455977,2011-03,Tester visibilité ou promotion courte,0.0
22203,MILK PAN RED RETROSPOT,B,Poids mort,403.0,1483.13,4.484551724137931,4.484551724137931,,Non calculable,0.004962779156327543,2010-12,Maintenir et suivre la saisonnalité,0.0
21792,CLASSIC FRENCH STYLE BASKET GREEN ,B,Poids mort,344.0,1482.92,4.846315789473684,4.846315789473684,,Non calculable,0.0029069767441860465,2011-05,Maintenir et suivre la saisonnalité,0.0
84580,MOUSE TOY WITH PINK T-SHIRT,B,Dilemme,389.0,1482.43,3.863053892215569,3.863053892215569,,Non calculable,0.0,2011-11,Tester visibilité ou promotion courte,0.0
22414,DOORMAT NEIGHBOURHOOD WITCH ,B,Dilemme,207.5,1479.18,7.86778947368421,7.86778947368421,,Non calculable,0.00963855421686747,2011-09,Tester visibilité ou promotion courte,0.0
84510A,SET OF 4 ENGLISH ROSE COASTERS,B,Dilemme,1053.0,1478.74,1.7437759336099585,1.7437759336099585,,Non calculable,0.000949667616334283,2011-11,Tester visibilité ou promotion courte,0.0
21528,DAIRY MAID TRADITIONAL TEAPOT ,B,Dilemme,215.0,1478.73,7.0406306306306305,7.0406306306306305,,Non calculable,0.06511627906976744,2011-07,Tester visibilité ou promotion courte,0.0
21327,SKULLS WRITING SET ,B,Dilemme,852.5,1474.585,1.9820703124999999,1.9820703124999999,,Non calculable,0.0,2011-11,Tester visibilité ou promotion courte,0.0
21111,"SWISS ROLL TOWEL, CHOCOLATE  SPOTS",B,Poids mort,786.0,1473.42,2.9389473684210525,2.9389473684210525,,Non calculable,0.0,2010-12,Maintenir et suivre la saisonnalité,0.0
21470,FLOWER VINE RAFFIA FOOD COVER,B,Poids mort,381.0,1470.32,4.109357142857142,4.109357142857142,,Non calculable,0.013123359580052493,2011-07,Maintenir et suivre la saisonnalité,0.0
85132A,CHARLIE + LOLA BISCUITS TINS,B,Poids mort,506.0,1470.24,5.032909090909091,5.032909090909091,,Non calculable,0.003952569169960474,2011-05,Maintenir et suivre la saisonnalité,0.0
21447,12 IVORY ROSE PEG PLACE SETTINGS,B,Poids mort,961.5,1468.725,1.7138926174496645,1.7138926174496645,,Non calculable,0.0010400416016640667,2011-03,Maintenir et suivre la saisonnalité,0.0
22811,SET OF 6 T-LIGHTS CACTI ,B,Dilemme,504.5,1467.99,3.8372477064220183,3.8372477064220183,,Non calculable,0.0019821605550049554,2011-11,Tester visibilité ou promotion courte,0.0
22913,RED COAT RACK PARIS FASHION,B,Poids mort,301.0,1466.97,5.304642857142857,5.304642857142857,,Non calculable,0.013289036544850499,2011-05,Maintenir et suivre la saisonnalité,0.0
22816,CARD MOTORBIKE SANTA,B,Dilemme,3415.0,1464.795,0.4599253731343283,0.4599253731343283,,Non calculable,0.0,2011-11,Tester visibilité ou promotion courte,0.0
22398,MAGNETS PACK OF 4 SWALLOWS,B,Dilemme,2368.0,1464.53,0.7711111111111111,0.7711111111111111,,Non calculable,0.032939189189189186,2010-12,Tester visibilité ou promotion courte,0.0
21703,BAG 125g SWIRLY MARBLES,B,Dilemme,3412.0,1461.38,0.495738255033557,0.495738255033557,,Non calculable,0.025205158264947247,2011-11,Tester visibilité ou promotion courte,0.0
22285,HANGING HEN ON NEST DECORATION,B,Poids mort,850.5,1461.075,2.0395121951219513,2.0395121951219513,,Non calculable,0.0,2011-03,Maintenir et suivre la saisonnalité,0.0
21916,SET 12 RETRO WHITE CHALK STICKS,B,Dilemme,3261.0,1456.67,0.5460273972602739,0.5460273972602739,,Non calculable,0.007359705611775529,2011-03,Tester visibilité ou promotion courte,0.0
21982,PACK OF 12 SUKI TISSUES ,B,Dilemme,4154.5,1455.915,0.4738251366120218,0.4738251366120218,,Non calculable,0.0002407028523288001,2011-11,Tester visibilité ou promotion courte,0.0
21352,EUCALYPTUS & PINECONE  WREATH,B,Dilemme,358.5,1453.7350000000001,5.135454545454546,5.135454545454546,,Non calculable,0.02510460251046025,2011-10,Tester visibilité ou promotion courte,0.0
23317,BLUE REFECTORY CLOCK ,B,Poids mort,173.0,1452.85,8.439024390243903,8.439024390243903,,Non calculable,0.0,2011-10,Maintenir et suivre la saisonnalité,0.0
22472,TV DINNER TRAY DOLLY GIRL,B,Poids mort,316.5,1448.375,5.559345794392524,5.559345794392524,,Non calculable,0.00631911532385466,2010-12,Maintenir et suivre la saisonnalité,0.0
22674,FRENCH TOILET SIGN BLUE METAL,B,Poids mort,1115.0,1447.86,1.5178421052631579,1.5178421052631579,,Non calculable,0.011659192825112108,2011-04,Maintenir et suivre la saisonnalité,0.0
22473,TV DINNER TRAY VINTAGE PAISLEY,B,Poids mort,440.0,1447.1,4.655892857142858,4.655892857142858,,Non calculable,0.0,2011-01,Maintenir et suivre la saisonnalité,0.0
84971S,SMALL HEART FLOWERS HOOK ,B,Poids mort,1635.0,1446.415,1.1178612716763006,1.1178612716763006,,Non calculable,0.0006116207951070336,2011-03,Maintenir et suivre la saisonnalité,0.0
22762,CUPBOARD 3 DRAWER MA CAMPAGNE,B,Poids mort,171.0,1444.9499999999998,8.45,8.45,,Non calculable,0.10526315789473684,2010-12,Maintenir et suivre la saisonnalité,0.0
21056,DOCTOR'S BAG SOFT TOY,B,Poids mort,172.5,1443.375,8.443055555555555,8.443055555555555,,Non calculable,0.011594202898550725,2011-05,Maintenir et suivre la saisonnalité,0.0
23485,BOTANICAL GARDENS WALL CLOCK ,B,Poids mort,170.5,1440.725,8.45,8.45,,Non calculable,0.10557184750733138,2011-10,Maintenir et suivre la saisonnalité,0.0
22931,BAKING MOULD HEART WHITE CHOCOLATE,B,Poids mort,567.0,1437.925,2.8299999999999996,2.8299999999999996,,Non calculable,0.0,2011-01,Maintenir et suivre la saisonnalité,0.0
22600,CHRISTMAS RETROSPOT STAR WOOD,B,Dilemme,1555.5,1437.12,1.070969387755102,1.070969387755102,,Non calculable,0.01800064288010286,2011-11,Tester visibilité ou promotion courte,0.0
23250,VINTAGE RED TRIM ENAMEL BOWL ,B,Poids mort,1089.5,1433.33,1.4680909090909091,1.4680909090909091,,Non calculable,0.11106011932078935,2011-07,Maintenir et suivre la saisonnalité,0.0
22731,3D CHRISTMAS STAMPS STICKERS ,B,Dilemme,1077.5,1433.22,1.5102083333333334,1.5102083333333334,,Non calculable,0.012993039443155453,2011-10,Tester visibilité ou promotion courte,0.0
21207,SKULL AND CROSSBONES  GARLAND ,B,Dilemme,891.5,1430.375,1.6689473684210525,1.6689473684210525,,Non calculable,0.0,2011-10,Tester visibilité ou promotion courte,0.0
21620,SET OF 4 ROSE BOTANICAL CANDLES,B,Dilemme,881.0,1429.49,2.0507185628742515,2.0507185628742515,,Non calculable,0.0,2011-11,Tester visibilité ou promotion courte,0.0
22332,SKULLS PARTY BAG + STICKER SET,B,Poids mort,858.0,1425.7,1.798724832214765,1.798724832214765,,Non calculable,0.011655011655011656,2011-02,Maintenir et suivre la saisonnalité,0.0
22591,CARDHOLDER GINGHAM CHRISTMAS TREE,B,Dilemme,386.0,1425.41,4.486511627906976,4.486511627906976,,Non calculable,0.15284974093264247,2011-11,Tester visibilité ou promotion courte,0.0
22130,PARTY CONE CHRISTMAS DECORATION ,B,Dilemme,1408.5,1424.03,1.7664601769911503,1.7664601769911503,,Non calculable,0.10294639687610933,2010-12,Tester visibilité ou promotion courte,0.0
16161U,WRAP SUKI AND FRIENDS,B,Dilemme,3388.5,1421.46,0.41955223880597015,0.41955223880597015,,Non calculable,0.007377895824110963,2011-05,Tester visibilité ou promotion courte,0.0
72802B,OCEAN SCENT CANDLE IN JEWELLED BOX,B,Poids mort,451.0,1421.43,4.176341463414634,4.176341463414634,,Non calculable,0.8869179600886918,2010-12,Vérifier qualité / description avant promotion,0.0
85054,FRENCH ENAMEL POT W LID,B,Poids mort,579.5,1421.255,3.4877586206896556,3.4877586206896556,,Non calculable,0.006902502157031924,2011-01,Maintenir et suivre la saisonnalité,0.0
21407,BROWN CHECK CAT DOORSTOP ,B,Poids mort,290.0,1420.69,5.446594202898551,5.446594202898551,,Non calculable,0.0034482758620689655,2010-12,Maintenir et suivre la saisonnalité,0.0
21564,PINK  HEART SHAPE LOVE BUCKET ,B,Poids mort,632.5,1420.275,3.216341463414634,3.216341463414634,,Non calculable,0.0047430830039525695,2011-02,Maintenir et suivre la saisonnalité,0.0
21781,MA CAMPAGNE CUTLERY BOX,B,Poids mort,168.0,1419.6,8.45,8.45,,Non calculable,0.125,2011-06,Maintenir et suivre la saisonnalité,0.0
23391, I LOVE LONDON MINI BACKPACK,B,Poids mort,334.5,1419.195,4.611363636363636,4.611363636363636,,Non calculable,0.0,2011-11,Maintenir et suivre la saisonnalité,0.0
22182,CAKE STAND VICTORIAN FILIGREE SMALL,B,Dilemme,372.0,1417.56,4.299016393442623,4.299016393442623,,Non calculable,0.008064516129032258,2011-07,Tester visibilité ou promotion courte,0.0
22128,PARTY CONES CANDY ASSORTED,B,Poids mort,1129.0,1416.59,1.343157894736842,1.343157894736842,,Non calculable,0.049601417183348095,2011-03,Maintenir et suivre la saisonnalité,0.0
84212,"ASSORTED FLOWER COLOUR ""LEIS""",B,Dilemme,2239.0,1415.3,0.8927927927927929,0.8927927927927929,,Non calculable,0.0,2011-06,Tester visibilité ou promotion courte,0.0
23267,SET OF 4 SANTA PLACE SETTINGS,B,Poids mort,1095.5,1413.0,1.4116216216216215,1.4116216216216215,,Non calculable,0.04381560931081698,2011-11,Maintenir et suivre la saisonnalité,0.0
85035C,ROSE 3 WICK MORRIS BOX CANDLE,B,Dilemme,856.5,1409.995,2.5171641791044777,2.5171641791044777,,Non calculable,0.0,2011-10,Tester visibilité ou promotion courte,0.0
82567,"AIRLINE LOUNGE,METAL SIGN",B,Dilemme,711.0,1408.07,2.007216494845361,2.007216494845361,,Non calculable,0.0,2011-11,Tester visibilité ou promotion courte,0.0
22494,EMERGENCY FIRST AID TIN ,B,Poids mort,934.0,1405.42,1.9077551020408163,1.9077551020408163,,Non calculable,0.042826552462526764,2010-12,Maintenir et suivre la saisonnalité,0.0
23374,RED SPOT PAPER GIFT BAG,B,Poids mort,1711.5,1403.79,0.867175572519084,0.867175572519084,,Non calculable,0.009348524685947998,2011-09,Maintenir et suivre la saisonnalité,0.0
22582,PACK OF 6 SWEETIE GIFT BOXES,B,Dilemme,531.5,1403.075,3.129326923076923,3.129326923076923,,Non calculable,0.022577610536218252,2011-10,Tester visibilité ou promotion courte,0.0
84031B,CHARLIE LOLA BLUE HOT WATER BOTTLE ,B,Dilemme,303.0,1402.74,4.544,4.544,,Non calculable,0.06930693069306931,2010-12,Tester visibilité ou promotion courte,0.0
21591,COSY HOUR CIGAR BOX MATCHES ,B,Dilemme,1087.5,1402.41,1.2598692810457515,1.2598692810457515,,Non calculable,0.0496551724137931,2011-11,Tester visibilité ou promotion courte,0.0
21112,SWISS ROLL TOWEL PINK  SPOTS,B,Poids mort,685.0,1401.63,3.0414634146341464,3.0414634146341464,,Non calculable,0.0,2010-12,Maintenir et suivre la saisonnalité,0.0
21245,GREEN POLKADOT PLATE ,B,Poids mort,805.0,1395.7,2.006124031007752,2.006124031007752,,Non calculable,0.0,2011-01,Maintenir et suivre la saisonnalité,0.0
22434,BALLOON PUMP WITH 10 BALLOONS,B,Dilemme,702.5,1393.935,2.126451612903226,2.126451612903226,,Non calculable,0.025622775800711744,2011-03,Tester visibilité ou promotion courte,0.0
85049C,ROMANTIC PINKS RIBBONS ,B,Poids mort,1099.5,1393.26,1.3552838427947598,1.3552838427947598,,Non calculable,0.0,2011-03,Maintenir et suivre la saisonnalité,0.0
22664,TOY TIDY DOLLY GIRL DESIGN,B,Poids mort,668.5,1390.15,2.869320987654321,2.869320987654321,,Non calculable,0.01795063575168287,2011-11,Maintenir et suivre la saisonnalité,0.0
23556,LANDMARK FRAME COVENT GARDEN ,B,Poids mort,164.5,1390.025,8.45,8.45,,Non calculable,0.0060790273556231,2011-10,Maintenir et suivre la saisonnalité,0.0
15044A,PINK PAPER PARASOL ,B,Dilemme,436.5,1384.1950000000002,3.6700000000000004,3.6700000000000004,,Non calculable,0.002290950744558992,2011-05,Tester visibilité ou promotion courte,0.0
23244,ROUND STORAGE TIN VINTAGE LEAF,B,Poids mort,723.0,1382.53,2.089642857142857,2.089642857142857,,Non calculable,0.012448132780082987,2011-06,Maintenir et suivre la saisonnalité,0.0
15044D,RED PAPER PARASOL,B,Dilemme,472.5,1382.4350000000002,3.3333333333333335,3.3333333333333335,,Non calculable,0.004232804232804233,2011-03,Tester visibilité ou promotion courte,0.0
23470,CARD HOLDER LOVE BIRD LARGE ,B,Poids mort,224.5,1379.975,6.428809523809524,6.428809523809524,,Non calculable,0.053452115812917596,2011-10,Maintenir et suivre la saisonnalité,0.0
22818,CARD CHRISTMAS VILLAGE,B,Dilemme,3214.5,1379.85,0.46090163934426226,0.46090163934426226,,Non calculable,0.029864675688287448,2011-11,Tester visibilité ou promotion courte,0.0
21191,LARGE WHITE HONEYCOMB PAPER BELL  ,B,Poids mort,520.0,1379.6100000000001,3.066421052631579,3.066421052631579,,Non calculable,0.0,2010-12,Maintenir et suivre la saisonnalité,0.0
21544,SKULLS  WATER TRANSFER TATTOOS ,B,Dilemme,1546.0,1377.28,1.1164,1.1164,,Non calculable,0.0,2011-11,Tester visibilité ou promotion courte,0.0
22564,ALPHABET STENCIL CRAFT,B,Dilemme,1117.5,1377.015,1.3571505376344086,1.3571505376344086,,Non calculable,0.3865771812080537,2011-11,Vérifier qualité / description avant promotion,0.0
22858,EASTER TIN KEEPSAKE,B,Poids mort,803.5,1376.355,1.9434306569343065,1.9434306569343065,,Non calculable,0.012445550715619166,2011-02,Maintenir et suivre la saisonnalité,0.0
22976,CIRCUS PARADE CHILDRENS EGG CUP ,B,Poids mort,1051.0,1370.26,1.5139583333333333,1.5139583333333333,,Non calculable,0.012369172216936251,2010-12,Maintenir et suivre la saisonnalité,0.0
22832,BROCANTE SHELF WITH HOOKS,B,Poids mort,162.0,1368.8999999999999,8.45,8.45,,Non calculable,0.043209876543209874,2011-02,Maintenir et suivre la saisonnalité,0.0
21820,GLITTER HEART GARLAND WITH BELLS ,B,Dilemme,329.0,1368.47,5.040869565217391,5.040869565217391,,Non calculable,0.0911854103343465,2011-11,Tester visibilité ou promotion courte,0.0
84818,DANISH ROSE PHOTO FRAME,B,Poids mort,1292.5,1355.375,1.3489898989898987,1.3489898989898987,,Non calculable,0.0735009671179884,2011-08,Maintenir et suivre la saisonnalité,0.0
22471,TV DINNER TRAY AIR HOSTESS ,B,Poids mort,381.0,1354.66,5.176285714285714,5.176285714285714,,Non calculable,0.0026246719160104987,2011-01,Maintenir et suivre la saisonnalité,0.0
21988,PACK OF 6 SKULL PAPER PLATES,B,Dilemme,1533.5,1353.08,1.0186153846153847,1.0186153846153847,,Non calculable,0.0,2011-06,Tester visibilité ou promotion courte,0.0
22935,BAKING MOULD ROSE MILK CHOCOLATE,B,Poids mort,429.0,1349.07,3.8047692307692307,3.8047692307692307,,Non calculable,0.16783216783216784,2011-01,Maintenir et suivre la saisonnalité,0.0
21609,SET 12 LAVENDER  BOTANICAL T-LIGHTS,B,Poids mort,473.5,1348.4650000000001,3.0362337662337664,3.0362337662337664,,Non calculable,0.0,2011-05,Maintenir et suivre la saisonnalité,0.0
22934,BAKING MOULD EASTER EGG WHITE CHOC,B,Poids mort,448.0,1347.92,3.2253846153846157,3.2253846153846157,,Non calculable,0.006696428571428571,2011-01,Maintenir et suivre la saisonnalité,0.0
22085,PAPER CHAIN KIT SKULLS ,B,Dilemme,462.0,1347.69,3.175714285714286,3.175714285714286,,Non calculable,0.0,2011-06,Tester visibilité ou promotion courte,0.0
23160,REGENCY TEA SPOON,B,Dilemme,1046.0,1347.125,1.4881578947368421,1.4881578947368421,,Non calculable,0.0057361376673040155,2011-05,Tester visibilité ou promotion courte,0.0
22583,PACK OF 6 HANDBAG GIFT BOXES,B,Poids mort,484.5,1344.725,3.28875,3.28875,,Non calculable,0.0041279669762641896,2011-07,Maintenir et suivre la saisonnalité,0.0
20992,JAZZ HEARTS PURSE NOTEBOOK,B,Dilemme,2945.5,1344.0,0.5452577319587628,0.5452577319587628,,Non calculable,0.0,2011-11,Tester visibilité ou promotion courte,0.0
22534,MAGIC DRAWING SLATE SPACEBOY ,B,Dilemme,3072.0,1339.045,0.5057142857142857,0.5057142857142857,,Non calculable,0.0006510416666666666,2011-11,Tester visibilité ou promotion courte,0.0
22797,CHEST OF DRAWERS GINGHAM HEART ,B,Dilemme,161.5,1337.975,8.4010989010989,8.4010989010989,,Non calculable,0.08668730650154799,2011-07,Tester visibilité ou promotion courte,0.0
22677,FRENCH BLUE METAL DOOR SIGN 2,B,Dilemme,958.0,1335.32,1.7276190476190476,1.7276190476190476,,Non calculable,0.011482254697286013,2011-08,Tester visibilité ou promotion courte,0.0
22788,BROCANTE COAT RACK,B,Poids mort,163.5,1333.98,8.422166666666666,8.422166666666666,,Non calculable,0.03669724770642202,2010-12,Maintenir et suivre la saisonnalité,0.0
85175,CACTI T-LIGHT CANDLES,B,Poids mort,2918.5,1333.935,0.7765034965034965,0.7765034965034965,,Non calculable,0.03357889326708926,2011-03,Maintenir et suivre la saisonnalité,0.0
22306,SILVER MUG BONE CHINA TREE OF LIFE,B,Dilemme,1088.5,1333.475,1.8454867256637169,1.8454867256637169,,Non calculable,0.015617822691777675,2011-11,Tester visibilité ou promotion courte,0.0
21246,RED RETROSPOT BIG BOWL,B,Poids mort,286.0,1332.1000000000001,4.526458333333333,4.526458333333333,,Non calculable,0.006993006993006993,2011-08,Maintenir et suivre la saisonnalité,0.0
84828,JUNGLE POPSICLES ICE LOLLY MOULDS,B,Poids mort,957.0,1331.42,1.6410326086956522,1.6410326086956522,,Non calculable,0.025078369905956112,2011-05,Maintenir et suivre la saisonnalité,0.0
22161,HEART DECORATION RUSTIC HANGING ,B,Dilemme,3782.0,1330.2,0.5981792717086835,0.5981792717086835,,Non calculable,0.006345848757271285,2011-10,Tester visibilité ou promotion courte,0.0
23270,SET OF 2 CERAMIC PAINTED HEARTS ,B,Dilemme,923.5,1329.2949999999998,1.501171875,1.501171875,,Non calculable,0.006497022198159177,2011-10,Tester visibilité ou promotion courte,0.0
23498,CLASSIC BICYCLE CLIPS ,B,Poids mort,867.0,1328.0349999999999,1.657941176470588,1.657941176470588,,Non calculable,0.0,2011-12,Maintenir et suivre la saisonnalité,0.0
21705,BAG 500g SWIRLY MARBLES,B,Dilemme,1166.5,1327.425,1.8397902097902097,1.8397902097902097,,Non calculable,0.017145306472353194,2011-11,Tester visibilité ou promotion courte,0.0
84795B,SUNSET CHECK HAMMOCK,B,Poids mort,176.0,1325.2,7.897916666666667,7.897916666666667,,Non calculable,0.0,2011-05,Maintenir et suivre la saisonnalité,0.0
22696,WICKER WREATH LARGE,B,Dilemme,651.0,1323.85,2.3487179487179484,2.3487179487179484,,Non calculable,0.0,2011-11,Tester visibilité ou promotion courte,0.0
21619,4 VANILLA BOTANICAL CANDLES,B,Dilemme,851.0,1322.65,1.9874545454545456,1.9874545454545456,,Non calculable,0.0,2011-11,Tester visibilité ou promotion courte,0.0
21363,HOME SMALL WOOD LETTERS,B,Poids mort,243.0,1321.85,5.872480620155039,5.872480620155039,,Non calculable,0.05761316872427984,2010-12,Maintenir et suivre la saisonnalité,0.0
37340,MULTICOLOUR SPRING FLOWER MUG,B,Dilemme,1693.5,1321.01,2.662941176470588,2.662941176470588,,Non calculable,0.001771479185119575,2011-07,Tester visibilité ou promotion courte,0.0
21556,CERAMIC STRAWBERRY MONEY BOX,B,Poids mort,446.0,1320.77,3.316695652173913,3.316695652173913,,Non calculable,0.002242152466367713,2011-05,Maintenir et suivre la saisonnalité,0.0
23372,SET 36 COLOUR PENCILS DOLLY GIRL,B,Poids mort,984.0,1319.66,1.6135761589403974,1.6135761589403974,,Non calculable,0.016260162601626018,2011-11,Maintenir et suivre la saisonnalité,0.0
84968D,SET OF 16 VINTAGE RED CUTLERY,B,Poids mort,157.0,1319.45,8.415090909090909,8.415090909090909,,Non calculable,0.006369426751592357,2011-01,Maintenir et suivre la saisonnalité,0.0
21899,GARAGE KEY FOB,B,Dilemme,1899.0,1319.01,0.880391459074733,0.880391459074733,,Non calculable,0.022643496577145865,2011-04,Tester visibilité ou promotion courte,0.0
21845,DAIRY MAID STRIPE MUG,B,Poids mort,1414.0,1318.42,1.101219512195122,1.101219512195122,,Non calculable,0.036775106082036775,2011-04,Maintenir et suivre la saisonnalité,0.0
23368,SET 12 COLOUR PENCILS DOLLY GIRL ,B,Poids mort,1884.0,1316.1,0.784322033898305,0.784322033898305,,Non calculable,0.0031847133757961785,2011-11,Maintenir et suivre la saisonnalité,0.0
23061,VINTAGE EMBOSSED HEART,B,Dilemme,1000.0,1313.93,1.5377777777777777,1.5377777777777777,,Non calculable,0.003,2011-05,Tester visibilité ou promotion courte,0.0
22073,RED RETROSPOT STORAGE JAR,B,Poids mort,327.0,1312.41,4.978169014084507,4.978169014084507,,Non calculable,0.03669724770642202,2011-01,Maintenir et suivre la saisonnalité,0.0
21071,VINTAGE BILLBOARD DRINK ME MUG,B,Poids mort,940.5,1310.65,1.71072625698324,1.71072625698324,,Non calculable,0.006379585326953748,2010-12,Maintenir et suivre la saisonnalité,0.0
22675,FRENCH KITCHEN SIGN BLUE METAL,B,Dilemme,1009.0,1310.3,1.5539156626506023,1.5539156626506023,,Non calculable,0.026759167492566897,2011-04,Tester visibilité ou promotion courte,0.0
22443,GROW YOUR OWN HERBS SET OF 3,B,Poids mort,164.0,1309.3,8.0,8.0,,Non calculable,0.012195121951219513,2011-03,Maintenir et suivre la saisonnalité,0.0
22293,HANGING CHICK GREEN DECORATION,B,Poids mort,883.5,1307.595,1.7224,1.7224,,Non calculable,0.0,2011-03,Maintenir et suivre la saisonnalité,0.0
21509,COWBOYS AND INDIANS BIRTHDAY CARD ,B,Dilemme,3019.0,1306.13,0.5317883211678832,0.5317883211678832,,Non calculable,0.0,2011-09,Tester visibilité ou promotion courte,0.0
22712,CARD DOLLY GIRL ,B,Dilemme,3011.5,1305.78,0.5486261980830671,0.5486261980830671,,Non calculable,0.008301510874979247,2011-05,Tester visibilité ou promotion courte,0.0
22610,PENS ASSORTED FUNNY FACE,B,Dilemme,5167.0,1305.625,0.38857142857142857,0.38857142857142857,,Non calculable,0.0,2011-11,Tester visibilité ou promotion courte,0.0
21424,WOODLAND STORAGE BOX LARGE ,B,Poids mort,307.0,1301.57,5.450571428571429,5.450571428571429,,Non calculable,0.016286644951140065,2011-06,Maintenir et suivre la saisonnalité,0.0
72802A,ROSE SCENT CANDLE IN JEWELLED BOX,B,Poids mort,315.5,1301.335,4.749375,4.749375,,Non calculable,0.012678288431061807,2010-12,Maintenir et suivre la saisonnalité,0.0
23486,ANTIQUE HEART SHELF UNIT,B,Poids mort,153.5,1297.0749999999998,8.45,8.45,,Non calculable,0.08469055374592833,2011-11,Maintenir et suivre la saisonnalité,0.0
21123,SET/10 IVORY POLKADOT PARTY CANDLES,B,Dilemme,1073.5,1296.695,1.185923566878981,1.185923566878981,,Non calculable,0.022356776897997206,2011-08,Tester visibilité ou promotion courte,0.0
23559,WOODLAND BUNNIES LOLLY MAKERS,B,Poids mort,547.0,1295.48,2.8688709677419357,2.8688709677419357,,Non calculable,0.0,2011-10,Maintenir et suivre la saisonnalité,0.0
37342,POLKADOT COFFEE CUP & SAUCER PINK,B,Poids mort,1322.5,1293.485,1.5553636363636365,1.5553636363636365,,Non calculable,0.04234404536862004,2011-04,Maintenir et suivre la saisonnalité,0.0
22650,CERAMIC PIRATE CHEST MONEY BANK,B,Dilemme,828.5,1292.5749999999998,1.9219580419580418,1.9219580419580418,,Non calculable,0.003621001810500905,2011-11,Tester visibilité ou promotion courte,0.0
21866,UNION JACK FLAG LUGGAGE TAG,B,Poids mort,747.0,1292.3799999999999,1.9597938144329896,1.9597938144329896,,Non calculable,0.0,2011-03,Maintenir et suivre la saisonnalité,0.0
21624,VINTAGE UNION JACK DOORSTOP,B,Poids mort,216.0,1292.2,6.238659793814433,6.238659793814433,,Non calculable,0.023148148148148147,2011-03,Maintenir et suivre la saisonnalité,0.0
22372,AIRLINE BAG VINTAGE WORLD CHAMPION ,B,Dilemme,279.0,1289.35,5.001081081081081,5.001081081081081,,Non calculable,0.0035842293906810036,2011-11,Tester visibilité ou promotion courte,0.0
23249,VINTAGE RED ENAMEL TRIM PLATE,B,Poids mort,747.5,1287.575,1.8880246913580248,1.8880246913580248,,Non calculable,0.07357859531772576,2011-07,Maintenir et suivre la saisonnalité,0.0
23271,CHRISTMAS TABLE SILVER CANDLE SPIKE,B,Poids mort,1443.5,1286.125,1.0537735849056602,1.0537735849056602,,Non calculable,0.0,2011-10,Maintenir et suivre la saisonnalité,0.0
15058C,ICE CREAM DESIGN GARDEN PARASOL,B,Poids mort,238.5,1285.575,7.574999999999999,7.574999999999999,,Non calculable,0.0,2011-05,Maintenir et suivre la saisonnalité,0.0
23005,TRAVEL CARD WALLET I LOVE LONDON,B,Dilemme,2858.0,1285.35,0.5217213114754098,0.5217213114754098,,Non calculable,0.0003498950314905528,2011-11,Tester visibilité ou promotion courte,0.0
23094,LE GRAND TRAY CHIC SET,B,Dilemme,152.0,1284.3999999999999,8.45,8.45,,Non calculable,0.013157894736842105,2011-06,Tester visibilité ou promotion courte,0.0
21206,STRAWBERRY HONEYCOMB  GARLAND ,B,Poids mort,883.5,1284.295,1.9194594594594594,1.9194594594594594,,Non calculable,0.0022637238256932655,2011-01,Maintenir et suivre la saisonnalité,0.0
21068,VINTAGE BILLBOARD LOVE/HATE MUG,B,Poids mort,969.0,1282.395,1.669396984924623,1.669396984924623,,Non calculable,0.043343653250773995,2011-01,Maintenir et suivre la saisonnalité,0.0
22576,SWALLOW WOODEN CHRISTMAS DECORATION,B,Dilemme,1382.0,1281.86,1.0933333333333333,1.0933333333333333,,Non calculable,0.004341534008683068,2011-11,Tester visibilité ou promotion courte,0.0
23113,PANTRY CHOPPING BOARD,B,Poids mort,254.0,1276.535,5.787017543859649,5.787017543859649,,Non calculable,3.7244094488188977,2011-10,Vérifier qualité / description avant promotion,0.0
22436,12 COLOURED PARTY BALLOONS,B,Dilemme,1945.5,1275.985,0.7042771084337349,0.7042771084337349,,Non calculable,0.010280133641737342,2011-11,Tester visibilité ou promotion courte,0.0
21408,SPOTTY PINK DUCK DOORSTOP,B,Dilemme,281.5,1275.565,5.932393162393161,5.932393162393161,,Non calculable,0.007104795737122558,2011-12,Tester visibilité ou promotion courte,0.0
23546,WRAP PAISLEY PARK ,B,Poids mort,3035.0,1274.7,0.42,0.42,,Non calculable,0.0,2011-08,Maintenir et suivre la saisonnalité,0.0
22671,FRENCH LAUNDRY SIGN BLUE METAL,B,Dilemme,731.0,1273.75,2.1616666666666666,2.1616666666666666,,Non calculable,0.0013679890560875513,2011-07,Tester visibilité ou promotion courte,0.0
85059,FRENCH ENAMEL WATER BASIN,B,Poids mort,411.0,1273.11,4.116821705426357,4.116821705426357,,Non calculable,0.019464720194647202,2011-01,Maintenir et suivre la saisonnalité,0.0
22335,HEART DECORATION PAINTED ZINC ,B,Dilemme,1687.0,1272.29,0.9153478260869565,0.9153478260869565,,Non calculable,0.0,2011-11,Tester visibilité ou promotion courte,0.0
23554,LANDMARK FRAME OXFORD STREET,B,Poids mort,150.5,1271.725,8.45,8.45,,Non calculable,0.0,2011-10,Maintenir et suivre la saisonnalité,0.0
23405,HOME SWEET HOME 2 DRAWER CABINET,B,Poids mort,252.0,1271.7,5.557042253521127,5.557042253521127,,Non calculable,0.003968253968253968,2011-10,Maintenir et suivre la saisonnalité,0.0
21064,BOOM BOX SPEAKER BOYS,B,Dilemme,296.0,1271.18,4.761067961165049,4.761067961165049,,Non calculable,0.0,2011-09,Tester visibilité ou promotion courte,0.0
22419,LIPSTICK PEN RED,B,Dilemme,2315.5,1271.17,0.6032490974729242,0.6032490974729242,,Non calculable,0.0025912329950334703,2011-11,Tester visibilité ou promotion courte,0.0
22509,SEWING BOX RETROSPOT DESIGN ,B,Dilemme,209.0,1266.55,6.827906976744186,6.827906976744186,,Non calculable,0.07655502392344497,2011-12,Tester visibilité ou promotion courte,0.0
37447,CERAMIC CAKE DESIGN SPOTTED PLATE,B,Poids mort,781.0,1264.53,2.1011304347826085,2.1011304347826085,,Non calculable,0.02176696542893726,2010-12,Maintenir et suivre la saisonnalité,0.0
23287,RED VINTAGE SPOT BEAKER,B,Poids mort,1427.5,1263.49,1.03395,1.03395,,Non calculable,0.03572679509632224,2011-08,Maintenir et suivre la saisonnalité,0.0
23555,LANDMARK FRAME NOTTING HILL ,B,Poids mort,149.5,1263.275,8.45,8.45,,Non calculable,0.0,2011-10,Maintenir et suivre la saisonnalité,0.0
22063,CERAMIC BOWL WITH STRAWBERRY DESIGN,B,Dilemme,511.0,1260.41,3.6615447154471545,3.6615447154471545,,Non calculable,0.011741682974559686,2011-07,Tester visibilité ou promotion courte,0.0
22282,12 EGG HOUSE PAINTED WOOD,B,Poids mort,149.0,1259.05,8.45,8.45,,Non calculable,0.006711409395973154,2011-11,Maintenir et suivre la saisonnalité,0.0
23268,SET OF 2 CERAMIC CHRISTMAS REINDEER,B,Poids mort,841.0,1256.74,1.6910112359550562,1.6910112359550562,,Non calculable,0.014268727705112961,2011-09,Maintenir et suivre la saisonnalité,0.0
85206A,CREAM FELT EASTER EGG BASKET,B,Poids mort,761.0,1255.88,1.7577391304347825,1.7577391304347825,,Non calculable,0.0,2011-02,Maintenir et suivre la saisonnalité,0.0
21507,ELEPHANT BIRTHDAY CARD ,B,Dilemme,2877.0,1252.43,0.5306870229007633,0.5306870229007633,,Non calculable,0.008342022940563087,2011-11,Tester visibilité ou promotion courte,0.0
22905,CALENDAR IN SEASON DESIGN,B,Dilemme,477.0,1252.055,2.78990990990991,2.78990990990991,,Non calculable,0.0,2011-11,Tester visibilité ou promotion courte,0.0
22292,HANGING CHICK  YELLOW DECORATION,B,Poids mort,857.0,1251.86,1.5945689655172415,1.5945689655172415,,Non calculable,0.0,2011-03,Maintenir et suivre la saisonnalité,0.0
10133,COLOURING PENCILS BROWN TUBE,B,Dilemme,2272.0,1251.4650000000001,0.6525510204081633,0.6525510204081633,,Non calculable,0.0044014084507042256,2011-07,Tester visibilité ou promotion courte,0.0
21793,CLASSIC FRENCH STYLE BASKET BROWN,B,Dilemme,292.5,1251.185,4.584533333333334,4.584533333333334,,Non calculable,0.0,2011-06,Tester visibilité ou promotion courte,0.0
22716,CARD CIRCUS PARADE,B,Dilemme,2896.5,1250.39,0.5248611111111111,0.5248611111111111,,Non calculable,0.0,2011-09,Tester visibilité ou promotion courte,0.0
84536A,ENGLISH ROSE NOTEBOOK A7 SIZE,B,Dilemme,2757.0,1249.88,0.5375652173913043,0.5375652173913043,,Non calculable,0.011606819006166122,2011-11,Tester visibilité ou promotion courte,0.0
35004C,SET OF 3 COLOURED  FLYING DUCKS,B,Poids mort,256.0,1246.4,5.244871794871795,5.244871794871795,,Non calculable,0.140625,2010-12,Maintenir et suivre la saisonnalité,0.0
21616,4 PEAR BOTANICAL DINNER CANDLES,B,Dilemme,787.5,1245.215,1.964507042253521,1.964507042253521,,Non calculable,0.0,2011-11,Tester visibilité ou promotion courte,0.0
22735,RIBBON REEL SOCKS AND MITTENS,B,Dilemme,648.0,1244.06,2.5397857142857143,2.5397857142857143,,Non calculable,0.0,2011-10,Tester visibilité ou promotion courte,0.0
21537,RED RETROSPOT PUDDING BOWL,B,Poids mort,293.0,1241.63,4.503770491803279,4.503770491803279,,Non calculable,0.18771331058020477,2011-03,Maintenir et suivre la saisonnalité,0.0
71038,WHITE HANGING BEADS CANDLE HOLDER,B,Poids mort,238.0,1239.5,5.3999999999999995,5.3999999999999995,,Non calculable,0.02100840336134454,2011-02,Maintenir et suivre la saisonnalité,0.0
23034,DRAWER KNOB CERAMIC BLACK,B,Poids mort,815.5,1238.595,1.6273333333333335,1.6273333333333335,,Non calculable,0.007357449417535254,2011-09,Maintenir et suivre la saisonnalité,0.0
21179,NO JUNK MAIL METAL SIGN,B,Dilemme,1746.5,1238.325,1.1986764705882353,1.1986764705882353,,Non calculable,0.006870884626395649,2011-07,Tester visibilité ou promotion courte,0.0
22439,6 ROCKET BALLOONS ,B,Dilemme,1812.0,1237.32,0.7724875621890548,0.7724875621890548,,Non calculable,0.037527593818984545,2011-09,Tester visibilité ou promotion courte,0.0
23067,HANGING ENGRAVED METAL HEART,B,Dilemme,294.0,1236.66,4.351951219512196,4.351951219512196,,Non calculable,0.0,2011-05,Tester visibilité ou promotion courte,0.0
23483,HANGING  BUTTERFLY T-LIGHT HOLDER,B,Poids mort,987.5,1236.625,1.8139189189189189,1.8139189189189189,,Non calculable,0.010126582278481013,2011-11,Maintenir et suivre la saisonnalité,0.0
21519,GIN & TONIC DIET GREETING CARD ,B,Dilemme,2886.5,1234.24,0.510609756097561,0.510609756097561,,Non calculable,0.01247185172354062,2011-08,Tester visibilité ou promotion courte,0.0
21262,WHITE GOOSE FEATHER CHRISTMAS TREE ,B,Dilemme,332.0,1233.21,4.546025641025642,4.546025641025642,,Non calculable,0.015060240963855422,2010-12,Tester visibilité ou promotion courte,0.0
21901,"KEY FOB , BACK DOOR ",B,Dilemme,1750.0,1229.53,0.8934285714285715,0.8934285714285715,,Non calculable,0.005142857142857143,2011-04,Tester visibilité ou promotion courte,0.0
35953,FOLKART STAR CHRISTMAS DECORATIONS,B,Dilemme,2551.0,1229.42,0.5882089552238805,0.5882089552238805,,Non calculable,0.009408075264602116,2011-11,Tester visibilité ou promotion courte,0.0
22977,DOLLY GIRL CHILDRENS EGG CUP,B,Poids mort,923.0,1218.86,1.4786029411764705,1.4786029411764705,,Non calculable,0.0010834236186348862,2011-01,Maintenir et suivre la saisonnalité,0.0
82599,FANNY'S REST STOPMETAL SIGN,B,Poids mort,508.0,1217.73,2.8935664335664337,2.8935664335664337,,Non calculable,0.0,2010-12,Maintenir et suivre la saisonnalité,0.0
72817,SET OF 2 CHRISTMAS DECOUPAGE CANDLE,B,Dilemme,1192.5,1216.865,1.2376687116564418,1.2376687116564418,,Non calculable,0.02012578616352201,2011-10,Tester visibilité ou promotion courte,0.0
23221,REINDEER HEART DECORATION SILVER,B,Dilemme,1342.0,1214.7250000000001,1.0762416107382549,1.0762416107382549,,Non calculable,0.043219076005961254,2011-11,Tester visibilité ou promotion courte,0.0
23558,LANDMARK FRAME LONDON BRIDGE ,B,Poids mort,143.5,1212.575,8.45,8.45,,Non calculable,0.0,2011-10,Maintenir et suivre la saisonnalité,0.0
23469,CARD HOLDER LOVE BIRD SMALL,B,Poids mort,288.5,1212.125,4.643611111111111,4.643611111111111,,Non calculable,0.01386481802426343,2011-10,Maintenir et suivre la saisonnalité,0.0
22442,GROW YOUR OWN FLOWERS SET OF 3,B,Dilemme,296.0,1211.6,6.406410256410256,6.406410256410256,,Non calculable,0.037162162162162164,2011-12,Tester visibilité ou promotion courte,0.0
21615,4 LAVENDER BOTANICAL DINNER CANDLES,B,Dilemme,780.0,1209.17,2.023623188405797,2.023623188405797,,Non calculable,0.0,2011-11,Tester visibilité ou promotion courte,0.0
23285,PINK VINTAGE SPOT BEAKER,B,Poids mort,1344.5,1208.78,1.06703125,1.06703125,,Non calculable,0.0014875418371141688,2011-07,Maintenir et suivre la saisonnalité,0.0
23073,GEORGIAN TRINKET BOX,B,Dilemme,143.0,1208.35,8.45,8.45,,Non calculable,0.006993006993006993,2011-10,Tester visibilité ou promotion courte,0.0
21382,SET/4 SPRING FLOWER DECORATION,B,Dilemme,910.5,1202.155,2.0197674418604654,2.0197674418604654,,Non calculable,0.008786381109280615,2011-03,Tester visibilité ou promotion courte,0.0
15039,SANDALWOOD FAN,B,Dilemme,1123.5,1201.59,1.2422758620689656,1.2422758620689656,,Non calculable,0.023141967067200713,2011-06,Tester visibilité ou promotion courte,0.0
47570B,TEA TIME TABLE CLOTH,B,Poids mort,142.0,1199.8999999999999,8.45,8.45,,Non calculable,0.0,2011-03,Maintenir et suivre la saisonnalité,0.0
72800E,4 IVORY DINNER CANDLES SILVER FLOCK,B,Poids mort,530.5,1199.715,2.5973381294964026,2.5973381294964026,,Non calculable,0.0,2010-12,Maintenir et suivre la saisonnalité,0.0
22944,CHRISTMAS METAL POSTCARD WITH BELLS,B,Dilemme,1831.5,1199.115,1.0523684210526316,1.0523684210526316,,Non calculable,0.007098007098007098,2011-11,Tester visibilité ou promotion courte,0.0
22168,ORGANISER WOOD ANTIQUE WHITE ,B,Poids mort,143.0,1198.75,8.439473684210526,8.439473684210526,,Non calculable,0.09090909090909091,2011-03,Maintenir et suivre la saisonnalité,0.0
22911,PAPER CHAIN KIT LONDON,B,Poids mort,400.0,1197.44,3.2443157894736845,3.2443157894736845,,Non calculable,0.01,2011-11,Maintenir et suivre la saisonnalité,0.0
23217,LAUREL HEART ANTIQUE SILVER,B,Dilemme,917.5,1197.21,1.5415151515151517,1.5415151515151517,,Non calculable,0.0,2011-11,Tester visibilité ou promotion courte,0.0
21846,PINK DIAMANTE PEN IN GIFT BOX,B,Poids mort,418.0,1197.115,4.093398058252427,4.093398058252427,,Non calculable,0.028708133971291867,2011-01,Maintenir et suivre la saisonnalité,0.0
21586,KINGS CHOICE GIANT TUBE MATCHES,B,Poids mort,492.5,1195.8,2.5029850746268654,2.5029850746268654,,Non calculable,0.026395939086294416,2011-03,Maintenir et suivre la saisonnalité,0.0
23366,SET 12 COLOURING PENCILS DOILY,B,Poids mort,1636.0,1195.4,0.8156565656565656,0.8156565656565656,,Non calculable,0.0,2011-11,Maintenir et suivre la saisonnalité,0.0
21192,WHITE BELL HONEYCOMB PAPER ,B,Poids mort,589.5,1194.365,2.4459340659340656,2.4459340659340656,,Non calculable,0.0,2010-12,Maintenir et suivre la saisonnalité,0.0
22589,CARDHOLDER GINGHAM STAR,B,Dilemme,371.5,1194.145,3.6482716049382713,3.6482716049382713,,Non calculable,0.0,2011-11,Tester visibilité ou promotion courte,0.0
23392,SPACEBOY ROCKET LOLLY MAKERS,B,Poids mort,507.5,1192.82,2.7042982456140354,2.7042982456140354,,Non calculable,0.04729064039408867,2011-11,Maintenir et suivre la saisonnalité,0.0
23414,ZINC BOX SIGN HOME,B,Poids mort,141.0,1191.45,8.45,8.45,,Non calculable,0.028368794326241134,2011-09,Maintenir et suivre la saisonnalité,0.0
85183B,CHARLIE & LOLA WASTEPAPER BIN FLORA,B,Dilemme,871.5,1187.245,1.8833613445378152,1.8833613445378152,,Non calculable,0.0,2011-06,Tester visibilité ou promotion courte,0.0
84950,ASSORTED COLOUR T-LIGHT HOLDER,B,Dilemme,1612.0,1187.03,0.8163636363636364,0.8163636363636364,,Non calculable,0.00620347394540943,2011-05,Tester visibilité ou promotion courte,0.0
84884A,ANT WHITE WIRE HEART SPIRAL,B,Poids mort,296.5,1186.555,4.801282051282051,4.801282051282051,,Non calculable,0.003372681281618887,2010-12,Maintenir et suivre la saisonnalité,0.0
22742,MAKE YOUR OWN PLAYTIME CARD KIT,B,Dilemme,504.0,1182.6000000000001,3.0383168316831686,3.0383168316831686,,Non calculable,0.003968253968253968,2011-10,Tester visibilité ou promotion courte,0.0
22912,YELLOW COAT RACK PARIS FASHION,B,Poids mort,243.5,1181.295,5.142277227722772,5.142277227722772,,Non calculable,0.024640657084188913,2011-02,Maintenir et suivre la saisonnalité,0.0
23041,PAPER LANTERN 9 POINT SNOW STAR,B,Dilemme,272.0,1178.48,4.61,4.61,,Non calculable,0.08823529411764706,2011-09,Tester visibilité ou promotion courte,0.0
22081,RIBBON REEL FLORA + FAUNA ,B,Dilemme,644.0,1176.5,2.313525179856115,2.313525179856115,,Non calculable,0.015527950310559006,2011-10,Tester visibilité ou promotion courte,0.0
22478,BIRDHOUSE GARDEN MARKER ,B,Poids mort,831.0,1175.63,1.7830000000000001,1.7830000000000001,,Non calculable,0.0,2011-04,Maintenir et suivre la saisonnalité,0.0
23057,BEADED CHANDELIER T-LIGHT HOLDER,B,Dilemme,377.0,1175.3,4.625555555555556,4.625555555555556,,Non calculable,0.8938992042440318,2011-05,Vérifier qualité / description avant promotion,0.0
22461,SAVOY ART DECO CLOCK,B,Poids mort,239.0,1173.55,6.327358490566037,6.327358490566037,,Non calculable,0.09205020920502092,2011-07,Maintenir et suivre la saisonnalité,0.0
22687,DOORMAT CHRISTMAS VILLAGE,B,Dilemme,168.5,1173.51,8.080576923076922,8.080576923076922,,Non calculable,0.0,2011-09,Tester visibilité ou promotion courte,0.0
23000,TRAVEL CARD WALLET TRANSPORT,B,Dilemme,2699.5,1172.26,0.5197132616487455,0.5197132616487455,,Non calculable,0.014447119837006852,2011-03,Tester visibilité ou promotion courte,0.0
23288,GREEN VINTAGE SPOT BEAKER,B,Poids mort,1290.0,1171.425,1.0418817204301074,1.0418817204301074,,Non calculable,0.013953488372093023,2011-08,Maintenir et suivre la saisonnalité,0.0
21195,PINK  HONEYCOMB PAPER BALL ,B,Poids mort,575.5,1170.855,2.8253086419753086,2.8253086419753086,,Non calculable,0.0,2011-01,Maintenir et suivre la saisonnalité,0.0
22071,SMALL WHITE RETROSPOT MUG IN BOX ,B,Dilemme,403.0,1170.45,3.8707954545454544,3.8707954545454544,,Non calculable,0.7096774193548387,2011-11,Vérifier qualité / description avant promotion,0.0
70006,LOVE HEART POCKET WARMER,B,Poids mort,1175.0,1168.64,1.7202459016393443,1.7202459016393443,,Non calculable,0.0,2010-12,Maintenir et suivre la saisonnalité,0.0
22074,6 RIBBONS SHIMMERING PINKS ,B,Poids mort,1228.0,1166.59,1.40095,1.40095,,Non calculable,0.009771986970684038,2011-01,Maintenir et suivre la saisonnalité,0.0
85227,SET OF 6 3D KIT CARDS FOR KIDS,B,Dilemme,1222.5,1162.29,1.1168558951965064,1.1168558951965064,,Non calculable,0.0,2011-11,Tester visibilité ou promotion courte,0.0
21742,LARGE ROUND WICKER PLATTER ,B,Dilemme,194.0,1159.3,6.003763440860215,6.003763440860215,,Non calculable,0.0,2011-11,Tester visibilité ou promotion courte,0.0
22028,PENNY FARTHING BIRTHDAY CARD,B,Dilemme,2652.0,1158.61,0.5452091254752851,0.5452091254752851,,Non calculable,0.004524886877828055,2011-06,Tester visibilité ou promotion courte,0.0
22917,HERB MARKER ROSEMARY,B,Poids mort,1641.0,1155.02,0.8511618257261411,0.8511618257261411,,Non calculable,0.007312614259597806,2011-03,Maintenir et suivre la saisonnalité,0.0
21039,RED RETROSPOT SHOPPING BAG,B,Poids mort,432.0,1153.815,3.0876666666666663,3.0876666666666663,,Non calculable,0.027777777777777776,2011-03,Maintenir et suivre la saisonnalité,0.0
22922,FRIDGE MAGNETS US DINER ASSORTED,B,Dilemme,1263.0,1153.635,1.5540196078431372,1.5540196078431372,,Non calculable,0.12826603325415678,2011-03,Tester visibilité ou promotion courte,0.0
22299,PIG KEYRING WITH LIGHT & SOUND ,B,Dilemme,1038.5,1153.555,1.7235,1.7235,,Non calculable,0.05007221954742417,2011-11,Tester visibilité ou promotion courte,0.0
22920,HERB MARKER BASIL,B,Poids mort,1642.0,1153.49,0.8603278688524589,0.8603278688524589,,Non calculable,0.9299634591961023,2011-05,Vérifier qualité / description avant promotion,0.0
21875,KINGS CHOICE MUG,B,Poids mort,850.5,1152.61,1.8340268456375837,1.8340268456375837,,Non calculable,0.03292181069958848,2011-11,Maintenir et suivre la saisonnalité,0.0
72349B,SET/6 PURPLE BUTTERFLY T-LIGHTS,B,Dilemme,531.0,1152.0700000000002,2.4736206896551725,2.4736206896551725,,Non calculable,0.0,2011-11,Tester visibilité ou promotion courte,0.0
22603,CHRISTMAS RETROSPOT TREE WOOD,B,Dilemme,1264.0,1145.845,1.078125,1.078125,,Non calculable,0.010284810126582278,2011-11,Tester visibilité ou promotion courte,0.0
22680,FRENCH BLUE METAL DOOR SIGN 5,B,Dilemme,830.5,1143.415,1.6518709677419356,1.6518709677419356,,Non calculable,0.036122817579771226,2011-03,Tester visibilité ou promotion courte,0.0
22919,HERB MARKER MINT,B,Poids mort,1620.0,1141.31,0.8413168724279835,0.8413168724279835,,Non calculable,0.007407407407407408,2011-03,Maintenir et suivre la saisonnalité,0.0
22497,SET OF 2 TINS VINTAGE BATHROOM ,B,Poids mort,224.0,1140.56,5.886799999999999,5.886799999999999,,Non calculable,0.0,2010-12,Maintenir et suivre la saisonnalité,0.0
22453,MEASURING TAPE BABUSHKA BLUE,B,Poids mort,422.5,1136.065,2.7555696202531643,2.7555696202531643,,Non calculable,0.0,2010-12,Maintenir et suivre la saisonnalité,0.0
22446,PIN CUSHION BABUSHKA PINK,B,Dilemme,439.0,1135.18,2.8105882352941176,2.8105882352941176,,Non calculable,0.0,2011-11,Tester visibilité ou promotion courte,0.0
22320,BIRDS MOBILE VINTAGE DESIGN,B,Dilemme,189.0,1134.55,6.086986301369864,6.086986301369864,,Non calculable,0.047619047619047616,2011-10,Tester visibilité ou promotion courte,0.0
22376,AIRLINE BAG VINTAGE JET SET WHITE,B,Dilemme,252.0,1133.04,4.72258064516129,4.72258064516129,,Non calculable,0.0,2011-10,Tester visibilité ou promotion courte,0.0
84912B,GREEN ROSE WASHBAG,B,Dilemme,323.0,1132.85,3.4332098765432097,3.4332098765432097,,Non calculable,0.0,2011-11,Tester visibilité ou promotion courte,0.0
85199S,SMALL HANGING IVORY/RED WOOD BIRD,B,Dilemme,2256.5,1132.84,0.5927611940298507,0.5927611940298507,,Non calculable,0.010635940615998228,2011-11,Tester visibilité ou promotion courte,0.0
85087,CANDY SPOT CUSHION COVER,B,Poids mort,339.0,1129.97,3.48008,3.48008,,Non calculable,0.0029498525073746312,2011-01,Maintenir et suivre la saisonnalité,0.0
22916,HERB MARKER THYME,B,Poids mort,1603.0,1127.06,0.8502066115702479,0.8502066115702479,,Non calculable,0.007485963817841547,2011-03,Maintenir et suivre la saisonnalité,0.0
22678,FRENCH BLUE METAL DOOR SIGN 3,B,Dilemme,821.5,1124.685,1.671125,1.671125,,Non calculable,0.013390139987827145,2011-03,Tester visibilité ou promotion courte,0.0
22572,ROCKING HORSE GREEN CHRISTMAS ,B,Dilemme,1218.0,1124.52,1.0617032967032967,1.0617032967032967,,Non calculable,0.0,2011-11,Tester visibilité ou promotion courte,0.0
22325,MOBILE VINTAGE HEARTS ,B,Poids mort,249.0,1120.43,4.806344086021506,4.806344086021506,,Non calculable,0.05220883534136546,2011-01,Maintenir et suivre la saisonnalité,0.0
22047,EMPIRE GIFT WRAP,B,Dilemme,2678.0,1118.49,0.41792452830188676,0.41792452830188676,,Non calculable,0.009335324869305451,2011-07,Tester visibilité ou promotion courte,0.0
21981,PACK OF 12 WOODLAND TISSUES ,B,Dilemme,3309.5,1116.9399999999998,0.48146520146520144,0.48146520146520144,,Non calculable,0.002115123130382233,2011-09,Tester visibilité ou promotion courte,0.0
22530,MAGIC DRAWING SLATE DOLLY GIRL ,B,Dilemme,2615.5,1115.69,0.5002978723404256,0.5002978723404256,,Non calculable,0.009176065761804627,2011-11,Tester visibilité ou promotion courte,0.0
23505,PLAYING CARDS I LOVE LONDON ,B,Poids mort,824.0,1113.85,1.3546153846153848,1.3546153846153848,,Non calculable,0.0,2011-11,Maintenir et suivre la saisonnalité,0.0
84968E,SET OF 16 VINTAGE BLACK CUTLERY,B,Poids mort,132.0,1113.32,8.424545454545454,8.424545454545454,,Non calculable,0.0,2011-01,Maintenir et suivre la saisonnalité,0.0
51014C,"FEATHER PEN,COAL BLACK",B,Dilemme,1989.5,1110.245,0.7213714285714286,0.7213714285714286,,Non calculable,0.05529027393817542,2011-11,Tester visibilité ou promotion courte,0.0
22918,HERB MARKER PARSLEY,B,Poids mort,1574.5,1110.2250000000001,0.8506224066390041,0.8506224066390041,,Non calculable,0.007621467132422992,2011-03,Maintenir et suivre la saisonnalité,0.0
85159B,"WHITE TEA,COFFEE,SUGAR JARS",B,Dilemme,602.5,1110.125,2.090677966101695,2.090677966101695,,Non calculable,0.06307053941908713,2011-04,Tester visibilité ou promotion courte,0.0
47585A,PINK FAIRY CAKE CUSHION COVER,B,Poids mort,264.0,1109.6,4.6333734939759035,4.6333734939759035,,Non calculable,0.0,2011-01,Maintenir et suivre la saisonnalité,0.0
21917,SET 12 KIDS  WHITE CHALK STICKS,B,Dilemme,2582.0,1105.23,0.49755555555555553,0.49755555555555553,,Non calculable,0.005034856700232378,2011-09,Tester visibilité ou promotion courte,0.0
22754,SMALL RED BABUSHKA NOTEBOOK ,B,Dilemme,1445.5,1104.32,1.0024253731343282,1.0024253731343282,,Non calculable,0.0,2011-11,Tester visibilité ou promotion courte,0.0
22651,GENTLEMAN SHIRT REPAIR KIT ,B,Dilemme,1194.0,1096.29,1.1379411764705882,1.1379411764705882,,Non calculable,0.0,2010-12,Tester visibilité ou promotion courte,0.0
22362,GLASS JAR PEACOCK BATH SALTS,B,Poids mort,316.5,1096.115,4.104586466165413,4.104586466165413,,Non calculable,0.10426540284360189,2011-03,Maintenir et suivre la saisonnalité,0.0
22710,WRAP I LOVE LONDON ,B,Poids mort,2635.5,1096.08,0.4163461538461538,0.4163461538461538,,Non calculable,0.00948586605957124,2011-04,Maintenir et suivre la saisonnalité,0.0
21466,RED FLOWER CROCHET FOOD COVER,B,Poids mort,296.5,1094.765,3.8950892857142856,3.8950892857142856,,Non calculable,0.0,2011-05,Maintenir et suivre la saisonnalité,0.0
23056,FLOWERS CHANDELIER T-LIGHT HOLDER,B,Dilemme,298.5,1093.73,5.78325,5.78325,,Non calculable,1.6180904522613064,2011-10,Vérifier qualité / description avant promotion,0.0
21090,SET/6 COLLAGE PAPER PLATES,B,Dilemme,1957.5,1093.685,0.638211009174312,0.638211009174312,,Non calculable,0.01839080459770115,2011-06,Tester visibilité ou promotion courte,0.0
22915,ASSORTED BOTTLE TOP  MAGNETS ,B,Dilemme,2259.5,1090.1,1.1675135135135135,1.1675135135135135,,Non calculable,0.023899092719628236,2011-11,Tester visibilité ou promotion courte,0.0
23461,SWEETHEART BIRD HOUSE,B,Poids mort,255.5,1089.26,4.551500000000001,4.551500000000001,,Non calculable,0.015655577299412915,2011-10,Maintenir et suivre la saisonnalité,0.0
84012,MAGIC SHEEP WOOL GROWING FROM PAPER,B,Dilemme,1032.0,1085.94,1.2425862068965516,1.2425862068965516,,Non calculable,0.11627906976744186,2011-11,Tester visibilité ou promotion courte,0.0
21693,SMALL HAMMERED SILVER CANDLEPOT ,B,Dilemme,353.5,1085.785,3.35,3.35,,Non calculable,0.0,2011-10,Tester visibilité ou promotion courte,0.0
22581,WOOD STOCKING CHRISTMAS SCANDISPOT,B,Dilemme,1495.5,1085.725,0.8756043956043955,0.8756043956043955,,Non calculable,0.0013373453694416582,2011-11,Tester visibilité ou promotion courte,0.0
20801,LARGE PINK GLASS SUNDAE DISH,B,Poids mort,917.5,1085.335,1.610731707317073,1.610731707317073,,Non calculable,0.03487738419618529,2011-01,Maintenir et suivre la saisonnalité,0.0
21469,POLKA DOT RAFFIA FOOD COVER,B,Dilemme,290.0,1085.32,3.8392134831460676,3.8392134831460676,,Non calculable,0.006896551724137931,2011-07,Tester visibilité ou promotion courte,0.0
23402,HOME SWEET HOME 3 PEG HANGER ,B,Poids mort,276.5,1083.125,4.4525,4.4525,,Non calculable,0.0,2011-09,Maintenir et suivre la saisonnalité,0.0
21991,BOHEMIAN COLLAGE STATIONERY SET,B,Dilemme,635.0,1080.82,2.004245283018868,2.004245283018868,,Non calculable,0.01889763779527559,2011-11,Tester visibilité ou promotion courte,0.0
47503A,ASS FLORAL PRINT MULTI SCREWDRIVER,B,Dilemme,2387.5,1080.75,0.5077976190476191,0.5077976190476191,,Non calculable,0.015078534031413612,2011-09,Tester visibilité ou promotion courte,0.0
22342,HOME GARLAND PAINTED ZINC ,B,Poids mort,958.0,1080.3799999999999,1.840078125,1.840078125,,Non calculable,0.037578288100208766,2011-01,Maintenir et suivre la saisonnalité,0.0
21224,SET/4 SKULL BADGES,B,Dilemme,914.0,1080.0,1.0932934131736527,1.0932934131736527,,Non calculable,0.006564551422319475,2011-10,Tester visibilité ou promotion courte,0.0
21043,APRON MODERN VINTAGE COTTON,B,Poids mort,460.5,1078.435,2.9795555555555553,2.9795555555555553,,Non calculable,0.0,2011-05,Maintenir et suivre la saisonnalité,0.0
22711,WRAP CIRCUS PARADE,B,Poids mort,2573.0,1078.38,0.4192233009708738,0.4192233009708738,,Non calculable,0.00971628449280995,2011-05,Maintenir et suivre la saisonnalité,0.0
23026,DRAWER KNOB VINTAGE GLASS STAR,B,Poids mort,488.5,1078.135,2.3271875,2.3271875,,Non calculable,0.028659160696008188,2011-10,Maintenir et suivre la saisonnalité,0.0
22060,LARGE CAKE STAND HANGING HEARTS,B,Poids mort,231.0,1074.45,4.978571428571429,4.978571428571429,,Non calculable,0.06926406926406926,2011-04,Maintenir et suivre la saisonnalité,0.0
15056n,EDWARDIAN PARASOL NATURAL,B,Dilemme,127.0,1073.1499999999999,8.45,8.45,,Non calculable,0.0,2011-07,Tester visibilité ou promotion courte,0.0
22949,SET OF 36 DOLLY GIRL PAPER DOILIES,B,Poids mort,717.5,1071.725,1.7194285714285713,1.7194285714285713,,Non calculable,0.01951219512195122,2011-09,Maintenir et suivre la saisonnalité,0.0
47580,TEA TIME DES TEA COSY,B,Poids mort,366.5,1071.57,3.303,3.303,,Non calculable,0.03274215552523874,2010-12,Maintenir et suivre la saisonnalité,0.0
23064,CINDERELLA CHANDELIER ,B,Dilemme,126.5,1068.925,8.45,8.45,,Non calculable,0.5612648221343873,2011-10,Vérifier qualité / description avant promotion,0.0
22123,PING MICROWAVE APRON,B,Dilemme,508.0,1068.3799999999999,3.0187804878048783,3.0187804878048783,,Non calculable,0.0,2011-11,Tester visibilité ou promotion courte,0.0
20956,PORCELAIN T-LIGHT HOLDERS ASSORTED,B,Dilemme,759.0,1067.77,1.7798039215686274,1.7798039215686274,,Non calculable,0.006587615283267457,2011-11,Tester visibilité ou promotion courte,0.0
21288,STRIPEY CHOCOLATE NESTING BOXES,B,Dilemme,355.0,1061.41,3.314363636363636,3.314363636363636,,Non calculable,0.0676056338028169,2011-10,Tester visibilité ou promotion courte,0.0
23418,LAVENDER TOILETTE BOTTLE,B,Poids mort,498.5,1061.285,2.562025316455696,2.562025316455696,,Non calculable,0.0,2011-09,Maintenir et suivre la saisonnalité,0.0
22211,WOOD STAMP SET FLOWERS,B,Dilemme,966.5,1059.865,1.2908457711442785,1.2908457711442785,,Non calculable,0.04966373512674599,2011-11,Tester visibilité ou promotion courte,0.0
23280,FOLDING BUTTERFLY MIRROR HOT PINK ,B,Dilemme,1256.5,1059.31,1.0603164556962026,1.0603164556962026,,Non calculable,0.0015917230401910067,2011-05,Tester visibilité ou promotion courte,0.0
22708,WRAP DOLLY GIRL,B,Dilemme,2521.0,1056.54,0.4192,0.4192,,Non calculable,0.009916699722332408,2011-10,Tester visibilité ou promotion courte,0.0
22526,WHEELBARROW FOR CHILDREN ,B,Poids mort,125.0,1056.25,8.45,8.45,,Non calculable,0.048,2011-05,Maintenir et suivre la saisonnalité,0.0
21464,DISCO BALL ROTATOR BATTERY OPERATED,B,Dilemme,249.0,1055.25,4.245238095238095,4.245238095238095,,Non calculable,0.03614457831325301,2010-12,Tester visibilité ou promotion courte,0.0
22999,TRAVEL CARD WALLET VINTAGE LEAF,B,Dilemme,2416.5,1051.75,0.48244444444444445,0.48244444444444445,,Non calculable,0.0012414649286157666,2011-04,Tester visibilité ou promotion courte,0.0
22932,BAKING MOULD TOFFEE CUP CHOCOLATE,B,Poids mort,435.5,1050.255,2.708472222222222,2.708472222222222,,Non calculable,0.2755453501722158,2011-02,Vérifier qualité / description avant promotion,0.0
23369,SET 36 COLOUR PENCILS LOVE LONDON,B,Poids mort,729.5,1049.4,1.4970542635658914,1.4970542635658914,,Non calculable,0.0,2011-11,Maintenir et suivre la saisonnalité,0.0
23326,HANGING MINI COLOURED BOTTLES,B,Poids mort,1387.0,1048.4950000000001,2.638026315789473,2.638026315789473,,Non calculable,0.0,2011-09,Maintenir et suivre la saisonnalité,0.0
22310,IVORY KNITTED MUG COSY ,B,Dilemme,496.0,1045.33,2.583693693693694,2.583693693693694,,Non calculable,0.0,2010-12,Tester visibilité ou promotion courte,0.0
21688,SILVER PLATE CANDLE BOWL SMALL,B,Poids mort,328.5,1043.755,3.8033333333333337,3.8033333333333337,,Non calculable,0.0,2011-06,Maintenir et suivre la saisonnalité,0.0
23433,HANGING QUILTED PATCHWORK APPLES,B,Poids mort,1196.5,1043.3000000000002,1.3424719101123594,1.3424719101123594,,Non calculable,0.03928123694107814,2011-09,Maintenir et suivre la saisonnalité,0.0
23511,EMBROIDERED RIBBON REEL EMILY ,B,Poids mort,455.0,1042.79,2.3309090909090906,2.3309090909090906,,Non calculable,0.01098901098901099,2011-10,Maintenir et suivre la saisonnalité,0.0
22815,CARD PSYCHEDELIC APPLES,B,Dilemme,2425.5,1041.62,0.4901492537313432,0.4901492537313432,,Non calculable,0.0,2011-09,Tester visibilité ou promotion courte,0.0
22808,SET OF 6 T-LIGHTS EASTER CHICKS,B,Poids mort,345.0,1038.8700000000001,3.601466666666667,3.601466666666667,,Non calculable,0.05217391304347826,2011-01,Maintenir et suivre la saisonnalité,0.0
23119,PACK OF 6 LARGE FRUIT STRAWS ,B,Poids mort,1602.5,1037.3799999999999,0.7791390728476821,0.7791390728476821,,Non calculable,0.022464898595943836,2011-07,Maintenir et suivre la saisonnalité,0.0
21821,GLITTER STAR GARLAND WITH BELLS ,B,Dilemme,251.0,1037.05,5.067142857142858,5.067142857142858,,Non calculable,0.04780876494023904,2011-11,Tester visibilité ou promotion courte,0.0
22334,DINOSAUR PARTY BAG + STICKER SET,B,Poids mort,620.0,1034.56,1.7907843137254902,1.7907843137254902,,Non calculable,0.0,2011-03,Maintenir et suivre la saisonnalité,0.0
23373,VINTAGE CHRISTMAS PAPER GIFT BAG,B,Poids mort,1226.0,1034.45,0.9070999999999999,0.9070999999999999,,Non calculable,0.0,2011-10,Maintenir et suivre la saisonnalité,0.0
23378,PACK OF 12 50'S CHRISTMAS TISSUES,B,Poids mort,2490.5,1033.315,0.46322404371584697,0.46322404371584697,,Non calculable,0.0,2011-11,Maintenir et suivre la saisonnalité,0.0
21439,BASKET OF TOADSTOOLS,B,Poids mort,785.0,1033.005,1.5737404580152672,1.5737404580152672,,Non calculable,0.5197452229299363,2011-03,Vérifier qualité / description avant promotion,0.0
22817,CARD SUKI BIRTHDAY,B,Poids mort,2413.5,1030.41,0.48220689655172416,0.48220689655172416,,Non calculable,0.0,2011-01,Maintenir et suivre la saisonnalité,0.0
22985,WRAP BILLBOARD FONTS DESIGN,B,Poids mort,2463.5,1030.11,0.4183838383838384,0.4183838383838384,,Non calculable,0.0,2011-01,Maintenir et suivre la saisonnalité,0.0
23088,ZINC HEART FLOWER T-LIGHT HOLDER,B,Dilemme,791.5,1029.64,1.627594936708861,1.627594936708861,,Non calculable,0.0,2011-05,Tester visibilité ou promotion courte,0.0
20967,GREY FLORAL FELTCRAFT SHOULDER BAG,B,Poids mort,265.0,1027.94,4.115301204819277,4.115301204819277,,Non calculable,0.0,2010-12,Maintenir et suivre la saisonnalité,0.0
22163,HEART STRING MEMO HOLDER HANGING,B,Dilemme,855.5,1027.375,1.7872580645161291,1.7872580645161291,,Non calculable,0.029222676797194622,2011-11,Tester visibilité ou promotion courte,0.0
22713,CARD I LOVE LONDON ,B,Poids mort,2328.0,1027.17,0.5413761467889908,0.5413761467889908,,Non calculable,0.003436426116838488,2011-05,Maintenir et suivre la saisonnalité,0.0
22575,METAL MERRY CHRISTMAS WREATH,B,Dilemme,521.5,1026.245,2.208021978021978,2.208021978021978,,Non calculable,0.011505273250239693,2011-11,Tester visibilité ou promotion courte,0.0
22686,FRENCH BLUE METAL DOOR SIGN No,B,Dilemme,723.0,1025.555,1.8928481012658227,1.8928481012658227,,Non calculable,0.03319502074688797,2011-08,Tester visibilité ou promotion courte,0.0
21947,SET OF 6 HEART CHOPSTICKS,B,Poids mort,704.5,1023.91,1.6988535031847132,1.6988535031847132,,Non calculable,0.0,2011-01,Maintenir et suivre la saisonnalité,0.0
23452,HEART MINI PORTRAIT FRAME,B,Poids mort,518.0,1021.76,2.07183908045977,2.07183908045977,,Non calculable,0.0019305019305019305,2011-11,Maintenir et suivre la saisonnalité,0.0
22679,FRENCH BLUE METAL DOOR SIGN 4,B,Dilemme,738.5,1021.155,1.7244736842105264,1.7244736842105264,,Non calculable,0.013540961408259987,2011-08,Tester visibilité ou promotion courte,0.0
22755,SMALL PURPLE BABUSHKA NOTEBOOK ,B,Poids mort,1373.5,1021.145,0.9793280632411067,0.9793280632411067,,Non calculable,0.0,2011-11,Maintenir et suivre la saisonnalité,0.0
23153,ZINC SWEETHEART WIRE LETTER RACK,B,Dilemme,263.0,1020.69,4.236666666666666,4.236666666666666,,Non calculable,0.015209125475285171,2011-07,Tester visibilité ou promotion courte,0.0
22819,"BIRTHDAY CARD, RETRO SPOT",B,Dilemme,2375.5,1019.235,0.4670740740740741,0.4670740740740741,,Non calculable,0.0,2011-01,Tester visibilité ou promotion courte,0.0
22997,TRAVEL CARD WALLET UNION JACK,B,Dilemme,2360.5,1017.44,0.49327354260089684,0.49327354260089684,,Non calculable,0.033043846642660454,2011-11,Tester visibilité ou promotion courte,0.0
21896,POTTING SHED TWINE,B,Poids mort,453.5,1017.215,2.417927927927928,2.417927927927928,,Non calculable,0.011025358324145534,2011-04,Maintenir et suivre la saisonnalité,0.0
23411, TRELLIS COAT RACK,B,Poids mort,207.5,1016.625,5.474561403508772,5.474561403508772,,Non calculable,0.004819277108433735,2011-09,Maintenir et suivre la saisonnalité,0.0
22673,FRENCH GARDEN SIGN BLUE METAL,B,Poids mort,791.0,1016.08,1.490530303030303,1.490530303030303,,Non calculable,0.015170670037926675,2011-04,Maintenir et suivre la saisonnalité,0.0
22531,MAGIC DRAWING SLATE CIRCUS PARADE  ,B,Dilemme,2359.0,1015.6,0.48830845771144277,0.48830845771144277,,Non calculable,0.0,2011-11,Tester visibilité ou promotion courte,0.0
22757,LARGE RED BABUSHKA NOTEBOOK ,B,Dilemme,886.0,1014.26,1.5376073619631903,1.5376073619631903,,Non calculable,0.001128668171557562,2011-11,Tester visibilité ou promotion courte,0.0
23525,WALL ART BUFFALO BILL ,B,Poids mort,288.0,1012.765,4.1639622641509435,4.1639622641509435,,Non calculable,0.020833333333333332,2011-10,Maintenir et suivre la saisonnalité,0.0
21818,GLITTER HEART DECORATION,B,Dilemme,2060.5,1012.415,0.6024157303370786,0.6024157303370786,,Non calculable,0.0,2011-11,Tester visibilité ou promotion courte,0.0
23107,WHITE HEARTS WIRE PLANT POT HOLDER,B,Dilemme,359.0,1009.51,3.2009589041095894,3.2009589041095894,,Non calculable,0.0,2011-05,Tester visibilité ou promotion courte,0.0
18097C,WHITE TALL PORCELAIN T-LIGHT HOLDER,B,Poids mort,396.5,1008.9350000000001,3.114782608695652,3.114782608695652,,Non calculable,0.7364438839848676,2010-12,Vérifier qualité / description avant promotion,0.0
23419,HOME SWEET HOME BOTTLE ,B,Poids mort,453.5,1008.815,2.6725581395348836,2.6725581395348836,,Non calculable,0.002205071664829107,2011-09,Maintenir et suivre la saisonnalité,0.0
23269,SET OF 2 CERAMIC CHRISTMAS TREES,B,Poids mort,669.5,1007.7049999999999,1.7109473684210526,1.7109473684210526,,Non calculable,0.0,2011-10,Maintenir et suivre la saisonnalité,0.0
85127,SMALL SQUARE CUT GLASS CANDLESTICK,B,Poids mort,181.5,1007.5749999999999,6.249423076923076,6.249423076923076,,Non calculable,0.027548209366391185,2011-01,Maintenir et suivre la saisonnalité,0.0
23524,WALL ART HORSE & PONY ,B,Poids mort,278.5,1006.695,4.323968253968254,4.323968253968254,,Non calculable,0.02154398563734291,2011-10,Maintenir et suivre la saisonnalité,0.0
21467,CHERRY CROCHET FOOD COVER,B,Dilemme,264.0,1004.39,3.990096153846154,3.990096153846154,,Non calculable,0.007575757575757576,2011-08,Tester visibilité ou promotion courte,0.0
20931,BLUE POT PLANT CANDLE ,B,Dilemme,279.5,1003.3750000000001,5.06,5.06,,Non calculable,0.05008944543828265,2011-11,Tester visibilité ou promotion courte,0.0
23334,IVORY WICKER HEART SMALL,B,Poids mort,1484.0,1002.9000000000001,0.7883823529411764,0.7883823529411764,,Non calculable,0.0,2011-09,Maintenir et suivre la saisonnalité,0.0
35648,VINTAGE BEAD PINK PURSE ,B,Dilemme,901.0,1001.14,1.466946564885496,1.466946564885496,,Non calculable,0.02774694783573807,2010-12,Tester visibilité ou promotion courte,0.0
22309,TEA COSY RED  STRIPE,B,Dilemme,326.0,1000.75,3.744262295081967,3.744262295081967,,Non calculable,0.0,2011-09,Tester visibilité ou promotion courte,0.0
21617,4 LILY  BOTANICAL DINNER CANDLES,B,Dilemme,517.5,999.885,2.438653846153846,2.438653846153846,,Non calculable,0.0,2011-01,Tester visibilité ou promotion courte,0.0
79302M,"ART LIGHTS,FUNK MONKEY",B,Dilemme,355.0,999.2900000000001,3.553809523809524,3.553809523809524,,Non calculable,0.0,2011-11,Tester visibilité ou promotion courte,0.0
85180A,RED HEARTS LIGHT CHAIN ,B,Poids mort,471.5,999.205,3.08046875,3.08046875,,Non calculable,0.012725344644750796,2011-01,Maintenir et suivre la saisonnalité,0.0
21872,GLAMOROUS  MUG,B,Dilemme,762.5,998.62,1.6714685314685316,1.6714685314685316,,Non calculable,0.02098360655737705,2011-10,Tester visibilité ou promotion courte,0.0
84813,SET OF 4 DIAMOND NAPKIN RINGS,B,Dilemme,160.5,997.9449999999999,6.854736842105262,6.854736842105262,,Non calculable,0.006230529595015576,2011-08,Tester visibilité ou promotion courte,0.0
21824,PAINTED METAL STAR WITH HOLLY BELLS,B,Dilemme,1717.5,997.7249999999999,0.7734166666666666,0.7734166666666666,,Non calculable,0.013973799126637555,2011-10,Tester visibilité ou promotion courte,0.0
23104,IVORY CAFE HANGING LAMP ,B,Dilemme,118.0,997.1,8.45,8.45,,Non calculable,0.0,2011-11,Tester visibilité ou promotion courte,0.0
22785,SQUARECUSHION COVER PINK UNION JACK,B,Poids mort,225.5,997.055,6.517297297297297,6.517297297297297,,Non calculable,0.0,2010-12,Maintenir et suivre la saisonnalité,0.0
22921,HERB MARKER CHIVES ,B,Poids mort,1414.0,993.72,0.8432380952380953,0.8432380952380953,,Non calculable,0.008486562942008486,2011-03,Maintenir et suivre la saisonnalité,0.0
22714,CARD BIRTHDAY COWBOY,B,Dilemme,2313.5,992.82,0.5433333333333333,0.5433333333333333,,Non calculable,0.005186946185433326,2011-06,Tester visibilité ou promotion courte,0.0
21355,TOAST ITS - I LOVE YOU ,B,Poids mort,789.0,992.58,1.3647967479674796,1.3647967479674796,,Non calculable,0.0,2011-01,Maintenir et suivre la saisonnalité,0.0
22231,JIGSAW TREE WITH BIRDHOUSE,B,Poids mort,946.5,990.555,1.2261904761904763,1.2261904761904763,,Non calculable,0.07290015847860538,2011-02,Maintenir et suivre la saisonnalité,0.0
21773,DECORATIVE ROSE BATHROOM BOTTLE,B,Poids mort,880.5,989.38,1.7692073170731706,1.7692073170731706,,Non calculable,0.0,2011-01,Maintenir et suivre la saisonnalité,0.0
22313,OFFICE MUG WARMER PINK,B,Poids mort,338.5,987.2350000000001,3.511492537313433,3.511492537313433,,Non calculable,0.7385524372230429,2011-01,Vérifier qualité / description avant promotion,0.0
82578,KITCHEN METAL SIGN,B,Dilemme,1635.5,986.6550000000001,0.7530944625407167,0.7530944625407167,,Non calculable,0.007337205747477835,2011-08,Tester visibilité ou promotion courte,0.0
22069,BROWN  PIRATE TREASURE CHEST ,B,Dilemme,394.5,985.895,3.196938775510204,3.196938775510204,,Non calculable,0.0,2011-11,Tester visibilité ou promotion courte,0.0
22444,GROW YOUR OWN PLANT IN A CAN ,B,Poids mort,731.5,984.81,1.7656140350877194,1.7656140350877194,,Non calculable,0.043745727956254275,2010-12,Maintenir et suivre la saisonnalité,0.0
22611,VINTAGE UNION JACK SHOPPING BAG,B,Poids mort,205.5,984.675,5.352127659574468,5.352127659574468,,Non calculable,0.0,2011-04,Maintenir et suivre la saisonnalité,0.0
22166,WALL MIRROR RECTANGLE DIAMANTE PINK,B,Poids mort,139.5,983.095,8.032988505747127,8.032988505747127,,Non calculable,0.021505376344086023,2010-12,Maintenir et suivre la saisonnalité,0.0
21679,SKULLS  STICKERS,B,Dilemme,1084.5,982.38,1.12731884057971,1.12731884057971,,Non calculable,0.0,2011-11,Tester visibilité ou promotion courte,0.0
22315,200 RED + WHITE BENDY STRAWS,B,Dilemme,706.0,982.08,1.4587861271676301,1.4587861271676301,,Non calculable,0.0,2011-09,Tester visibilité ou promotion courte,0.0
21987,PACK OF 6 SKULL PAPER CUPS,B,Dilemme,1444.0,979.3000000000001,0.7704545454545454,0.7704545454545454,,Non calculable,0.009002770083102494,2011-02,Tester visibilité ou promotion courte,0.0
23102,SILVER HEARTS TABLE DECORATION,B,Dilemme,1140.0,978.1650000000001,0.970754716981132,0.970754716981132,,Non calculable,0.0,2011-10,Tester visibilité ou promotion courte,0.0
84944,SET OF 6 KASHMIR FOLKART BAUBLES,B,Dilemme,614.0,976.71,2.0566666666666666,2.0566666666666666,,Non calculable,0.09446254071661238,2011-06,Tester visibilité ou promotion courte,0.0
21391,FRENCH LAVENDER SCENT HEART,B,Dilemme,963.5,976.465,1.510462962962963,1.510462962962963,,Non calculable,0.0031136481577581734,2011-06,Tester visibilité ou promotion courte,0.0
23365,SET 12 COLOUR PENCILS LOVE LONDON,B,Poids mort,1357.0,974.88,0.7943930635838151,0.7943930635838151,,Non calculable,0.0,2011-11,Maintenir et suivre la saisonnalité,0.0
22681,FRENCH BLUE METAL DOOR SIGN 6,B,Poids mort,710.0,973.15,1.680703125,1.680703125,,Non calculable,0.016901408450704224,2011-08,Maintenir et suivre la saisonnalité,0.0
21188,3D HEARTS  HONEYCOMB PAPER GARLAND,B,Poids mort,306.5,972.1750000000002,3.834705882352941,3.834705882352941,,Non calculable,0.0,2011-07,Maintenir et suivre la saisonnalité,0.0
21394,RED POLKADOT BEAKER ,B,Dilemme,2245.0,971.97,0.6057251908396946,0.6057251908396946,,Non calculable,0.009799554565701559,2011-04,Tester visibilité ou promotion courte,0.0
85232D,SET/3 DECOUPAGE STACKING TINS,B,Dilemme,193.0,970.75,5.639855072463768,5.639855072463768,,Non calculable,0.015544041450777202,2011-11,Tester visibilité ou promotion courte,0.0
35651,VINTAGE BEAD PINK SCARF ,B,Poids mort,451.0,970.48,2.6396610169491526,2.6396610169491526,,Non calculable,0.026607538802660754,2011-01,Maintenir et suivre la saisonnalité,0.0
15044C,PURPLE PAPER PARASOL,B,Dilemme,291.5,968.1650000000001,3.851818181818182,3.851818181818182,,Non calculable,0.010291595197255575,2011-03,Tester visibilité ou promotion courte,0.0
23183,MOTHER'S KITCHEN SPOON REST ,B,Dilemme,226.0,967.17,4.879411764705883,4.879411764705883,,Non calculable,0.030973451327433628,2011-03,Tester visibilité ou promotion courte,0.0
22117,METAL SIGN HER DINNER IS SERVED ,B,Dilemme,390.0,966.2750000000001,2.9212631578947374,2.9212631578947374,,Non calculable,0.0,2011-09,Tester visibilité ou promotion courte,0.0
22154,ANGEL DECORATION 3 BUTTONS ,B,Dilemme,2108.0,965.385,0.5443373493975904,0.5443373493975904,,Non calculable,0.003320683111954459,2011-11,Tester visibilité ou promotion courte,0.0
85132B,CHARLIE AND LOLA TABLE TINS,B,Poids mort,434.5,962.875,3.4068,3.4068,,Non calculable,0.0,2011-06,Maintenir et suivre la saisonnalité,0.0
22246,MAGIC GARDEN FELT GARLAND ,B,Poids mort,431.0,962.77,2.8153333333333332,2.8153333333333332,,Non calculable,0.027842227378190254,2010-12,Maintenir et suivre la saisonnalité,0.0
85039B,S/4 IVORY MINI ROSE CANDLE IN BOWL,B,Poids mort,620.0,960.9549999999999,1.6247398843930634,1.6247398843930634,,Non calculable,0.0,2011-01,Maintenir et suivre la saisonnalité,0.0
21065,BOOM BOX SPEAKER GIRLS,B,Poids mort,407.5,957.4350000000001,4.261630434782608,4.261630434782608,,Non calculable,0.0,2010-12,Maintenir et suivre la saisonnalité,0.0
23375,50'S CHRISTMAS PAPER GIFT BAG,B,Poids mort,1144.5,955.8899999999999,0.9369902912621358,0.9369902912621358,,Non calculable,0.0008737439930100481,2011-10,Maintenir et suivre la saisonnalité,0.0
40016,CHINESE DRAGON PAPER LANTERNS,B,Poids mort,1706.5,955.56,2.278865979381443,2.278865979381443,,Non calculable,0.0,2011-01,Maintenir et suivre la saisonnalité,0.0
22614,PACK OF 12 SPACEBOY TISSUES,B,Dilemme,2814.5,954.9949999999999,0.45162162162162156,0.45162162162162156,,Non calculable,0.013146207141588205,2011-09,Tester visibilité ou promotion courte,0.0
35471D,SET OF 3 BIRD LIGHT PINK FEATHER ,B,Dilemme,1782.0,953.37,0.9135497835497836,0.9135497835497836,,Non calculable,0.001122334455667789,2011-11,Tester visibilité ou promotion courte,0.0
23598,PAPER BUNTING VINTAGE PARTY,B,Poids mort,324.0,952.8800000000001,3.2351063829787234,3.2351063829787234,,Non calculable,0.0,2011-11,Maintenir et suivre la saisonnalité,0.0
84913A,SOFT PINK ROSE TOWEL ,B,Poids mort,273.0,952.83,3.4126612903225806,3.4126612903225806,,Non calculable,0.0,2011-01,Maintenir et suivre la saisonnalité,0.0
20985,HEART CALCULATOR,B,Dilemme,679.0,951.09,1.6459558823529412,1.6459558823529412,,Non calculable,0.023564064801178203,2011-07,Tester visibilité ou promotion courte,0.0
22695,WICKER WREATH SMALL,B,Dilemme,694.5,948.3149999999999,1.74696,1.74696,,Non calculable,0.0,2011-10,Tester visibilité ou promotion courte,0.0
23527,WALL ART ANIMALS AND NATURE ,B,Poids mort,265.5,947.66,3.998125,3.998125,,Non calculable,0.026365348399246705,2011-10,Maintenir et suivre la saisonnalité,0.0
21389,IVORY HANGING DECORATION  BIRD,B,Poids mort,1093.5,947.655,0.9474626865671641,0.9474626865671641,,Non calculable,0.0009144947416552355,2011-03,Maintenir et suivre la saisonnalité,0.0
21683,MEDIUM MEDINA STAMPED METAL BOWL ,B,Dilemme,308.5,944.2750000000001,3.3927586206896554,3.3927586206896554,,Non calculable,0.0,2011-10,Tester visibilité ou promotion courte,0.0
21774,DECORATIVE CATS BATHROOM BOTTLE,B,Poids mort,717.0,944.215,1.9209625668449197,1.9209625668449197,,Non calculable,0.001394700139470014,2011-01,Maintenir et suivre la saisonnalité,0.0
84558A,3D DOG PICTURE PLAYING CARDS,B,Dilemme,318.0,943.1600000000001,3.1163414634146345,3.1163414634146345,,Non calculable,0.0,2010-12,Tester visibilité ou promotion courte,0.0
23087,ZINC  HEART T-LIGHT HOLDER,B,Dilemme,729.5,942.525,1.5915942028985506,1.5915942028985506,,Non calculable,0.0205620287868403,2011-09,Tester visibilité ou promotion courte,0.0
21902,"KEY FOB , FRONT  DOOR ",B,Dilemme,1363.0,941.06,0.8843661971830986,0.8843661971830986,,Non calculable,0.00586940572267058,2011-11,Tester visibilité ou promotion courte,0.0
22924,FRIDGE MAGNETS LA VIE EN ROSE,B,Dilemme,1029.5,939.865,1.2619540229885056,1.2619540229885056,,Non calculable,0.1525012141816416,2011-03,Tester visibilité ou promotion courte,0.0
62018,SOMBRERO ,B,Dilemme,603.0,939.6,1.812295081967213,1.812295081967213,,Non calculable,0.0,2011-06,Tester visibilité ou promotion courte,0.0
22209,WOOD STAMP SET HAPPY BIRTHDAY,B,Dilemme,913.5,938.075,1.2049425287356321,1.2049425287356321,,Non calculable,0.013136288998357963,2011-01,Tester visibilité ou promotion courte,0.0
35646,VINTAGE BEAD PINK EVENING BAG,B,Dilemme,619.0,937.23,2.0355208333333334,2.0355208333333334,,Non calculable,0.0,2011-11,Tester visibilité ou promotion courte,0.0
22286,DECORATION WOBBLY RABBIT METAL ,B,Poids mort,918.5,937.145,1.6037391304347828,1.6037391304347828,,Non calculable,0.0,2011-03,Maintenir et suivre la saisonnalité,0.0
22500,SET OF 2 TINS JARDIN DE PROVENCE,B,Poids mort,248.0,936.4,4.6187499999999995,4.6187499999999995,,Non calculable,0.0,2011-03,Maintenir et suivre la saisonnalité,0.0
22307,GOLD MUG BONE CHINA TREE OF LIFE,B,Dilemme,740.0,933.375,2.2214666666666663,2.2214666666666663,,Non calculable,0.052702702702702706,2011-11,Tester visibilité ou promotion courte,0.0
22477,WATERING CAN GARDEN MARKER,B,Poids mort,658.0,932.91,1.7803937007874016,1.7803937007874016,,Non calculable,0.001519756838905775,2011-04,Maintenir et suivre la saisonnalité,0.0
22544,MINI JIGSAW SPACEBOY,B,Dilemme,2272.5,931.35,0.5311363636363636,0.5311363636363636,,Non calculable,0.01892189218921892,2010-12,Tester visibilité ou promotion courte,0.0
23138,SINGLE WIRE HOOK IVORY HEART,B,Dilemme,638.0,930.26,1.5985714285714285,1.5985714285714285,,Non calculable,0.018808777429467086,2011-08,Tester visibilité ou promotion courte,0.0
51014L,"FEATHER PEN,LIGHT PINK",B,Dilemme,1763.5,924.915,0.6530666666666666,0.6530666666666666,,Non calculable,0.04763254890842075,2011-11,Tester visibilité ou promotion courte,0.0
21354,TOAST ITS - BEST MUM,B,Poids mort,721.0,924.3100000000001,1.5822105263157895,1.5822105263157895,,Non calculable,0.0,2011-03,Maintenir et suivre la saisonnalité,0.0
22995,TRAVEL CARD WALLET SUKI,B,Dilemme,2060.0,923.82,0.5419402985074626,0.5419402985074626,,Non calculable,0.02378640776699029,2011-03,Tester visibilité ou promotion courte,0.0
20686,DOLLY MIXTURE CHILDREN'S UMBRELLA,B,Dilemme,267.0,922.67,3.8718181818181816,3.8718181818181816,,Non calculable,0.0,2011-11,Tester visibilité ou promotion courte,0.0
23040,PAPER LANTERN 9 POINT SNOW STAR ,B,Dilemme,161.5,922.025,5.982558139534884,5.982558139534884,,Non calculable,0.0,2011-10,Tester visibilité ou promotion courte,0.0
21682,LARGE MEDINA STAMPED METAL BOWL ,B,Dilemme,182.0,921.9,5.331818181818182,5.331818181818182,,Non calculable,0.016483516483516484,2011-10,Tester visibilité ou promotion courte,0.0
22860,EASTER TIN CHICKS PINK DAISY,B,Poids mort,530.5,921.245,1.9718691588785044,1.9718691588785044,,Non calculable,0.02827521206409048,2011-03,Maintenir et suivre la saisonnalité,0.0
23376,PACK OF 12 VINTAGE CHRISTMAS TISSUE,B,Poids mort,2146.5,920.51,0.5079245283018868,0.5079245283018868,,Non calculable,0.011180992313067784,2011-11,Maintenir et suivre la saisonnalité,0.0
20752,BLUE POLKADOT WASHING UP GLOVES,B,Poids mort,407.0,920.45,2.41722972972973,2.41722972972973,,Non calculable,0.004914004914004914,2010-12,Maintenir et suivre la saisonnalité,0.0
85116,BLACK CANDELABRA T-LIGHT HOLDER,B,Poids mort,717.5,919.635,1.4657777777777776,1.4657777777777776,,Non calculable,0.041811846689895474,2010-12,Maintenir et suivre la saisonnalité,0.0
21508,VINTAGE KID DOLLY CARD ,B,Dilemme,2130.0,916.66,0.5551643192488263,0.5551643192488263,,Non calculable,0.005633802816901409,2011-06,Tester visibilité ou promotion courte,0.0
22399,MAGNETS PACK OF 4 CHILDHOOD MEMORY,B,Poids mort,747.0,916.355,1.326734693877551,1.326734693877551,,Non calculable,0.024096385542168676,2011-03,Maintenir et suivre la saisonnalité,0.0
21830,ASSORTED CREEPY CRAWLIES,B,Poids mort,2165.0,915.5500000000001,0.46950495049504953,0.46950495049504953,,Non calculable,0.022170900692840646,2010-12,Maintenir et suivre la saisonnalité,0.0
21967,PACK OF 12 SKULL TISSUES,B,Dilemme,2730.0,914.7699999999999,0.44693617021276594,0.44693617021276594,,Non calculable,0.0,2011-10,Tester visibilité ou promotion courte,0.0
22363,GLASS JAR MARMALADE ,B,Poids mort,297.0,914.1500000000001,3.7919277108433738,3.7919277108433738,,Non calculable,0.4377104377104377,2011-03,Vérifier qualité / description avant promotion,0.0
23539,WALL ART LOVES' SECRET ,B,Poids mort,172.0,912.89,6.116666666666666,6.116666666666666,,Non calculable,0.0,2011-10,Maintenir et suivre la saisonnalité,0.0
84843,WHITE SOAP RACK WITH 2 BOTTLES,B,Dilemme,164.5,912.4250000000001,6.176530612244897,6.176530612244897,,Non calculable,0.0060790273556231,2011-09,Tester visibilité ou promotion courte,0.0
23122,PARTY CHARMS 50 PIECES,B,Poids mort,1082.0,911.625,1.0386029411764706,1.0386029411764706,,Non calculable,0.0027726432532347504,2011-07,Maintenir et suivre la saisonnalité,0.0
22597,MUSICAL ZINC HEART DECORATION ,B,Dilemme,1772.5,911.37,0.6871578947368421,0.6871578947368421,,Non calculable,0.01918194640338505,2011-11,Tester visibilité ou promotion courte,0.0
85034A,3 GARDENIA MORRIS BOXED CANDLES,B,Dilemme,498.0,911.34,2.77,2.77,,Non calculable,0.014056224899598393,2011-10,Tester visibilité ou promotion courte,0.0
82001s,SILVER RECORD COVER FRAME,B,Dilemme,122.0,910.12,7.46,7.46,,Non calculable,0.0,2011-11,Tester visibilité ou promotion courte,0.0
22438,BALLOON ART MAKE YOUR OWN FLOWERS,B,Poids mort,687.0,909.3199999999999,1.7488,1.7488,,Non calculable,0.0,2011-01,Maintenir et suivre la saisonnalité,0.0
22221,CAKE STAND LOVEBIRD 2 TIER PINK,B,Poids mort,131.0,908.9499999999999,7.91078431372549,7.91078431372549,,Non calculable,0.015267175572519083,2011-03,Maintenir et suivre la saisonnalité,0.0
21462,"NURSERY A,B,C PAINTED LETTERS",B,Dilemme,198.0,908.2,6.0773972602739725,6.0773972602739725,,Non calculable,0.0,2011-12,Tester visibilité ou promotion courte,0.0
22129,PARTY CONES CANDY DECORATION,B,Dilemme,751.5,906.68,1.9918,1.9918,,Non calculable,0.0,2011-10,Tester visibilité ou promotion courte,0.0
22279,POCKET BAG BLUE PAISLEY RED SPOT,B,Dilemme,739.5,906.41,1.4172307692307693,1.4172307692307693,,Non calculable,0.001352265043948614,2011-11,Tester visibilité ou promotion courte,0.0
21894,POTTING SHED SEED ENVELOPES,B,Poids mort,592.0,902.08,1.8283969465648853,1.8283969465648853,,Non calculable,0.0,2011-05,Maintenir et suivre la saisonnalité,0.0
23528,WALL ART SPACEBOY,B,Poids mort,252.5,902.0,4.7792,4.7792,,Non calculable,0.0,2011-10,Maintenir et suivre la saisonnalité,0.0
23099,FRENCH CARRIAGE LANTERN,B,Dilemme,137.0,901.1500000000001,6.711016949152542,6.711016949152542,,Non calculable,0.058394160583941604,2011-06,Tester visibilité ou promotion courte,0.0
85185B,PINK HORSE SOCK PUPPET KIT,B,Dilemme,297.0,900.3900000000001,3.411081081081081,3.411081081081081,,Non calculable,0.003367003367003367,2011-08,Tester visibilité ou promotion courte,0.0
22758,LARGE PURPLE BABUSHKA NOTEBOOK  ,B,Dilemme,857.5,899.005,1.4949720670391062,1.4949720670391062,,Non calculable,0.0,2011-12,Tester visibilité ou promotion courte,0.0
21465,PINK FLOWER CROCHET FOOD COVER,B,Dilemme,237.0,897.8,3.934430379746835,3.934430379746835,,Non calculable,0.0,2011-07,Tester visibilité ou promotion courte,0.0
85039A,SET/4 RED MINI ROSE CANDLE IN BOWL,B,Dilemme,578.0,897.4449999999999,1.6261728395061728,1.6261728395061728,,Non calculable,0.0,2011-10,Tester visibilité ou promotion courte,0.0
22682,FRENCH BLUE METAL DOOR SIGN 7,B,Dilemme,677.0,896.75,1.5951754385964911,1.5951754385964911,,Non calculable,0.01624815361890694,2011-03,Tester visibilité ou promotion courte,0.0
22190,LOCAL CAFE MUG,B,Poids mort,554.5,896.445,2.180769230769231,2.180769230769231,,Non calculable,0.0,2010-12,Maintenir et suivre la saisonnalité,0.0
21361,LOVE LARGE WOOD LETTERS ,B,Poids mort,106.0,895.6999999999999,8.45,8.45,,Non calculable,0.03773584905660377,2010-12,Maintenir et suivre la saisonnalité,0.0
37501,TEA TIME TEA SET IN GIFT BOX,B,Poids mort,133.0,894.87,6.554489795918368,6.554489795918368,,Non calculable,0.015037593984962405,2011-04,Maintenir et suivre la saisonnalité,0.0
23566,EGG CUP MILKMAID HEIDI,B,Poids mort,630.5,892.315,1.769759036144578,1.769759036144578,,Non calculable,0.006344171292624901,2011-11,Maintenir et suivre la saisonnalité,0.0
23545,WRAP RED VINTAGE DOILY,B,Poids mort,2129.5,892.11,0.41905882352941176,0.41905882352941176,,Non calculable,0.0,2011-10,Maintenir et suivre la saisonnalité,0.0
23046,PAPER LANTERN 9 POINT DELUXE STAR,B,Dilemme,137.5,890.5250000000001,6.675000000000001,6.675000000000001,,Non calculable,0.0,2011-10,Tester visibilité ou promotion courte,0.0
84823,DANISH ROSE FOLDING CHAIR,B,Poids mort,112.0,890.4000000000001,7.95,7.95,,Non calculable,0.0,2010-12,Maintenir et suivre la saisonnalité,0.0
21189,WHITE HONEYCOMB PAPER GARLAND ,B,Dilemme,355.0,888.67,2.5816438356164384,2.5816438356164384,,Non calculable,0.0,2011-11,Tester visibilité ou promotion courte,0.0
22440,BALLOON WATER BOMB PACK OF 35,B,Poids mort,2079.0,888.51,0.4556050955414013,0.4556050955414013,,Non calculable,0.00481000481000481,2011-06,Maintenir et suivre la saisonnalité,0.0
21198,WHITE HEART CONFETTI IN TUBE,B,Poids mort,794.0,888.455,1.4450704225352111,1.4450704225352111,,Non calculable,0.0906801007556675,2011-01,Maintenir et suivre la saisonnalité,0.0
22251,BIRDHOUSE DECORATION MAGIC GARDEN,B,Poids mort,710.5,888.245,1.529136690647482,1.529136690647482,,Non calculable,0.022519352568613652,2011-02,Maintenir et suivre la saisonnalité,0.0
22262,FELT EGG COSY CHICKEN,B,Poids mort,949.5,887.985,1.1047887323943661,1.1047887323943661,,Non calculable,0.0052659294365455505,2011-03,Maintenir et suivre la saisonnalité,0.0
21829,DINOSAUR KEYRINGS ASSORTED,B,Poids mort,3961.0,886.795,0.26303370786516855,0.26303370786516855,,Non calculable,0.02726584195910124,2011-06,Maintenir et suivre la saisonnalité,0.0
21948,SET OF 6 CAKE CHOPSTICKS,B,Poids mort,566.5,886.355,1.904258064516129,1.904258064516129,,Non calculable,0.0,2011-01,Maintenir et suivre la saisonnalité,0.0
22304,COFFEE MUG BLUE PAISLEY DESIGN,B,Dilemme,350.0,885.21,3.118360655737705,3.118360655737705,,Non calculable,0.0,2010-12,Tester visibilité ou promotion courte,0.0
46776F,WOVEN ROSE GARDEN CUSHION COVER ,B,Dilemme,210.0,883.12,4.2064044943820225,4.2064044943820225,,Non calculable,0.0,2011-09,Tester visibilité ou promotion courte,0.0
20846,ZINC HEART LATTICE T-LIGHT HOLDER,B,Poids mort,644.5,881.53,1.6134831460674157,1.6134831460674157,,Non calculable,0.0,2011-04,Maintenir et suivre la saisonnalité,0.0
22923,FRIDGE MAGNETS LES ENFANTS ASSORTED,B,Dilemme,1027.0,880.8349999999999,0.963875,0.963875,,Non calculable,0.17137293086660174,2010-12,Tester visibilité ou promotion courte,0.0
22317,FIVE CATS HANGING DECORATION,B,Poids mort,286.0,879.6700000000001,3.65561797752809,3.65561797752809,,Non calculable,0.0,2011-01,Maintenir et suivre la saisonnalité,0.0
84997a,CHILDRENS CUTLERY POLKADOT GREEN ,B,Dilemme,106.0,878.74,8.29,8.29,,Non calculable,0.0,2011-09,Tester visibilité ou promotion courte,0.0
23423,PANTRY 3 HOOK ROLLING PIN HANGER,B,Poids mort,219.0,876.9,4.536969696969697,4.536969696969697,,Non calculable,0.0228310502283105,2011-09,Maintenir et suivre la saisonnalité,0.0
23432,PRETTY HANGING QUILTED HEARTS,B,Poids mort,1027.0,876.62,1.238918918918919,1.238918918918919,,Non calculable,0.0,2011-09,Maintenir et suivre la saisonnalité,0.0
23413,DECORATIVE VINTAGE COFFEE  BOX,B,Poids mort,173.0,876.55,5.753448275862069,5.753448275862069,,Non calculable,0.06936416184971098,2011-10,Maintenir et suivre la saisonnalité,0.0
22270,HAPPY EASTER HANGING DECORATION,B,Poids mort,223.5,876.095,4.418,4.418,,Non calculable,0.03131991051454139,2011-02,Maintenir et suivre la saisonnalité,0.0
22984,CARD GINGHAM ROSE ,B,Dilemme,2084.0,875.05,0.47944785276073615,0.47944785276073615,,Non calculable,0.0,2011-08,Tester visibilité ou promotion courte,0.0
22609,PENS ASSORTED SPACEBALL,B,Dilemme,3524.5,871.57,0.41865384615384615,0.41865384615384615,,Non calculable,0.010214214782238615,2011-11,Tester visibilité ou promotion courte,0.0
22683,FRENCH BLUE METAL DOOR SIGN 8,B,Poids mort,644.0,871.49,1.6489166666666668,1.6489166666666668,,Non calculable,0.018633540372670808,2011-08,Maintenir et suivre la saisonnalité,0.0
21204,DAISIES  HONEYCOMB GARLAND ,B,Dilemme,499.0,868.4399999999999,1.9561176470588233,1.9561176470588233,,Non calculable,0.0,2011-04,Tester visibilité ou promotion courte,0.0
20886,BOX OF 9 PEBBLE CANDLES,B,Poids mort,413.5,868.255,2.4765384615384614,2.4765384615384614,,Non calculable,0.014510278113663845,2011-03,Maintenir et suivre la saisonnalité,0.0
22565,FELTCRAFT HAIRBANDS PINK AND WHITE ,B,Dilemme,925.5,866.295,1.1069127516778523,1.1069127516778523,,Non calculable,0.0,2011-11,Tester visibilité ou promotion courte,0.0
23523,WALL ART TREASURE AHOY ,B,Poids mort,249.0,866.265,3.9346341463414634,3.9346341463414634,,Non calculable,0.024096385542168676,2011-10,Maintenir et suivre la saisonnalité,0.0
23460,SWEETHEART WALL TIDY ,B,Poids mort,104.5,865.64,8.43581395348837,8.43581395348837,,Non calculable,0.04784688995215311,2011-11,Maintenir et suivre la saisonnalité,0.0
20802,SMALL GLASS SUNDAE DISH CLEAR,B,Poids mort,599.5,865.625,1.942063492063492,1.942063492063492,,Non calculable,0.06505421184320268,2010-12,Maintenir et suivre la saisonnalité,0.0
23033,DRAWER KNOB CERAMIC RED,B,Poids mort,559.5,861.875,1.814864864864865,1.814864864864865,,Non calculable,0.0,2011-09,Maintenir et suivre la saisonnalité,0.0
23055,IVORY CHANDELIER T-LIGHT HOLDER,B,Dilemme,280.5,861.5649999999999,5.521,5.521,,Non calculable,1.1978609625668448,2011-10,Vérifier qualité / description avant promotion,0.0
22321,BIRD DECORATION RED RETROSPOT,B,Poids mort,893.0,860.93,1.2836363636363637,1.2836363636363637,,Non calculable,0.0011198208286674132,2011-03,Maintenir et suivre la saisonnalité,0.0
70007,HI TEC ALPINE HAND WARMER,B,Dilemme,644.5,859.955,2.124351851851852,2.124351851851852,,Non calculable,0.018619084561675717,2010-12,Tester visibilité ou promotion courte,0.0
85049H,URBAN BLACK RIBBONS ,B,Dilemme,840.5,859.725,1.0584491978609627,1.0584491978609627,,Non calculable,0.0,2011-01,Tester visibilité ou promotion courte,0.0
22688,DOORMAT PEACE ON EARTH BLUE,B,Dilemme,133.5,859.28,7.7996875,7.7996875,,Non calculable,0.0,2011-09,Tester visibilité ou promotion courte,0.0
47480,HANGING PHOTO CLIP ROPE LADDER,B,Dilemme,461.0,857.92,2.4241860465116276,2.4241860465116276,,Non calculable,0.0,2011-06,Tester visibilité ou promotion courte,0.0
23142,IVORY WIRE KITCHEN ORGANISER,B,Poids mort,101.5,857.675,8.45,8.45,,Non calculable,0.019704433497536946,2011-05,Maintenir et suivre la saisonnalité,0.0
51008,AFGHAN SLIPPER SOCK PAIR,B,Poids mort,252.5,856.875,3.4272727272727277,3.4272727272727277,,Non calculable,0.007920792079207921,2010-12,Maintenir et suivre la saisonnalité,0.0
22210,WOOD STAMP SET BEST WISHES,B,Dilemme,895.0,856.78,1.130362694300518,1.130362694300518,,Non calculable,0.0,2011-09,Tester visibilité ou promotion courte,0.0
85135C,RED DRAGONFLY HELICOPTER,B,Poids mort,106.0,855.88,8.070294117647059,8.070294117647059,,Non calculable,0.009433962264150943,2010-12,Maintenir et suivre la saisonnalité,0.0
23479,WIRE EGG BASKET ,B,Poids mort,113.0,852.85,7.822727272727272,7.822727272727272,,Non calculable,0.0,2011-11,Maintenir et suivre la saisonnalité,0.0
22519,CHILDS GARDEN BRUSH PINK,B,Poids mort,381.0,851.25,2.6006818181818185,2.6006818181818185,,Non calculable,0.0,2011-02,Maintenir et suivre la saisonnalité,0.0
84030e,ENGLISH ROSE HOT WATER BOTTLE,B,Poids mort,108.0,850.02,8.101363636363637,8.101363636363637,,Non calculable,0.0,2010-12,Maintenir et suivre la saisonnalité,0.0
22402,MAGNETS PACK OF 4 VINTAGE COLLAGE,B,Dilemme,1360.5,849.485,0.6847368421052632,0.6847368421052632,,Non calculable,0.004410143329658214,2011-07,Tester visibilité ou promotion courte,0.0
22118,JOY WOODEN BLOCK LETTERS,B,Dilemme,230.0,849.3,4.748876404494382,4.748876404494382,,Non calculable,0.0,2011-11,Tester visibilité ou promotion courte,0.0
22094,RED RETROSPOT TISSUE BOX,B,Dilemme,1435.5,848.8,1.066600985221675,1.066600985221675,,Non calculable,0.04528039010797631,2011-11,Tester visibilité ou promotion courte,0.0
21803,CHRISTMAS TREE STAR DECORATION,B,Dilemme,1948.0,845.92,0.4511111111111111,0.4511111111111111,,Non calculable,0.0,2010-12,Tester visibilité ou promotion courte,0.0
21984,PACK OF 12 PINK PAISLEY TISSUES ,B,Dilemme,2430.5,844.9549999999999,0.4711214953271028,0.4711214953271028,,Non calculable,0.009874511417403826,2011-09,Tester visibilité ou promotion courte,0.0
23338,EGG FRYING PAN RED ,B,Poids mort,392.0,843.25,2.3390825688073393,2.3390825688073393,,Non calculable,0.015306122448979591,2011-11,Maintenir et suivre la saisonnalité,0.0
22024,RAINY LADIES BIRTHDAY CARD,B,Dilemme,1908.0,842.38,0.5876056338028169,0.5876056338028169,,Non calculable,0.006289308176100629,2011-01,Tester visibilité ou promotion courte,0.0
21949,SET OF 6 STRAWBERRY CHOPSTICKS,B,Poids mort,603.0,841.71,1.8067586206896553,1.8067586206896553,,Non calculable,0.0,2010-12,Maintenir et suivre la saisonnalité,0.0
22162,HEART GARLAND RUSTIC PADDED,B,Poids mort,264.0,841.24,3.2348913043478262,3.2348913043478262,,Non calculable,0.041666666666666664,2010-12,Maintenir et suivre la saisonnalité,0.0
22994,TRAVEL CARD WALLET RETROSPOT,B,Dilemme,1909.0,837.24,0.5283105022831049,0.5283105022831049,,Non calculable,0.01571503404924044,2011-11,Tester visibilité ou promotion courte,0.0
15044B,BLUE PAPER PARASOL ,B,Poids mort,278.0,837.1800000000001,3.506666666666667,3.506666666666667,,Non calculable,0.0035971223021582736,2011-05,Maintenir et suivre la saisonnalité,0.0
20839,FRENCH PAISLEY CUSHION COVER ,B,Dilemme,575.0,837.15,2.362,2.362,,Non calculable,0.0,2011-09,Tester visibilité ou promotion courte,0.0
21648,ASSORTED TUTTI FRUTTI SMALL PURSE,B,Dilemme,598.5,837.05,1.878939393939394,1.878939393939394,,Non calculable,0.001670843776106934,2010-12,Tester visibilité ou promotion courte,0.0
22281,EASTER TREE YELLOW BIRDS,B,Poids mort,131.0,836.95,6.743650793650793,6.743650793650793,,Non calculable,0.0,2011-03,Maintenir et suivre la saisonnalité,0.0
22503,CABIN BAG VINTAGE PAISLEY,B,Poids mort,99.0,836.55,8.45,8.45,,Non calculable,0.13131313131313133,2010-12,Maintenir et suivre la saisonnalité,0.0
21200,MULTICOLOUR HONEYCOMB PAPER GARLAND,B,Dilemme,559.5,836.265,1.9658666666666667,1.9658666666666667,,Non calculable,0.0,2011-01,Tester visibilité ou promotion courte,0.0
21695,SMALL SILVER FLOWER CANDLE POT,B,Dilemme,276.5,835.5550000000001,3.365609756097561,3.365609756097561,,Non calculable,0.0,2011-10,Tester visibilité ou promotion courte,0.0
23086,ZINC  STAR T-LIGHT HOLDER ,B,Dilemme,649.5,835.06,1.5197872340425533,1.5197872340425533,,Non calculable,0.024634334103156273,2011-09,Tester visibilité ou promotion courte,0.0
20984,12 PENCILS TALL TUBE POSY,B,Dilemme,2634.5,832.425,0.38602272727272724,0.38602272727272724,,Non calculable,0.009109888024293035,2011-07,Tester visibilité ou promotion courte,0.0
22308,TEA COSY BLUE STRIPE,B,Dilemme,228.5,832.23,4.214476190476191,4.214476190476191,,Non calculable,0.0,2011-11,Tester visibilité ou promotion courte,0.0
84819,DANISH ROSE ROUND SEWING BOX,B,Poids mort,669.0,831.3,2.2196774193548388,2.2196774193548388,,Non calculable,0.005979073243647235,2010-12,Maintenir et suivre la saisonnalité,0.0
23225,CHERUB HEART DECORATION SILVER ,B,Dilemme,917.0,830.345,1.0939772727272727,1.0939772727272727,,Non calculable,0.07851690294438386,2011-11,Tester visibilité ou promotion courte,0.0
21804,WHITE CHRISTMAS GARLAND STARS TREES,B,Dilemme,225.0,830.03,3.7701515151515155,3.7701515151515155,,Non calculable,0.0,2011-11,Tester visibilité ou promotion courte,0.0
23529,WALL ART DOLLY GIRL ,B,Poids mort,242.5,829.375,4.338648648648649,4.338648648648649,,Non calculable,0.0,2011-10,Maintenir et suivre la saisonnalité,0.0
85176,SEWING SUSAN 21 NEEDLE SET,B,Dilemme,857.0,828.62,1.2030232558139533,1.2030232558139533,,Non calculable,0.0011668611435239206,2011-09,Tester visibilité ou promotion courte,0.0
23178,JAM CLOCK MAGNET,B,Dilemme,283.5,828.575,3.360294117647059,3.360294117647059,,Non calculable,0.01763668430335097,2011-03,Tester visibilité ou promotion courte,0.0
23517,EMBROIDERED RIBBON REEL REBECCA ,B,Poids mort,266.5,828.3050000000001,3.4480952380952385,3.4480952380952385,,Non calculable,0.0,2011-10,Maintenir et suivre la saisonnalité,0.0
22862,LOVE HEART NAPKIN BOX ,B,Poids mort,171.0,826.59,5.409411764705882,5.409411764705882,,Non calculable,0.0,2011-01,Maintenir et suivre la saisonnalité,0.0
72799E,IVORY PILLAR CANDLE SILVER FLOCK,B,Dilemme,335.5,825.7450000000001,2.8266233766233766,2.8266233766233766,,Non calculable,0.01788375558867362,2010-12,Tester visibilité ou promotion courte,0.0
22421,LIPSTICK PEN FUSCHIA,B,Dilemme,1609.0,825.025,0.6121395348837209,0.6121395348837209,,Non calculable,0.001243008079552517,2011-11,Tester visibilité ou promotion courte,0.0
21708,FOLDING UMBRELLA CREAM POLKADOT,B,Dilemme,182.5,822.965,4.26921875,4.26921875,,Non calculable,0.005479452054794521,2011-10,Tester visibilité ou promotion courte,0.0
23502,PLAYING CARDS VINTAGE DOILY ,B,Poids mort,642.5,822.05,1.3016842105263158,1.3016842105263158,,Non calculable,0.0,2011-10,Maintenir et suivre la saisonnalité,0.0
47504H,ENGLISH ROSE SPIRIT LEVEL ,B,Dilemme,796.5,819.825,1.7283898305084744,1.7283898305084744,,Non calculable,0.005021971123666039,2011-08,Tester visibilité ou promotion courte,0.0
22276,WASH BAG VINTAGE ROSE PAISLEY,B,Poids mort,282.5,819.735,3.3250588235294116,3.3250588235294116,,Non calculable,0.024778761061946902,2010-12,Maintenir et suivre la saisonnalité,0.0
22068,BLACK PIRATE TREASURE CHEST,B,Dilemme,473.5,818.905,2.382013888888889,2.382013888888889,,Non calculable,0.027455121436114043,2011-11,Tester visibilité ou promotion courte,0.0
22613,PACK OF 20 SPACEBOY NAPKINS,B,Poids mort,962.0,817.7149999999999,1.0078231292517008,1.0078231292517008,,Non calculable,0.010395010395010396,2011-01,Maintenir et suivre la saisonnalité,0.0
22701,PINK DOG BOWL,B,Poids mort,466.5,817.53,2.5988793103448278,2.5988793103448278,,Non calculable,0.03429796355841372,2011-12,Maintenir et suivre la saisonnalité,0.0
22305,COFFEE MUG PINK PAISLEY DESIGN,B,Poids mort,318.0,817.08,3.0107843137254897,3.0107843137254897,,Non calculable,0.0031446540880503146,2011-04,Maintenir et suivre la saisonnalité,0.0
85114C,RED ENCHANTED FOREST PLACEMAT,B,Dilemme,445.5,816.495,1.9419230769230769,1.9419230769230769,,Non calculable,0.0,2011-11,Tester visibilité ou promotion courte,0.0
23106,ZINC HEARTS PLANT POT HOLDER,B,Dilemme,291.0,815.59,2.9428301886792454,2.9428301886792454,,Non calculable,0.041237113402061855,2011-06,Tester visibilité ou promotion courte,0.0
85131A,BEADED PEARL HEART WHITE ON STICK,B,Poids mort,849.5,814.22,0.9148739495798318,0.9148739495798318,,Non calculable,0.015303119482048263,2011-07,Maintenir et suivre la saisonnalité,0.0
85114B,IVORY ENCHANTED FOREST PLACEMAT,B,Poids mort,414.0,811.14,2.204025974025974,2.204025974025974,,Non calculable,0.004830917874396135,2010-12,Maintenir et suivre la saisonnalité,0.0
22249,DECORATION WHITE CHICK MAGIC GARDEN,B,Poids mort,924.0,809.9449999999999,1.007364864864865,1.007364864864865,,Non calculable,0.004329004329004329,2011-03,Maintenir et suivre la saisonnalité,0.0
23004,TRAVEL CARD WALLET PANTRY,B,Dilemme,1778.5,809.29,0.6030357142857142,0.6030357142857142,,Non calculable,0.10345797019960641,2011-11,Tester visibilité ou promotion courte,0.0
22587,FELTCRAFT HAIRBAND RED AND BLUE,B,Dilemme,891.0,807.5699999999999,1.0437037037037036,1.0437037037037036,,Non calculable,0.0,2011-11,Tester visibilité ou promotion courte,0.0
22524,CHILDRENS GARDEN GLOVES BLUE,B,Poids mort,570.5,807.41,1.616829268292683,1.616829268292683,,Non calculable,0.0,2011-03,Maintenir et suivre la saisonnalité,0.0
84509B,SET OF 4 FAIRY CAKE PLACEMATS,B,Poids mort,217.0,806.04,3.8036250000000003,3.8036250000000003,,Non calculable,0.0,2011-01,Maintenir et suivre la saisonnalité,0.0
84596G,SMALL CHOCOLATES PINK BOWL,B,Dilemme,1580.0,805.74,0.6263967611336032,0.6263967611336032,,Non calculable,0.0,2011-04,Tester visibilité ou promotion courte,0.0
21880,RED RETROSPOT TAPE,B,Dilemme,1729.0,805.71,0.48406639004149377,0.48406639004149377,,Non calculable,0.006940427993059572,2011-01,Tester visibilité ou promotion courte,0.0
23179,CLOCK MAGNET MUM'S KITCHEN,B,Poids mort,273.0,803.49,3.5243396226415094,3.5243396226415094,,Non calculable,0.0,2011-03,Maintenir et suivre la saisonnalité,0.0
23409,PHOTO FRAME LINEN AND LACE LARGE,B,Poids mort,215.0,801.68,3.8148837209302324,3.8148837209302324,,Non calculable,0.03255813953488372,2011-09,Maintenir et suivre la saisonnalité,0.0
21211,SET OF 72 SKULL PAPER  DOILIES,B,Dilemme,541.0,801.17,1.7360576923076922,1.7360576923076922,,Non calculable,0.0,2011-10,Tester visibilité ou promotion courte,0.0
21631,HIPPY CHIC DECORATIVE PARASOL,B,Poids mort,167.5,799.845,6.747777777777777,6.747777777777777,,Non calculable,0.0,2011-01,Maintenir et suivre la saisonnalité,0.0
22341,LOVE GARLAND PAINTED ZINC ,B,Poids mort,433.5,799.355,2.4683333333333333,2.4683333333333333,,Non calculable,0.0,2011-01,Maintenir et suivre la saisonnalité,0.0
22046,TEA PARTY  WRAPPING PAPER ,B,Dilemme,1899.5,795.51,0.4189333333333333,0.4189333333333333,,Non calculable,0.017899447222953408,2011-11,Tester visibilité ou promotion courte,0.0
22537,MAGIC DRAWING SLATE DINOSAUR,B,Dilemme,1812.0,794.86,0.49179190751445084,0.49179190751445084,,Non calculable,0.026490066225165563,2011-11,Tester visibilité ou promotion courte,0.0
22770,MIRROR CORNICE,B,Dilemme,94.0,794.3,8.45,8.45,,Non calculable,0.0425531914893617,2011-03,Tester visibilité ou promotion courte,0.0
23347,I LOVE LONDON BEAKER,B,Poids mort,609.5,793.33,1.5569387755102042,1.5569387755102042,,Non calculable,0.05578342904019688,2011-08,Maintenir et suivre la saisonnalité,0.0
84459B,YELLOW METAL CHICKEN HEART ,B,Poids mort,490.0,790.92,2.0770652173913042,2.0770652173913042,,Non calculable,0.0,2011-03,Maintenir et suivre la saisonnalité,0.0
21786,POLKADOT RAIN HAT ,B,Poids mort,1551.5,789.73,0.6697835497835498,0.6697835497835498,,Non calculable,0.014179825974863036,2010-12,Maintenir et suivre la saisonnalité,0.0
85183A,CHARLIE & LOLA WASTEPAPER BIN BLUE,B,Dilemme,601.0,789.04,1.5657954545454544,1.5657954545454544,,Non calculable,0.0033277870216306157,2011-06,Tester visibilité ou promotion courte,0.0
84508A,CAMOUFLAGE DESIGN TEDDY,B,Poids mort,364.5,788.4,2.4124999999999996,2.4124999999999996,,Non calculable,0.0027434842249657062,2011-07,Maintenir et suivre la saisonnalité,0.0
84509G,SET OF 4 FAIRY CAKE PLACEMATS ,B,Poids mort,386.5,787.365,3.0195454545454545,3.0195454545454545,,Non calculable,0.0,2011-01,Maintenir et suivre la saisonnalité,0.0
21873,IF YOU CAN'T STAND THE HEAT MUG,B,Poids mort,760.0,787.03,1.6102586206896552,1.6102586206896552,,Non calculable,0.11973684210526316,2010-12,Maintenir et suivre la saisonnalité,0.0
84006,MAGIC TREE -PAPER FLOWERS,B,Dilemme,844.5,786.2249999999999,1.0551428571428572,1.0551428571428572,,Non calculable,0.0011841326228537595,2011-11,Tester visibilité ou promotion courte,0.0
22719,GUMBALL MONOCHROME COAT RACK,B,Poids mort,516.5,786.01,2.0745454545454542,2.0745454545454542,,Non calculable,0.01936108422071636,2011-03,Maintenir et suivre la saisonnalité,0.0
85036C,ROSE 1 WICK MORRIS BOXED CANDLE,B,Dilemme,449.5,785.235,2.427241379310345,2.427241379310345,,Non calculable,0.42936596218020023,2011-10,Vérifier qualité / description avant promotion,0.0
85159A,"BLACK TEA,COFFEE,SUGAR JARS",B,Poids mort,453.0,783.3499999999999,1.9734042553191489,1.9734042553191489,,Non calculable,0.08830022075055188,2011-01,Maintenir et suivre la saisonnalité,0.0
21125,SET 6 FOOTBALL CELEBRATION CANDLES,B,Dilemme,618.0,782.23,1.3202884615384616,1.3202884615384616,,Non calculable,0.003236245954692557,2011-10,Tester visibilité ou promotion courte,0.0
85035A,GARDENIA 3 WICK MORRIS BOXED CANDLE,B,Dilemme,276.0,782.2,3.785238095238095,3.785238095238095,,Non calculable,0.021739130434782608,2011-10,Tester visibilité ou promotion courte,0.0
22132,RED LOVE HEART SHAPE CUP,B,Poids mort,832.5,781.905,1.2053896103896105,1.2053896103896105,,Non calculable,0.014414414414414415,2011-01,Maintenir et suivre la saisonnalité,0.0
22705,WRAP GREEN PEARS ,B,Dilemme,1861.5,781.83,0.41999999999999993,0.41999999999999993,,Non calculable,0.013430029546065002,2011-06,Tester visibilité ou promotion courte,0.0
22338,STAR DECORATION PAINTED ZINC ,B,Dilemme,2329.5,780.905,0.44655913978494627,0.44655913978494627,,Non calculable,0.00901481004507405,2011-11,Tester visibilité ou promotion courte,0.0
22536,MAGIC DRAWING SLATE PURDEY,B,Dilemme,1900.0,777.365,0.44031847133757956,0.44031847133757956,,Non calculable,0.06315789473684211,2010-12,Tester visibilité ou promotion courte,0.0
16237,SLEEPING CAT ERASERS,B,Dilemme,3408.5,776.5799999999999,0.29846938775510207,0.29846938775510207,,Non calculable,0.01760305119554056,2011-11,Tester visibilité ou promotion courte,0.0
21069,VINTAGE BILLBOARD TEA MUG,B,Poids mort,558.0,776.0600000000001,1.7434883720930232,1.7434883720930232,,Non calculable,1.2562724014336917,2011-01,Vérifier qualité / description avant promotion,0.0
84509a,SET OF 4 ENGLISH ROSE PLACEMATS,B,Dilemme,104.0,775.84,7.46,7.46,,Non calculable,0.0,2011-06,Tester visibilité ou promotion courte,0.0
21986,PACK OF 12 PINK POLKADOT TISSUES,B,Dilemme,2322.5,775.6899999999999,0.4273298429319371,0.4273298429319371,,Non calculable,0.0,2011-08,Tester visibilité ou promotion courte,0.0
85103,SILVER T-LIGHT SETTING,B,Poids mort,126.0,774.74,6.4278571428571425,6.4278571428571425,,Non calculable,0.29365079365079366,2011-07,Vérifier qualité / description avant promotion,0.0
84279B,CHERRY BLOSSOM DECORATIVE FLASK,B,Poids mort,192.0,774.7,4.5343478260869565,4.5343478260869565,,Non calculable,0.036458333333333336,2011-04,Maintenir et suivre la saisonnalité,0.0
22566,FELTCRAFT HAIRBAND PINK AND PURPLE,B,Dilemme,853.5,773.2049999999999,1.0496078431372549,1.0496078431372549,,Non calculable,0.0,2011-11,Tester visibilité ou promotion courte,0.0
22340,NOEL GARLAND PAINTED ZINC ,B,Dilemme,1377.0,773.0799999999999,0.766328125,0.766328125,,Non calculable,0.008714596949891068,2011-11,Tester visibilité ou promotion courte,0.0
23516,EMBROIDERED RIBBON REEL SOPHIE  ,B,Poids mort,209.0,772.37,3.848181818181818,3.848181818181818,,Non calculable,0.0,2011-10,Maintenir et suivre la saisonnalité,0.0
21788,KIDS RAIN MAC BLUE,B,Dilemme,907.5,770.8649999999999,0.9096511627906977,0.9096511627906977,,Non calculable,0.024242424242424242,2011-08,Tester visibilité ou promotion courte,0.0
23514,EMBROIDERED RIBBON REEL SALLY ,B,Poids mort,362.5,770.645,2.349189189189189,2.349189189189189,,Non calculable,0.016551724137931035,2011-10,Maintenir et suivre la saisonnalité,0.0
21789,KIDS RAIN MAC PINK,B,Dilemme,886.0,770.5,0.9420430107526881,0.9420430107526881,,Non calculable,0.022573363431151242,2011-09,Tester visibilité ou promotion courte,0.0
21823,PAINTED METAL HEART WITH HOLLY BELL,B,Dilemme,1207.0,769.3299999999999,0.9436538461538462,0.9436538461538462,,Non calculable,0.0,2011-09,Tester visibilité ou promotion courte,0.0
21618,4 WILDFLOWER BOTANICAL CANDLES,B,Dilemme,404.0,768.37,2.4651546391752577,2.4651546391752577,,Non calculable,0.0,2011-10,Tester visibilité ou promotion courte,0.0
22152,PLACE SETTING WHITE STAR,B,Dilemme,1670.5,767.96,0.5537614678899082,0.5537614678899082,,Non calculable,0.002394492666866208,2011-11,Tester visibilité ou promotion courte,0.0
35924,HANGING FAIRY CAKE DECORATION,B,Poids mort,395.5,766.895,2.546081081081081,2.546081081081081,,Non calculable,0.4525916561314791,2010-12,Vérifier qualité / description avant promotion,0.0
22685,FRENCH BLUE METAL DOOR SIGN 0,B,Poids mort,582.5,766.425,1.5481818181818183,1.5481818181818183,,Non calculable,0.017167381974248927,2011-03,Maintenir et suivre la saisonnalité,0.0
23002,TRAVEL CARD WALLET SKULLS,B,Dilemme,1766.5,766.32,0.5232474226804124,0.5232474226804124,,Non calculable,0.072459666006227,2011-11,Tester visibilité ou promotion courte,0.0
23140,TRIPLE WIRE HOOK IVORY HEART,B,Dilemme,182.0,766.1,4.535769230769231,4.535769230769231,,Non calculable,0.06593406593406594,2011-06,Tester visibilité ou promotion courte,0.0
23331,DECORATIVE WICKER HEART SMALL,B,Poids mort,1115.0,764.6500000000001,0.781578947368421,0.781578947368421,,Non calculable,0.0,2011-11,Maintenir et suivre la saisonnalité,0.0
22228,BUNNY WOODEN PAINTED WITH BIRD ,B,Poids mort,973.0,763.8,0.9306802721088435,0.9306802721088435,,Non calculable,0.0020554984583761563,2011-03,Maintenir et suivre la saisonnalité,0.0
21802,CHRISTMAS TREE HEART DECORATION,B,Dilemme,1729.5,760.92,0.4531868131868132,0.4531868131868132,,Non calculable,0.0005782017924255566,2010-12,Tester visibilité ou promotion courte,0.0
23025,DRAWER KNOB VINTAGE GLASS BALL,B,Poids mort,350.0,760.8000000000001,2.269814814814815,2.269814814814815,,Non calculable,0.017142857142857144,2011-09,Maintenir et suivre la saisonnalité,0.0
85170D,SET/6 PINK BIRD T-LIGHT CANDLES,B,Poids mort,407.5,760.015,2.7365,2.7365,,Non calculable,0.012269938650306749,2011-01,Maintenir et suivre la saisonnalité,0.0
22066,LOVE HEART TRINKET POT,B,Poids mort,1507.5,759.525,0.6829496402877698,0.6829496402877698,,Non calculable,0.003316749585406302,2011-01,Maintenir et suivre la saisonnalité,0.0
21809,CHRISTMAS HANGING TREE WITH BELL,B,Dilemme,1217.0,759.51,0.9476859504132231,0.9476859504132231,,Non calculable,0.0,2011-09,Tester visibilité ou promotion courte,0.0
23071,MARIE ANTOINETTE TRINKET BOX GOLD,B,Dilemme,160.5,759.45,7.359999999999999,7.359999999999999,,Non calculable,0.4735202492211838,2011-10,Vérifier qualité / description avant promotion,0.0
21927,BLUE/CREAM STRIPE CUSHION COVER ,B,Dilemme,611.5,758.96,1.2481,1.2481,,Non calculable,0.06377759607522486,2011-06,Tester visibilité ou promotion courte,0.0
22586,FELTCRAFT HAIRBAND PINK AND BLUE,B,Dilemme,837.5,758.8249999999999,1.0627777777777776,1.0627777777777776,,Non calculable,0.057313432835820896,2011-11,Tester visibilité ou promotion courte,0.0
20966,SANDWICH BATH SPONGE,B,Poids mort,481.5,758.51,1.9605154639175257,1.9605154639175257,,Non calculable,0.0,2010-12,Maintenir et suivre la saisonnalité,0.0
21199,PINK  HEART CONFETTI IN TUBE,B,Poids mort,703.5,757.995,1.5878481012658228,1.5878481012658228,,Non calculable,0.06823027718550106,2011-01,Maintenir et suivre la saisonnalité,0.0
21530,DAIRY MAID TOASTRACK,B,Dilemme,762.0,757.72,1.614952380952381,1.614952380952381,,Non calculable,0.08005249343832022,2011-07,Tester visibilité ou promotion courte,0.0
84519A,TOMATO CHARLIE+LOLA COASTER SET,B,Poids mort,434.0,757.35,2.508522727272727,2.508522727272727,,Non calculable,0.0,2011-11,Maintenir et suivre la saisonnalité,0.0
22814,CARD PARTY GAMES ,B,Dilemme,1759.0,754.76,0.4929361702127659,0.4929361702127659,,Non calculable,0.0,2011-07,Tester visibilité ou promotion courte,0.0
21707,FOLDING UMBRELLA BLACKBLUE POLKADOT,B,Dilemme,160.0,754.6,4.758918918918919,4.758918918918919,,Non calculable,0.0,2011-11,Tester visibilité ou promotion courte,0.0
84913B,MINT GREEN ROSE TOWEL,B,Poids mort,196.0,754.07,3.64,3.64,,Non calculable,0.0,2011-01,Maintenir et suivre la saisonnalité,0.0
23431,NATURAL HANGING QUILTED HEARTS ,B,Poids mort,882.0,753.63,1.2374324324324324,1.2374324324324324,,Non calculable,0.018140589569160998,2011-09,Maintenir et suivre la saisonnalité,0.0
23515,EMBROIDERED RIBBON REEL DAISY ,B,Poids mort,348.0,751.49,2.3925,2.3925,,Non calculable,0.0,2011-10,Maintenir et suivre la saisonnalité,0.0
21819,GLITTER CHRISTMAS STAR ,B,Dilemme,1690.0,750.03,0.544812030075188,0.544812030075188,,Non calculable,0.0,2011-11,Tester visibilité ou promotion courte,0.0
22091,EMPIRE TISSUE BOX,B,Dilemme,1339.5,749.765,0.958502994011976,0.958502994011976,,Non calculable,0.005225830533781261,2011-10,Tester visibilité ou promotion courte,0.0
22277,COSMETIC BAG VINTAGE ROSE PAISLEY,B,Dilemme,338.0,749.715,2.6088,2.6088,,Non calculable,0.0,2010-12,Tester visibilité ou promotion courte,0.0
21058,PARTY INVITES WOODLAND,B,Dilemme,864.5,749.615,0.9721774193548387,0.9721774193548387,,Non calculable,0.013880855986119144,2011-01,Tester visibilité ou promotion courte,0.0
21633,SUNFLOWER DECORATIVE PARASOL,B,Poids mort,123.5,749.485,7.956666666666665,7.956666666666665,,Non calculable,0.008097165991902834,2011-01,Maintenir et suivre la saisonnalité,0.0
21126,SET OF 6 GIRLS CELEBRATION CANDLES,B,Poids mort,592.0,748.95,1.3354330708661417,1.3354330708661417,,Non calculable,0.0,2011-01,Maintenir et suivre la saisonnalité,0.0
84519B,CARROT CHARLIE+LOLA COASTER SET,B,Poids mort,451.5,748.925,2.3733858267716537,2.3733858267716537,,Non calculable,0.0,2011-01,Maintenir et suivre la saisonnalité,0.0
22495,SET OF 2 ROUND TINS CAMEMBERT ,B,Dilemme,282.0,748.82,3.648367346938776,3.648367346938776,,Non calculable,0.02127659574468085,2010-12,Tester visibilité ou promotion courte,0.0
23220,REINDEER HEART DECORATION GOLD,B,Poids mort,831.0,747.395,1.0827884615384615,1.0827884615384615,,Non calculable,0.0,2011-11,Maintenir et suivre la saisonnalité,0.0
21905,MORE BUTTER METAL SIGN ,B,Dilemme,665.5,746.955,1.401625,1.401625,,Non calculable,0.0,2011-07,Tester visibilité ou promotion courte,0.0
85114A,BLACK ENCHANTED FOREST PLACEMAT,B,Poids mort,401.5,746.035,2.0494642857142855,2.0494642857142855,,Non calculable,0.0,2010-12,Maintenir et suivre la saisonnalité,0.0
22481,BLACK TEA TOWEL CLASSIC DESIGN,B,Dilemme,817.5,744.375,1.076846153846154,1.076846153846154,,Non calculable,0.0,2011-01,Tester visibilité ou promotion courte,0.0
23324,RUSTIC STRAWBERRY JAM POT LARGE ,B,Poids mort,360.0,743.89,2.209318181818182,2.209318181818182,,Non calculable,0.09722222222222222,2011-09,Maintenir et suivre la saisonnalité,0.0
22416,SET OF 36 SPACEBOY PAPER DOILIES,B,Poids mort,514.0,743.7199999999999,1.5871052631578946,1.5871052631578946,,Non calculable,0.011673151750972763,2011-03,Maintenir et suivre la saisonnalité,0.0
84609,TALL ROCOCO CANDLE HOLDER,B,Dilemme,93.0,742.65,8.33,8.33,,Non calculable,0.021505376344086023,2011-11,Tester visibilité ou promotion courte,0.0
84535B,FAIRY CAKES NOTEBOOK A6 SIZE,B,Dilemme,1083.5,741.8050000000001,0.9028205128205128,0.9028205128205128,,Non calculable,0.08767881864328565,2011-10,Tester visibilité ou promotion courte,0.0
23533,WALL ART GARDEN HAVEN ,B,Poids mort,156.5,740.585,5.61,5.61,,Non calculable,0.0,2011-10,Maintenir et suivre la saisonnalité,0.0
85169A,IVORY LOVE BIRD CANDLE,B,Poids mort,734.0,738.225,1.3231460674157303,1.3231460674157303,,Non calculable,0.0,2011-01,Maintenir et suivre la saisonnalité,0.0
15056bl,EDWARDIAN PARASOL BLACK,B,Dilemme,87.0,735.15,8.45,8.45,,Non calculable,0.0,2010-12,Tester visibilité ou promotion courte,0.0
22706,WRAP COWBOYS  ,B,Dilemme,1753.0,733.98,0.4188732394366197,0.4188732394366197,,Non calculable,0.01426126640045636,2011-07,Tester visibilité ou promotion courte,0.0
90057,DIAMANTE RING ASSORTED IN BOX.,B,Dilemme,546.0,733.86,1.3472727272727274,1.3472727272727274,,Non calculable,0.0,2011-11,Tester visibilité ou promotion courte,0.0
23454,THREE MINI HANGING FRAMES,B,Poids mort,174.0,733.2,4.5190909090909095,4.5190909090909095,,Non calculable,0.011494252873563218,2011-11,Maintenir et suivre la saisonnalité,0.0
21677,HEARTS  STICKERS,B,Poids mort,827.5,732.4399999999999,1.0332773109243696,1.0332773109243696,,Non calculable,0.014501510574018127,2011-01,Maintenir et suivre la saisonnalité,0.0
22422,TOOTHPASTE TUBE PEN,B,Dilemme,974.5,731.895,1.0353846153846153,1.0353846153846153,,Non calculable,0.0,2011-11,Tester visibilité ou promotion courte,0.0
22322,BIRD DECORATION GREEN POLKADOT,B,Poids mort,799.5,731.615,1.1363309352517985,1.1363309352517985,,Non calculable,0.0150093808630394,2011-01,Maintenir et suivre la saisonnalité,0.0
85173,SET/6 FROG PRINCE T-LIGHT CANDLES,B,Poids mort,420.5,728.915,2.90367816091954,2.90367816091954,,Non calculable,0.011890606420927468,2011-01,Maintenir et suivre la saisonnalité,0.0
23006,TRAVEL CARD WALLET FLOWER MEADOW,B,Poids mort,1675.5,728.1,0.5191907514450866,0.5191907514450866,,Non calculable,0.046553267681289166,2011-03,Maintenir et suivre la saisonnalité,0.0
22518,CHILDS GARDEN BRUSH BLUE,B,Poids mort,333.0,728.04,2.668024691358025,2.668024691358025,,Non calculable,0.0,2011-02,Maintenir et suivre la saisonnalité,0.0
85231B,CINAMMON SET OF 9 T-LIGHTS,B,Dilemme,799.0,727.9,1.073896103896104,1.073896103896104,,Non calculable,0.01376720901126408,2010-12,Tester visibilité ou promotion courte,0.0
22753,SMALL YELLOW BABUSHKA NOTEBOOK ,B,Dilemme,966.5,726.81,0.9668036529680365,0.9668036529680365,,Non calculable,0.0,2011-11,Tester visibilité ou promotion courte,0.0
22684,FRENCH BLUE METAL DOOR SIGN 9,B,Poids mort,531.0,726.07,1.704,1.704,,Non calculable,0.02448210922787194,2011-03,Maintenir et suivre la saisonnalité,0.0
22802,FAUX FUR CHOCOLATE THROW,B,Poids mort,87.0,725.65,8.398979591836733,8.398979591836733,,Non calculable,0.0,2010-12,Maintenir et suivre la saisonnalité,0.0
22250,DECORATION  BUTTERFLY  MAGIC GARDEN,B,Poids mort,812.0,725.455,1.0487837837837837,1.0487837837837837,,Non calculable,0.0049261083743842365,2011-01,Maintenir et suivre la saisonnalité,0.0
90200D,PINK SWEETHEART BRACELET,B,Dilemme,175.0,725.32,4.1883333333333335,4.1883333333333335,,Non calculable,0.0,2011-10,Tester visibilité ou promotion courte,0.0
85131D,BEADED CRYSTAL HEART PINK ON STICK,B,Poids mort,850.0,725.26,0.8429126213592232,0.8429126213592232,,Non calculable,0.0,2011-01,Maintenir et suivre la saisonnalité,0.0
22095,LADS ONLY TISSUE BOX,B,Dilemme,855.5,723.615,1.1489333333333334,1.1489333333333334,,Non calculable,0.010520163646990065,2010-12,Tester visibilité ou promotion courte,0.0
22217,T-LIGHT HOLDER HANGING LACE,B,Dilemme,691.5,722.71,1.318170731707317,1.318170731707317,,Non calculable,0.05784526391901663,2011-12,Tester visibilité ou promotion courte,0.0
22155,STAR DECORATION RUSTIC,B,Dilemme,1493.5,721.815,0.5784563758389262,0.5784563758389262,,Non calculable,0.03213927017073987,2011-11,Tester visibilité ou promotion courte,0.0
23115,RED APPLES CHOPPING BOARD   ,B,Poids mort,144.5,720.475,5.476666666666667,5.476666666666667,,Non calculable,0.0,2011-10,Maintenir et suivre la saisonnalité,0.0
85035B,CHOCOLATE 3 WICK MORRIS BOX CANDLE,B,Poids mort,352.0,720.33,3.3067142857142855,3.3067142857142855,,Non calculable,0.0,2010-12,Maintenir et suivre la saisonnalité,0.0
84313C,ORANGE TV TRAY TABLE ,B,Poids mort,279.0,718.63,3.7993023255813956,3.7993023255813956,,Non calculable,0.0,2011-01,Maintenir et suivre la saisonnalité,0.0
23335,EGG FRYING PAN IVORY ,B,Poids mort,338.0,718.63,2.3288659793814435,2.3288659793814435,,Non calculable,0.03550295857988166,2011-11,Maintenir et suivre la saisonnalité,0.0
22451,SILK PURSE BABUSHKA RED,B,Poids mort,202.5,718.2750000000001,4.14686274509804,4.14686274509804,,Non calculable,0.0,2010-12,Maintenir et suivre la saisonnalité,0.0
23072,MARIE ANTOINETTE TRINKET BOX SILVER,B,Dilemme,155.5,717.1999999999999,7.723333333333333,7.723333333333333,,Non calculable,0.4630225080385852,2011-10,Vérifier qualité / description avant promotion,0.0
22201,FRYING PAN BLUE POLKADOT,B,Poids mort,193.0,716.78,4.299310344827586,4.299310344827586,,Non calculable,0.010362694300518135,2011-01,Maintenir et suivre la saisonnalité,0.0
85125,SMALL ROUND CUT GLASS CANDLESTICK,B,Dilemme,154.5,716.405,4.953333333333333,4.953333333333333,,Non calculable,0.0,2011-11,Tester visibilité ou promotion courte,0.0
21717,EASTER TIN BUCKET,B,Poids mort,298.0,715.93,2.684878048780488,2.684878048780488,,Non calculable,0.0,2011-01,Maintenir et suivre la saisonnalité,0.0
16016,LARGE CHINESE STYLE SCISSOR,B,Dilemme,848.0,714.495,0.8460000000000001,0.8460000000000001,,Non calculable,0.0,2011-11,Tester visibilité ou promotion courte,0.0
84849D,HOT BATHS SOAP HOLDER,B,Poids mort,407.0,711.97,1.8581739130434782,1.8581739130434782,,Non calculable,0.05405405405405406,2011-04,Maintenir et suivre la saisonnalité,0.0
22245,"HOOK, 1 HANGER ,MAGIC GARDEN",B,Poids mort,790.5,711.735,1.1806060606060607,1.1806060606060607,,Non calculable,0.006325110689437065,2011-01,Maintenir et suivre la saisonnalité,0.0
21070,VINTAGE BILLBOARD MUG ,B,Dilemme,559.0,710.07,1.6324074074074075,1.6324074074074075,,Non calculable,0.0,2011-10,Tester visibilité ou promotion courte,0.0
84581,DOG TOY WITH PINK CROCHET SKIRT,B,Dilemme,187.0,709.71,3.844,3.844,,Non calculable,0.0,2011-10,Tester visibilité ou promotion courte,0.0
23070,EDWARDIAN HEART PHOTO FRAME,B,Dilemme,160.0,709.5400000000001,5.090909090909091,5.090909090909091,,Non calculable,0.0,2011-05,Tester visibilité ou promotion courte,0.0
21775,DECORATIVE FLORE BATHROOM BOTTLE,B,Poids mort,495.5,708.67,1.8763309352517985,1.8763309352517985,,Non calculable,0.006054490413723511,2011-01,Maintenir et suivre la saisonnalité,0.0
22393,PAPERWEIGHT VINTAGE COLLAGE,B,Dilemme,435.0,707.63,2.9073239436619716,2.9073239436619716,,Non calculable,0.009195402298850575,2011-10,Tester visibilité ou promotion courte,0.0
22454,MEASURING TAPE BABUSHKA RED,B,Poids mort,246.5,707.2950000000001,3.0623809523809524,3.0623809523809524,,Non calculable,0.0,2010-12,Maintenir et suivre la saisonnalité,0.0
23551,PACK OF 12 PAISLEY PARK TISSUES ,B,Poids mort,1659.0,706.42,0.5168115942028985,0.5168115942028985,,Non calculable,0.0,2011-09,Maintenir et suivre la saisonnalité,0.0
21383,PACK OF 12 STICKY BUNNIES,B,Poids mort,919.5,704.805,1.0253254437869823,1.0253254437869823,,Non calculable,0.002175095160413268,2011-03,Maintenir et suivre la saisonnalité,0.0
10125,MINI FUNKY DESIGN TAPES,B,Poids mort,933.0,704.78,0.8597849462365591,0.8597849462365591,,Non calculable,0.0,2011-01,Maintenir et suivre la saisonnalité,0.0
23282,FOLDING BUTTERFLY MIRROR IVORY ,B,Dilemme,737.0,703.86,1.255912408759124,1.255912408759124,,Non calculable,0.0,2011-05,Tester visibilité ou promotion courte,0.0
21356,TOAST ITS - FAIRY FLOWER,B,Dilemme,642.0,703.3,1.219078947368421,1.219078947368421,,Non calculable,0.0,2011-11,Tester visibilité ou promotion courte,0.0
21739,COSY SLIPPER SHOES SMALL GREEN,B,Dilemme,254.0,703.08,2.763153153153153,2.763153153153153,,Non calculable,0.0,2011-11,Tester visibilité ou promotion courte,0.0
21106,CREAM SLICE FLANNEL CHOCOLATE SPOT ,B,Dilemme,237.0,702.5100000000001,3.8114814814814815,3.8114814814814815,,Non calculable,0.0,2011-11,Tester visibilité ou promotion courte,0.0
22700,BLACK AND WHITE DOG BOWL,B,Poids mort,474.5,701.635,2.634807692307693,2.634807692307693,,Non calculable,0.04636459430979979,2011-01,Maintenir et suivre la saisonnalité,0.0
23513,EMBROIDERED RIBBON REEL SUSIE ,B,Poids mort,335.0,700.77,2.306,2.306,,Non calculable,0.01791044776119403,2011-10,Maintenir et suivre la saisonnalité,0.0
22857,ASSORTED EASTER GIFT TAGS,B,Poids mort,806.0,700.49,1.2195081967213115,1.2195081967213115,,Non calculable,0.0,2011-03,Maintenir et suivre la saisonnalité,0.0
22821,GIFT BAG PSYCHEDELIC APPLES,B,Dilemme,1125.0,697.14,0.7051079136690648,0.7051079136690648,,Non calculable,0.010666666666666666,2011-07,Tester visibilité ou promotion courte,0.0
23564,EGG CUP MILKMAID INGRID,B,Poids mort,509.0,696.815,1.7567105263157894,1.7567105263157894,,Non calculable,0.0,2011-10,Maintenir et suivre la saisonnalité,0.0
85130B,BEADED CRYSTAL HEART GREEN LARGE,B,Dilemme,751.5,695.255,1.382741935483871,1.382741935483871,,Non calculable,0.0,2011-09,Tester visibilité ou promotion courte,0.0
23114,VINTAGE LEAF CHOPPING BOARD  ,B,Poids mort,141.5,695.125,5.243333333333334,5.243333333333334,,Non calculable,0.02120141342756184,2011-10,Maintenir et suivre la saisonnalité,0.0
21209,MULTICOLOUR HONEYCOMB FAN,B,Poids mort,865.5,694.9449999999999,1.396629213483146,1.396629213483146,,Non calculable,0.0219526285384171,2011-02,Maintenir et suivre la saisonnalité,0.0
23223,CHRISTMAS TREE HANGING SILVER ,B,Poids mort,747.5,694.1850000000001,1.089438202247191,1.089438202247191,,Non calculable,0.0,2011-11,Maintenir et suivre la saisonnalité,0.0
22523,CHILDS GARDEN FORK PINK,B,Poids mort,796.5,693.435,0.9484444444444444,0.9484444444444444,,Non calculable,0.015065913370998116,2011-05,Maintenir et suivre la saisonnalité,0.0
22893,MINI CAKE STAND T-LIGHT HOLDER,B,Poids mort,1332.5,693.025,0.6406293706293706,0.6406293706293706,,Non calculable,0.01575984990619137,2011-02,Maintenir et suivre la saisonnalité,0.0
23042,PAPER LANTERN 7 POINT SNOW STAR,B,Dilemme,103.0,692.15,6.8428571428571425,6.8428571428571425,,Non calculable,0.0970873786407767,2011-11,Tester visibilité ou promotion courte,0.0
21883,STARS GIFT TAPE ,B,Poids mort,1486.0,690.69,0.6445864661654136,0.6445864661654136,,Non calculable,0.0006729475100942127,2011-01,Maintenir et suivre la saisonnalité,0.0
22514,CHILDS GARDEN SPADE BLUE,B,Poids mort,294.5,690.575,2.528888888888889,2.528888888888889,,Non calculable,0.0,2011-05,Maintenir et suivre la saisonnalité,0.0
84568,GIRLS ALPHABET IRON ON PATCHES ,B,Dilemme,1978.5,690.155,0.3868027210884354,0.3868027210884354,,Non calculable,0.0,2011-11,Tester visibilité ou promotion courte,0.0
85194L,HANGING SPRING FLOWER EGG LARGE,B,Poids mort,771.5,688.73,1.02986301369863,1.02986301369863,,Non calculable,0.03629293583927414,2011-03,Maintenir et suivre la saisonnalité,0.0
21162,TOXIC AREA  DOOR HANGER ,B,Dilemme,1192.0,687.68,0.9853658536585366,0.9853658536585366,,Non calculable,0.0,2011-11,Tester visibilité ou promotion courte,0.0
23380,PACK OF 12 VINTAGE DOILY TISSUES,B,Poids mort,1639.0,687.385,0.48520325203252035,0.48520325203252035,,Non calculable,0.021964612568639415,2011-09,Maintenir et suivre la saisonnalité,0.0
85036A,GARDENIA 1 WICK MORRIS BOXED CANDLE,B,Poids mort,203.5,685.775,3.9118749999999998,3.9118749999999998,,Non calculable,0.004914004914004914,2011-02,Maintenir et suivre la saisonnalité,0.0
85049D,BRIGHT BLUES RIBBONS ,B,Poids mort,539.5,685.615,1.2957798165137615,1.2957798165137615,,Non calculable,0.0,2011-03,Maintenir et suivre la saisonnalité,0.0
84459A,PINK METAL CHICKEN HEART ,B,Poids mort,417.5,685.055,2.2159574468085106,2.2159574468085106,,Non calculable,0.1437125748502994,2011-03,Maintenir et suivre la saisonnalité,0.0
21215,IVORY PAPER CUP CAKE CASES ,B,Poids mort,956.5,684.47,0.9225396825396827,0.9225396825396827,,Non calculable,0.0,2011-03,Maintenir et suivre la saisonnalité,0.0
22786,CUSHION COVER PINK UNION JACK,B,Poids mort,123.0,683.5500000000001,6.207446808510638,6.207446808510638,,Non calculable,0.0,2011-03,Maintenir et suivre la saisonnalité,0.0
22718,CARD CAT AND TREE ,B,Poids mort,1538.5,682.76,0.5764285714285714,0.5764285714285714,,Non calculable,0.015599610009749756,2011-09,Maintenir et suivre la saisonnalité,0.0
46776B,WOVEN BERRIES CUSHION COVER ,B,Dilemme,161.0,679.67,4.211818181818182,4.211818181818182,,Non calculable,0.0,2011-09,Tester visibilité ou promotion courte,0.0
22098,BOUDOIR SQUARE TISSUE BOX,B,Dilemme,1164.0,678.63,0.9610112359550562,0.9610112359550562,,Non calculable,0.06443298969072164,2011-10,Tester visibilité ou promotion courte,0.0
21084,SET/6 COLLAGE PAPER CUPS,B,Dilemme,2120.5,677.895,0.5010869565217392,0.5010869565217392,,Non calculable,0.01131808535722707,2011-04,Tester visibilité ou promotion courte,0.0
22479,DAISY GARDEN MARKER,B,Poids mort,476.0,677.33,1.7758163265306122,1.7758163265306122,,Non calculable,0.0,2011-03,Maintenir et suivre la saisonnalité,0.0
21205,MULTICOLOUR 3D BALLS GARLAND,B,Poids mort,253.0,677.1899999999999,2.811971830985915,2.811971830985915,,Non calculable,0.07905138339920949,2011-01,Maintenir et suivre la saisonnalité,0.0
17091J,VANILLA INCENSE IN TIN,B,Dilemme,1494.0,676.025,0.7027272727272726,0.7027272727272726,,Non calculable,0.0,2010-12,Tester visibilité ou promotion courte,0.0
23462,ROCOCO WALL MIRROR WHITE,B,Poids mort,80.0,676.0,8.45,8.45,,Non calculable,0.225,2011-10,Vérifier qualité / description avant promotion,0.0
85032A,ROMANTIC IMAGES GIFT WRAP SET,B,Dilemme,718.5,674.115,1.0937037037037038,1.0937037037037038,,Non calculable,0.0,2011-09,Tester visibilité ou promotion courte,0.0
22343,PARTY PIZZA DISH RED RETROSPOT,B,Poids mort,1407.0,674.085,0.6028723404255318,0.6028723404255318,,Non calculable,0.01279317697228145,2011-01,Maintenir et suivre la saisonnalité,0.0
21822,GLITTER CHRISTMAS TREE WITH BELLS,B,Dilemme,642.5,673.715,1.324059405940594,1.324059405940594,,Non calculable,0.004669260700389105,2011-11,Tester visibilité ou promotion courte,0.0
23487,SWEET HEART CAKE CARRIER,B,Poids mort,80.0,673.4,8.44090909090909,8.44090909090909,,Non calculable,0.1125,2011-11,Maintenir et suivre la saisonnalité,0.0
21351,CINAMMON & ORANGE WREATH,B,Dilemme,104.0,672.88,6.652222222222222,6.652222222222222,,Non calculable,0.0673076923076923,2010-12,Tester visibilité ou promotion courte,0.0
21696,SMALL SILVER TRELLIS CANDLEPOT,B,Poids mort,224.0,672.4000000000001,3.3015151515151517,3.3015151515151517,,Non calculable,0.05357142857142857,2011-04,Maintenir et suivre la saisonnalité,0.0
47591d,PINK FAIRY CAKE CHILDRENS APRON,B,Poids mort,134.0,672.24,4.968928571428571,4.968928571428571,,Non calculable,0.0,2010-12,Maintenir et suivre la saisonnalité,0.0
84923,PINK BUTTERFLY HANDBAG W BOBBLES,B,Dilemme,162.0,671.62,4.146326530612245,4.146326530612245,,Non calculable,0.0,2011-11,Tester visibilité ou promotion courte,0.0
22106,MIRROR MOSAIC HURRICANE LAMP ,B,Dilemme,166.0,669.63,5.131914893617021,5.131914893617021,,Non calculable,0.7289156626506024,2011-10,Vérifier qualité / description avant promotion,0.0
22204,MILK PAN BLUE POLKADOT,B,Poids mort,197.0,669.54,3.7055,3.7055,,Non calculable,0.025380710659898477,2011-01,Maintenir et suivre la saisonnalité,0.0
21158,MOODY GIRL DOOR HANGER ,B,Dilemme,1179.5,668.965,0.9722285714285716,0.9722285714285716,,Non calculable,0.020347604917337857,2011-11,Tester visibilité ou promotion courte,0.0
20704,MR ROBOT SOFT TOY,B,Poids mort,216.0,668.7,5.1886363636363635,5.1886363636363635,,Non calculable,0.018518518518518517,2010-12,Maintenir et suivre la saisonnalité,0.0
23550,WRAP ALPHABET POSTER  ,B,Poids mort,1597.5,668.67,0.41875,0.41875,,Non calculable,0.0,2011-08,Maintenir et suivre la saisonnalité,0.0
23444,Next Day Carriage,B,Dilemme,79.0,667.55,8.45,8.45,,Non calculable,0.012658227848101266,2011-11,Tester visibilité ou promotion courte,0.0
22287,DECORATION WOBBLY CHICKEN,B,Poids mort,663.5,665.965,1.5314999999999999,1.5314999999999999,,Non calculable,0.01808590806330068,2011-03,Maintenir et suivre la saisonnalité,0.0
21743,STAR PORTABLE TABLE LIGHT ,B,Poids mort,212.0,665.8000000000001,3.8757142857142854,3.8757142857142854,,Non calculable,0.04245283018867924,2010-12,Maintenir et suivre la saisonnalité,0.0
21680,WOODLAND  STICKERS,B,Dilemme,725.5,665.185,1.2149514563106796,1.2149514563106796,,Non calculable,0.0,2011-11,Tester visibilité ou promotion courte,0.0
22539,MINI JIGSAW DOLLY GIRL,B,Poids mort,1584.5,664.515,0.56,0.56,,Non calculable,0.0,2011-10,Maintenir et suivre la saisonnalité,0.0
79066K,RETRO MOD TRAY,B,Dilemme,744.0,664.38,1.0782876712328768,1.0782876712328768,,Non calculable,0.016129032258064516,2011-11,Tester visibilité ou promotion courte,0.0
22254,FELT TOADSTOOL LARGE,B,Poids mort,493.5,663.49,1.6237704918032787,1.6237704918032787,,Non calculable,0.0,2011-03,Maintenir et suivre la saisonnalité,0.0
23557,LANDMARK FRAME BAKER STREET ,B,Poids mort,78.5,663.325,8.45,8.45,,Non calculable,0.0,2011-10,Maintenir et suivre la saisonnalité,0.0
22400,MAGNETS PACK OF 4 HOME SWEET HOME,B,Dilemme,1220.5,661.8149999999999,0.6709868421052632,0.6709868421052632,,Non calculable,0.0008193363375665711,2011-07,Tester visibilité ou promotion courte,0.0
22153,ANGEL DECORATION STARS ON DRESS,B,Dilemme,1487.5,661.48,0.5472058823529412,0.5472058823529412,,Non calculable,0.047058823529411764,2011-11,Tester visibilité ou promotion courte,0.0
47593B,SCOTTIE DOGS BABY BIB,B,Dilemme,1250.5,658.895,0.6978542510121458,0.6978542510121458,,Non calculable,0.0,2011-11,Tester visibilité ou promotion courte,0.0
21395,BLUE POLKADOT BEAKER ,B,Dilemme,1606.5,658.775,0.5415555555555556,0.5415555555555556,,Non calculable,0.006224712107065048,2011-07,Tester visibilité ou promotion courte,0.0
72349b,SET/6 PURPLE BUTTERFLY T-LIGHTS,B,Poids mort,159.0,658.51,4.144634146341463,4.144634146341463,,Non calculable,0.0,2011-03,Maintenir et suivre la saisonnalité,0.0
22450,SILK PURSE BABUSHKA BLUE,B,Poids mort,194.0,657.76,3.5171186440677964,3.5171186440677964,,Non calculable,0.005154639175257732,2010-12,Maintenir et suivre la saisonnalité,0.0
22936,BAKING MOULD ROSE WHITE CHOCOLATE,B,Poids mort,192.0,656.72,4.326153846153846,4.326153846153846,,Non calculable,0.375,2011-03,Vérifier qualité / description avant promotion,0.0
22448,PIN CUSHION BABUSHKA RED,B,Dilemme,201.0,656.4300000000001,3.8984444444444444,3.8984444444444444,,Non calculable,0.0,2011-01,Tester visibilité ou promotion courte,0.0
22324,BLUE POLKADOT KIDS BAG,B,Dilemme,266.5,656.125,3.4390666666666667,3.4390666666666667,,Non calculable,0.0,2011-09,Tester visibilité ou promotion courte,0.0
79067,CORONA MEXICAN TRAY,B,Poids mort,150.5,656.025,5.860526315789474,5.860526315789474,,Non calculable,0.0,2010-12,Maintenir et suivre la saisonnalité,0.0
22026,BANQUET BIRTHDAY  CARD  ,B,Dilemme,1491.0,655.65,0.57325,0.57325,,Non calculable,0.008048289738430584,2011-05,Tester visibilité ou promotion courte,0.0
22522,CHILDS GARDEN FORK BLUE ,B,Poids mort,766.5,654.87,0.8972307692307693,0.8972307692307693,,Non calculable,0.015655577299412915,2011-05,Maintenir et suivre la saisonnalité,0.0
84536B,FAIRY CAKES NOTEBOOK A7 SIZE,B,Dilemme,1429.0,654.18,0.5553631284916201,0.5553631284916201,,Non calculable,0.03358992302309307,2011-07,Tester visibilité ou promotion courte,0.0
23547,WRAP FLOWER SHOP  ,B,Poids mort,1553.5,652.47,0.42,0.42,,Non calculable,0.0,2011-09,Maintenir et suivre la saisonnalité,0.0
22133,PINK LOVE HEART SHAPE CUP,B,Poids mort,666.0,652.005,1.286390977443609,1.286390977443609,,Non calculable,0.0,2011-01,Maintenir et suivre la saisonnalité,0.0
46776A,WOVEN BUBBLE GUM CUSHION COVER,B,Dilemme,155.0,651.95,4.203714285714286,4.203714285714286,,Non calculable,0.0,2011-09,Tester visibilité ou promotion courte,0.0
22252,BIRDCAGE DECORATION TEALIGHT HOLDER,B,Dilemme,538.0,650.27,1.236231884057971,1.236231884057971,,Non calculable,0.011152416356877323,2011-11,Tester visibilité ou promotion courte,0.0
20986,BLUE CALCULATOR RULER,B,Dilemme,488.0,650.04,1.5937068965517243,1.5937068965517243,,Non calculable,0.0,2011-11,Tester visibilité ou promotion courte,0.0
21504,SKULLS GREETING CARD,B,Dilemme,1535.5,649.11,0.4853043478260869,0.4853043478260869,,Non calculable,0.0,2011-06,Tester visibilité ou promotion courte,0.0
23506,MINI PLAYING CARDS SPACEBOY ,B,Poids mort,1520.5,646.36,0.46264900662251657,0.46264900662251657,,Non calculable,0.0,2011-10,Maintenir et suivre la saisonnalité,0.0
23562,SET OF 6 RIBBONS PERFECTLY PRETTY  ,B,Poids mort,219.5,646.155,3.2853488372093027,3.2853488372093027,,Non calculable,0.0,2011-12,Maintenir et suivre la saisonnalité,0.0
21317,GLASS SPHERE CANDLE STAND MEDIUM,B,Dilemme,111.0,645.95,6.107142857142857,6.107142857142857,,Non calculable,0.009009009009009009,2011-09,Tester visibilité ou promotion courte,0.0
23538,WALL ART VINTAGE HEART,B,Poids mort,143.5,644.9200000000001,5.36125,5.36125,,Non calculable,0.0,2011-10,Maintenir et suivre la saisonnalité,0.0
23408,PHOTO FRAME LINEN AND LACE SMALL,B,Poids mort,310.0,644.8000000000001,2.08,2.08,,Non calculable,0.04516129032258064,2011-09,Maintenir et suivre la saisonnalité,0.0
23518,EMBROIDERED RIBBON REEL RACHEL ,B,Poids mort,226.0,644.26,3.0959090909090907,3.0959090909090907,,Non calculable,0.02654867256637168,2011-10,Maintenir et suivre la saisonnalité,0.0
23325,RUSTIC STRAWBERRY JAM POT SMALL,B,Poids mort,396.0,643.74,1.8145714285714285,1.8145714285714285,,Non calculable,0.045454545454545456,2011-09,Maintenir et suivre la saisonnalité,0.0
21291,SMALL POLKADOT CHOCOLATE GIFT BAG ,B,Dilemme,735.5,643.265,1.0317307692307691,1.0317307692307691,,Non calculable,0.0,2011-07,Tester visibilité ou promotion courte,0.0
37327,ASSTD MULTICOLOUR CIRCLES MUG,B,Dilemme,1096.5,642.86,1.5602409638554218,1.5602409638554218,,Non calculable,0.00364797081623347,2011-07,Tester visibilité ou promotion courte,0.0
20767,BLUE PAISLEY JOURNAL ,B,Dilemme,242.5,640.31,2.8722784810126583,2.8722784810126583,,Non calculable,0.0,2011-08,Tester visibilité ou promotion courte,0.0
21983,PACK OF 12 BLUE PAISLEY TISSUES ,B,Dilemme,1869.0,638.14,0.44819354838709674,0.44819354838709674,,Non calculable,0.012841091492776886,2011-10,Tester visibilité ou promotion courte,0.0
21808,"CHRISTMAS GARLAND STARS,TREES",B,Dilemme,180.0,637.83,3.535625,3.535625,,Non calculable,0.0,2011-11,Tester visibilité ou promotion courte,0.0
20658,RED RETROSPOT LUGGAGE TAG,B,Poids mort,421.5,637.735,1.7522429906542056,1.7522429906542056,,Non calculable,0.0,2011-03,Maintenir et suivre la saisonnalité,0.0
22953,BIRTHDAY PARTY CORDON BARRIER TAPE,B,Poids mort,494.5,637.735,1.3605050505050504,1.3605050505050504,,Non calculable,0.0,2010-12,Maintenir et suivre la saisonnalité,0.0
85019B,BLOSSOM  IMAGES NOTEBOOK SET,B,Dilemme,473.0,634.22,1.9597222222222221,1.9597222222222221,,Non calculable,0.0,2011-10,Tester visibilité ou promotion courte,0.0
23456,MEDIUM PARLOUR PICTURE FRAME ,B,Poids mort,158.0,634.1,4.116666666666667,4.116666666666667,,Non calculable,0.012658227848101266,2011-10,Maintenir et suivre la saisonnalité,0.0
21643,ASSORTED TUTTI FRUTTI MIRROR,B,Poids mort,455.5,633.45,1.8401666666666665,1.8401666666666665,,Non calculable,0.026344676180021953,2011-03,Maintenir et suivre la saisonnalité,0.0
35001G,HAND OPEN SHAPE GOLD,B,Poids mort,184.5,631.575,3.6971875,3.6971875,,Non calculable,0.0,2011-11,Maintenir et suivre la saisonnalité,0.0
20840,FRENCH FLORAL CUSHION COVER ,B,Dilemme,533.0,631.4499999999999,1.9924000000000002,1.9924000000000002,,Non calculable,0.0225140712945591,2011-06,Tester visibilité ou promotion courte,0.0
72816,SET/3 CHRISTMAS DECOUPAGE CANDLES,B,Dilemme,502.0,630.53,1.9310144927536232,1.9310144927536232,,Non calculable,0.04780876494023904,2011-09,Tester visibilité ou promotion courte,0.0
84789,ENCHANTED BIRD PLANT CAGE,B,Poids mort,182.5,630.395,4.039791666666667,4.039791666666667,,Non calculable,0.0,2011-04,Maintenir et suivre la saisonnalité,0.0
85032B,BLOSSOM IMAGES GIFT WRAP SET,B,Dilemme,703.5,629.815,1.0780451127819548,1.0780451127819548,,Non calculable,0.0,2011-10,Tester visibilité ou promotion courte,0.0
21359,RELAX LARGE WOOD LETTERS,B,Dilemme,128.5,629.075,5.81206896551724,5.81206896551724,,Non calculable,0.01556420233463035,2011-07,Tester visibilité ou promotion courte,0.0
23019,SMALL APOTHECARY MEASURING JAR ,B,Poids mort,81.0,629.05,8.078571428571427,8.078571428571427,,Non calculable,0.0,2011-06,Maintenir et suivre la saisonnalité,0.0
22806,SET OF 6 T-LIGHTS WEDDING CAKE ,B,Dilemme,240.5,627.315,3.388421052631579,3.388421052631579,,Non calculable,0.0,2011-03,Tester visibilité ou promotion courte,0.0
23492,VINTAGE JINGLE BELLS WREATH,B,Poids mort,76.0,627.2,8.257142857142856,8.257142857142856,,Non calculable,0.0,2011-11,Maintenir et suivre la saisonnalité,0.0
20996,JAZZ HEARTS ADDRESS BOOK,B,Dilemme,2655.5,625.145,0.3208407079646018,0.3208407079646018,,Non calculable,0.0,2011-06,Tester visibilité ou promotion courte,0.0
22067,CHOC TRUFFLE GOLD TRINKET POT ,B,Dilemme,393.0,624.82,2.072535211267606,2.072535211267606,,Non calculable,0.015267175572519083,2011-08,Tester visibilité ou promotion courte,0.0
84665,SQUARE CHERRY BLOSSOM CABINET,B,Dilemme,105.0,624.75,5.95,5.95,,Non calculable,0.19047619047619047,2011-05,Tester visibilité ou promotion courte,0.0
35810A,ENAMEL PINK COFFEE CONTAINER,B,Poids mort,613.5,623.9050000000001,1.6557894736842105,1.6557894736842105,,Non calculable,0.0,2011-05,Maintenir et suivre la saisonnalité,0.0
22258,FELT FARM ANIMAL RABBIT,B,Poids mort,622.5,622.3,1.325194805194805,1.325194805194805,,Non calculable,0.011244979919678716,2011-01,Maintenir et suivre la saisonnalité,0.0
22599,CHRISTMAS MUSICAL ZINC STAR,B,Dilemme,1179.5,622.185,0.6486290322580645,0.6486290322580645,,Non calculable,0.020347604917337857,2011-11,Tester visibilité ou promotion courte,0.0
21163,DO NOT TOUCH MY STUFF DOOR HANGER ,B,Dilemme,1045.0,621.66,1.0219847328244274,1.0219847328244274,,Non calculable,0.0009569377990430622,2011-07,Tester visibilité ou promotion courte,0.0
23425,STORAGE TIN HOME SWEET HOME,B,Poids mort,275.0,621.44,3.0989285714285715,3.0989285714285715,,Non calculable,0.025454545454545455,2011-09,Maintenir et suivre la saisonnalité,0.0
84659A,WHITE TRAVEL ALARM CLOCK,B,Poids mort,253.5,620.62,2.4769662921348314,2.4769662921348314,,Non calculable,0.0039447731755424065,2011-01,Maintenir et suivre la saisonnalité,0.0
21865,PINK UNION JACK  PASSPORT COVER ,B,Poids mort,271.0,618.9300000000001,2.5725233644859813,2.5725233644859813,,Non calculable,0.0,2011-05,Maintenir et suivre la saisonnalité,0.0
23428,IVORY RETRO KITCHEN WALL CLOCK,B,Poids mort,77.0,618.6500000000001,8.18030303030303,8.18030303030303,,Non calculable,0.025974025974025976,2011-11,Maintenir et suivre la saisonnalité,0.0
22520,CHILDS GARDEN TROWEL BLUE ,B,Poids mort,714.5,618.275,0.9045217391304348,0.9045217391304348,,Non calculable,0.0,2011-04,Maintenir et suivre la saisonnalité,0.0
84086C,PINK/PURPLE RETRO RADIO,B,Poids mort,216.5,617.845,2.970566037735849,2.970566037735849,,Non calculable,0.0,2011-11,Maintenir et suivre la saisonnalité,0.0
85032C,CURIOUS IMAGES GIFT WRAP SET,B,Dilemme,612.5,616.165,1.1924113475177305,1.1924113475177305,,Non calculable,0.019591836734693877,2011-09,Tester visibilité ou promotion courte,0.0
20668,DISCO BALL CHRISTMAS DECORATION,B,Dilemme,4618.0,616.04,0.16444954128440367,0.16444954128440367,,Non calculable,0.0,2011-11,Tester visibilité ou promotion courte,0.0
22057,CERAMIC PLATE STRAWBERRY DESIGN,B,Poids mort,541.5,616.005,1.41327868852459,1.41327868852459,,Non calculable,0.0886426592797784,2011-11,Maintenir et suivre la saisonnalité,0.0
23453,OVAL  MINI PORTRAIT FRAME,B,Poids mort,316.0,615.98,1.9883673469387753,1.9883673469387753,,Non calculable,0.0,2011-11,Maintenir et suivre la saisonnalité,0.0
21261,GREEN GOOSE FEATHER CHRISTMAS TREE ,B,Dilemme,173.5,615.2650000000001,4.918888888888889,4.918888888888889,,Non calculable,0.0,2011-09,Tester visibilité ou promotion courte,0.0
22062,CERAMIC BOWL WITH LOVE HEART DESIGN,B,Poids mort,506.5,614.365,1.6003846153846153,1.6003846153846153,,Non calculable,0.011846001974333662,2011-01,Maintenir et suivre la saisonnalité,0.0
23281,FOLDING BUTTERFLY MIRROR RED  ,B,Dilemme,743.0,614.1800000000001,0.9803846153846153,0.9803846153846153,,Non calculable,0.0,2011-06,Tester visibilité ou promotion courte,0.0
21422,PORCELAIN ROSE SMALL,B,Poids mort,686.5,613.78,1.104285714285714,1.104285714285714,,Non calculable,0.005826656955571741,2011-10,Maintenir et suivre la saisonnalité,0.0
23121,PACK OF 6 COCKTAIL PARASOL STRAWS,B,Poids mort,1424.0,612.72,0.5528448275862069,0.5528448275862069,,Non calculable,0.0,2011-07,Maintenir et suivre la saisonnalité,0.0
21613,S/12 VANILLA  BOTANICAL T-LIGHTS,B,Poids mort,207.5,612.205,3.1461904761904766,3.1461904761904766,,Non calculable,0.0,2011-03,Maintenir et suivre la saisonnalité,0.0
84637,KITCHEN FLOWER POTS WALL PLAQUE,B,Dilemme,116.0,611.05,5.199156626506023,5.199156626506023,,Non calculable,0.0,2011-07,Tester visibilité ou promotion courte,0.0
22021,BLUE FELT EASTER EGG BASKET,B,Poids mort,365.0,610.45,1.73986301369863,1.73986301369863,,Non calculable,0.0,2011-02,Maintenir et suivre la saisonnalité,0.0
22608,PENS ASSORTED FUNKY JEWELED ,B,Dilemme,2676.0,610.235,0.33034722222222224,0.33034722222222224,,Non calculable,0.002615844544095665,2011-11,Tester visibilité ou promotion courte,0.0
18098C,PORCELAIN BUTTERFLY OIL BURNER,B,Poids mort,193.5,609.0250000000001,3.680980392156863,3.680980392156863,,Non calculable,0.0,2010-12,Maintenir et suivre la saisonnalité,0.0
84817,DANISH ROSE DECORATIVE PLATE,B,Poids mort,705.0,607.905,1.4351785714285714,1.4351785714285714,,Non calculable,0.0524822695035461,2011-01,Maintenir et suivre la saisonnalité,0.0
20932,PINK POT PLANT CANDLE,B,Dilemme,196.5,606.6650000000001,4.676,4.676,,Non calculable,0.05089058524173028,2011-11,Tester visibilité ou promotion courte,0.0
21272,SALLE DE BAIN HOOK,B,Poids mort,432.5,606.63,1.752952380952381,1.752952380952381,,Non calculable,0.004624277456647399,2011-05,Maintenir et suivre la saisonnalité,0.0
22359,GLASS JAR KINGS CHOICE,B,Dilemme,183.0,605.7700000000001,3.6571604938271607,3.6571604938271607,,Non calculable,0.01639344262295082,2011-04,Tester visibilité ou promotion courte,0.0
84625A,PINK NEW BAROQUECANDLESTICK CANDLE,B,Poids mort,478.0,605.48,2.6080952380952382,2.6080952380952382,,Non calculable,0.04184100418410042,2010-12,Maintenir et suivre la saisonnalité,0.0
21636,MADRAS NOTEBOOK MEDIUM,B,Dilemme,779.5,605.035,0.8541333333333334,0.8541333333333334,,Non calculable,0.0,2011-09,Tester visibilité ou promotion courte,0.0
85078,SCANDINAVIAN 3 HEARTS NAPKIN RING,B,Dilemme,1449.0,605.03,1.001290322580645,1.001290322580645,,Non calculable,0.0,2011-09,Tester visibilité ou promotion courte,0.0
22116,METAL SIGN HIS DINNER IS SERVED,B,Dilemme,555.5,605.015,1.4704729729729729,1.4704729729729729,,Non calculable,0.021602160216021602,2011-09,Tester visibilité ou promotion courte,0.0
22480,RED TEA TOWEL CLASSIC DESIGN,B,Poids mort,487.5,603.485,1.2952054794520547,1.2952054794520547,,Non calculable,0.0,2010-12,Maintenir et suivre la saisonnalité,0.0
20764,ABSTRACT CIRCLES SKETCHBOOK ,B,Dilemme,142.0,603.3100000000001,4.66961038961039,4.66961038961039,,Non calculable,0.0,2011-11,Tester visibilité ou promotion courte,0.0
20902,VINTAGE KEEPSAKE BOX PARIS DAYS,B,Poids mort,112.0,603.02,5.665,5.665,,Non calculable,0.0,2011-02,Maintenir et suivre la saisonnalité,0.0
22099,CARAVAN SQUARE TISSUE BOX,B,Dilemme,958.5,601.33,0.9591139240506329,0.9591139240506329,,Non calculable,0.009389671361502348,2011-08,Tester visibilité ou promotion courte,0.0
21709,FOLDING UMBRELLA CHOCOLATE POLKADOT,B,Dilemme,133.0,601.19,4.564745762711865,4.564745762711865,,Non calculable,0.0,2011-01,Tester visibilité ou promotion courte,0.0
85049a,TRADITIONAL CHRISTMAS RIBBONS,B,Dilemme,181.0,601.16,3.2977777777777777,3.2977777777777777,,Non calculable,0.0,2010-12,Tester visibilité ou promotion courte,0.0
84763,ZINC FINISH 15CM PLANTER POTS,B,Poids mort,462.0,601.0,1.4157894736842105,1.4157894736842105,,Non calculable,0.0,2011-03,Maintenir et suivre la saisonnalité,0.0
23180,MUM'S KITCHEN CLOCK,B,Dilemme,122.0,599.5,5.529591836734694,5.529591836734694,,Non calculable,0.00819672131147541,2011-03,Tester visibilité ou promotion courte,0.0
22268,DECORATION SITTING BUNNY,B,Poids mort,1263.5,599.48,0.7259259259259259,0.7259259259259259,,Non calculable,0.031658092599920855,2011-03,Maintenir et suivre la saisonnalité,0.0
21143,ANTIQUE GLASS HEART DECORATION ,B,Poids mort,271.5,599.005,2.474736842105263,2.474736842105263,,Non calculable,0.007366482504604052,2010-12,Maintenir et suivre la saisonnalité,0.0
23222,CHRISTMAS TREE HANGING GOLD,B,Poids mort,657.5,598.99,1.0467532467532468,1.0467532467532468,,Non calculable,0.018250950570342206,2011-11,Maintenir et suivre la saisonnalité,0.0
21208,PASTEL COLOUR HONEYCOMB FAN,B,Poids mort,791.5,598.515,1.2677380952380952,1.2677380952380952,,Non calculable,0.05180037902716361,2011-02,Maintenir et suivre la saisonnalité,0.0
85163B,BLACK BAROQUE WALL CLOCK ,B,Poids mort,84.0,597.64,8.16,8.16,,Non calculable,0.011904761904761904,2011-01,Maintenir et suivre la saisonnalité,0.0
23508,MINI PLAYING CARDS DOLLY GIRL ,B,Poids mort,1324.0,597.3,0.4665625,0.4665625,,Non calculable,0.0015105740181268882,2011-10,Maintenir et suivre la saisonnalité,0.0
23435,3 RAFFIA RIBBONS VINTAGE CHRISTMAS,B,Poids mort,652.5,596.9350000000001,0.8976767676767677,0.8976767676767677,,Non calculable,0.0,2011-09,Maintenir et suivre la saisonnalité,0.0
22269,EGG CUP NATURAL CHICKEN,B,Dilemme,866.5,595.945,1.0416666666666667,1.0416666666666667,,Non calculable,0.0,2011-03,Tester visibilité ou promotion courte,0.0
22233,JIGSAW RABBIT AND BIRDHOUSE,B,Poids mort,576.5,595.635,1.2927777777777778,1.2927777777777778,,Non calculable,0.03642671292281006,2011-03,Maintenir et suivre la saisonnalité,0.0
21747,SMALL SKULL WINDMILL,B,Poids mort,438.5,595.09,1.5116666666666665,1.5116666666666665,,Non calculable,0.027366020524515394,2011-05,Maintenir et suivre la saisonnalité,0.0
22515,CHILDS GARDEN SPADE PINK,B,Poids mort,258.5,595.075,2.6092857142857144,2.6092857142857144,,Non calculable,0.007736943907156673,2011-05,Maintenir et suivre la saisonnalité,0.0
22756,LARGE YELLOW BABUSHKA NOTEBOOK ,B,Dilemme,548.0,594.1949999999999,1.4316260162601626,1.4316260162601626,,Non calculable,0.0,2011-11,Tester visibilité ou promotion courte,0.0
35971,ROSE FOLKART HEART DECORATIONS,B,Poids mort,442.5,592.74,1.8164835164835167,1.8164835164835167,,Non calculable,0.0384180790960452,2011-11,Maintenir et suivre la saisonnalité,0.0
21448,12 DAISY PEGS IN WOOD BOX,B,Poids mort,344.0,592.62,1.9166666666666667,1.9166666666666667,,Non calculable,0.0,2011-04,Maintenir et suivre la saisonnalité,0.0
22288,HANGING METAL RABBIT DECORATION,B,Poids mort,454.5,592.575,1.6053225806451612,1.6053225806451612,,Non calculable,0.0,2011-03,Maintenir et suivre la saisonnalité,0.0
21187,WHITE BELL HONEYCOMB PAPER GARLAND ,C,Poids mort,330.0,591.9,2.120408163265306,2.120408163265306,,Non calculable,0.0,2010-12,"Déprioriser, solder ou sortir du catalogue",0.0
21446,12 RED ROSE PEG PLACE SETTINGS,C,Poids mort,417.5,591.545,1.5815315315315317,1.5815315315315317,,Non calculable,0.0,2011-04,"Déprioriser, solder ou sortir du catalogue",0.0
21054,NURSE'S BAG SOFT TOY,C,Poids mort,70.0,591.5,8.45,8.45,,Non calculable,0.0,2011-05,"Déprioriser, solder ou sortir du catalogue",0.0
21581,SKULLS  DESIGN  COTTON TOTE BAG,C,Dilemme,252.0,590.67,2.8841772151898732,2.8841772151898732,,Non calculable,0.047619047619047616,2011-09,Tester visibilité ou promotion courte,0.0
21253,SET OF PICTURE FRAME  STICKERS,C,Dilemme,134.0,590.4200000000001,5.0358064516129035,5.0358064516129035,,Non calculable,0.0,2011-09,Tester visibilité ou promotion courte,0.0
22025,RING OF ROSES BIRTHDAY CARD,C,Dilemme,1364.0,590.14,0.5516793893129771,0.5516793893129771,,Non calculable,0.008797653958944282,2011-06,Tester visibilité ou promotion courte,0.0
37475,SET/4 COLOURFUL MIXING BOWLS,C,Dilemme,70.0,589.5799999999999,8.405348837209301,8.405348837209301,,Non calculable,0.0,2011-11,Tester visibilité ou promotion courte,0.0
22247,BUNNY DECORATION MAGIC GARDEN,C,Poids mort,664.5,588.92,1.0199137931034483,1.0199137931034483,,Non calculable,0.0,2011-03,"Déprioriser, solder ou sortir du catalogue",0.0
22093,MOTORING TISSUE BOX,C,Dilemme,1245.0,588.73,0.6054938271604938,0.6054938271604938,,Non calculable,0.00963855421686747,2011-07,Tester visibilité ou promotion courte,0.0
22403,MAGNETS PACK OF 4 VINTAGE LABELS ,C,Dilemme,1070.0,587.67,0.89488,0.89488,,Non calculable,0.005607476635514018,2011-01,Tester visibilité ou promotion courte,0.0
85141,JARDIN ETCHED GLASS FRUITBOWL,C,Poids mort,120.0,586.34,5.215128205128205,5.215128205128205,,Non calculable,0.075,2011-05,"Déprioriser, solder ou sortir du catalogue",0.0
21576,LETS GO SHOPPING COTTON TOTE BAG,C,Dilemme,252.0,585.34,2.5892307692307694,2.5892307692307694,,Non calculable,0.0,2011-03,Tester visibilité ou promotion courte,0.0
16225,RATTLE SNAKE EGGS,C,Dilemme,591.0,584.215,1.4634313725490198,1.4634313725490198,,Non calculable,0.0,2011-11,Tester visibilité ou promotion courte,0.0
22618,COOKING SET RETROSPOT,C,Poids mort,69.0,583.05,8.45,8.45,,Non calculable,0.2898550724637681,2010-12,Vérifier qualité / description avant promotion,0.0
21417,COCKLE SHELL DISH,C,Dilemme,283.0,582.805,2.994264705882353,2.994264705882353,,Non calculable,0.0035335689045936395,2011-09,Tester visibilité ou promotion courte,0.0
23022,SMALL BONNE JAM JAR  T-LIGHT HOLDER,C,Poids mort,296.0,582.62,2.0316666666666667,2.0316666666666667,,Non calculable,0.10135135135135136,2011-07,"Déprioriser, solder ou sortir du catalogue",0.0
22232,JIGSAW TOADSTOOLS 3 PIECE,C,Dilemme,665.5,582.5849999999999,1.0685542168674698,1.0685542168674698,,Non calculable,0.09616829451540196,2011-07,Tester visibilité ou promotion courte,0.0
23377,PACK OF 12 DOLLY GIRL TISSUES,C,Poids mort,1324.0,581.92,0.5607462686567164,0.5607462686567164,,Non calculable,0.006042296072507553,2011-09,"Déprioriser, solder ou sortir du catalogue",0.0
22136,LOVE HEART SOCK HANGER,C,Poids mort,310.5,581.405,2.3049999999999997,2.3049999999999997,,Non calculable,0.00322061191626409,2011-01,"Déprioriser, solder ou sortir du catalogue",0.0
22703,PINK CAT BOWL,C,Dilemme,358.5,579.73,1.754390243902439,1.754390243902439,,Non calculable,0.0,2011-01,Tester visibilité ou promotion courte,0.0
22264,FELT FARM ANIMAL WHITE BUNNY ,C,Poids mort,856.0,577.29,1.0378571428571428,1.0378571428571428,,Non calculable,0.0,2011-01,"Déprioriser, solder ou sortir du catalogue",0.0
22559,SEASIDE FLYING DISC,C,Poids mort,456.0,573.74,1.5980246913580247,1.5980246913580247,,Non calculable,0.0,2011-05,"Déprioriser, solder ou sortir du catalogue",0.0
85071B,RED CHARLIE+LOLA PERSONAL DOORSIGN,C,Dilemme,1000.5,573.74,0.8929133858267717,0.8929133858267717,,Non calculable,0.001999000499750125,2011-06,Tester visibilité ou promotion courte,0.0
20702,PINK PADDED MOBILE,C,Poids mort,134.0,573.54,4.346190476190476,4.346190476190476,,Non calculable,0.0,2011-03,"Déprioriser, solder ou sortir du catalogue",0.0
84800L,LARGE WHITE/PINK ROSE ART FLOWER,C,Poids mort,321.0,573.45,1.9245454545454548,1.9245454545454548,,Non calculable,0.07476635514018691,2011-05,"Déprioriser, solder ou sortir du catalogue",0.0
20866,BLUE ROSE FABRIC MIRROR,C,Dilemme,474.0,573.335,1.4886666666666666,1.4886666666666666,,Non calculable,0.25316455696202533,2011-01,Vérifier qualité / description avant promotion,0.0
22525,CHILDRENS GARDEN GLOVES PINK,C,Poids mort,417.5,573.18,1.7722972972972975,1.7722972972972975,,Non calculable,0.0,2011-03,"Déprioriser, solder ou sortir du catalogue",0.0
22715,CARD WEDDING DAY,C,Dilemme,1340.5,572.74,0.5171538461538462,0.5171538461538462,,Non calculable,0.0,2011-06,Tester visibilité ou promotion courte,0.0
21468,BUTTERFLY CROCHET FOOD COVER,C,Poids mort,148.0,572.23,4.010606060606061,4.010606060606061,,Non calculable,0.0,2011-07,"Déprioriser, solder ou sortir du catalogue",0.0
85136A,YELLOW SHARK HELICOPTER,C,Poids mort,71.0,572.13,8.045925925925927,8.045925925925927,,Non calculable,0.0,2010-12,"Déprioriser, solder ou sortir du catalogue",0.0
21630,FLOOR CUSHION ELEPHANT CARNIVAL,C,Dilemme,69.0,572.05,8.407142857142857,8.407142857142857,,Non calculable,0.014492753623188406,2011-10,Tester visibilité ou promotion courte,0.0
21264,WHITE GOOSE FEATHER TREE 60CM ,C,Dilemme,283.0,571.65,2.3625000000000003,2.3625000000000003,,Non calculable,0.028268551236749116,2011-11,Tester visibilité ou promotion courte,0.0
85170C,SET/6 EAU DE NIL BIRD T-LIGHTS,C,Poids mort,291.5,571.555,2.6856944444444446,2.6856944444444446,,Non calculable,0.0,2011-01,"Déprioriser, solder ou sortir du catalogue",0.0
84748,FOLK FELT HANGING MULTICOL GARLAND,C,Poids mort,204.0,570.86,3.2162295081967214,3.2162295081967214,,Non calculable,0.0,2011-01,"Déprioriser, solder ou sortir du catalogue",0.0
20772,GARDEN PATH JOURNAL,C,Dilemme,222.5,569.74,2.752153846153846,2.752153846153846,,Non calculable,0.0044943820224719105,2011-11,Tester visibilité ou promotion courte,0.0
22825,DECORATIVE PLANT POT WITH FRIEZE,C,Poids mort,73.0,569.35,7.942857142857143,7.942857142857143,,Non calculable,0.0273972602739726,2011-05,"Déprioriser, solder ou sortir du catalogue",0.0
21251,DINOSAUR HEIGHT CHART STICKER SET,C,Dilemme,182.0,568.98,3.5830434782608696,3.5830434782608696,,Non calculable,0.0,2011-01,Tester visibilité ou promotion courte,0.0
21640,ASSORTED TUTTI FRUTTI  FOB NOTEBOOK,C,Dilemme,563.0,568.655,1.138452380952381,1.138452380952381,,Non calculable,0.0,2011-11,Tester visibilité ou promotion courte,0.0
23017,APOTHECARY MEASURING JAR,C,Poids mort,67.0,566.15,8.45,8.45,,Non calculable,0.014925373134328358,2011-09,"Déprioriser, solder ou sortir du catalogue",0.0
21642,ASSORTED TUTTI FRUTTI PEN,C,Dilemme,1625.0,563.55,0.4958252427184466,0.4958252427184466,,Non calculable,0.07261538461538461,2011-07,Tester visibilité ou promotion courte,0.0
21675,BUTTERFLIES STICKERS,C,Poids mort,620.5,562.86,1.1387272727272726,1.1387272727272726,,Non calculable,0.019339242546333603,2011-11,"Déprioriser, solder ou sortir du catalogue",0.0
23027,DRAWER KNOB VINTAGE GLASS HEXAGON,C,Poids mort,263.5,562.4300000000001,2.216666666666667,2.216666666666667,,Non calculable,0.0,2011-11,"Déprioriser, solder ou sortir du catalogue",0.0
23272,TREE T-LIGHT HOLDER WILLIE WINKIE,C,Poids mort,364.0,562.22,1.916818181818182,1.916818181818182,,Non calculable,0.0,2011-10,"Déprioriser, solder ou sortir du catalogue",0.0
21629,SQUARE FLOOR CUSHION VINTAGE RED,C,Dilemme,71.0,561.95,8.069047619047618,8.069047619047618,,Non calculable,0.0,2011-11,Tester visibilité ou promotion courte,0.0
23565,EGG CUP MILKMAID HELGA ,C,Poids mort,390.5,561.935,1.8453968253968254,1.8453968253968254,,Non calculable,0.012804097311139564,2011-11,"Déprioriser, solder ou sortir du catalogue",0.0
21219,SET/4 BADGES BALLOON GIRL,C,Poids mort,448.0,561.84,1.4985555555555556,1.4985555555555556,,Non calculable,0.0,2011-01,"Déprioriser, solder ou sortir du catalogue",0.0
23512,EMBROIDERED RIBBON REEL ROSIE,C,Poids mort,269.0,561.75,2.3164912280701753,2.3164912280701753,,Non calculable,0.0,2011-10,"Déprioriser, solder ou sortir du catalogue",0.0
22260,FELT EGG COSY BLUE RABBIT ,C,Poids mort,532.5,560.865,1.2758878504672895,1.2758878504672895,,Non calculable,0.007511737089201878,2011-03,"Déprioriser, solder ou sortir du catalogue",0.0
84569D,PACK 6 HEART/ICE-CREAM PATCHES,C,Poids mort,467.0,560.62,1.3740816326530612,1.3740816326530612,,Non calculable,0.0,2011-01,"Déprioriser, solder ou sortir du catalogue",0.0
84912A,PINK ROSE WASHBAG,C,Dilemme,156.0,560.62,3.5262162162162163,3.5262162162162163,,Non calculable,0.0,2011-07,Tester visibilité ou promotion courte,0.0
22642,SET OF 4 NAPKIN CHARMS STARS   ,C,Dilemme,249.5,559.995,2.645283018867924,2.645283018867924,,Non calculable,0.0,2011-10,Tester visibilité ou promotion courte,0.0
22981,PANTRY APPLE CORER,C,Dilemme,355.5,559.755,1.8700925925925926,1.8700925925925926,,Non calculable,0.016877637130801686,2011-05,Tester visibilité ou promotion courte,0.0
23219,LAUREL STAR ANTIQUE SILVER ,C,Dilemme,422.5,559.225,1.52765625,1.52765625,,Non calculable,0.0,2011-11,Tester visibilité ou promotion courte,0.0
71279,PINK GLASS CANDLEHOLDER,C,Poids mort,175.0,558.37,3.677179487179487,3.677179487179487,,Non calculable,0.02857142857142857,2011-04,"Déprioriser, solder ou sortir du catalogue",0.0
22267,EASTER DECORATION EGG BUNNY ,C,Poids mort,657.5,558.33,1.094470588235294,1.094470588235294,,Non calculable,0.0,2011-02,"Déprioriser, solder ou sortir du catalogue",0.0
84754,S/15 SILVER GLASS BAUBLES IN BAG,C,Poids mort,399.0,556.98,1.7536507936507935,1.7536507936507935,,Non calculable,0.3609022556390977,2010-12,Vérifier qualité / description avant promotion,0.0
22194,BLACK DINER WALL CLOCK,C,Poids mort,66.0,556.9,8.435454545454546,8.435454545454546,,Non calculable,0.030303030303030304,2011-01,"Déprioriser, solder ou sortir du catalogue",0.0
22255,FELT TOADSTOOL  SMALL,C,Poids mort,575.0,556.73,1.185844155844156,1.185844155844156,,Non calculable,0.0,2010-12,"Déprioriser, solder ou sortir du catalogue",0.0
79030G,TUMBLER NEW ENGLAND,C,Poids mort,992.0,556.64,1.688507462686567,1.688507462686567,,Non calculable,0.0,2011-05,"Déprioriser, solder ou sortir du catalogue",0.0
72598,SET/12 TAPER CANDLES,C,Dilemme,532.0,556.3149999999999,1.2690526315789472,1.2690526315789472,,Non calculable,0.0,2011-11,Tester visibilité ou promotion courte,0.0
23451,SQUARE MINI PORTRAIT FRAME,C,Poids mort,277.0,556.17,2.273396226415094,2.273396226415094,,Non calculable,0.0,2011-11,"Déprioriser, solder ou sortir du catalogue",0.0
23123,COCKTAIL SWORDS 50 PIECES,C,Poids mort,655.5,555.965,1.014421052631579,1.014421052631579,,Non calculable,0.009153318077803204,2011-07,"Déprioriser, solder ou sortir du catalogue",0.0
22702,BLACK AND WHITE CAT BOWL,C,Poids mort,421.0,555.625,2.037755102040816,2.037755102040816,,Non calculable,0.0,2010-12,"Déprioriser, solder ou sortir du catalogue",0.0
23016,GLASS TWIST BON BON JAR,C,Poids mort,74.0,553.23,7.797083333333333,7.797083333333333,,Non calculable,0.04054054054054054,2011-09,"Déprioriser, solder ou sortir du catalogue",0.0
23537,WALL ART I LOVE LONDON ,C,Poids mort,111.0,553.05,6.114705882352942,6.114705882352942,,Non calculable,0.0,2011-11,"Déprioriser, solder ou sortir du catalogue",0.0
21015,DARK BIRD HOUSE TREE DECORATION,C,Dilemme,1357.0,553.01,0.6625174825174824,0.6625174825174824,,Non calculable,0.0029476787030213707,2011-11,Tester visibilité ou promotion courte,0.0
84951A,SET OF 4 PISTACHIO LOVEBIRD COASTER,C,Poids mort,475.0,553.01,1.8238709677419356,1.8238709677419356,,Non calculable,0.05052631578947368,2011-01,"Déprioriser, solder ou sortir du catalogue",0.0
23499,SET 12 VINTAGE DOILY CHALK ,C,Poids mort,1252.5,552.83,0.4831858407079646,0.4831858407079646,,Non calculable,0.0,2011-11,"Déprioriser, solder ou sortir du catalogue",0.0
23521,WALL ART CAT AND BIRD ,C,Poids mort,200.0,552.755,4.204090909090909,4.204090909090909,,Non calculable,0.0,2011-11,"Déprioriser, solder ou sortir du catalogue",0.0
21426,WOODLAND STORAGE BOX SMALL,C,Dilemme,217.0,552.4300000000001,3.8434042553191494,3.8434042553191494,,Non calculable,0.018433179723502304,2011-01,Tester visibilité ou promotion courte,0.0
21488,RED WHITE SCARF  HOT WATER BOTTLE,C,Poids mort,67.5,552.2149999999999,7.5962499999999995,7.5962499999999995,,Non calculable,0.0,2010-12,"Déprioriser, solder ou sortir du catalogue",0.0
23069,EDWARDIAN PHOTO FRAME,C,Dilemme,88.0,552.2,6.31875,6.31875,,Non calculable,0.0,2011-08,Tester visibilité ou promotion courte,0.0
22035,VINTAGE CARAVAN GREETING CARD ,C,Poids mort,1270.5,551.53,0.575036496350365,0.575036496350365,,Non calculable,0.0,2011-03,"Déprioriser, solder ou sortir du catalogue",0.0
47563A,RETRO LONGBOARD IRONING BOARD COVER,C,Dilemme,285.0,551.51,2.583714285714286,2.583714285714286,,Non calculable,0.014035087719298246,2011-10,Tester visibilité ou promotion courte,0.0
85036B,CHOCOLATE 1 WICK MORRIS BOX CANDLE,C,Poids mort,299.5,550.68,2.215918367346939,2.215918367346939,,Non calculable,0.02003338898163606,2011-01,"Déprioriser, solder ou sortir du catalogue",0.0
47310M,SMALL POP BOX FUNKY MONKEY,C,Dilemme,390.5,549.975,1.568360655737705,1.568360655737705,,Non calculable,0.0,2011-01,Tester visibilité ou promotion courte,0.0
85071A,BLUE CHARLIE+LOLA PERSONAL DOORSIGN,C,Dilemme,954.0,549.975,0.8838938053097345,0.8838938053097345,,Non calculable,0.15932914046121593,2011-06,Tester visibilité ou promotion courte,0.0
21014,SWISS CHALET TREE DECORATION ,C,Dilemme,1275.5,549.425,0.6728455284552844,0.6728455284552844,,Non calculable,0.0,2011-10,Tester visibilité ou promotion courte,0.0
85199L,LARGE HANGING IVORY & RED WOOD BIRD,C,Dilemme,801.5,549.355,0.8388421052631578,0.8388421052631578,,Non calculable,0.016219588271990017,2011-09,Tester visibilité ou promotion courte,0.0
22242,5 HOOK HANGER MAGIC TOADSTOOL,C,Poids mort,334.0,549.1800000000001,1.9782352941176469,1.9782352941176469,,Non calculable,0.10179640718562874,2011-01,"Déprioriser, solder ou sortir du catalogue",0.0
21849,SILVER DIAMANTE PEN IN GIFT BOX,C,Poids mort,173.0,548.9300000000001,3.803823529411765,3.803823529411765,,Non calculable,0.0,2010-12,"Déprioriser, solder ou sortir du catalogue",0.0
23484,HEART TRELLIS TRIPLE T-LIGHT HOLDER,C,Poids mort,185.0,547.35,3.673333333333334,3.673333333333334,,Non calculable,0.0,2011-10,"Déprioriser, solder ou sortir du catalogue",0.0
17012D,ORIGAMI ROSE INCENSE/CANDLE SET ,C,Dilemme,461.0,547.24,1.8228865979381443,1.8228865979381443,,Non calculable,0.0,2011-11,Tester visibilité ou promotion courte,0.0
23124,18PC WOODEN CUTLERY SET DISPOSABLE,C,Poids mort,380.5,545.87,1.751627906976744,1.751627906976744,,Non calculable,0.0,2011-07,"Déprioriser, solder ou sortir du catalogue",0.0
85180B,PINK HEARTS LIGHT CHAIN ,C,Poids mort,239.5,545.595,3.2372916666666662,3.2372916666666662,,Non calculable,0.0,2011-01,"Déprioriser, solder ou sortir du catalogue",0.0
23457,LARGE PARLOUR PICTURE FRAME,C,Poids mort,112.0,545.2,5.033870967741936,5.033870967741936,,Non calculable,0.0,2011-11,"Déprioriser, solder ou sortir du catalogue",0.0
23471,SIX DRAWER OFFICE TIDY,C,Poids mort,65.0,544.4499999999999,8.427777777777777,8.427777777777777,,Non calculable,0.0,2011-10,"Déprioriser, solder ou sortir du catalogue",0.0
21399,BLUE POLKADOT COFFEE MUG,C,Poids mort,1215.5,542.595,0.7973239436619718,0.7973239436619718,,Non calculable,0.09132044426162073,2011-03,"Déprioriser, solder ou sortir du catalogue",0.0
40001,WHITE BAMBOO RIBS LAMPSHADE,C,Dilemme,615.5,540.56,1.084642857142857,1.084642857142857,,Non calculable,0.030869212022745736,2011-07,Tester visibilité ou promotion courte,0.0
35965,FOLKART HEART NAPKIN RINGS,C,Poids mort,346.5,540.405,2.3904347826086956,2.3904347826086956,,Non calculable,0.06926406926406926,2011-01,"Déprioriser, solder ou sortir du catalogue",0.0
85019A,ROMANTIC IMAGES NOTEBOOK SET,C,Dilemme,394.5,539.955,2.0327272727272727,2.0327272727272727,,Non calculable,0.0,2011-09,Tester visibilité ou promotion courte,0.0
22513,DOORSTOP FOOTBALL DESIGN,C,Dilemme,152.0,539.9,4.666716417910448,4.666716417910448,,Non calculable,0.0,2011-12,Tester visibilité ou promotion courte,0.0
23549,WRAP BIRD GARDEN ,C,Poids mort,1283.5,539.07,0.42,0.42,,Non calculable,0.0,2011-10,"Déprioriser, solder ou sortir du catalogue",0.0
17012B,ORIGAMI JASMINE INCENSE/CANDLE SET,C,Dilemme,457.5,538.475,1.8828235294117646,1.8828235294117646,,Non calculable,0.0,2011-10,Tester visibilité ou promotion courte,0.0
84596L,BISCUITS SMALL BOWL LIGHT BLUE,C,Poids mort,1037.5,538.45,0.7058720930232558,0.7058720930232558,,Non calculable,0.0,2011-07,"Déprioriser, solder ou sortir du catalogue",0.0
22261,FELT EGG COSY WHITE RABBIT ,C,Poids mort,571.5,538.3349999999999,1.1352727272727272,1.1352727272727272,,Non calculable,0.00699912510936133,2011-03,"Déprioriser, solder ou sortir du catalogue",0.0
23568,EGG CUP HENRIETTA HEN CREAM ,C,Poids mort,391.5,537.905,1.7454166666666666,1.7454166666666666,,Non calculable,0.002554278416347382,2011-11,"Déprioriser, solder ou sortir du catalogue",0.0
47574A,ENGLISH ROSE SCENTED HANGING FLOWER,C,Dilemme,376.0,536.2,1.8998260869565216,1.8998260869565216,,Non calculable,0.005319148936170213,2011-07,Tester visibilité ou promotion courte,0.0
22023,EMPIRE BIRTHDAY CARD,C,Poids mort,1198.5,535.57,0.5998639455782312,0.5998639455782312,,Non calculable,0.010012515644555695,2011-03,"Déprioriser, solder ou sortir du catalogue",0.0
21294,ETCHED GLASS COASTER,C,Poids mort,959.5,535.135,0.8383561643835616,0.8383561643835616,,Non calculable,0.0,2011-06,"Déprioriser, solder ou sortir du catalogue",0.0
84707A,SILVER JEWELLED MIRROR TRINKET TRAY,C,Poids mort,95.0,535.13,6.918888888888888,6.918888888888888,,Non calculable,0.0,2011-01,"Déprioriser, solder ou sortir du catalogue",0.0
22496,SET OF 2 ROUND TINS DUTCH CHEESE,C,Dilemme,253.0,535.11,3.0289873417721522,3.0289873417721522,,Non calculable,0.015810276679841896,2011-12,Tester visibilité ou promotion courte,0.0
23660,HENRIETTA HEN MUG ,C,Poids mort,306.0,534.66,2.2404761904761905,2.2404761904761905,,Non calculable,0.05228758169934641,2011-11,"Déprioriser, solder ou sortir du catalogue",0.0
85114c,RED ENCHANTED FOREST PLACEMAT,C,Dilemme,162.0,534.66,3.298,3.298,,Non calculable,0.0,2011-11,Tester visibilité ou promotion courte,0.0
21194,PINK  HONEYCOMB PAPER FAN,C,Dilemme,463.5,533.545,1.6775757575757575,1.6775757575757575,,Non calculable,0.021574973031283712,2011-08,Tester visibilité ou promotion courte,0.0
72803A,ROSE SCENT CANDLE JEWELLED DRAWER,C,Poids mort,149.5,532.7,4.260975609756097,4.260975609756097,,Non calculable,0.013377926421404682,2011-02,"Déprioriser, solder ou sortir du catalogue",0.0
21628,TRIANGULAR POUFFE VINTAGE ,C,Dilemme,63.0,532.3499999999999,8.45,8.45,,Non calculable,0.031746031746031744,2011-10,Tester visibilité ou promotion courte,0.0
21627,ELEPHANT CARNIVAL POUFFE,C,Poids mort,63.0,532.3499999999999,8.45,8.45,,Non calculable,0.0,2011-08,"Déprioriser, solder ou sortir du catalogue",0.0
23455,SMALL PARLOUR PICTURE FRAME,C,Poids mort,192.0,532.08,2.867777777777778,2.867777777777778,,Non calculable,0.0,2011-10,"Déprioriser, solder ou sortir du catalogue",0.0
17012F,ORIGAMI SANDLEWOOD INCENSE/CAND SET,C,Dilemme,448.0,530.6,1.7973404255319148,1.7973404255319148,,Non calculable,0.0,2011-11,Tester visibilité ou promotion courte,0.0
23544,WALL ART MID CENTURY MODERN ,C,Poids mort,78.5,530.14,7.523000000000001,7.523000000000001,,Non calculable,0.012738853503184714,2011-10,"Déprioriser, solder ou sortir du catalogue",0.0
82613D,METAL SIGN CUPCAKE SINGLE HOOK,C,Poids mort,684.5,529.41,1.369099099099099,1.369099099099099,,Non calculable,0.029218407596785977,2011-01,"Déprioriser, solder ou sortir du catalogue",0.0
21059,PARTY INVITES DINOSAURS,C,Dilemme,611.0,528.23,0.9231914893617021,0.9231914893617021,,Non calculable,0.019639934533551555,2011-02,Tester visibilité ou promotion courte,0.0
23060,HEART BEADED TRELLIS DECORATION,C,Dilemme,249.0,528.1700000000001,2.2197727272727272,2.2197727272727272,,Non calculable,0.0,2011-05,Tester visibilité ou promotion courte,0.0
85017B,ENVELOPE 50 BLOSSOM IMAGES,C,Dilemme,943.5,527.45,0.6770440251572326,0.6770440251572326,,Non calculable,0.012718600953895072,2011-09,Tester visibilité ou promotion courte,0.0
85032D,YULETIDE IMAGES GIFT WRAP SET,C,Dilemme,633.0,526.24,1.1588297872340425,1.1588297872340425,,Non calculable,0.018957345971563982,2011-09,Tester visibilité ou promotion courte,0.0
10002,INFLATABLE POLITICAL GLOBE ,C,Poids mort,585.0,526.14,1.086619718309859,1.086619718309859,,Non calculable,0.0,2010-12,"Déprioriser, solder ou sortir du catalogue",0.0
23224,CHERUB HEART DECORATION GOLD,C,Dilemme,588.5,526.04,1.0394366197183098,1.0394366197183098,,Non calculable,0.0237892948173322,2011-11,Tester visibilité ou promotion courte,0.0
22521,CHILDS GARDEN TROWEL PINK,C,Poids mort,609.0,525.51,0.9174285714285714,0.9174285714285714,,Non calculable,0.0,2011-04,"Déprioriser, solder ou sortir du catalogue",0.0
85135B,BLUE DRAGONFLY HELICOPTER,C,Poids mort,65.0,524.25,8.04782608695652,8.04782608695652,,Non calculable,0.015384615384615385,2010-12,"Déprioriser, solder ou sortir du catalogue",0.0
84660C,PINK STITCHED WALL CLOCK,C,Poids mort,472.0,524.23,2.494666666666667,2.494666666666667,,Non calculable,0.0,2010-12,"Déprioriser, solder ou sortir du catalogue",0.0
22830,UTILTY CABINET WITH HOOKS,C,Poids mort,62.0,523.9,8.45,8.45,,Non calculable,0.0,2010-12,"Déprioriser, solder ou sortir du catalogue",0.0
22396,MAGNETS PACK OF 4 RETRO PHOTO,C,Dilemme,968.0,522.8199999999999,0.748828125,0.748828125,,Non calculable,0.006198347107438017,2011-01,Tester visibilité ou promotion courte,0.0
22248,DECORATION  PINK CHICK MAGIC GARDEN,C,Poids mort,589.5,522.5699999999999,1.0403603603603602,1.0403603603603602,,Non calculable,0.033927056827820185,2011-01,"Déprioriser, solder ou sortir du catalogue",0.0
79191C,RETRO PLASTIC ELEPHANT TRAY,C,Dilemme,643.0,521.47,0.8364615384615384,0.8364615384615384,,Non calculable,0.24572317262830481,2011-09,Vérifier qualité / description avant promotion,0.0
84660B,BLACK STITCHED WALL CLOCK,C,Poids mort,452.0,521.25,2.104,2.104,,Non calculable,0.0,2010-12,"Déprioriser, solder ou sortir du catalogue",0.0
84625C,BLUE NEW BAROQUE CANDLESTICK CANDLE,C,Poids mort,430.5,520.685,2.384857142857143,2.384857142857143,,Non calculable,0.11382113821138211,2010-12,"Déprioriser, solder ou sortir du catalogue",0.0
22717,CARD DOG AND BALL ,C,Dilemme,1185.5,520.12,0.5551908396946565,0.5551908396946565,,Non calculable,0.0,2011-01,Tester visibilité ou promotion courte,0.0
85130D,BEADED CRYSTAL HEART PINK LARGE,C,Dilemme,502.0,519.52,1.5017460317460318,1.5017460317460318,,Non calculable,0.0,2011-07,Tester visibilité ou promotion courte,0.0
23043,PAPER LANTERN 9 POINT HOLLY STAR L,C,Dilemme,81.0,519.45,6.632608695652174,6.632608695652174,,Non calculable,0.0,2011-11,Tester visibilité ou promotion courte,0.0
23336,EGG FRYING PAN PINK ,C,Poids mort,225.0,519.25,2.604418604651163,2.604418604651163,,Non calculable,0.0,2011-09,"Déprioriser, solder ou sortir du catalogue",0.0
35599D,PINK AND WHITE CHRISTMAS TREE 120CM,C,Dilemme,189.5,519.145,4.017058823529412,4.017058823529412,,Non calculable,0.0,2011-11,Tester visibilité ou promotion courte,0.0
84660A,WHITE STITCHED WALL CLOCK,C,Dilemme,525.5,518.135,1.6857142857142857,1.6857142857142857,,Non calculable,0.003805899143672693,2011-09,Tester visibilité ou promotion courte,0.0
22903,CALENDAR FAMILY FAVOURITES,C,Dilemme,181.5,516.6750000000001,3.033728813559322,3.033728813559322,,Non calculable,0.0,2011-11,Tester visibilité ou promotion courte,0.0
22540,MINI JIGSAW CIRCUS PARADE ,C,Poids mort,1250.0,515.885,0.5225,0.5225,,Non calculable,0.0008,2010-12,"Déprioriser, solder ou sortir du catalogue",0.0
84951B,SET OF 4 BLACK LOVEBIRD COASTERS,C,Poids mort,419.5,515.405,1.8233734939759036,1.8233734939759036,,Non calculable,0.0,2011-01,"Déprioriser, solder ou sortir du catalogue",0.0
22272,FELTCRAFT DOLL MARIA,C,Poids mort,176.5,515.195,3.0626530612244904,3.0626530612244904,,Non calculable,0.0056657223796034,2010-12,"Déprioriser, solder ou sortir du catalogue",0.0
35241,ENAMEL BLUE RIM BISCUIT BIN,C,Poids mort,103.0,514.97,5.559545454545455,5.559545454545455,,Non calculable,0.0,2011-02,"Déprioriser, solder ou sortir du catalogue",0.0
20733,GOLD MINI TAPE MEASURE ,C,Dilemme,619.5,513.92,0.845873786407767,0.845873786407767,,Non calculable,0.48426150121065376,2010-12,Vérifier qualité / description avant promotion,0.0
23532,WALL ART WORK REST AND PLAY  ,C,Poids mort,118.5,512.495,4.999677419354839,4.999677419354839,,Non calculable,0.0,2011-10,"Déprioriser, solder ou sortir du catalogue",0.0
23074,EMBOSSED HEART TRINKET BOX,C,Poids mort,226.5,512.365,2.623125,2.623125,,Non calculable,0.026490066225165563,2011-10,"Déprioriser, solder ou sortir du catalogue",0.0
23136,IVORY WIRE SWEETHEART LETTER TRAY,C,Dilemme,135.0,511.89,4.034081632653061,4.034081632653061,,Non calculable,0.0,2011-04,Tester visibilité ou promotion courte,0.0
85144,JARDIN ETCHED GLASS CHEESE DISH,C,Poids mort,183.5,511.525,3.9690476190476187,3.9690476190476187,,Non calculable,0.0,2011-04,"Déprioriser, solder ou sortir du catalogue",0.0
21650,ASSORTED TUTTI FRUTTI BRACELET,C,Dilemme,1599.5,511.295,0.5017985611510791,0.5017985611510791,,Non calculable,0.015004688965301657,2011-11,Tester visibilité ou promotion courte,0.0
72819,CUPID DESIGN SCENTED CANDLES,C,Poids mort,225.0,509.07,2.9211627906976743,2.9211627906976743,,Non calculable,0.0,2011-01,"Déprioriser, solder ou sortir du catalogue",0.0
23510,MINI PLAYING CARDS GYMKHANA,C,Poids mort,1108.0,508.94,0.4972,0.4972,,Non calculable,0.0,2011-10,"Déprioriser, solder ou sortir du catalogue",0.0
85131B,BEADED CRYSTAL HEART GREEN ON STICK,C,Dilemme,608.0,508.65999999999997,0.8377906976744186,0.8377906976744186,,Non calculable,0.0,2011-01,Tester visibilité ou promotion courte,0.0
85107,CUT GLASS T-LIGHT HOLDER OCTAGON,C,Dilemme,229.5,508.435,2.51448275862069,2.51448275862069,,Non calculable,0.0,2011-11,Tester visibilité ou promotion courte,0.0
84796A,PINK HAWAIIAN PICNIC HAMPER FOR 2,C,Dilemme,61.0,507.92999999999995,8.32720930232558,8.32720930232558,,Non calculable,0.0,2011-07,Tester visibilité ou promotion courte,0.0
22655,VINTAGE RED KITCHEN CABINET,C,Poids mort,60.0,506.99999999999994,8.45,8.45,,Non calculable,0.16666666666666666,2011-01,"Déprioriser, solder ou sortir du catalogue",0.0
20681,PINK POLKADOT CHILDRENS UMBRELLA,C,Poids mort,140.0,506.96,4.205744680851064,4.205744680851064,,Non calculable,0.014285714285714285,2011-01,"Déprioriser, solder ou sortir du catalogue",0.0
21638,ASSORTED TUTTI FRUTTI NOTEBOOK,C,Dilemme,227.5,506.81,2.56675,2.56675,,Non calculable,0.0,2011-11,Tester visibilité ou promotion courte,0.0
22319,HAIRCLIPS FORTIES FABRIC ASSORTED,C,Dilemme,995.0,506.68,0.5670491803278689,0.5670491803278689,,Non calculable,0.006030150753768844,2011-10,Tester visibilité ou promotion courte,0.0
23519,EMBROIDERED RIBBON REEL CLAIRE,C,Poids mort,137.0,506.08,4.484583333333333,4.484583333333333,,Non calculable,0.0,2011-10,"Déprioriser, solder ou sortir du catalogue",0.0
20761,BLUE PAISLEY SKETCHBOOK,C,Dilemme,120.0,505.97,4.461746031746031,4.461746031746031,,Non calculable,0.0,2011-11,Tester visibilité ou promotion courte,0.0
20998,ROSE DU SUD OVEN GLOVE,C,Poids mort,185.0,505.20000000000005,2.66231884057971,2.66231884057971,,Non calculable,0.0,2011-03,"Déprioriser, solder ou sortir du catalogue",0.0
22535,MAGIC DRAWING SLATE BUNNIES ,C,Dilemme,1194.5,504.555,0.483955223880597,0.483955223880597,,Non calculable,0.040184177480117204,2011-09,Tester visibilité ou promotion courte,0.0
21067,VINTAGE RED TEATIME MUG,C,Poids mort,317.0,504.15,1.7896103896103894,1.7896103896103894,,Non calculable,0.08517350157728706,2011-01,"Déprioriser, solder ou sortir du catalogue",0.0
21925,UNION STRIPE CUSHION COVER ,C,Poids mort,403.0,503.75,1.25,1.25,,Non calculable,0.01488833746898263,2011-06,"Déprioriser, solder ou sortir du catalogue",0.0
23024,LARGE BONNE JAM JAR  T-LIGHT HOLDER,C,Poids mort,189.0,503.51,3.0081818181818183,3.0081818181818183,,Non calculable,0.010582010582010581,2011-06,"Déprioriser, solder ou sortir du catalogue",0.0
46775D,SUNSET COLOUR CHUNKY KNITTED THROW,C,Dilemme,60.0,502.2,8.363846153846152,8.363846153846152,,Non calculable,0.0,2011-09,Tester visibilité ou promotion courte,0.0
23398,HANGING HEART BONHEUR,C,Poids mort,567.0,502.2,1.0450666666666666,1.0450666666666666,,Non calculable,0.001763668430335097,2011-09,"Déprioriser, solder ou sortir du catalogue",0.0
22216,T-LIGHT HOLDER WHITE LACE,C,Dilemme,562.0,502.01,1.1177941176470587,1.1177941176470587,,Non calculable,0.0,2011-07,Tester visibilité ou promotion courte,0.0
82616C,MIDNIGHT GLAMOUR SCARF KNITTING KIT,C,Dilemme,324.0,501.44,1.9223529411764706,1.9223529411764706,,Non calculable,0.009259259259259259,2011-11,Tester visibilité ou promotion courte,0.0
23216,LAUREL HEART ANTIQUE GOLD,C,Dilemme,402.0,501.235,1.446888888888889,1.446888888888889,,Non calculable,0.0,2011-09,Tester visibilité ou promotion courte,0.0
22707,WRAP MONSTER FUN ,C,Dilemme,1192.5,500.85,0.42,0.42,,Non calculable,0.0,2011-11,Tester visibilité ou promotion courte,0.0
23021,GLASS BONNE JAM JAR,C,Poids mort,120.0,500.82000000000005,4.441851851851852,4.441851851851852,,Non calculable,0.0,2011-10,"Déprioriser, solder ou sortir du catalogue",0.0
22280,POCKET BAG PINK PAISELY BROWN SPOT,C,Dilemme,456.5,500.045,1.2945833333333334,1.2945833333333334,,Non calculable,0.0,2011-01,Tester visibilité ou promotion courte,0.0
85187,S/12 MINI RABBIT EASTER,C,Poids mort,298.0,499.98,1.8753521126760564,1.8753521126760564,,Non calculable,0.0,2011-03,"Déprioriser, solder ou sortir du catalogue",0.0
84509C,SET OF 4 POLKADOT PLACEMATS ,C,Poids mort,130.0,498.94,4.149019607843137,4.149019607843137,,Non calculable,0.0,2011-01,"Déprioriser, solder ou sortir du catalogue",0.0
23045,PAPER LANTERN 5 POINT STAR MOON ,C,Dilemme,118.0,497.98,4.4812,4.4812,,Non calculable,0.1694915254237288,2011-09,Tester visibilité ou promotion courte,0.0
21926,RED/CREAM STRIPE CUSHION COVER ,C,Poids mort,402.5,497.71,1.2468333333333335,1.2468333333333335,,Non calculable,0.034782608695652174,2011-02,"Déprioriser, solder ou sortir du catalogue",0.0
21710,FOLDING UMBRELLA PINKWHITE POLKADOT,C,Dilemme,107.0,497.03000000000003,4.712666666666666,4.712666666666666,,Non calculable,0.0,2011-08,Tester visibilité ou promotion courte,0.0
84970s,HANGING HEART ZINC T-LIGHT HOLDER,C,Dilemme,238.0,496.49,2.0875757575757574,2.0875757575757574,,Non calculable,0.0,2011-03,Tester visibilité ou promotion courte,0.0
21159,MOODY BOY  DOOR HANGER ,C,Dilemme,856.0,496.48999999999995,1.0303225806451612,1.0303225806451612,,Non calculable,0.0,2011-07,Tester visibilité ou promotion courte,0.0
21694,SMALL REGAL  SILVER CANDLEPOT ,C,Dilemme,172.0,496.08000000000004,3.395,3.395,,Non calculable,0.0,2011-07,Tester visibilité ou promotion courte,0.0
20766,GARDEN PATH SKETCHBOOK,C,Dilemme,122.0,493.57,4.450862068965517,4.450862068965517,,Non calculable,0.0,2011-04,Tester visibilité ou promotion courte,0.0
23482,PEARLISED IVORY HEART LARGE ,C,Poids mort,302.5,493.545,1.765897435897436,1.765897435897436,,Non calculable,0.0,2011-10,"Déprioriser, solder ou sortir du catalogue",0.0
21358,TOAST ITS - HAPPY BIRTHDAY,C,Poids mort,411.0,493.29,1.1811111111111112,1.1811111111111112,,Non calculable,0.0,2010-12,"Déprioriser, solder ou sortir du catalogue",0.0
46776C,WOVEN FROST CUSHION COVER,C,Dilemme,117.0,492.79,4.221525423728814,4.221525423728814,,Non calculable,0.0,2011-11,Tester visibilité ou promotion courte,0.0
22389,PAPERWEIGHT SAVE THE PLANET,C,Dilemme,266.5,491.4,2.582888888888889,2.582888888888889,,Non calculable,0.37523452157598497,2011-10,Vérifier qualité / description avant promotion,0.0
82613B,"METAL SIGN,CUPCAKE SINGLE HOOK",C,Poids mort,560.0,490.58,1.4934234234234232,1.4934234234234232,,Non calculable,0.03571428571428571,2011-01,"Déprioriser, solder ou sortir du catalogue",0.0
22826,LOVE SEAT ANTIQUE WHITE METAL,C,Dilemme,58.0,490.09999999999997,8.45,8.45,,Non calculable,0.06896551724137931,2011-11,Tester visibilité ou promotion courte,0.0
23472, NINE DRAWER OFFICE TIDY,C,Poids mort,58.0,490.09999999999997,8.45,8.45,,Non calculable,0.0,2011-10,"Déprioriser, solder ou sortir du catalogue",0.0
21398,RED POLKADOT COFFEE  MUG,C,Poids mort,917.0,489.75,1.2461904761904763,1.2461904761904763,,Non calculable,0.0,2011-03,"Déprioriser, solder ou sortir du catalogue",0.0
23597,PAPER BUNTING PAISLEY PARK,C,Poids mort,174.5,489.095,3.186129032258065,3.186129032258065,,Non calculable,0.034383954154727794,2011-11,"Déprioriser, solder ou sortir du catalogue",0.0
21972,SET OF 36 DINOSAUR PAPER DOILIES,C,Dilemme,327.5,488.205,1.6887692307692308,1.6887692307692308,,Non calculable,0.0061068702290076335,2011-11,Tester visibilité ou promotion courte,0.0
35809A,ENAMEL PINK TEA CONTAINER,C,Poids mort,420.0,488.06,1.9277777777777778,1.9277777777777778,,Non calculable,0.0,2011-05,"Déprioriser, solder ou sortir du catalogue",0.0
85088,CANDY SPOT HAND BAG,C,Dilemme,232.0,486.125,2.3871153846153845,2.3871153846153845,,Non calculable,0.008620689655172414,2011-10,Tester visibilité ou promotion courte,0.0
22861,EASTER TIN CHICKS IN GARDEN,C,Poids mort,282.5,485.805,2.0107999999999997,2.0107999999999997,,Non calculable,0.0,2011-02,"Déprioriser, solder ou sortir du catalogue",0.0
23117,POPPY FIELDS CHOPPING BOARD,C,Poids mort,93.0,484.85,5.338888888888889,5.338888888888889,,Non calculable,0.010752688172043012,2011-10,"Déprioriser, solder ou sortir du catalogue",0.0
84313B,BLUE TV TRAY TABLE ,C,Poids mort,127.0,484.49,5.232564102564102,5.232564102564102,,Non calculable,0.0,2011-01,"Déprioriser, solder ou sortir du catalogue",0.0
20832,RED FLOCK LOVE HEART PHOTO FRAME,C,Dilemme,873.5,482.84999999999997,0.7425301204819278,0.7425301204819278,,Non calculable,0.0011448196908986834,2011-01,Tester visibilité ou promotion courte,0.0
20748,KENSINGTON COFFEE SET,C,Dilemme,57.0,481.65,8.45,8.45,,Non calculable,0.0,2011-11,Tester visibilité ou promotion courte,0.0
21784,SHOE SHINE BOX ,C,Poids mort,57.0,481.65,8.45,8.45,,Non calculable,0.03508771929824561,2011-01,"Déprioriser, solder ou sortir du catalogue",0.0
22516,CHILDS GARDEN RAKE BLUE,C,Poids mort,198.5,481.015,2.73421875,2.73421875,,Non calculable,0.0,2011-05,"Déprioriser, solder ou sortir du catalogue",0.0
22511,RETROSPOT BABUSHKA DOORSTOP,C,Poids mort,239.5,480.825,2.802037037037037,2.802037037037037,,Non calculable,0.0,2011-01,"Déprioriser, solder ou sortir du catalogue",0.0
21455,PAINTED YELLOW WOODEN DAISY,C,Poids mort,568.5,480.305,0.8565833333333333,0.8565833333333333,,Non calculable,0.022867194371152155,2011-03,"Déprioriser, solder ou sortir du catalogue",0.0
21867,PINK UNION JACK  LUGGAGE TAG,C,Poids mort,348.0,480.25,1.5743076923076922,1.5743076923076922,,Non calculable,0.0,2011-07,"Déprioriser, solder ou sortir du catalogue",0.0
21741,COSY SLIPPER SHOES LARGE GREEN,C,Poids mort,147.0,480.1700000000001,3.8230000000000004,3.8230000000000004,,Non calculable,0.0,2010-12,"Déprioriser, solder ou sortir du catalogue",0.0
84849B,FAIRY SOAP SOAP HOLDER,C,Poids mort,266.0,478.83,2.053421052631579,2.053421052631579,,Non calculable,0.0037593984962406013,2011-01,"Déprioriser, solder ou sortir du catalogue",0.0
82616B,FRAPPUCINO SCARF KNITTING KIT,C,Dilemme,323.5,478.365,1.9437333333333333,1.9437333333333333,,Non calculable,0.027820710973724884,2011-11,Tester visibilité ou promotion courte,0.0
23422,PANTRY HOOK BALLOON WHISK ,C,Poids mort,213.0,477.89,2.777872340425532,2.777872340425532,,Non calculable,0.0,2011-10,"Déprioriser, solder ou sortir du catalogue",0.0
85049F,BABY BOOM RIBBONS ,C,Poids mort,378.0,477.34,1.2898901098901099,1.2898901098901099,,Non calculable,0.0,2011-03,"Déprioriser, solder ou sortir du catalogue",0.0
21472,LADYBIRD + BEE RAFFIA FOOD COVER,C,Poids mort,123.0,476.41,4.1597297297297295,4.1597297297297295,,Non calculable,0.0,2010-12,"Déprioriser, solder ou sortir du catalogue",0.0
21632,VINTAGE PINK DECORATIVE PARASOL,C,Poids mort,88.0,472.32000000000005,7.479166666666667,7.479166666666667,,Non calculable,0.0,2011-01,"Déprioriser, solder ou sortir du catalogue",0.0
23327,HANGING CLEAR MINI BOTTLE,C,Poids mort,729.0,471.87,0.7871428571428571,0.7871428571428571,,Non calculable,0.010973936899862825,2011-09,"Déprioriser, solder ou sortir du catalogue",0.0
23120,PACK OF 6 SMALL FRUIT STRAWS,C,Poids mort,1107.5,470.98,0.46819047619047616,0.46819047619047616,,Non calculable,0.06501128668171557,2011-07,"Déprioriser, solder ou sortir du catalogue",0.0
22184,CAKE STAND VICTORIAN FILIGREE LARGE,C,Poids mort,56.0,470.79999999999995,8.40885714285714,8.40885714285714,,Non calculable,0.03571428571428571,2011-01,"Déprioriser, solder ou sortir du catalogue",0.0
21366,MIRRORED WALL ART PHOTO FRAMES,C,Poids mort,89.0,470.01,5.889148936170212,5.889148936170212,,Non calculable,0.0,2010-12,"Déprioriser, solder ou sortir du catalogue",0.0
84687,BEACH HUT SHELF W 3 DRAWERS,C,Dilemme,81.0,469.45,6.675806451612903,6.675806451612903,,Non calculable,0.04938271604938271,2011-10,Tester visibilité ou promotion courte,0.0
79160,HEART SHAPE WIRELESS DOORBELL,C,Poids mort,250.5,468.815,2.0834615384615387,2.0834615384615387,,Non calculable,0.031936127744510975,2011-03,"Déprioriser, solder ou sortir du catalogue",0.0
21454,PAINTED PINK RABBIT ,C,Poids mort,552.5,468.585,0.8598561151079136,0.8598561151079136,,Non calculable,0.0,2011-03,"Déprioriser, solder ou sortir du catalogue",0.0
20707,CRAZY DAISY HEART DECORATION,C,Poids mort,464.0,468.39,1.0885906040268456,1.0885906040268456,,Non calculable,0.0021551724137931034,2011-07,"Déprioriser, solder ou sortir du catalogue",0.0
21711,FOLDING UMBRELLA WHITE/RED POLKADOT,C,Dilemme,96.5,468.135,5.032222222222222,5.032222222222222,,Non calculable,0.0,2011-10,Tester visibilité ou promotion courte,0.0
21289,LARGE STRIPES CHOCOLATE GIFT BAG,C,Dilemme,374.5,468.125,1.25,1.25,,Non calculable,0.0534045393858478,2011-09,Tester visibilité ou promotion courte,0.0
20615,BLUE POLKADOT PASSPORT COVER,C,Poids mort,309.0,466.99,2.5613684210526313,2.5613684210526313,,Non calculable,0.0,2011-11,"Déprioriser, solder ou sortir du catalogue",0.0
84674,FLYING PIG WATERING CAN,C,Poids mort,193.0,466.95000000000005,3.2604166666666665,3.2604166666666665,,Non calculable,0.02072538860103627,2010-12,"Déprioriser, solder ou sortir du catalogue",0.0
35599B,BLACK CHRISTMAS TREE 120CM,C,Dilemme,173.5,466.105,3.4551851851851847,3.4551851851851847,,Non calculable,0.0,2011-11,Tester visibilité ou promotion courte,0.0
21801,CHRISTMAS TREE DECORATION WITH BELL,C,Poids mort,1097.5,465.455,0.42296,0.42296,,Non calculable,0.03280182232346242,2010-12,"Déprioriser, solder ou sortir du catalogue",0.0
23507,MINI PLAYING CARDS BUFFALO BILL ,C,Poids mort,1096.5,465.34000000000003,0.4734645669291338,0.4734645669291338,,Non calculable,0.0,2011-10,"Déprioriser, solder ou sortir du catalogue",0.0
22824,3 TIER SWEETHEART GARDEN SHELF,C,Poids mort,55.0,464.74999999999994,8.45,8.45,,Non calculable,0.01818181818181818,2011-03,"Déprioriser, solder ou sortir du catalogue",0.0
72818,CHRISTMAS DECOUPAGE CANDLE,C,Dilemme,931.5,463.24,0.7696153846153846,0.7696153846153846,,Non calculable,0.03864734299516908,2011-10,Tester visibilité ou promotion courte,0.0
84917,WHITE HAND TOWEL WITH BUTTERFLY,C,Poids mort,184.0,463.12,3.8588888888888886,3.8588888888888886,,Non calculable,0.0,2011-05,"Déprioriser, solder ou sortir du catalogue",0.0
20838,FRENCH LATTICE CUSHION COVER ,C,Dilemme,385.0,461.45,1.8773684210526316,1.8773684210526316,,Non calculable,0.03116883116883117,2011-09,Tester visibilité ou promotion courte,0.0
17129F,BLUE GLASS GEMS IN BAG,C,Poids mort,442.5,460.71,1.37,1.37,,Non calculable,0.004519774011299435,2011-04,"Déprioriser, solder ou sortir du catalogue",0.0
21003,ROSE DU SUD CUSHION COVER,C,Dilemme,78.0,460.58,5.887391304347826,5.887391304347826,,Non calculable,0.0,2011-09,Tester visibilité ou promotion courte,0.0
21063,PARTY INVITES JAZZ HEARTS,C,Dilemme,528.0,458.31,0.9322549019607843,0.9322549019607843,,Non calculable,0.0,2011-02,Tester visibilité ou promotion courte,0.0
21128,GOLD FISHING GNOME,C,Poids mort,68.0,457.59999999999997,7.658333333333333,7.658333333333333,,Non calculable,0.0,2011-05,"Déprioriser, solder ou sortir du catalogue",0.0
23520,EMBROIDERED RIBBON REEL RUBY ,C,Poids mort,123.5,457.435,3.9675,3.9675,,Non calculable,0.0,2011-10,"Déprioriser, solder ou sortir du catalogue",0.0
22803,IVORY EMBROIDERED QUILT ,C,Poids mort,54.0,456.29999999999995,8.45,8.45,,Non calculable,0.0,2010-12,"Déprioriser, solder ou sortir du catalogue",0.0
21850,BLUE  DIAMANTE PEN IN GIFT BOX,C,Dilemme,121.5,456.255,4.301481481481481,4.301481481481481,,Non calculable,0.2962962962962963,2011-07,Vérifier qualité / description avant promotion,0.0
21851,LILAC DIAMANTE PEN IN GIFT BOX,C,Poids mort,141.0,454.99,4.154603174603174,4.154603174603174,,Non calculable,0.0,2010-12,"Déprioriser, solder ou sortir du catalogue",0.0
20735,BLACK MINI TAPE MEASURE ,C,Poids mort,407.0,454.385,1.1194642857142856,1.1194642857142856,,Non calculable,0.0,2010-12,"Déprioriser, solder ou sortir du catalogue",0.0
85231G,ORANGE SCENTED SET/9 T-LIGHTS,C,Dilemme,525.0,451.59,0.9924390243902439,0.9924390243902439,,Non calculable,0.01904761904761905,2011-09,Tester visibilité ou promotion courte,0.0
23548,WRAP MAGIC FOREST ,C,Poids mort,1075.0,451.5,0.42,0.42,,Non calculable,0.0,2011-08,"Déprioriser, solder ou sortir du catalogue",0.0
21062,PARTY INVITES SPACEMAN,C,Dilemme,530.5,451.005,0.8575675675675676,0.8575675675675676,,Non calculable,0.0,2011-07,Tester visibilité ou promotion courte,0.0
22820,GIFT BAG BIRTHDAY,C,Dilemme,746.0,450.125,0.6137179487179487,0.6137179487179487,,Non calculable,0.002680965147453083,2011-07,Tester visibilité ou promotion courte,0.0
23466,TUSCAN VILLA DOVECOTE BIRD FEEDER,C,Poids mort,55.0,448.95,8.266666666666666,8.266666666666666,,Non calculable,0.01818181818181818,2011-11,"Déprioriser, solder ou sortir du catalogue",0.0
85163A,WHITE BAROQUE WALL CLOCK ,C,Poids mort,66.0,448.09999999999997,8.13375,8.13375,,Non calculable,0.0,2011-01,"Déprioriser, solder ou sortir du catalogue",0.0
20669,RED HEART LUGGAGE TAG,C,Dilemme,304.0,447.34,1.6915841584158415,1.6915841584158415,,Non calculable,0.0,2011-01,Tester visibilité ou promotion courte,0.0
85212,MINI PAINTED GARDEN DECORATION ,C,Dilemme,1270.5,446.405,0.5020253164556961,0.5020253164556961,,Non calculable,0.0,2011-06,Tester visibilité ou promotion courte,0.0
84920,PINK FLOWER FABRIC PONY,C,Dilemme,115.0,446.23,4.163541666666666,4.163541666666666,,Non calculable,0.0,2011-07,Tester visibilité ou promotion courte,0.0
21415,CLAM SHELL SMALL ,C,Dilemme,219.0,446.02000000000004,2.722391304347826,2.722391304347826,,Non calculable,0.0,2011-09,Tester visibilité ou promotion courte,0.0
22105,MIRROR MOSAIC GOBLET CANDLE HOLDER,C,Poids mort,151.0,445.97,3.9760606060606065,3.9760606060606065,,Non calculable,1.5894039735099337,2011-05,Vérifier qualité / description avant promotion,0.0
22638,SET OF 4 NAPKIN CHARMS CROWNS ,C,Poids mort,257.5,445.965,2.2776923076923077,2.2776923076923077,,Non calculable,0.003883495145631068,2011-01,"Déprioriser, solder ou sortir du catalogue",0.0
21220,SET/4 BADGES DOGS,C,Dilemme,338.0,445.01,1.5551685393258428,1.5551685393258428,,Non calculable,0.0,2011-11,Tester visibilité ou promotion courte,0.0
21656,RIDGED GLASS POSY VASE ,C,Poids mort,219.0,444.58,2.208085106382979,2.208085106382979,,Non calculable,0.0,2011-01,"Déprioriser, solder ou sortir du catalogue",0.0
21171,BATHROOM METAL SIGN ,C,Poids mort,303.0,444.39,1.7678082191780824,1.7678082191780824,,Non calculable,0.0,2011-06,"Déprioriser, solder ou sortir du catalogue",0.0
21580,RABBIT  DESIGN  COTTON TOTE BAG,C,Dilemme,181.0,444.07,2.890483870967742,2.890483870967742,,Non calculable,0.0,2011-07,Tester visibilité ou promotion courte,0.0
22640,SET OF 4 NAPKIN CHARMS 3 KEYS ,C,Poids mort,230.0,441.09999999999997,2.5242105263157892,2.5242105263157892,,Non calculable,0.0,2011-01,"Déprioriser, solder ou sortir du catalogue",0.0
22097,SWALLOW SQUARE TISSUE BOX,C,Dilemme,849.0,441.06,0.6958169934640523,0.6958169934640523,,Non calculable,0.011778563015312132,2011-07,Tester visibilité ou promotion courte,0.0
85064,CREAM SWEETHEART LETTER RACK,C,Poids mort,83.5,440.33,6.097666666666667,6.097666666666667,,Non calculable,0.023952095808383235,2010-12,"Déprioriser, solder ou sortir du catalogue",0.0
22420,LIPSTICK PEN BABY PINK,C,Dilemme,893.5,439.345,0.5912499999999999,0.5912499999999999,,Non calculable,0.0,2011-11,Tester visibilité ou promotion courte,0.0
84520B,PACK 20 ENGLISH ROSE PAPER NAPKINS,C,Poids mort,455.0,438.395,1.1018518518518519,1.1018518518518519,,Non calculable,0.0,2011-01,"Déprioriser, solder ou sortir du catalogue",0.0
85194S,HANGING SPRING FLOWER EGG SMALL,C,Poids mort,927.0,437.87,0.6436111111111111,0.6436111111111111,,Non calculable,0.03128371089536138,2011-03,"Déprioriser, solder ou sortir du catalogue",0.0
22103,MIRROR MOSAIC T-LIGHT HOLDER ROUND,C,Dilemme,276.5,437.135,2.12,2.12,,Non calculable,1.7432188065099457,2011-08,Vérifier qualité / description avant promotion,0.0
22643,SET OF 4 NAPKIN CHARMS LEAVES   ,C,Poids mort,231.0,436.09,2.1975,2.1975,,Non calculable,0.0,2011-01,"Déprioriser, solder ou sortir du catalogue",0.0
21828,EIGHT PIECE SNAKE  SET,C,Dilemme,330.0,435.79,1.4801176470588235,1.4801176470588235,,Non calculable,0.0,2011-11,Tester visibilité ou promotion courte,0.0
21061,PARTY INVITES FOOTBALL,C,Dilemme,468.5,435.125,1.0548192771084337,1.0548192771084337,,Non calculable,0.0,2011-06,Tester visibilité ou promotion courte,0.0
21587,COSY HOUR GIANT TUBE MATCHES,C,Poids mort,175.5,434.7,2.5344827586206895,2.5344827586206895,,Non calculable,0.0,2010-12,"Déprioriser, solder ou sortir du catalogue",0.0
23473,WOODLAND SMALL RED FELT HEART,C,Poids mort,514.5,434.3,0.9533333333333333,0.9533333333333333,,Non calculable,0.0,2011-11,"Déprioriser, solder ou sortir du catalogue",0.0
22517,CHILDS GARDEN RAKE PINK,C,Poids mort,191.5,433.755,2.5105797101449276,2.5105797101449276,,Non calculable,0.0,2011-01,"Déprioriser, solder ou sortir du catalogue",0.0
82613C,"METAL SIGN,CUPCAKE SINGLE HOOK",C,Poids mort,514.0,433.71999999999997,1.4461458333333332,1.4461458333333332,,Non calculable,0.038910505836575876,2011-01,"Déprioriser, solder ou sortir du catalogue",0.0
20831,GOLD PHOTO FRAME,C,Poids mort,196.5,433.575,2.737948717948718,2.737948717948718,,Non calculable,0.0,2011-03,"Déprioriser, solder ou sortir du catalogue",0.0
17107D,FLOWER FAIRY 5 DRAWER LINERS,C,Poids mort,170.0,433.5,2.55,2.55,,Non calculable,0.0,2010-12,"Déprioriser, solder ou sortir du catalogue",0.0
35653,VINTAGE BEAD NOTEBOOK,C,Dilemme,150.0,433.19,3.3453846153846154,3.3453846153846154,,Non calculable,0.0,2011-07,Tester visibilité ou promotion courte,0.0
21365,MIRRORED WALL ART STARS,C,Dilemme,343.5,432.46500000000003,1.972962962962963,1.972962962962963,,Non calculable,0.0,2011-01,Tester visibilité ou promotion courte,0.0
22229,BUNNY WOODEN PAINTED WITH FLOWER ,C,Poids mort,568.0,432.46,0.9327184466019417,0.9327184466019417,,Non calculable,0.0035211267605633804,2011-03,"Déprioriser, solder ou sortir du catalogue",0.0
20770,ABSTRACT CIRCLE JOURNAL ,C,Poids mort,176.5,431.5,2.4995833333333333,2.4995833333333333,,Non calculable,0.0,2011-01,"Déprioriser, solder ou sortir du catalogue",0.0
23018,LARGE APOTHECARY MEASURING JAR ,C,Poids mort,51.0,430.95,8.45,8.45,,Non calculable,0.0,2011-06,"Déprioriser, solder ou sortir du catalogue",0.0
23458,DOLLY CABINET 3 DRAWERS ,C,Poids mort,51.0,430.95,8.45,8.45,,Non calculable,0.09803921568627451,2011-11,"Déprioriser, solder ou sortir du catalogue",0.0
21096,SET/6 FRUIT SALAD  PAPER PLATES,C,Poids mort,873.5,430.745,0.5745714285714285,0.5745714285714285,,Non calculable,0.0,2011-04,"Déprioriser, solder ou sortir du catalogue",0.0
21374,MIRRORED WALL ART SKULLS,C,Dilemme,277.0,430.04,2.366739130434783,2.366739130434783,,Non calculable,0.0,2011-07,Tester visibilité ou promotion courte,0.0
85093,CANDY SPOT EGG WARMER HARE,C,Poids mort,591.0,429.55,0.8860674157303371,0.8860674157303371,,Non calculable,0.0,2011-03,"Déprioriser, solder ou sortir du catalogue",0.0
22337,ANGEL DECORATION PAINTED ZINC ,C,Dilemme,649.0,429.54,0.7082051282051283,0.7082051282051283,,Non calculable,0.0,2011-11,Tester visibilité ou promotion courte,0.0
16235,RECYCLED PENCIL WITH RABBIT ERASER,C,Poids mort,1647.0,429.51,0.3164880952380952,0.3164880952380952,,Non calculable,0.0006071645415907711,2011-11,"Déprioriser, solder ou sortir du catalogue",0.0
23522,WALL ART DOG AND BALL ,C,Poids mort,171.0,429.15,3.680625,3.680625,,Non calculable,0.0,2011-11,"Déprioriser, solder ou sortir du catalogue",0.0
20705,MRS ROBOT SOFT TOY,C,Poids mort,143.0,428.85,4.807142857142857,4.807142857142857,,Non calculable,0.006993006993006993,2010-12,"Déprioriser, solder ou sortir du catalogue",0.0
21397,BLUE POLKADOT EGG CUP ,C,Poids mort,763.0,428.75,1.0604615384615383,1.0604615384615383,,Non calculable,0.0,2011-03,"Déprioriser, solder ou sortir du catalogue",0.0
21002,ROSE DU SUD DRAWSTRING BAG,C,Poids mort,125.0,428.65999999999997,3.3995454545454544,3.3995454545454544,,Non calculable,0.0,2011-01,"Déprioriser, solder ou sortir du catalogue",0.0
23187,FRENCH STYLE STORAGE JAR BONBONS,C,Dilemme,1412.5,426.66499999999996,0.3154666666666667,0.3154666666666667,,Non calculable,0.026194690265486726,2011-09,Tester visibilité ou promotion courte,0.0
22615,PACK OF 12 CIRCUS PARADE TISSUES ,C,Dilemme,1266.0,426.35999999999996,0.4941176470588235,0.4941176470588235,,Non calculable,0.009478672985781991,2011-10,Tester visibilité ou promotion courte,0.0
23381,PACK OF 12 VINTAGE LEAF TISSUES ,C,Poids mort,1073.0,426.155,0.4760493827160494,0.4760493827160494,,Non calculable,0.0,2011-09,"Déprioriser, solder ou sortir du catalogue",0.0
85168B,BLACK BAROQUE CARRIAGE CLOCK,C,Dilemme,51.0,426.15,8.340285714285713,8.340285714285713,,Non calculable,0.0,2011-01,Tester visibilité ou promotion courte,0.0
22181,SNOWSTORM PHOTO FRAME FRIDGE MAGNET,C,Dilemme,492.0,425.53499999999997,0.9998245614035087,0.9998245614035087,,Non calculable,0.054878048780487805,2011-11,Tester visibilité ou promotion courte,0.0
20619,TROPICAL PASSPORT COVER ,C,Poids mort,242.5,425.025,2.136767676767677,2.136767676767677,,Non calculable,0.0,2011-03,"Déprioriser, solder ou sortir du catalogue",0.0
23058,CHRISTMAS HANGING SNOWFLAKE,C,Poids mort,482.5,424.935,1.2252083333333335,1.2252083333333335,,Non calculable,0.0,2011-11,"Déprioriser, solder ou sortir du catalogue",0.0
17012C,ORIGAMI LAVENDER INCENSE/CANDL SET ,C,Dilemme,352.5,424.425,1.7676470588235293,1.7676470588235293,,Non calculable,0.0,2011-11,Tester visibilité ou promotion courte,0.0
90200E,GREEN SWEETHEART BRACELET,C,Dilemme,103.0,423.41,4.187727272727273,4.187727272727273,,Non calculable,0.0,2011-10,Tester visibilité ou promotion courte,0.0
23044,PAPER LANTERN 9 POINT HOLLY STAR S,C,Dilemme,101.0,423.29,4.309230769230769,4.309230769230769,,Non calculable,0.0,2011-09,Tester visibilité ou promotion courte,0.0
20768,GREEN FERN JOURNAL ,C,Dilemme,168.5,422.82,2.647272727272727,2.647272727272727,,Non calculable,0.0,2011-07,Tester visibilité ou promotion courte,0.0
22482,BLUE TEA TOWEL CLASSIC DESIGN,C,Poids mort,343.0,422.76,1.2656603773584905,1.2656603773584905,,Non calculable,0.0,2011-02,"Déprioriser, solder ou sortir du catalogue",0.0
21287,SCENTED VELVET LOUNGE CANDLE ,C,Dilemme,902.0,422.71000000000004,0.5452727272727272,0.5452727272727272,,Non calculable,0.0,2011-11,Tester visibilité ou promotion courte,0.0
22050,PINK PAISLEY ROSE GIFT WRAP,C,Dilemme,1010.5,422.13,0.418,0.418,,Non calculable,0.024740227610094014,2011-07,Tester visibilité ou promotion courte,0.0
85130C,BEADED CRYSTAL HEART BLUE  LARGE,C,Dilemme,462.5,421.815,1.077659574468085,1.077659574468085,,Non calculable,0.0,2011-09,Tester visibilité ou promotion courte,0.0
72799F,IVORY PILLAR CANDLE GOLD FLOCK,C,Poids mort,144.0,421.13000000000005,3.036666666666667,3.036666666666667,,Non calculable,0.0,2011-03,"Déprioriser, solder ou sortir du catalogue",0.0
85136C,RED SHARK HELICOPTER,C,Dilemme,52.0,420.92,8.075555555555555,8.075555555555555,,Non calculable,0.0,2010-12,Tester visibilité ou promotion courte,0.0
85177,BASKET OF FLOWERS SEWING KIT,C,Dilemme,485.0,420.755,1.04,1.04,,Non calculable,0.002061855670103093,2011-10,Tester visibilité ou promotion courte,0.0
23560,SET OF 6 RIBBONS COUNTRY STYLE,C,Poids mort,140.5,420.745,3.543846153846154,3.543846153846154,,Non calculable,0.0,2011-12,"Déprioriser, solder ou sortir du catalogue",0.0
84931B,BLUE SCOTTIE DOG W FLOWER PATTERN,C,Dilemme,175.5,420.255,2.396734693877551,2.396734693877551,,Non calculable,0.017094017094017096,2011-11,Tester visibilité ou promotion courte,0.0
21270,ANTIQUE CREAM CUTLERY CUPBOARD,C,Poids mort,50.0,420.09999999999997,8.41,8.41,,Non calculable,0.0,2011-01,"Déprioriser, solder ou sortir du catalogue",0.0
20762,GREEN FERN SKETCHBOOK ,C,Dilemme,106.0,420.08,4.153214285714286,4.153214285714286,,Non calculable,0.0,2011-06,Tester visibilité ou promotion courte,0.0
84820,DANISH ROSE TRINKET TRAYS,C,Poids mort,207.5,418.675,3.877741935483871,3.877741935483871,,Non calculable,0.01927710843373494,2010-12,"Déprioriser, solder ou sortir du catalogue",0.0
22856,ASSORTED EASTER DECORATIONS  BELLS,C,Poids mort,309.5,417.46,2.5762962962962965,2.5762962962962965,,Non calculable,0.06785137318255251,2011-03,"Déprioriser, solder ou sortir du catalogue",0.0
35004G,SET OF 3 GOLD FLYING DUCKS,C,Dilemme,107.5,416.625,5.35,5.35,,Non calculable,0.018604651162790697,2011-05,Tester visibilité ou promotion courte,0.0
22214,CANDLE PLATE LACE WHITE,C,Poids mort,193.0,416.6,2.6326785714285714,2.6326785714285714,,Non calculable,0.0,2011-01,"Déprioriser, solder ou sortir du catalogue",0.0
20765,CHRYSANTHEMUM SKETCHBOOK ,C,Dilemme,102.0,416.05,4.255762711864407,4.255762711864407,,Non calculable,0.0,2011-11,Tester visibilité ou promotion courte,0.0
21147,JINGLE BELLS TREE DECORATION,C,Dilemme,203.0,415.77,2.046493506493506,2.046493506493506,,Non calculable,0.0,2011-10,Tester visibilité ou promotion courte,0.0
22405,MONEY BOX POCKET MONEY DESIGN,C,Poids mort,372.0,415.36,1.431857142857143,1.431857142857143,,Non calculable,0.002688172043010753,2010-12,"Déprioriser, solder ou sortir du catalogue",0.0
85172,HYACINTH BULB T-LIGHT CANDLES,C,Dilemme,956.0,415.31,0.6023913043478261,0.6023913043478261,,Non calculable,0.08368200836820083,2011-11,Tester visibilité ou promotion courte,0.0
22108,PING! MICROWAVE PLATE,C,Dilemme,152.0,415.09,3.1066666666666665,3.1066666666666665,,Non calculable,0.0,2011-11,Tester visibilité ou promotion courte,0.0
22390,PAPERWEIGHT CHILDHOOD MEMORIES,C,Dilemme,234.5,413.565,2.7905555555555552,2.7905555555555552,,Non calculable,0.0,2011-11,Tester visibilité ou promotion courte,0.0
20903,VINTAGE KEEPSAKE BOX TRAVELOGUE,C,Dilemme,82.0,413.29999999999995,5.066428571428571,5.066428571428571,,Non calculable,0.0,2011-07,Tester visibilité ou promotion courte,0.0
90161C,ANT COPPER LIME BOUDICCA BRACELET,C,Dilemme,83.0,412.74,4.986000000000001,4.986000000000001,,Non calculable,0.0,2011-11,Tester visibilité ou promotion courte,0.0
84658,WHITE STITCHED CUSHION COVER,C,Dilemme,57.0,412.23,7.2995652173913035,7.2995652173913035,,Non calculable,0.0,2011-09,Tester visibilité ou promotion courte,0.0
23415,HOME SWEET HOME HOOK,C,Poids mort,328.0,412.18,1.4517021276595745,1.4517021276595745,,Non calculable,0.01524390243902439,2011-11,"Déprioriser, solder ou sortir du catalogue",0.0
21662,VINTAGE GLASS COFFEE CADDY,C,Poids mort,66.5,411.425,6.892307692307692,6.892307692307692,,Non calculable,0.0,2010-12,"Déprioriser, solder ou sortir du catalogue",0.0
22447,PIN CUSHION BABUSHKA BLUE,C,Poids mort,137.0,410.81,3.2939999999999996,3.2939999999999996,,Non calculable,0.0,2011-01,"Déprioriser, solder ou sortir du catalogue",0.0
84600,NEW BAROQUE JEWELLERY BOX ,C,Dilemme,53.0,409.85,7.97,7.97,,Non calculable,0.018867924528301886,2011-11,Tester visibilité ou promotion courte,0.0
20830,SILVER PHOTO FRAME,C,Poids mort,136.0,409.83,3.0435135135135134,3.0435135135135134,,Non calculable,0.007352941176470588,2011-01,"Déprioriser, solder ou sortir du catalogue",0.0
21579,LOLITA  DESIGN  COTTON TOTE BAG,C,Dilemme,176.0,409.72,2.574,2.574,,Non calculable,0.056818181818181816,2011-01,Tester visibilité ou promotion courte,0.0
22051,BLUE SCANDINAVIAN PAISLEY WRAP,C,Dilemme,975.0,409.5,0.42,0.42,,Non calculable,0.0,2011-06,Tester visibilité ou promotion courte,0.0
22709,WRAP WEDDING DAY,C,Dilemme,982.0,408.45,0.41641025641025636,0.41641025641025636,,Non calculable,0.0,2011-07,Tester visibilité ou promotion courte,0.0
22486,PLASMATRONIC LAMP,C,Dilemme,71.0,407.75,7.4475999999999996,7.4475999999999996,,Non calculable,0.08450704225352113,2011-12,Tester visibilité ou promotion courte,0.0
21285,RETROSPOT CANDLE  MEDIUM,C,Dilemme,345.5,406.27500000000003,2.175581395348837,2.175581395348837,,Non calculable,0.0694645441389291,2011-11,Tester visibilité ou promotion courte,0.0
22647,CERAMIC LOVE HEART MONEY BANK,C,Poids mort,583.5,404.485,1.405111111111111,1.405111111111111,,Non calculable,0.02056555269922879,2011-01,"Déprioriser, solder ou sortir du catalogue",0.0
23218,LAUREL STAR ANTIQUE GOLD,C,Poids mort,316.0,404.28,1.57225,1.57225,,Non calculable,0.0,2011-09,"Déprioriser, solder ou sortir du catalogue",0.0
22406,MONEY BOX KINGS CHOICE DESIGN,C,Poids mort,346.0,403.46,1.5136904761904764,1.5136904761904764,,Non calculable,0.002890173410404624,2011-11,"Déprioriser, solder ou sortir du catalogue",0.0
84970l,SINGLE HEART ZINC T-LIGHT HOLDER,C,Dilemme,193.5,403.38,2.089,2.089,,Non calculable,0.0,2011-11,Tester visibilité ou promotion courte,0.0
85071C,"CHARLIE+LOLA""EXTREMELY BUSY"" SIGN",C,Dilemme,615.5,402.34999999999997,1.2516981132075473,1.2516981132075473,,Non calculable,0.0,2011-09,Tester visibilité ou promotion courte,0.0
23691,WRAP KEEP CALM BIRTHDAY,C,Poids mort,960.5,401.7,0.4184210526315789,0.4184210526315789,,Non calculable,0.0,2011-11,"Déprioriser, solder ou sortir du catalogue",0.0
21654,RIDGED GLASS FINGER BOWL,C,Poids mort,708.5,401.135,0.9606666666666667,0.9606666666666667,,Non calculable,0.0,2011-06,"Déprioriser, solder ou sortir du catalogue",0.0
23339,EGG FRYING PAN BLUE ,C,Poids mort,173.0,400.84000000000003,2.511578947368421,2.511578947368421,,Non calculable,0.0,2011-11,"Déprioriser, solder ou sortir du catalogue",0.0
20934,SET/3 POT PLANT CANDLES,C,Poids mort,68.0,400.6,6.3875,6.3875,,Non calculable,0.20588235294117646,2011-10,Vérifier qualité / description avant promotion,0.0
23039,T-LIGHT HOLDER SILVER HEART HANDLE,C,Poids mort,199.0,399.71,2.3906896551724137,2.3906896551724137,,Non calculable,0.03015075376884422,2011-07,"Déprioriser, solder ou sortir du catalogue",0.0
23561,SET OF 6 RIBBONS PARTY,C,Poids mort,138.5,397.565,3.40875,3.40875,,Non calculable,0.0,2011-12,"Déprioriser, solder ou sortir du catalogue",0.0
85016,SET OF 6 VINTAGE NOTELETS KIT,C,Poids mort,312.5,397.28499999999997,2.0207142857142855,2.0207142857142855,,Non calculable,0.0,2011-02,"Déprioriser, solder ou sortir du catalogue",0.0
20716,PARTY FOOD SHOPPER BAG,C,Poids mort,328.5,393.84,1.3158108108108109,1.3158108108108109,,Non calculable,0.0,2011-03,"Déprioriser, solder ou sortir du catalogue",0.0
23661,MILK MAIDS MUG ,C,Poids mort,219.0,393.59000000000003,2.2335294117647058,2.2335294117647058,,Non calculable,0.091324200913242,2011-11,"Déprioriser, solder ou sortir du catalogue",0.0
84929,ASSTD FRUIT+FLOWERS FRIDGE MAGNETS,C,Dilemme,1405.5,393.40500000000003,0.2896923076923077,0.2896923076923077,,Non calculable,0.01351832088224831,2011-07,Tester visibilité ou promotion courte,0.0
90200B,BLACK SWEETHEART BRACELET,C,Dilemme,93.0,392.83,4.204893617021276,4.204893617021276,,Non calculable,0.010752688172043012,2010-12,Tester visibilité ou promotion courte,0.0
21131,GOLD STANDING GNOME,C,Poids mort,104.5,392.395,5.6049999999999995,5.6049999999999995,,Non calculable,0.0,2010-12,"Déprioriser, solder ou sortir du catalogue",0.0
23150,IVORY SWEETHEART SOAP DISH,C,Dilemme,148.0,390.75,2.9436734693877553,2.9436734693877553,,Non calculable,0.006756756756756757,2011-05,Tester visibilité ou promotion courte,0.0
22344,PARTY PIZZA DISH PINK POLKADOT,C,Poids mort,883.0,390.29999999999995,0.6346052631578947,0.6346052631578947,,Non calculable,0.0,2011-01,"Déprioriser, solder ou sortir du catalogue",0.0
22127,PARTY CONES CARNIVAL ASSORTED,C,Poids mort,305.0,390.235,1.8678260869565217,1.8678260869565217,,Non calculable,0.0,2011-03,"Déprioriser, solder ou sortir du catalogue",0.0
23337,EGG FRYING PAN MINT ,C,Poids mort,180.0,388.75,2.287971014492754,2.287971014492754,,Non calculable,0.0,2011-11,"Déprioriser, solder ou sortir du catalogue",0.0
22510,GINGHAM BABUSHKA DOORSTOP,C,Poids mort,198.5,388.365,2.394285714285714,2.394285714285714,,Non calculable,0.0,2011-01,"Déprioriser, solder ou sortir du catalogue",0.0
22256,FELT FARM ANIMAL CHICKEN,C,Poids mort,286.0,387.9,1.6088235294117645,1.6088235294117645,,Non calculable,0.0,2011-03,"Déprioriser, solder ou sortir du catalogue",0.0
85025B,EAU DE NILE HEART SHAPE PHOTO FRAME,C,Dilemme,213.5,387.645,2.337105263157895,2.337105263157895,,Non calculable,0.00468384074941452,2011-11,Tester visibilité ou promotion courte,0.0
84806B,WHITE CANDYSTUFT ARTIFICIAL FLOWER,C,Dilemme,288.5,387.18499999999995,1.387,1.387,,Non calculable,0.0,2011-07,Tester visibilité ou promotion courte,0.0
84360,TABLE LAMP WHITE SHADE WOOD BASE,C,Poids mort,70.5,384.725,6.07,6.07,,Non calculable,0.0,2010-12,"Déprioriser, solder ou sortir du catalogue",0.0
20867,PINK ROSE FABRIC MIRROR,C,Poids mort,323.5,384.09499999999997,1.3503225806451613,1.3503225806451613,,Non calculable,0.0,2010-12,"Déprioriser, solder ou sortir du catalogue",0.0
84247E,PACK OF 12 CHRISTMAS FUN CARDS,C,Dilemme,140.0,384.09000000000003,2.705,2.705,,Non calculable,0.16428571428571428,2011-10,Tester visibilité ou promotion courte,0.0
23429,RED RETRO KITCHEN WALL CLOCK,C,Poids mort,47.0,383.65000000000003,8.17608695652174,8.17608695652174,,Non calculable,0.0,2011-11,"Déprioriser, solder ou sortir du catalogue",0.0
90114,SUMMER DAISIES BAG CHARM,C,Dilemme,153.5,383.53499999999997,2.4803409090909088,2.4803409090909088,,Non calculable,0.0,2011-11,Tester visibilité ou promotion courte,0.0
85232A,SET/3 POLKADOT STACKING TINS,C,Poids mort,78.0,383.3,5.408620689655172,5.408620689655172,,Non calculable,0.038461538461538464,2011-02,"Déprioriser, solder ou sortir du catalogue",0.0
23023,RIDGED BONNE JAM JAR T-LIGHT HOLDER,C,Poids mort,235.0,381.27000000000004,1.7651999999999999,1.7651999999999999,,Non calculable,0.00851063829787234,2011-11,"Déprioriser, solder ou sortir du catalogue",0.0
22266,EASTER DECORATION HANGING BUNNY,C,Poids mort,889.5,381.025,0.5661616161616162,0.5661616161616162,,Non calculable,0.0,2011-03,"Déprioriser, solder ou sortir du catalogue",0.0
46776D,WOVEN SUNSET CUSHION COVER ,C,Dilemme,89.0,378.29,4.200810810810811,4.200810810810811,,Non calculable,0.0,2011-11,Tester visibilité ou promotion courte,0.0
90161B,ANT COPPER TURQ BOUDICCA BRACELET,C,Dilemme,76.0,377.88,4.984594594594594,4.984594594594594,,Non calculable,0.0,2011-11,Tester visibilité ou promotion courte,0.0
21373,MIRRORED WALL ART SNOWFLAKES,C,Poids mort,497.0,377.79,0.8572340425531915,0.8572340425531915,,Non calculable,0.02414486921529175,2011-11,"Déprioriser, solder ou sortir du catalogue",0.0
23186,FRENCH STYLE STORAGE JAR CAFE ,C,Dilemme,1130.0,377.75499999999994,0.3409859154929577,0.3409859154929577,,Non calculable,0.010619469026548672,2011-07,Tester visibilité ou promotion courte,0.0
85179A,GREEN BITTY LIGHT CHAIN,C,Dilemme,193.0,377.69,2.7727118644067796,2.7727118644067796,,Non calculable,0.0,2011-11,Tester visibilité ou promotion courte,0.0
21051,RIBBONS PURSE ,C,Poids mort,192.0,377.2,2.0466666666666664,2.0466666666666664,,Non calculable,0.0,2011-01,"Déprioriser, solder ou sortir du catalogue",0.0
90160C,TURQ+RED BOUDICCA LARGE BRACELET,C,Dilemme,54.0,377.04,7.003076923076923,7.003076923076923,,Non calculable,0.0,2011-11,Tester visibilité ou promotion courte,0.0
47367B,PAIR PADDED HANGERS PINK CHECK,C,Poids mort,112.0,376.27,3.3988372093023256,3.3988372093023256,,Non calculable,0.0,2011-03,"Déprioriser, solder ou sortir du catalogue",0.0
17012A,ORIGAMI VANILLA INCENSE/CANDLE SET ,C,Dilemme,323.0,375.93,1.9546969696969696,1.9546969696969696,,Non calculable,0.0,2011-10,Tester visibilité ou promotion courte,0.0
22336,DOVE DECORATION PAINTED ZINC ,C,Dilemme,928.0,375.57,0.6304878048780488,0.6304878048780488,,Non calculable,0.02478448275862069,2011-09,Tester visibilité ou promotion courte,0.0
15034,PAPER POCKET TRAVELING FAN ,C,Dilemme,1993.0,375.08500000000004,0.3739855072463768,0.3739855072463768,,Non calculable,0.6949322629202208,2011-08,Vérifier qualité / description avant promotion,0.0
85203,HANGING WOOD AND FELT BUTTERFLY ,C,Poids mort,814.0,374.97,0.5677272727272727,0.5677272727272727,,Non calculable,0.0,2011-01,"Déprioriser, solder ou sortir du catalogue",0.0
84919,BLUE CUSHION COVER WITH FLOWER,C,Poids mort,58.0,374.44,6.281724137931035,6.281724137931035,,Non calculable,0.0,2011-03,"Déprioriser, solder ou sortir du catalogue",0.0
21945,STRAWBERRIES  DESIGN FLANNEL ,C,Dilemme,358.0,373.34,1.3124528301886793,1.3124528301886793,,Non calculable,0.0,2011-11,Tester visibilité ou promotion courte,0.0
21318,GLASS CHALICE BLUE SMALL ,C,Poids mort,568.0,372.64,1.318,1.318,,Non calculable,0.02992957746478873,2011-04,"Déprioriser, solder ou sortir du catalogue",0.0
90062,CARNIVAL BRACELET,C,Poids mort,44.0,371.79999999999995,8.45,8.45,,Non calculable,0.022727272727272728,2010-12,"Déprioriser, solder ou sortir du catalogue",0.0
21129,SILVER FISHING GNOME ,C,Dilemme,52.0,371.4,7.579629629629629,7.579629629629629,,Non calculable,0.038461538461538464,2011-11,Tester visibilité ou promotion courte,0.0
22230,JIGSAW TREE WITH WATERING CAN,C,Dilemme,668.0,370.71999999999997,0.792135922330097,0.792135922330097,,Non calculable,0.023952095808383235,2011-07,Tester visibilité ou promotion courte,0.0
21689,SILVER VANILLA  FLOWER CANDLE POT,C,Poids mort,95.0,369.87,4.273846153846154,4.273846153846154,,Non calculable,0.0,2011-06,"Déprioriser, solder ou sortir du catalogue",0.0
84559A,3D SHEET OF DOG STICKERS,C,Dilemme,389.5,369.235,1.1461702127659574,1.1461702127659574,,Non calculable,0.0,2011-11,Tester visibilité ou promotion courte,0.0
23576,SNACK TRAY RED VINTAGE DOILY,C,Poids mort,178.5,367.865,2.4010526315789473,2.4010526315789473,,Non calculable,0.0,2011-12,"Déprioriser, solder ou sortir du catalogue",0.0
84916,HAND TOWEL PALE BLUE W FLOWERS,C,Poids mort,151.5,364.015,3.9479310344827585,3.9479310344827585,,Non calculable,0.0,2010-12,"Déprioriser, solder ou sortir du catalogue",0.0
20893,HANGING BAUBLE T-LIGHT HOLDER SMALL,C,Dilemme,150.5,362.27,3.0580769230769227,3.0580769230769227,,Non calculable,0.23920265780730898,2010-12,Vérifier qualité / description avant promotion,0.0
21000,ROSE DU SUD COSMETICS BAG,C,Poids mort,96.0,360.84,3.6173076923076923,3.6173076923076923,,Non calculable,0.0,2011-01,"Déprioriser, solder ou sortir du catalogue",0.0
85049e,SCANDINAVIAN REDS RIBBONS,C,Dilemme,109.0,360.71,3.2950000000000004,3.2950000000000004,,Non calculable,0.0,2011-11,Tester visibilité ou promotion courte,0.0
84563A,PINK & WHITE BREAKFAST TRAY,C,Poids mort,96.0,360.3,4.443714285714286,4.443714285714286,,Non calculable,0.0,2011-01,"Déprioriser, solder ou sortir du catalogue",0.0
21060,PARTY INVITES BALLOON GIRL,C,Dilemme,405.0,359.28999999999996,0.946619718309859,0.946619718309859,,Non calculable,0.0,2011-07,Tester visibilité ou promotion courte,0.0
22458,CAST IRON HOOK GARDEN FORK,C,Poids mort,128.0,359.28,3.5356521739130433,3.5356521739130433,,Non calculable,0.0,2011-03,"Déprioriser, solder ou sortir du catalogue",0.0
22598,CHRISTMAS MUSICAL ZINC TREE,C,Dilemme,685.5,357.895,0.6635416666666666,0.6635416666666666,,Non calculable,0.0087527352297593,2011-11,Tester visibilité ou promotion courte,0.0
20856,DENIM PATCH PURSE PINK BUTTERFLY,C,Poids mort,216.0,357.29,1.670327868852459,1.670327868852459,,Non calculable,0.046296296296296294,2011-01,"Déprioriser, solder ou sortir du catalogue",0.0
21066,VINTAGE RED MUG,C,Dilemme,285.0,356.36,1.533148148148148,1.533148148148148,,Non calculable,0.042105263157894736,2011-11,Tester visibilité ou promotion courte,0.0
82095,HEART BUTTONS JEWELLERY BOX,C,Poids mort,68.0,356.11,5.318666666666667,5.318666666666667,,Non calculable,0.0,2011-07,"Déprioriser, solder ou sortir du catalogue",0.0
85169B,BLACK LOVE BIRD CANDLE,C,Poids mort,329.0,356.06,1.4383870967741934,1.4383870967741934,,Non calculable,0.0,2011-01,"Déprioriser, solder ou sortir du catalogue",0.0
84569A,PACK 3 IRON ON DOG PATCHES,C,Poids mort,294.0,355.84,1.2592307692307692,1.2592307692307692,,Non calculable,0.0,2011-05,"Déprioriser, solder ou sortir du catalogue",0.0
84821,DANISH ROSE DELUXE COASTER,C,Poids mort,689.0,355.49,0.614390243902439,0.614390243902439,,Non calculable,0.01741654571843251,2011-04,"Déprioriser, solder ou sortir du catalogue",0.0
21724,PANDA AND BUNNIES STICKER SHEET,C,Dilemme,407.5,355.405,0.9703703703703703,0.9703703703703703,,Non calculable,0.0,2011-11,Tester visibilité ou promotion courte,0.0
35964,FOLKART CLIP ON STARS,C,Dilemme,657.0,354.94,0.8463366336633662,0.8463366336633662,,Non calculable,0.0,2011-11,Tester visibilité ou promotion courte,0.0
21817,GLITTER CHRISTMAS TREE,C,Dilemme,771.0,354.81,0.5645901639344262,0.5645901639344262,,Non calculable,0.0,2011-10,Tester visibilité ou promotion courte,0.0
21758,VINTAGE SHELLS PRINT,C,Dilemme,50.0,354.5,7.559374999999999,7.559374999999999,,Non calculable,0.0,2011-11,Tester visibilité ou promotion courte,0.0
23540,WALL ART THE MAGIC FOREST ,C,Poids mort,58.5,352.465,6.801428571428572,6.801428571428572,,Non calculable,0.0,2011-10,"Déprioriser, solder ou sortir du catalogue",0.0
23420,PANTRY HOOK TEA STRAINER ,C,Poids mort,164.0,351.37,2.33625,2.33625,,Non calculable,0.0,2011-10,"Déprioriser, solder ou sortir du catalogue",0.0
21286,RETROSPOT CANDLE  LARGE,C,Dilemme,258.0,351.32,2.675,2.675,,Non calculable,0.0,2011-10,Tester visibilité ou promotion courte,0.0
21292,SMALL STRIPES CHOCOLATE GIFT BAG ,C,Dilemme,440.5,351.19,0.874642857142857,0.874642857142857,,Non calculable,0.0,2011-09,Tester visibilité ou promotion courte,0.0
22265,EASTER DECORATION NATURAL CHICK,C,Poids mort,516.5,350.875,0.7798571428571429,0.7798571428571429,,Non calculable,0.0,2011-03,"Déprioriser, solder ou sortir du catalogue",0.0
21555,CERAMIC STRAWBERRY TRINKET TRAY,C,Poids mort,137.0,350.47,2.590869565217391,2.590869565217391,,Non calculable,0.0,2011-01,"Déprioriser, solder ou sortir du catalogue",0.0
23421,PANTRY HOOK SPATULA,C,Poids mort,160.0,349.2,2.5148484848484847,2.5148484848484847,,Non calculable,0.0,2011-09,"Déprioriser, solder ou sortir du catalogue",0.0
21263,GREEN GOOSE FEATHER TREE 60CM,C,Dilemme,167.0,349.17,2.4969767441860466,2.4969767441860466,,Non calculable,0.011976047904191617,2011-11,Tester visibilité ou promotion courte,0.0
84924A,WAKE UP COCKEREL CALENDAR SIGN ,C,Dilemme,81.0,348.59000000000003,4.996363636363636,4.996363636363636,,Non calculable,0.0,2011-11,Tester visibilité ou promotion courte,0.0
21001,ROSE DU SUD WASHBAG ,C,Dilemme,73.0,348.19,4.6192,4.6192,,Non calculable,0.0,2011-11,Tester visibilité ou promotion courte,0.0
21222,SET/4 BADGES BEETLES,C,Dilemme,265.0,348.19,1.5762162162162163,1.5762162162162163,,Non calculable,0.0,2011-11,Tester visibilité ou promotion courte,0.0
21879,HEARTS GIFT TAPE,C,Poids mort,978.0,347.85,0.5863157894736841,0.5863157894736841,,Non calculable,0.0,2011-01,"Déprioriser, solder ou sortir du catalogue",0.0
20652,BLUE POLKADOT LUGGAGE TAG ,C,Dilemme,265.0,346.86,1.575897435897436,1.575897435897436,,Non calculable,0.0,2011-01,Tester visibilité ou promotion courte,0.0
21476,STEEL SWEETHEART ROUND TABLE CREAM,C,Poids mort,41.0,346.45,8.45,8.45,,Non calculable,0.0,2011-05,"Déprioriser, solder ou sortir du catalogue",0.0
47591B,SCOTTIES CHILDRENS APRON,C,Poids mort,209.0,344.78999999999996,1.6485714285714284,1.6485714285714284,,Non calculable,0.0,2010-12,"Déprioriser, solder ou sortir du catalogue",0.0
84849A,HELLO SAILOR BLUE SOAP HOLDER,C,Dilemme,180.0,344.34000000000003,2.3567924528301885,2.3567924528301885,,Non calculable,0.08888888888888889,2011-09,Tester visibilité ou promotion courte,0.0
85025C,PINK HEART SHAPE PHOTO FRAME,C,Poids mort,198.5,343.285,2.0585,2.0585,,Non calculable,0.005037783375314861,2011-01,"Déprioriser, solder ou sortir du catalogue",0.0
35598D,PINK/WHITE CHRISTMAS TREE 60CM,C,Dilemme,453.0,342.86,1.4949999999999999,1.4949999999999999,,Non calculable,0.002207505518763797,2011-09,Tester visibilité ou promotion courte,0.0
85129D,BEADED CRYSTAL HEART PINK SMALL,C,Poids mort,207.0,342.74,1.9433846153846153,1.9433846153846153,,Non calculable,0.0,2011-02,"Déprioriser, solder ou sortir du catalogue",0.0
47559b,TEA TIME OVEN GLOVE,C,Poids mort,103.0,342.65,3.31,3.31,,Non calculable,0.0,2010-12,"Déprioriser, solder ou sortir du catalogue",0.0
22459,CAST IRON HOOK GARDEN TROWEL,C,Poids mort,127.0,342.42499999999995,3.5335999999999994,3.5335999999999994,,Non calculable,0.0,2011-03,"Déprioriser, solder ou sortir du catalogue",0.0
21088,SET/6 FRUIT SALAD PAPER CUPS,C,Poids mort,1220.5,341.355,0.41398058252427183,0.41398058252427183,,Non calculable,0.009832036050798854,2011-05,"Déprioriser, solder ou sortir du catalogue",0.0
21202,DOLLY HONEYCOMB GARLAND,C,Poids mort,252.0,341.15999999999997,1.7524000000000002,1.7524000000000002,,Non calculable,0.0,2011-01,"Déprioriser, solder ou sortir du catalogue",0.0
84766,SILVER ROCOCO CANDLE STICK,C,Poids mort,146.0,340.7,3.3785714285714286,3.3785714285714286,,Non calculable,0.10273972602739725,2010-12,"Déprioriser, solder ou sortir du catalogue",0.0
21221,SET/4 BADGES CUTE CREATURES,C,Poids mort,261.0,340.22,1.3612962962962964,1.3612962962962964,,Non calculable,0.0,2010-12,"Déprioriser, solder ou sortir du catalogue",0.0
21284,RETROSPOT CANDLE  SMALL,C,Dilemme,316.0,338.535,2.0392857142857146,2.0392857142857146,,Non calculable,0.11392405063291139,2011-12,Tester visibilité ou promotion courte,0.0
84872A,TEATIME FUNKY FLOWER BACKPACK FOR 2,C,Poids mort,40.0,338.0,8.45,8.45,,Non calculable,0.0,2011-04,"Déprioriser, solder ou sortir du catalogue",0.0
84596E,SMALL LICORICE DES PINK BOWL,C,Poids mort,453.5,337.43,0.9810126582278481,0.9810126582278481,,Non calculable,0.0,2011-01,"Déprioriser, solder ou sortir du catalogue",0.0
23116,VEGETABLE GARDEN CHOPPING BOARD,C,Poids mort,68.5,337.27500000000003,5.709090909090909,5.709090909090909,,Non calculable,0.0,2011-10,"Déprioriser, solder ou sortir du catalogue",0.0
20803,SMALL PINK GLASS SUNDAE DISH,C,Poids mort,591.0,335.26,1.1465,1.1465,,Non calculable,0.11505922165820642,2011-04,"Déprioriser, solder ou sortir du catalogue",0.0
22048,BIRTHDAY BANQUET GIFT WRAP,C,Poids mort,803.5,335.19,0.4175,0.4175,,Non calculable,0.031113876789047916,2011-09,"Déprioriser, solder ou sortir du catalogue",0.0
23575,SNACK TRAY PAISLEY PARK,C,Poids mort,159.5,335.175,2.5823529411764703,2.5823529411764703,,Non calculable,0.0,2011-12,"Déprioriser, solder ou sortir du catalogue",0.0
79030D,TUMBLER BAROQUE,C,Poids mort,561.5,334.34499999999997,1.2959574468085107,1.2959574468085107,,Non calculable,0.0017809439002671415,2011-06,"Déprioriser, solder ou sortir du catalogue",0.0
21884,CAKES AND BOWS GIFT  TAPE,C,Poids mort,764.0,333.93,0.761505376344086,0.761505376344086,,Non calculable,0.0,2011-01,"Déprioriser, solder ou sortir du catalogue",0.0
23047,PAPER LANTERN 5 POINT SEQUIN STAR,C,Dilemme,58.0,333.5,5.75,5.75,,Non calculable,0.0,2011-10,Tester visibilité ou promotion courte,0.0
20700,GREEN CAT FLORAL CUSHION COVER ,C,Dilemme,73.0,332.25,4.741851851851852,4.741851851851852,,Non calculable,0.0,2011-09,Tester visibilité ou promotion courte,0.0
20782,CAMOUFLAGE EAR MUFF HEADPHONES,C,Poids mort,53.0,331.83,6.564814814814815,6.564814814814815,,Non calculable,0.0,2010-12,"Déprioriser, solder ou sortir du catalogue",0.0
21634,ASSORTED MINI MADRAS NOTEBOOK,C,Dilemme,590.5,331.605,0.8446428571428571,0.8446428571428571,,Non calculable,0.0,2011-06,Tester visibilité ou promotion courte,0.0
21248,DOOR HANGER  MUM + DADS ROOM,C,Dilemme,205.0,330.71999999999997,1.8424242424242423,1.8424242424242423,,Non calculable,0.004878048780487805,2011-08,Tester visibilité ou promotion courte,0.0
84563B,BLUE & WHITE BREAKFAST TRAY,C,Poids mort,94.0,330.40000000000003,3.8489473684210522,3.8489473684210522,,Non calculable,0.0,2011-05,"Déprioriser, solder ou sortir du catalogue",0.0
23015,CORDIAL GLASS JUG,C,Poids mort,40.0,330.2,8.260526315789473,8.260526315789473,,Non calculable,0.175,2011-08,"Déprioriser, solder ou sortir du catalogue",0.0
35923,CANDY HEART HANGING DECORATION,C,Dilemme,591.0,329.605,0.7807936507936507,0.7807936507936507,,Non calculable,0.001692047377326565,2011-06,Tester visibilité ou promotion courte,0.0
84974,S/2 ZINC HEART DESIGN PLANTERS,C,Dilemme,39.0,329.54999999999995,8.45,8.45,,Non calculable,0.0,2011-08,Tester visibilité ou promotion courte,0.0
22345,PARTY PIZZA DISH BLUE POLKADOT,C,Poids mort,775.0,329.53999999999996,0.5980821917808219,0.5980821917808219,,Non calculable,0.023225806451612905,2011-01,"Déprioriser, solder ou sortir du catalogue",0.0
90200A,PURPLE SWEETHEART BRACELET,C,Dilemme,78.0,328.44,4.1948,4.1948,,Non calculable,0.0,2011-12,Tester visibilité ou promotion courte,0.0
23579,SNACK TRAY I LOVE LONDON,C,Poids mort,149.5,326.575,2.6265714285714283,2.6265714285714283,,Non calculable,0.0,2011-12,"Déprioriser, solder ou sortir du catalogue",0.0
21684,SMALL MEDINA STAMPED METAL BOWL ,C,Dilemme,352.5,325.99,1.258723404255319,1.258723404255319,,Non calculable,0.0,2010-12,Tester visibilité ou promotion courte,0.0
71270,PHOTO CLIP LINE,C,Dilemme,228.5,325.605,1.7107999999999999,1.7107999999999999,,Non calculable,0.0,2011-10,Tester visibilité ou promotion courte,0.0
23037,CANDLE HOLDER SILVER MADELINE,C,Poids mort,196.0,325.16,1.886,1.886,,Non calculable,0.0,2011-10,"Déprioriser, solder ou sortir du catalogue",0.0
22316,200 BENDY SKULL STRAWS,C,Poids mort,265.5,324.2,1.3725454545454545,1.3725454545454545,,Non calculable,0.003766478342749529,2011-05,"Déprioriser, solder ou sortir du catalogue",0.0
16014,SMALL CHINESE STYLE SCISSOR,C,Dilemme,837.0,323.89,0.4014814814814815,0.4014814814814815,,Non calculable,0.0,2011-05,Tester visibilité ou promotion courte,0.0
85205B,PINK FELT EASTER RABBIT GARLAND,C,Poids mort,122.0,323.15,2.8713333333333333,2.8713333333333333,,Non calculable,0.0,2011-04,"Déprioriser, solder ou sortir du catalogue",0.0
22135,MINI LADLE LOVE HEART PINK,C,Poids mort,567.0,322.38,0.6762569832402234,0.6762569832402234,,Non calculable,0.0,2011-01,"Déprioriser, solder ou sortir du catalogue",0.0
84509c,SET OF 4 POLKADOT PLACEMATS ,C,Poids mort,43.0,322.22,7.495555555555556,7.495555555555556,,Non calculable,0.0,2011-04,"Déprioriser, solder ou sortir du catalogue",0.0
23379,PACK OF 12 RED APPLE TISSUES,C,Poids mort,777.5,321.03,0.5376623376623376,0.5376623376623376,,Non calculable,0.0,2011-10,"Déprioriser, solder ou sortir du catalogue",0.0
84976,RECTANGULAR SHAPED MIRROR,C,Dilemme,353.0,320.54,1.4297297297297298,1.4297297297297298,,Non calculable,0.039660056657223795,2011-08,Tester visibilité ou promotion courte,0.0
21425,SKULLS STORAGE BOX LARGE,C,Poids mort,87.0,320.49,4.644,4.644,,Non calculable,0.0,2011-01,"Déprioriser, solder ou sortir du catalogue",0.0
84638,SMALL KITCHEN FLOWER POTS PLAQUE,C,Poids mort,50.0,320.14,6.361891891891892,6.361891891891892,,Non calculable,0.0,2011-04,"Déprioriser, solder ou sortir du catalogue",0.0
21898,POTTING SHED ROSE CANDLE,C,Poids mort,112.0,319.99,2.6156,2.6156,,Non calculable,0.0,2011-03,"Déprioriser, solder ou sortir du catalogue",0.0
20936,FORKED CACTUS CANDLE,C,Dilemme,100.0,319.66,3.7341176470588238,3.7341176470588238,,Non calculable,0.01,2011-09,Tester visibilité ou promotion courte,0.0
22202,MILK PAN PINK POLKADOT,C,Poids mort,64.0,319.35,5.68972972972973,5.68972972972973,,Non calculable,0.015625,2011-01,"Déprioriser, solder ou sortir du catalogue",0.0
22547,MINI JIGSAW DINOSAUR ,C,Poids mort,731.0,318.925,0.6317647058823529,0.6317647058823529,,Non calculable,0.0027359781121751026,2010-12,"Déprioriser, solder ou sortir du catalogue",0.0
90161D,ANT COPPER PINK BOUDICCA BRACELET,C,Dilemme,64.0,318.89,4.997941176470588,4.997941176470588,,Non calculable,0.0,2011-12,Tester visibilité ou promotion courte,0.0
84708B,PINK JEWELLED PHOTO FRAME ,C,Dilemme,62.0,318.8,5.613157894736842,5.613157894736842,,Non calculable,0.0,2011-11,Tester visibilité ou promotion courte,0.0
21197,MULTICOLOUR  CONFETTI IN TUBE,C,Dilemme,225.5,318.22,1.6192592592592592,1.6192592592592592,,Non calculable,0.09312638580931264,2011-08,Tester visibilité ou promotion courte,0.0
84663A,GRASS HOPPER WOODEN WALL CLOCK ,C,Poids mort,200.5,317.635,2.9629411764705886,2.9629411764705886,,Non calculable,0.02493765586034913,2011-07,"Déprioriser, solder ou sortir du catalogue",0.0
84931A,PINK SCOTTIE DOG W FLOWER PATTERN,C,Dilemme,133.0,317.44,2.511764705882353,2.511764705882353,,Non calculable,0.0,2011-11,Tester visibilité ou promotion courte,0.0
84884a,ANT WHITE WIRE HEART SPIRAL,C,Poids mort,38.0,317.41999999999996,8.339230769230769,8.339230769230769,,Non calculable,0.0,2010-12,"Déprioriser, solder ou sortir du catalogue",0.0
22134,MINI LADLE LOVE HEART RED ,C,Poids mort,610.0,317.39,0.6503067484662577,0.6503067484662577,,Non calculable,0.0,2011-01,"Déprioriser, solder ou sortir du catalogue",0.0
72122,COFFEE SCENT PILLAR CANDLE,C,Dilemme,304.5,317.265,1.1914516129032255,1.1914516129032255,,Non calculable,0.0,2011-11,Tester visibilité ou promotion courte,0.0
35915C,PEACH KNITTED HEN ,C,Poids mort,315.0,316.46,1.0498333333333332,1.0498333333333332,,Non calculable,0.0,2011-03,"Déprioriser, solder ou sortir du catalogue",0.0
21026,SPACE OWL,C,Poids mort,255.0,315.75,1.5561764705882353,1.5561764705882353,,Non calculable,0.0,2011-11,"Déprioriser, solder ou sortir du catalogue",0.0
90198A,VINTAGE ROSE BEAD BRACELET RASPBERR,C,Dilemme,75.0,315.73,4.195227272727273,4.195227272727273,,Non calculable,0.0,2011-11,Tester visibilité ou promotion courte,0.0
22104,MIRROR MOSAIC CANDLE PLATE,C,Dilemme,220.5,315.35999999999996,1.58,1.58,,Non calculable,0.0,2011-05,Tester visibilité ou promotion courte,0.0
47594B,SCOTTIES DESIGN WASHBAG,C,Poids mort,170.0,314.54999999999995,1.9028571428571428,1.9028571428571428,,Non calculable,0.023529411764705882,2011-01,"Déprioriser, solder ou sortir du catalogue",0.0
84584,PINK GINGHAM CAT WITH SCARF,C,Poids mort,144.0,314.51,2.2963333333333336,2.2963333333333336,,Non calculable,0.0,2011-06,"Déprioriser, solder ou sortir du catalogue",0.0
84598,BOYS ALPHABET IRON ON PATCHES,C,Dilemme,869.5,313.885,0.38494949494949493,0.38494949494949493,,Non calculable,0.3312248418631397,2011-11,Vérifier qualité / description avant promotion,0.0
21723,ALPHABET HEARTS STICKER SHEET,C,Poids mort,354.0,313.53,1.0294915254237287,1.0294915254237287,,Non calculable,0.0,2011-05,"Déprioriser, solder ou sortir du catalogue",0.0
21942,SKULLS DESIGN FLANNEL,C,Dilemme,287.0,313.01,1.3337864077669903,1.3337864077669903,,Non calculable,0.041811846689895474,2011-11,Tester visibilité ou promotion courte,0.0
35637A,IVORY STRING CURTAIN WITH POLE ,C,Dilemme,126.5,312.675,3.4499999999999997,3.4499999999999997,,Non calculable,0.0,2011-08,Tester visibilité ou promotion courte,0.0
22096,PINK PAISLEY SQUARE TISSUE BOX ,C,Dilemme,670.0,312.65000000000003,0.6522314049586777,0.6522314049586777,,Non calculable,0.008955223880597015,2011-09,Tester visibilité ou promotion courte,0.0
22053,EMPIRE DESIGN ROSETTE,C,Poids mort,263.5,311.705,1.227857142857143,1.227857142857143,,Non calculable,0.0,2011-03,"Déprioriser, solder ou sortir du catalogue",0.0
46118,FUNKY MONKEY CUSHION COVER,C,Dilemme,224.5,310.775,2.8071739130434783,2.8071739130434783,,Non calculable,0.0,2011-01,Tester visibilité ou promotion courte,0.0
37476,CONDIMENT TRAY 4 BOWLS AND 4 SPOONS,C,Poids mort,37.0,310.73,8.39074074074074,8.39074074074074,,Non calculable,0.0,2011-05,"Déprioriser, solder ou sortir du catalogue",0.0
21841,BABY MOUSE RED GINGHAM DRESS,C,Dilemme,73.0,310.25,4.25,4.25,,Non calculable,0.0,2011-10,Tester visibilité ou promotion courte,0.0
84631,FRUIT TREE AND BIRDS WALL PLAQUE,C,Poids mort,40.0,310.2,7.767499999999999,7.767499999999999,,Non calculable,0.075,2011-03,"Déprioriser, solder ou sortir du catalogue",0.0
21944,KITTENS DESIGN FLANNEL,C,Dilemme,337.0,310.19,1.1922772277227722,1.1922772277227722,,Non calculable,0.0,2011-11,Tester visibilité ou promotion courte,0.0
85169D,PINK LOVE BIRD CANDLE,C,Poids mort,307.5,309.97,1.3084,1.3084,,Non calculable,0.0,2011-01,"Déprioriser, solder ou sortir du catalogue",0.0
85232B,SET OF 3 BABUSHKA STACKING TINS,C,Poids mort,62.5,309.375,4.950000000000001,4.950000000000001,,Non calculable,4.08,2010-12,Vérifier qualité / description avant promotion,0.0
22339,CHRISTMAS TREE PAINTED ZINC ,C,Dilemme,1039.5,309.015,0.43829545454545454,0.43829545454545454,,Non calculable,0.029822029822029823,2011-10,Tester visibilité ou promotion courte,0.0
90209B,GREEN ENAMEL+GLASS HAIR COMB,C,Poids mort,157.0,308.39,2.074,2.074,,Non calculable,0.0,2011-08,"Déprioriser, solder ou sortir du catalogue",0.0
16238,PARTY TIME PENCIL ERASERS,C,Dilemme,1312.5,308.31,0.3123880597014925,0.3123880597014925,,Non calculable,0.0,2011-11,Tester visibilité ou promotion courte,0.0
21881,CUTE CATS TAPE,C,Poids mort,707.5,308.15500000000003,0.6788607594936709,0.6788607594936709,,Non calculable,0.0,2011-01,"Déprioriser, solder ou sortir du catalogue",0.0
21442,GREEN BIRDHOUSE DECORATION,C,Poids mort,437.0,307.94,1.0454237288135593,1.0454237288135593,,Non calculable,0.0,2011-04,"Déprioriser, solder ou sortir du catalogue",0.0
22533,MAGIC DRAWING SLATE BAKE A CAKE ,C,Poids mort,724.5,306.665,0.45761363636363633,0.45761363636363633,,Non calculable,0.033126293995859216,2010-12,"Déprioriser, solder ou sortir du catalogue",0.0
23495,SET OF 3 PANTRY WOODEN SPOONS,C,Poids mort,225.0,306.66,1.7221951219512195,1.7221951219512195,,Non calculable,0.0,2011-11,"Déprioriser, solder ou sortir du catalogue",0.0
22124,SET OF 2 TEA TOWELS PING MICROWAVE,C,Dilemme,149.0,306.16,2.4578947368421056,2.4578947368421056,,Non calculable,0.0,2011-12,Tester visibilité ou promotion courte,0.0
79163,BLACK CHAMPAGNE GLASS,C,Poids mort,707.0,305.97,0.498,0.498,,Non calculable,0.014144271570014143,2011-07,"Déprioriser, solder ou sortir du catalogue",0.0
21371,MIRRORED WALL ART POPPIES,C,Dilemme,267.5,305.085,1.6355263157894737,1.6355263157894737,,Non calculable,0.0,2011-05,Tester visibilité ou promotion courte,0.0
22546,MINI JIGSAW PURDEY,C,Dilemme,747.0,304.59,0.5354651162790698,0.5354651162790698,,Non calculable,0.0013386880856760374,2011-10,Tester visibilité ou promotion courte,0.0
22761,CHEST 7 DRAWER MA CAMPAGNE,C,Dilemme,36.0,304.2,8.45,8.45,,Non calculable,0.05555555555555555,2010-12,Tester visibilité ou promotion courte,0.0
85208,SET/12 FUNKY FELT FLOWER PEG IN BAG,C,Dilemme,155.5,302.835,2.0664583333333333,2.0664583333333333,,Non calculable,0.0,2011-07,Tester visibilité ou promotion courte,0.0
85202,HANGING WOOD AND FELT HEART,C,Poids mort,645.5,302.0,0.5484821428571428,0.5484821428571428,,Non calculable,0.0,2011-01,"Déprioriser, solder ou sortir du catalogue",0.0
21562,HAWAIIAN GRASS SKIRT ,C,Dilemme,249.5,301.39,1.4353571428571428,1.4353571428571428,,Non calculable,0.0,2011-06,Tester visibilité ou promotion courte,0.0
22641,SET OF 4 NAPKIN CHARMS INSTRUMENT,C,Dilemme,135.5,300.755,2.5927027027027023,2.5927027027027023,,Non calculable,0.0,2011-10,Tester visibilité ou promotion courte,0.0
22409,MONEY BOX BISCUITS DESIGN,C,Poids mort,228.0,299.72,1.5082456140350877,1.5082456140350877,,Non calculable,0.0043859649122807015,2010-12,"Déprioriser, solder ou sortir du catalogue",0.0
85106,CUT GLASS HEXAGON T-LIGHT HOLDER,C,Poids mort,147.5,296.29,2.261,2.261,,Non calculable,0.0,2011-01,"Déprioriser, solder ou sortir du catalogue",0.0
22827,RUSTIC  SEVENTEEN DRAWER SIDEBOARD,C,Poids mort,35.0,295.75,8.45,8.45,,Non calculable,0.08571428571428572,2011-02,"Déprioriser, solder ou sortir du catalogue",0.0
85161,ACRYLIC GEOMETRIC LAMP,C,Poids mort,35.0,295.75,8.45,8.45,,Non calculable,0.0,2011-01,"Déprioriser, solder ou sortir du catalogue",0.0
22040,BOTANICAL ROSE GIFT WRAP,C,Dilemme,703.5,295.47,0.42,0.42,,Non calculable,0.0,2011-08,Tester visibilité ou promotion courte,0.0
20854,BLUE PATCH PURSE PINK HEART,C,Poids mort,181.5,295.295,1.685609756097561,1.685609756097561,,Non calculable,0.07713498622589532,2011-01,"Déprioriser, solder ou sortir du catalogue",0.0
35598B,BLACK CHRISTMAS TREE 60CM,C,Dilemme,303.0,294.89,1.9308,1.9308,,Non calculable,0.0,2011-11,Tester visibilité ou promotion courte,0.0
23430,BLUE RETRO KITCHEN WALL CLOCK,C,Poids mort,36.0,293.70000000000005,8.166666666666666,8.166666666666666,,Non calculable,0.0,2011-11,"Déprioriser, solder ou sortir du catalogue",0.0
23125,6PC WOOD PLATE SET DISPOSABLE,C,Poids mort,187.5,292.52,1.9131578947368422,1.9131578947368422,,Non calculable,0.0,2011-07,"Déprioriser, solder ou sortir du catalogue",0.0
21686,MEDINA STAMPED METAL STOOL,C,Poids mort,35.0,292.3,8.2775,8.2775,,Non calculable,0.02857142857142857,2011-05,"Déprioriser, solder ou sortir du catalogue",0.0
20655,QUEEN OF SKIES LUGGAGE TAG,C,Poids mort,197.0,292.29,1.7224242424242426,1.7224242424242426,,Non calculable,0.0,2011-06,"Déprioriser, solder ou sortir du catalogue",0.0
35911A,MULTICOLOUR RABBIT EGG WARMER,C,Poids mort,319.0,292.07,0.973,0.973,,Non calculable,0.0,2011-03,"Déprioriser, solder ou sortir du catalogue",0.0
21441,BLUE BIRDHOUSE DECORATION,C,Poids mort,421.0,292.03,1.0741935483870966,1.0741935483870966,,Non calculable,0.0,2011-04,"Déprioriser, solder ou sortir du catalogue",0.0
23567,EGG CUP HENRIETTA HEN PINK,C,Poids mort,211.0,291.58,1.823157894736842,1.823157894736842,,Non calculable,0.004739336492890996,2011-11,"Déprioriser, solder ou sortir du catalogue",0.0
84876B,GREEN HEART COMPACT MIRROR,C,Dilemme,198.5,291.435,2.417058823529412,2.417058823529412,,Non calculable,0.0,2011-09,Tester visibilité ou promotion courte,0.0
23410,CURIO CABINET LINEN AND LACE ,C,Poids mort,36.0,290.1,8.027777777777779,8.027777777777779,,Non calculable,0.027777777777777776,2011-09,"Déprioriser, solder ou sortir du catalogue",0.0
21719,LOVELY BONBON STICKER SHEET,C,Poids mort,323.5,289.16499999999996,1.0569491525423729,1.0569491525423729,,Non calculable,0.0,2011-06,"Déprioriser, solder ou sortir du catalogue",0.0
20622,VIP PASSPORT COVER ,C,Poids mort,165.5,289.075,2.4062745098039215,2.4062745098039215,,Non calculable,0.0,2010-12,"Déprioriser, solder ou sortir du catalogue",0.0
46776E,WOVEN CANDY CUSHION COVER ,C,Dilemme,67.0,288.43,4.24421052631579,4.24421052631579,,Non calculable,0.0,2011-09,Tester visibilité ou promotion courte,0.0
84352,SILVER CHRISTMAS TREE BAUBLE STAND ,C,Poids mort,34.0,287.29999999999995,8.45,8.45,,Non calculable,0.11764705882352941,2010-12,"Déprioriser, solder ou sortir du catalogue",0.0
47421,ASSORTED COLOUR LIZARD SUCTION HOOK,C,Dilemme,700.0,287.16,0.4160655737704918,0.4160655737704918,,Non calculable,0.0,2011-10,Tester visibilité ou promotion courte,0.0
20618,QUEEN OF THE SKIES PASSPORT COVER ,C,Poids mort,148.0,286.39,2.0278947368421054,2.0278947368421054,,Non calculable,0.0,2011-06,"Déprioriser, solder ou sortir du catalogue",0.0
72800B, 4 PURPLE FLOCK DINNER CANDLES,C,Dilemme,142.0,285.7,2.45051282051282,2.45051282051282,,Non calculable,0.0,2011-11,Tester visibilité ou promotion courte,0.0
84661B,BLACK SQUARE TABLE CLOCK,C,Dilemme,109.0,284.94,3.3796551724137927,3.3796551724137927,,Non calculable,0.0,2011-11,Tester visibilité ou promotion courte,0.0
85169C,EAU DE NIL LOVE BIRD CANDLE,C,Poids mort,270.5,284.85,1.218913043478261,1.218913043478261,,Non calculable,0.0,2011-01,"Déprioriser, solder ou sortir du catalogue",0.0
35095A,BLUE VICTORIAN FABRIC OVAL BOX,C,Dilemme,574.0,284.245,0.6903,0.6903,,Non calculable,0.0,2011-11,Tester visibilité ou promotion courte,0.0
21664,RIDGED GLASS STORAGE JAR CREAM LID,C,Poids mort,78.5,284.115,3.7310526315789474,3.7310526315789474,,Non calculable,0.0,2010-12,"Déprioriser, solder ou sortir du catalogue",0.0
22346,PARTY PIZZA DISH GREEN POLKADOT,C,Poids mort,666.5,284.03999999999996,0.5978333333333333,0.5978333333333333,,Non calculable,0.0,2011-01,"Déprioriser, solder ou sortir du catalogue",0.0
71403,"PINK/WHITE ""KEEP CLEAN"" BULLET BIN",C,Dilemme,76.0,283.96000000000004,4.502727272727273,4.502727272727273,,Non calculable,0.0,2011-09,Tester visibilité ou promotion courte,0.0
18094C,WHITE AND BLUE CERAMIC OIL BURNER,C,Poids mort,192.0,283.93,1.955952380952381,1.955952380952381,,Non calculable,0.0,2011-07,"Déprioriser, solder ou sortir du catalogue",0.0
20780,BLACK EAR MUFF HEADPHONES,C,Poids mort,47.0,283.46999999999997,6.685862068965517,6.685862068965517,,Non calculable,0.0,2010-12,"Déprioriser, solder ou sortir du catalogue",0.0
84952B,BLACK LOVE BIRD T-LIGHT HOLDER,C,Poids mort,147.0,283.39,2.971724137931034,2.971724137931034,,Non calculable,0.02040816326530612,2010-12,"Déprioriser, solder ou sortir du catalogue",0.0
16236,KITTY PENCIL ERASERS,C,Dilemme,1242.5,283.21,0.30455882352941177,0.30455882352941177,,Non calculable,0.0,2011-11,Tester visibilité ou promotion courte,0.0
22092,BLUE PAISLEY TISSUE BOX,C,Dilemme,572.5,283.15,0.5719780219780219,0.5719780219780219,,Non calculable,0.0,2011-11,Tester visibilité ou promotion courte,0.0
20794,BLUE  TILE HOOK,C,Poids mort,99.0,282.78999999999996,3.573928571428571,3.573928571428571,,Non calculable,0.09090909090909091,2011-02,"Déprioriser, solder ou sortir du catalogue",0.0
20777,CHRYSANTHEMUM NOTEBOOK,C,Dilemme,169.0,282.49,1.7029999999999998,1.7029999999999998,,Non calculable,0.0,2011-11,Tester visibilité ou promotion courte,0.0
23481,PEARLISED IVORY HEART SMALL ,C,Poids mort,228.0,281.17,1.28125,1.28125,,Non calculable,0.0,2011-11,"Déprioriser, solder ou sortir du catalogue",0.0
22102,MIRROR MOSAIC T-LIGHT HOLDER ,C,Poids mort,208.5,280.575,2.0570967741935484,2.0570967741935484,,Non calculable,3.4532374100719423,2011-05,Vérifier qualité / description avant promotion,0.0
35957,SMALLFOLKART BAUBLE CHRISTMAS DEC,C,Poids mort,329.5,279.895,1.430731707317073,1.430731707317073,,Non calculable,0.291350531107739,2010-12,Vérifier qualité / description avant promotion,0.0
85170B,SET/6 BLACK BIRD T-LIGHT CANDLES,C,Poids mort,171.5,279.775,2.3964102564102565,2.3964102564102565,,Non calculable,0.0058309037900874635,2010-12,"Déprioriser, solder ou sortir du catalogue",0.0
90184B,AMETHYST CHUNKY BEAD BRACELET W STR,C,Dilemme,33.0,278.84999999999997,8.45,8.45,,Non calculable,0.0,2011-09,Tester visibilité ou promotion courte,0.0
15056p,EDWARDIAN PARASOL PINK,C,Dilemme,33.0,278.84999999999997,8.45,8.45,,Non calculable,0.0,2010-12,Tester visibilité ou promotion courte,0.0
84358,FLOOR LAMP SHADE WOOD BASE,C,Poids mort,33.0,278.84999999999997,8.45,8.45,,Non calculable,0.0,2011-04,"Déprioriser, solder ou sortir du catalogue",0.0
23459,DOLLY CABINET 2 DRAWERS ,C,Poids mort,33.0,278.84999999999997,8.45,8.45,,Non calculable,0.09090909090909091,2011-10,"Déprioriser, solder ou sortir du catalogue",0.0
23695,DOILY THANK YOU CARD,C,Poids mort,646.5,278.77,0.5042105263157894,0.5042105263157894,,Non calculable,0.0,2011-11,"Déprioriser, solder ou sortir du catalogue",0.0
85188A,GREEN METAL SWINGING BUNNY,C,Poids mort,319.0,278.16999999999996,0.9799999999999999,0.9799999999999999,,Non calculable,0.009404388714733543,2011-03,"Déprioriser, solder ou sortir du catalogue",0.0
21386,IVORY HANGING DECORATION  EGG,C,Poids mort,665.5,277.375,0.5614545454545454,0.5614545454545454,,Non calculable,0.0,2011-03,"Déprioriser, solder ou sortir du catalogue",0.0
21293,MIRRORED DOVE WALL DECORATION,C,Dilemme,116.0,276.72,2.6748000000000003,2.6748000000000003,,Non calculable,0.0,2011-11,Tester visibilité ou promotion courte,0.0
85049g,CHOCOLATE BOX RIBBONS ,C,Dilemme,113.0,276.42,2.4284313725490194,2.4284313725490194,,Non calculable,0.0,2011-11,Tester visibilité ou promotion courte,0.0
23137,ZINC WIRE SWEETHEART LETTER TRAY,C,Poids mort,83.0,275.62,3.9765217391304346,3.9765217391304346,,Non calculable,0.0,2011-04,"Déprioriser, solder ou sortir du catalogue",0.0
22833,HALL CABINET WITH 3 DRAWERS,C,Poids mort,32.5,274.625,8.45,8.45,,Non calculable,0.0,2010-12,"Déprioriser, solder ou sortir du catalogue",0.0
22529,MAGIC DRAWING SLATE GO TO THE FAIR ,C,Dilemme,648.5,273.79,0.46014285714285713,0.46014285714285713,,Non calculable,0.0,2011-11,Tester visibilité ou promotion courte,0.0
90209C,PINK ENAMEL+GLASS HAIR COMB,C,Poids mort,144.5,273.125,2.059354838709677,2.059354838709677,,Non calculable,0.020761245674740483,2011-06,"Déprioriser, solder ou sortir du catalogue",0.0
17084N,FAIRY DREAMS INCENSE ,C,Dilemme,1067.0,273.015,0.3538613861386139,0.3538613861386139,,Non calculable,0.0,2011-11,Tester visibilité ou promotion courte,0.0
22052,VINTAGE CARAVAN GIFT WRAP,C,Poids mort,650.0,273.0,0.42,0.42,,Non calculable,0.038461538461538464,2011-03,"Déprioriser, solder ou sortir du catalogue",0.0
84859A,SILVER DISCO HANDBAG,C,Dilemme,129.0,272.99,2.485,2.485,,Non calculable,0.0,2011-11,Tester visibilité ou promotion courte,0.0
23141,TRIPLE WIRE HOOK PINK HEART,C,Dilemme,79.0,272.91,4.2404,4.2404,,Non calculable,0.0,2011-05,Tester visibilité ou promotion courte,0.0
20734,SILVER MINI TAPE MEASURE ,C,Poids mort,158.0,271.21999999999997,1.7962962962962963,1.7962962962962963,,Non calculable,0.0,2011-01,"Déprioriser, solder ou sortir du catalogue",0.0
85214,TUB 24 PINK FLOWER PEGS,C,Poids mort,164.0,271.03999999999996,1.6734482758620688,1.6734482758620688,,Non calculable,0.0,2011-07,"Déprioriser, solder ou sortir du catalogue",0.0
23474,WOODLAND SMALL BLUE FELT HEART,C,Poids mort,312.0,270.96000000000004,1.0405263157894737,1.0405263157894737,,Non calculable,0.0,2011-11,"Déprioriser, solder ou sortir du catalogue",0.0
21666,RIDGED GLASS T-LIGHT HOLDER,C,Dilemme,392.5,270.83500000000004,0.8558139534883721,0.8558139534883721,,Non calculable,0.0,2011-11,Tester visibilité ou promotion courte,0.0
20684,STRAWBERRY DREAM CHILDS UMBRELLA,C,Poids mort,80.0,270.56,3.5517142857142856,3.5517142857142856,,Non calculable,0.0,2011-01,"Déprioriser, solder ou sortir du catalogue",0.0
90147,CHUNKY SILVER NECKLACE PASTEL FLOWE,C,Poids mort,32.0,270.4,8.45,8.45,,Non calculable,0.0625,2011-02,"Déprioriser, solder ou sortir du catalogue",0.0
21815,STAR  T-LIGHT HOLDER ,C,Poids mort,158.0,270.22999999999996,2.007,2.007,,Non calculable,0.0,2010-12,"Déprioriser, solder ou sortir du catalogue",0.0
22512,DOORSTOP RACING CAR DESIGN,C,Dilemme,122.0,269.71,3.3035135135135136,3.3035135135135136,,Non calculable,0.0,2011-01,Tester visibilité ou promotion courte,0.0
17021,NAMASTE SWAGAT INCENSE,C,Dilemme,925.5,269.09999999999997,0.29411764705882354,0.29411764705882354,,Non calculable,0.0,2011-09,Tester visibilité ou promotion courte,0.0
21644,ASSORTED TUTTI FRUTTI HEART BOX,C,Poids mort,215.0,268.75,1.25,1.25,,Non calculable,0.11627906976744186,2011-01,"Déprioriser, solder ou sortir du catalogue",0.0
20755,BLUE PAISLEY POCKET BOOK,C,Dilemme,303.0,268.62,0.9903225806451613,0.9903225806451613,,Non calculable,0.0,2011-11,Tester visibilité ou promotion courte,0.0
16169M,WRAP DAISY CARPET ,C,Poids mort,638.5,268.17,0.42,0.42,,Non calculable,0.0,2011-03,"Déprioriser, solder ou sortir du catalogue",0.0
21375,LARGE CAMPHOR WOOD FIELD MUSHROOM ,C,Poids mort,41.0,267.84999999999997,6.971428571428571,6.971428571428571,,Non calculable,0.0,2011-06,"Déprioriser, solder ou sortir du catalogue",0.0
21641,ASSORTED TUTTI FRUTTI KEYRING BALL,C,Dilemme,518.0,267.44,1.0971428571428572,1.0971428571428572,,Non calculable,0.0,2011-07,Tester visibilité ou promotion courte,0.0
21265,PINK GOOSE FEATHER TREE 60CM,C,Dilemme,131.0,267.21,2.568947368421053,2.568947368421053,,Non calculable,0.0,2011-10,Tester visibilité ou promotion courte,0.0
20771,CHRYSANTHEMUM  JOURNAL,C,Dilemme,102.0,267.13,2.7685,2.7685,,Non calculable,0.0,2011-11,Tester visibilité ou promotion courte,0.0
22545,MINI JIGSAW BUNNIES,C,Poids mort,632.0,266.86,0.5626666666666666,0.5626666666666666,,Non calculable,0.0015822784810126582,2011-03,"Déprioriser, solder ou sortir du catalogue",0.0
21279,VINTAGE KITCHEN PRINT FRUITS,C,Poids mort,85.0,266.15,3.9972413793103443,3.9972413793103443,,Non calculable,0.03529411764705882,2010-12,"Déprioriser, solder ou sortir du catalogue",0.0
20699,MOUSEY LONG LEGS SOFT TOY,C,Poids mort,97.0,266.03,3.0048780487804874,3.0048780487804874,,Non calculable,0.0,2011-01,"Déprioriser, solder ou sortir du catalogue",0.0
85186A,EASTER BUNNY GARLAND OF FLOWERS,C,Poids mort,547.5,265.45,0.631625,0.631625,,Non calculable,0.0,2011-03,"Déprioriser, solder ou sortir du catalogue",0.0
90160A,PURPLE BOUDICCA LARGE BRACELET,C,Poids mort,38.0,264.94,6.982,6.982,,Non calculable,0.18421052631578946,2011-09,"Déprioriser, solder ou sortir du catalogue",0.0
23476,WOODLAND LARGE RED FELT HEART,C,Poids mort,205.0,264.72,1.4700000000000002,1.4700000000000002,,Non calculable,0.0,2011-11,"Déprioriser, solder ou sortir du catalogue",0.0
90160D,PINK BOUDICCA LARGE BRACELET,C,Dilemme,38.0,264.7,6.97,6.97,,Non calculable,0.0,2011-11,Tester visibilité ou promotion courte,0.0
84952A,CLEAR LOVE BIRD T-LIGHT HOLDER,C,Poids mort,92.0,264.46999999999997,3.1765384615384615,3.1765384615384615,,Non calculable,0.0,2010-12,"Déprioriser, solder ou sortir du catalogue",0.0
85124B,BLUE JUICY FRUIT PHOTO FRAME,C,Poids mort,93.0,264.06,3.178205128205128,3.178205128205128,,Non calculable,0.06451612903225806,2010-12,"Déprioriser, solder ou sortir du catalogue",0.0
37482P,CUBIC MUG PINK POLKADOT,C,Poids mort,339.5,263.505,2.21375,2.21375,,Non calculable,0.0,2011-01,"Déprioriser, solder ou sortir du catalogue",0.0
18098c,PORCELAIN BUTTERFLY OIL BURNER,C,Poids mort,52.0,263.12,5.06,5.06,,Non calculable,0.0,2010-12,"Déprioriser, solder ou sortir du catalogue",0.0
85124C,GREEN JUICY FRUIT PHOTO FRAME,C,Poids mort,94.0,261.89,2.9928205128205128,2.9928205128205128,,Non calculable,0.0,2010-12,"Déprioriser, solder ou sortir du catalogue",0.0
84915,HAND TOWEL PINK FLOWER AND DAISY,C,Poids mort,134.0,261.74,3.742173913043478,3.742173913043478,,Non calculable,0.0,2010-12,"Déprioriser, solder ou sortir du catalogue",0.0
21725,SWEETIES  STICKERS,C,Poids mort,281.5,260.66499999999996,1.1344,1.1344,,Non calculable,0.0,2010-12,"Déprioriser, solder ou sortir du catalogue",0.0
22259,FELT FARM ANIMAL HEN,C,Poids mort,307.0,259.76,1.0475555555555556,1.0475555555555556,,Non calculable,0.0,2011-01,"Déprioriser, solder ou sortir du catalogue",0.0
72800C,4 PINK DINNER CANDLE SILVER FLOCK,C,Dilemme,130.0,259.72,2.642857142857143,2.642857142857143,,Non calculable,0.0,2011-11,Tester visibilité ou promotion courte,0.0
21324,HANGING MEDINA LANTERN SMALL,C,Poids mort,81.0,259.67,3.4785714285714286,3.4785714285714286,,Non calculable,0.0,2011-01,"Déprioriser, solder ou sortir du catalogue",0.0
35954,SMALL FOLKART STAR CHRISTMAS DEC,C,Dilemme,811.5,258.8,0.860909090909091,0.860909090909091,,Non calculable,0.0,2011-09,Tester visibilité ou promotion courte,0.0
20997,ROSE DU SUD CUSHION COVER ,C,Dilemme,59.0,257.61,4.274705882352941,4.274705882352941,,Non calculable,0.0,2011-07,Tester visibilité ou promotion courte,0.0
21320,GLASS CHALICE GREEN  LARGE ,C,Poids mort,134.0,257.46500000000003,2.941,2.941,,Non calculable,0.05223880597014925,2011-03,"Déprioriser, solder ou sortir du catalogue",0.0
35915B,BLUE KNITTED HEN ,C,Poids mort,220.0,257.22,1.0595999999999999,1.0595999999999999,,Non calculable,0.0,2011-03,"Déprioriser, solder ou sortir du catalogue",0.0
21458,2 PICTURE BOOK EGGS EASTER BUNNY,C,Poids mort,182.0,256.54,1.8213888888888887,1.8213888888888887,,Non calculable,0.0,2011-03,"Déprioriser, solder ou sortir du catalogue",0.0
78124,MAGAZINE RACK GEBRA ASSORTED ,C,Dilemme,198.0,256.5,1.3333333333333333,1.3333333333333333,,Non calculable,0.0,2011-07,Tester visibilité ou promotion courte,0.0
21427,SKULLS STORAGE BOX SMALL,C,Dilemme,96.0,256.44,3.225853658536585,3.225853658536585,,Non calculable,0.03125,2011-01,Tester visibilité ou promotion courte,0.0
85111,SILVER GLITTER FLOWER VOTIVE HOLDER,C,Dilemme,782.0,255.75999999999996,0.49448275862068963,0.49448275862068963,,Non calculable,0.0,2011-10,Tester visibilité ou promotion courte,0.0
21250,SET OF SKULL WALL STICKERS,C,Poids mort,87.5,255.24500000000003,3.3560000000000003,3.3560000000000003,,Non calculable,0.0,2011-06,"Déprioriser, solder ou sortir du catalogue",0.0
21547,CERAMIC BIRDHOUSE CRESTED TIT SMALL,C,Poids mort,79.0,253.53000000000003,3.7117391304347827,3.7117391304347827,,Non calculable,0.0,2011-01,"Déprioriser, solder ou sortir du catalogue",0.0
90201B,BLACK ENAMEL FLOWER RING,C,Dilemme,86.0,252.90000000000003,2.9347826086956523,2.9347826086956523,,Non calculable,0.08139534883720931,2011-09,Tester visibilité ou promotion courte,0.0
85186C,BUNNY EGG GARLAND,C,Poids mort,489.0,252.79,0.6543037974683544,0.6543037974683544,,Non calculable,0.0408997955010225,2011-03,"Déprioriser, solder ou sortir du catalogue",0.0
85230B,CINNAMON SCENTED VOTIVE CANDLE,C,Dilemme,916.0,251.95999999999998,0.2776923076923077,0.2776923076923077,,Non calculable,0.0,2011-11,Tester visibilité ou promotion courte,0.0
23139,SINGLE WIRE HOOK PINK HEART,C,Dilemme,192.5,251.825,1.6128571428571428,1.6128571428571428,,Non calculable,0.06233766233766234,2011-08,Tester visibilité ou promotion courte,0.0
23149,ANTIQUE IVORY WIRE BOWL SMALL,C,Poids mort,99.0,251.45,2.7252380952380952,2.7252380952380952,,Non calculable,0.1111111111111111,2011-05,"Déprioriser, solder ou sortir du catalogue",0.0
71101E,STANDING FAIRY POLE SUPPORT ,C,Dilemme,307.0,250.42,0.8322727272727272,0.8322727272727272,,Non calculable,0.0,2011-06,Tester visibilité ou promotion courte,0.0
22164,STRING OF STARS CARD HOLDER,C,Dilemme,78.0,250.22000000000003,3.5340000000000003,3.5340000000000003,,Non calculable,0.0,2011-11,Tester visibilité ou promotion courte,0.0
85071D,CHARLIE+LOLA MY ROOM DOOR SIGN,C,Dilemme,403.0,249.48999999999998,0.8260465116279069,0.8260465116279069,,Non calculable,0.0,2011-01,Tester visibilité ou promotion courte,0.0
23509,MINI PLAYING CARDS FUN FAIR ,C,Poids mort,579.0,249.29,0.4865151515151515,0.4865151515151515,,Non calculable,0.0,2011-10,"Déprioriser, solder ou sortir du catalogue",0.0
90154,LAZER CUT NECKLACE W PASTEL BEADS,C,Dilemme,33.5,248.875,8.209999999999999,8.209999999999999,,Non calculable,0.0,2011-09,Tester visibilité ou promotion courte,0.0
35095B,RED VICTORIAN FABRIC OVAL BOX,C,Dilemme,511.0,247.92499999999998,0.6579591836734694,0.6579591836734694,,Non calculable,0.0,2011-11,Tester visibilité ou promotion courte,0.0
22410,MONEY BOX HOUSEKEEPING DESIGN,C,Dilemme,237.0,247.42000000000002,1.4191379310344827,1.4191379310344827,,Non calculable,0.0,2011-09,Tester visibilité ou promotion courte,0.0
20659,ECONOMY LUGGAGE TAG,C,Dilemme,158.0,246.84,1.63984375,1.63984375,,Non calculable,0.0,2011-11,Tester visibilité ou promotion courte,0.0
21379,CAMPHOR WOOD PORTOBELLO MUSHROOM,C,Dilemme,178.0,246.82999999999998,1.8538,1.8538,,Non calculable,0.0,2011-10,Tester visibilité ou promotion courte,0.0
35967,FOLK ART METAL STAR T-LIGHT HOLDER,C,Dilemme,470.0,246.63,0.7286567164179104,0.7286567164179104,,Non calculable,0.0,2011-11,Tester visibilité ou promotion courte,0.0
22869,NUMBER TILE COTTAGE GARDEN 1,C,Poids mort,96.0,246.14,3.1904545454545454,3.1904545454545454,,Non calculable,0.010416666666666666,2011-02,"Déprioriser, solder ou sortir du catalogue",0.0
22391,PAPERWEIGHT HOME SWEET HOME,C,Poids mort,158.0,245.58,2.8731034482758617,2.8731034482758617,,Non calculable,0.0,2011-01,"Déprioriser, solder ou sortir du catalogue",0.0
21676,FLOWERS  STICKERS,C,Poids mort,257.0,245.35999999999999,1.159344262295082,1.159344262295082,,Non calculable,0.0,2011-05,"Déprioriser, solder ou sortir du catalogue",0.0
84926E,FLOWERS TILE COASTER,C,Dilemme,722.0,245.14999999999998,0.5441025641025641,0.5441025641025641,,Non calculable,0.0,2011-08,Tester visibilité ou promotion courte,0.0
21269,ANTIQUE CREAM CUTLERY SHELF ,C,Dilemme,29.0,245.04999999999998,8.45,8.45,,Non calculable,0.0,2011-05,Tester visibilité ou promotion courte,0.0
20819,SILVER TEDDY BEAR,C,Dilemme,64.0,244.72,4.016666666666667,4.016666666666667,,Non calculable,0.0,2011-11,Tester visibilité ou promotion courte,0.0
90143,SILVER BRACELET W PASTEL FLOWER,C,Poids mort,32.0,244.68,7.686315789473684,7.686315789473684,,Non calculable,0.03125,2011-05,"Déprioriser, solder ou sortir du catalogue",0.0
85095,THREE CANVAS LUGGAGE TAGS,C,Poids mort,150.0,243.49,1.8197916666666665,1.8197916666666665,,Non calculable,0.0,2011-01,"Déprioriser, solder ou sortir du catalogue",0.0
23475,WOODLAND SMALL PINK FELT HEART,C,Poids mort,286.0,242.18,0.959032258064516,0.959032258064516,,Non calculable,0.0,2011-11,"Déprioriser, solder ou sortir du catalogue",0.0
22954,HEN PARTY CORDON BARRIER TAPE,C,Dilemme,197.0,241.38,1.3907500000000002,1.3907500000000002,,Non calculable,0.005076142131979695,2011-07,Tester visibilité ou promotion courte,0.0
84592,CROCHET ROSE PURSE WITH SUEDE BACK,C,Poids mort,76.0,241.24000000000004,3.5954545454545457,3.5954545454545457,,Non calculable,0.0,2011-11,"Déprioriser, solder ou sortir du catalogue",0.0
20897,VINTAGE NOTEBOOK PARIS DAYS,C,Dilemme,84.5,240.895,3.1816666666666666,3.1816666666666666,,Non calculable,0.14201183431952663,2011-08,Tester visibilité ou promotion courte,0.0
22870,NUMBER TILE COTTAGE GARDEN 2,C,Poids mort,93.0,240.29,3.2600000000000002,3.2600000000000002,,Non calculable,0.0,2011-02,"Déprioriser, solder ou sortir du catalogue",0.0
72232,FENG SHUI PILLAR CANDLE,C,Dilemme,1263.5,240.065,0.19,0.19,,Non calculable,0.0,2011-09,Tester visibilité ou promotion courte,0.0
23465,TUSCAN VILLA BIRD FEEDER,C,Poids mort,29.0,239.45,8.2625,8.2625,,Non calculable,0.0,2011-11,"Déprioriser, solder ou sortir du catalogue",0.0
21028,NINJA RABBIT BLACK,C,Poids mort,187.0,239.24,1.5422413793103449,1.5422413793103449,,Non calculable,0.0,2011-05,"Déprioriser, solder ou sortir du catalogue",0.0
22137,BATHROOM SET LOVE HEART DESIGN,C,Poids mort,82.0,237.98000000000002,3.1242857142857146,3.1242857142857146,,Non calculable,0.0,2011-03,"Déprioriser, solder ou sortir du catalogue",0.0
79051A,SMOKEY GREY COLOUR GLASS,C,Dilemme,658.0,237.01999999999998,0.37857142857142856,0.37857142857142856,,Non calculable,0.0,2011-06,Tester visibilité ou promotion courte,0.0
22043,CHRISTMAS CARD SCREEN PRINT ,C,Dilemme,990.5,236.115,0.29765625,0.29765625,,Non calculable,0.0,2011-11,Tester visibilité ou promotion courte,0.0
23580,SNACK TRAY HAPPY FOREST  ,C,Poids mort,116.0,234.92,2.2116,2.2116,,Non calculable,0.0,2011-12,"Déprioriser, solder ou sortir du catalogue",0.0
21403,BLUE EGG  SPOON,C,Dilemme,1477.5,233.62,0.25075471698113205,0.25075471698113205,,Non calculable,0.0,2011-03,Tester visibilité ou promotion courte,0.0
20775,DAISY NOTEBOOK ,C,Dilemme,134.0,233.54,1.7179687499999998,1.7179687499999998,,Non calculable,0.0,2011-11,Tester visibilité ou promotion courte,0.0
21025,SPACE FROG,C,Poids mort,174.0,233.52,1.5507142857142857,1.5507142857142857,,Non calculable,0.0,2011-01,"Déprioriser, solder ou sortir du catalogue",0.0
22049,WRAP CHRISTMAS SCREEN PRINT,C,Dilemme,849.5,232.82,0.2736363636363636,0.2736363636363636,,Non calculable,0.02942907592701589,2010-12,Tester visibilité ou promotion courte,0.0
22100,SKULLS SQUARE TISSUE BOX,C,Dilemme,441.5,232.555,1.1886440677966101,1.1886440677966101,,Non calculable,0.0,2011-08,Tester visibilité ou promotion courte,0.0
23036,T-LIGHT HOLDER SILVER PETIT FOUR ,C,Poids mort,184.0,232.42000000000002,1.325625,1.325625,,Non calculable,0.0,2011-10,"Déprioriser, solder ou sortir du catalogue",0.0
85099f,JUMBO BAG STRAWBERRY,C,Poids mort,46.0,232.05999999999997,5.05,5.05,,Non calculable,0.0,2011-01,"Déprioriser, solder ou sortir du catalogue",0.0
84712B,PINK JEWELLED PHOTO FRAME,C,Dilemme,30.0,231.56,7.6825,7.6825,,Non calculable,0.0,2011-11,Tester visibilité ou promotion courte,0.0
85104,SILVER GLASS T-LIGHT SET,C,Dilemme,85.5,231.22500000000002,3.2276470588235298,3.2276470588235298,,Non calculable,0.03508771929824561,2011-08,Tester visibilité ou promotion courte,0.0
20696,FLORAL SOFT CAR TOY,C,Poids mort,54.0,230.81,4.7219999999999995,4.7219999999999995,,Non calculable,0.0,2010-12,"Déprioriser, solder ou sortir du catalogue",0.0
21503,TOYBOX  WRAP ,C,Dilemme,554.5,230.61,0.4165217391304348,0.4165217391304348,,Non calculable,0.0018034265103697023,2011-01,Tester visibilité ou promotion courte,0.0
21635,MADRAS NOTEBOOK LARGE ,C,Dilemme,155.5,230.585,2.263125,2.263125,,Non calculable,0.0,2011-06,Tester visibilité ou promotion courte,0.0
21161,KEEP OUT BOYS DOOR HANGER ,C,Poids mort,143.0,229.92,1.7833333333333334,1.7833333333333334,,Non calculable,0.0,2011-05,"Déprioriser, solder ou sortir du catalogue",0.0
85040B,SET/4 BLUE FLOWER CANDLES IN BOWL,C,Poids mort,137.0,229.47,1.6975,1.6975,,Non calculable,0.029197080291970802,2011-03,"Déprioriser, solder ou sortir du catalogue",0.0
72586,SET OF 6 HALLOWEEN GHOST T-LIGHTS,C,Dilemme,479.5,229.0,0.6486746987951807,0.6486746987951807,,Non calculable,0.07507820646506778,2011-09,Tester visibilité ou promotion courte,0.0
20616,CHERRY BLOSSOM PASSPORT COVER,C,Poids mort,174.5,228.905,1.8074647887323942,1.8074647887323942,,Non calculable,0.0,2010-12,"Déprioriser, solder ou sortir du catalogue",0.0
85200,BUNNY EGG BOX,C,Poids mort,183.0,228.75,1.25,1.25,,Non calculable,0.0,2011-01,"Déprioriser, solder ou sortir du catalogue",0.0
90175A,WHITE GLASS CHUNKY CHARM BRACELET,C,Poids mort,27.0,228.14999999999998,8.45,8.45,,Non calculable,0.0,2011-04,"Déprioriser, solder ou sortir du catalogue",0.0
22765,NEWSPAPER STAND,C,Poids mort,27.0,228.14999999999998,8.45,8.45,,Non calculable,0.0,2010-12,"Déprioriser, solder ou sortir du catalogue",0.0
21473,SWEETHEART CREAM STEEL TABLE RECT,C,Poids mort,27.0,228.14999999999998,8.45,8.45,,Non calculable,0.0,2011-05,"Déprioriser, solder ou sortir du catalogue",0.0
48189,DOORMAT FRIENDSHIP ,C,Poids mort,27.0,228.14999999999998,8.45,8.45,,Non calculable,0.0,2011-03,"Déprioriser, solder ou sortir du catalogue",0.0
84596J,MIXED NUTS LIGHT GREEN BOWL,C,Poids mort,402.0,226.73,0.8294117647058823,0.8294117647058823,,Non calculable,0.0,2011-04,"Déprioriser, solder ou sortir du catalogue",0.0
72800D,4 BLUE DINNER CANDLES SILVER FLOCK,C,Poids mort,87.0,226.67,2.7054838709677416,2.7054838709677416,,Non calculable,0.0,2011-04,"Déprioriser, solder ou sortir du catalogue",0.0
90201D,GREEN ENAMEL FLOWER RING,C,Dilemme,77.0,225.84,2.9203225806451614,2.9203225806451614,,Non calculable,0.0,2011-09,Tester visibilité ou promotion courte,0.0
22031,BOTANICAL LAVENDER BIRTHDAY CARD,C,Dilemme,504.0,225.59,0.518875,0.518875,,Non calculable,0.023809523809523808,2011-01,Tester visibilité ou promotion courte,0.0
21157,RED RETROSPOT WASHBAG,C,Poids mort,78.0,225.5,3.3058823529411767,3.3058823529411767,,Non calculable,0.0,2010-12,"Déprioriser, solder ou sortir du catalogue",0.0
90206C,CRYSTAL DIAMANTE STAR BROOCH,C,Dilemme,45.0,224.73000000000002,4.990967741935484,4.990967741935484,,Non calculable,0.0,2011-01,Tester visibilité ou promotion courte,0.0
21647,ASSORTED TUTTI FRUTTI LARGE PURSE,C,Poids mort,107.0,224.70000000000002,2.1,2.1,,Non calculable,0.009345794392523364,2010-12,"Déprioriser, solder ou sortir du catalogue",0.0
90158,ST TROPEZ NECKLACE,C,Dilemme,45.0,224.12,4.9874285714285715,4.9874285714285715,,Non calculable,0.0,2011-11,Tester visibilité ou promotion courte,0.0
22257,FELT FARM ANIMAL SHEEP,C,Poids mort,238.0,223.72,1.0997727272727273,1.0997727272727273,,Non calculable,0.0,2011-01,"Déprioriser, solder ou sortir du catalogue",0.0
84857C,PINK MONTE CARLO HANDBAG,C,Dilemme,98.0,223.6,3.9,3.9,,Non calculable,0.01020408163265306,2011-06,Tester visibilité ou promotion courte,0.0
84678,CLASSICAL ROSE SMALL VASE,C,Poids mort,122.5,222.665,2.813846153846154,2.813846153846154,,Non calculable,0.024489795918367346,2011-02,"Déprioriser, solder ou sortir du catalogue",0.0
21456,2 PICTURE BOOK EGGS EASTER CHICKS,C,Poids mort,171.0,222.22,1.492,1.492,,Non calculable,0.005847953216374269,2011-03,"Déprioriser, solder ou sortir du catalogue",0.0
85019C,CURIOUS  IMAGES NOTEBOOK SET,C,Poids mort,143.0,221.95,2.9954545454545456,2.9954545454545456,,Non calculable,0.08391608391608392,2011-01,"Déprioriser, solder ou sortir du catalogue",0.0
85039C,S/4 BLACK MINI ROSE CANDLE IN BOWL,C,Poids mort,198.5,221.04,1.5844776119402983,1.5844776119402983,,Non calculable,0.005037783375314861,2011-01,"Déprioriser, solder ou sortir du catalogue",0.0
84341B,SMALL PINK MAGIC CHRISTMAS TREE,C,Dilemme,483.0,220.82,0.6804878048780487,0.6804878048780487,,Non calculable,0.0,2011-09,Tester visibilité ou promotion courte,0.0
21882,SKULLS TAPE,C,Poids mort,540.5,220.10500000000002,0.6367605633802818,0.6367605633802818,,Non calculable,0.0,2011-01,"Déprioriser, solder ou sortir du catalogue",0.0
21277,FRENCH STYLE EMBOSSED HEART CABINET,C,Dilemme,26.0,219.7,8.45,8.45,,Non calculable,0.07692307692307693,2011-03,Tester visibilité ou promotion courte,0.0
84872a,TEATIME FUNKY FLOWER BACKPACK FOR 2,C,Poids mort,26.0,219.7,8.45,8.45,,Non calculable,0.0,2011-04,"Déprioriser, solder ou sortir du catalogue",0.0
22656,VINTAGE BLUE KITCHEN CABINET,C,Poids mort,26.0,219.7,8.45,8.45,,Non calculable,0.23076923076923078,2010-12,Vérifier qualité / description avant promotion,0.0
35914,PINK CHICK EGG WARMER + EGG CUP,C,Poids mort,195.0,218.81,1.111,1.111,,Non calculable,0.0,2011-03,"Déprioriser, solder ou sortir du catalogue",0.0
90149,SILVER FLOWR PINK SHELL NECKLACE,C,Dilemme,33.5,218.73999999999998,7.21,7.21,,Non calculable,0.0,2011-09,Tester visibilité ou promotion courte,0.0
85094,CANDY SPOT EGG WARMER RABBIT,C,Poids mort,515.5,218.475,0.6907777777777777,0.6907777777777777,,Non calculable,0.0,2011-01,"Déprioriser, solder ou sortir du catalogue",0.0
37413,ICON MUG REVOLUTIONARY,C,Dilemme,533.5,218.385,0.4107228915662651,0.4107228915662651,,Non calculable,0.0,2011-05,Tester visibilité ou promotion courte,0.0
22275,WEEKEND BAG VINTAGE ROSE PAISLEY,C,Poids mort,28.5,218.025,7.65,7.65,,Non calculable,0.0,2010-12,"Déprioriser, solder ou sortir du catalogue",0.0
22532,MAGIC DRAWING SLATE LEAP FROG ,C,Dilemme,542.5,217.935,0.4473333333333333,0.4473333333333333,,Non calculable,0.0,2011-10,Tester visibilité ou promotion courte,0.0
21378,SMALL TALL CAMPHOR WOOD TOADSTOOL,C,Dilemme,142.0,217.89000000000001,2.119705882352941,2.119705882352941,,Non calculable,0.0,2011-10,Tester visibilité ou promotion courte,0.0
16011,ANIMAL STICKERS,C,Dilemme,1036.5,217.665,0.21,0.21,,Non calculable,0.0,2011-11,Tester visibilité ou promotion courte,0.0
20847,ZINC HEART LATTICE CHARGER LARGE,C,Dilemme,52.0,217.57999999999998,4.592222222222222,4.592222222222222,,Non calculable,0.0,2011-06,Tester visibilité ou promotion courte,0.0
20769,DAISY JOURNAL ,C,Dilemme,80.0,217.56,2.7467647058823528,2.7467647058823528,,Non calculable,0.0,2011-09,Tester visibilité ou promotion courte,0.0
84876D,BLUE HEART COMPACT MIRROR,C,Dilemme,128.0,217.5,3.59375,3.59375,,Non calculable,0.0,2011-07,Tester visibilité ou promotion courte,0.0
21132,SILVER STANDING GNOME   ,C,Poids mort,44.0,217.35999999999999,5.079090909090909,5.079090909090909,,Non calculable,0.0,2011-05,"Déprioriser, solder ou sortir du catalogue",0.0
84559B,3D SHEET OF CAT STICKERS,C,Poids mort,237.0,217.29,1.0139285714285715,1.0139285714285715,,Non calculable,0.016877637130801686,2010-12,"Déprioriser, solder ou sortir du catalogue",0.0
22395,PAPERWEIGHT VINTAGE PAISLEY,C,Dilemme,144.5,217.115,3.3184848484848484,3.3184848484848484,,Non calculable,0.0,2011-11,Tester visibilité ou promotion courte,0.0
21377,SMALL CAMPHOR WOOD FIELD  MUSHROOM,C,Dilemme,121.0,215.68,2.4429268292682926,2.4429268292682926,,Non calculable,0.0,2010-12,Tester visibilité ou promotion courte,0.0
90120C,GREEN MURANO TWIST BRACELET,C,Poids mort,51.0,215.20000000000002,4.202272727272727,4.202272727272727,,Non calculable,0.0,2011-01,"Déprioriser, solder ou sortir du catalogue",0.0
22394,PAPERWEIGHT KINGS CHOICE ,C,Poids mort,148.5,214.105,2.640869565217391,2.640869565217391,,Non calculable,0.04040404040404041,2010-12,"Déprioriser, solder ou sortir du catalogue",0.0
21167,WHITE SAGE INCENSE,C,Dilemme,846.0,214.07999999999998,0.34253731343283583,0.34253731343283583,,Non calculable,0.0591016548463357,2011-11,Tester visibilité ou promotion courte,0.0
22882,NUMBER TILE VINTAGE FONT 3,C,Poids mort,108.0,213.7,3.0280952380952377,3.0280952380952377,,Non calculable,0.009259259259259259,2011-01,"Déprioriser, solder ou sortir du catalogue",0.0
22889,NUMBER TILE VINTAGE FONT No ,C,Poids mort,101.5,213.175,3.626969696969697,3.626969696969697,,Non calculable,0.0,2011-01,"Déprioriser, solder ou sortir du catalogue",0.0
21657,MILK BOTTLE WITH GLASS STOPPER ,C,Poids mort,30.0,211.5,7.126470588235295,7.126470588235295,,Non calculable,0.0,2010-12,"Déprioriser, solder ou sortir du catalogue",0.0
90200C,BLUE SWEETHEART BRACELET,C,Poids mort,50.0,211.43,4.22,4.22,,Non calculable,0.0,2010-12,"Déprioriser, solder ou sortir du catalogue",0.0
84510C,SET OF 4 POLKADOT COASTERS,C,Poids mort,132.0,211.32999999999998,1.7924074074074072,1.7924074074074072,,Non calculable,0.0,2011-01,"Déprioriser, solder ou sortir du catalogue",0.0
90010E,AMBER GLASS/SILVER BRACELET,C,Dilemme,25.0,211.25,8.45,8.45,,Non calculable,0.0,2010-12,Tester visibilité ou promotion courte,0.0
85014b,RED RETROSPOT UMBRELLA,C,Dilemme,25.0,211.24999999999997,8.45,8.45,,Non calculable,0.0,2010-12,Tester visibilité ou promotion courte,0.0
84877B,GREEN ROUND COMPACT MIRROR,C,Dilemme,144.0,210.56,2.32,2.32,,Non calculable,0.0,2011-07,Tester visibilité ou promotion courte,0.0
90160B,RED BOUDICCA LARGE BRACELET,C,Dilemme,30.0,209.73,7.0025,7.0025,,Non calculable,0.0,2011-09,Tester visibilité ou promotion courte,0.0
90192,JADE DROP EARRINGS W FILIGREE,C,Dilemme,42.0,209.1,4.9956,4.9956,,Non calculable,0.047619047619047616,2010-12,Tester visibilité ou promotion courte,0.0
35912B,WHITE/PINK CHICK DECORATION,C,Poids mort,165.0,209.04,1.685,1.685,,Non calculable,0.0,2011-03,"Déprioriser, solder ou sortir du catalogue",0.0
22543,MINI JIGSAW BAKE A CAKE ,C,Poids mort,539.5,208.57,0.502,0.502,,Non calculable,0.0,2011-01,"Déprioriser, solder ou sortir du catalogue",0.0
84926D,LA PALMIERA TILE COASTER,C,Dilemme,535.0,208.51999999999998,0.8079999999999999,0.8079999999999999,,Non calculable,0.0,2011-07,Tester visibilité ou promotion courte,0.0
21364,PEACE SMALL WOOD LETTERS,C,Poids mort,30.0,207.6,6.891666666666667,6.891666666666667,,Non calculable,0.03333333333333333,2010-12,"Déprioriser, solder ou sortir du catalogue",0.0
21750,LARGE SKULL WINDMILL,C,Poids mort,90.0,207.51000000000002,2.6954166666666666,2.6954166666666666,,Non calculable,0.0,2011-06,"Déprioriser, solder ou sortir du catalogue",0.0
90119,METALIC LEAVES BAG CHARMS,C,Dilemme,83.0,205.06,2.4691666666666667,2.4691666666666667,,Non calculable,0.0,2011-11,Tester visibilité ou promotion courte,0.0
20763,DAISY SKETCHBOOK ,C,Dilemme,73.0,205.04,3.9829629629629633,3.9829629629629633,,Non calculable,0.0,2011-11,Tester visibilité ou promotion courte,0.0
21726,MULTI HEARTS  STICKERS,C,Poids mort,237.0,204.69,0.927142857142857,0.927142857142857,,Non calculable,0.0,2011-01,"Déprioriser, solder ou sortir du catalogue",0.0
72131,COLUMBIAN CANDLE RECTANGLE,C,Dilemme,116.5,204.225,1.8999999999999997,1.8999999999999997,,Non calculable,0.0,2011-10,Tester visibilité ou promotion courte,0.0
22878,NUMBER TILE COTTAGE GARDEN No,C,Poids mort,75.0,204.19,3.453333333333333,3.453333333333333,,Non calculable,0.013333333333333334,2011-03,"Déprioriser, solder ou sortir du catalogue",0.0
84826,ASSTD DESIGN 3D PAPER STICKERS,C,Poids mort,563.0,203.81,0.5578787878787879,0.5578787878787879,,Non calculable,0.10657193605683836,2010-12,"Déprioriser, solder ou sortir du catalogue",0.0
84875B,GREEN SQUARE COMPACT MIRROR,C,Dilemme,131.0,203.51,2.5524999999999998,2.5524999999999998,,Non calculable,0.0,2011-11,Tester visibilité ou promotion courte,0.0
21911,GARDEN METAL SIGN ,C,Poids mort,114.0,203.21,2.1710344827586208,2.1710344827586208,,Non calculable,0.10526315789473684,2010-12,"Déprioriser, solder ou sortir du catalogue",0.0
84688,BEACH HUT DESIGN BLACKBOARD,C,Poids mort,41.0,203.01,6.167333333333333,6.167333333333333,,Non calculable,0.3170731707317073,2011-01,Vérifier qualité / description avant promotion,0.0
22823,CHEST NATURAL WOOD 20 DRAWERS,C,Poids mort,24.0,202.79999999999998,8.45,8.45,,Non calculable,0.0,2011-01,"Déprioriser, solder ou sortir du catalogue",0.0
90201A,PURPLE ENAMEL FLOWER RING,C,Dilemme,69.0,202.51000000000002,2.9217857142857144,2.9217857142857144,,Non calculable,0.057971014492753624,2011-09,Tester visibilité ou promotion courte,0.0
21973,SET OF 36 MUSHROOM PAPER DOILIES,C,Dilemme,139.5,202.275,1.45,1.45,,Non calculable,0.007168458781362007,2011-06,Tester visibilité ou promotion courte,0.0
72127,COLUMBIAN CANDLE ROUND ,C,Dilemme,161.5,201.23499999999999,1.284516129032258,1.284516129032258,,Non calculable,0.0,2010-12,Tester visibilité ou promotion courte,0.0
79190B,RETRO PLASTIC POLKA TRAY,C,Dilemme,434.0,200.85,0.5775438596491228,0.5775438596491228,,Non calculable,0.03686635944700461,2011-11,Tester visibilité ou promotion courte,0.0
20781,GOLD EAR MUFF HEADPHONES,C,Poids mort,35.0,199.87,5.6804,5.6804,,Non calculable,0.02857142857142857,2010-12,"Déprioriser, solder ou sortir du catalogue",0.0
47594A,CAROUSEL DESIGN WASHBAG,C,Poids mort,108.0,199.84,1.9125999999999999,1.9125999999999999,,Non calculable,0.08333333333333333,2011-01,"Déprioriser, solder ou sortir du catalogue",0.0
22038,BOTANICAL LAVENDER GIFT WRAP ,C,Dilemme,475.0,199.5,0.42,0.42,,Non calculable,0.0,2011-06,Tester visibilité ou promotion courte,0.0
21360,JOY LARGE WOOD LETTERS,C,Poids mort,39.0,199.05,6.762499999999999,6.762499999999999,,Non calculable,0.0,2011-04,"Déprioriser, solder ou sortir du catalogue",0.0
85179C,PINK BITTY LIGHT CHAIN,C,Dilemme,106.0,198.89,2.8252777777777776,2.8252777777777776,,Non calculable,0.0,2011-11,Tester visibilité ou promotion courte,0.0
21520,BOOZE & WOMEN GREETING CARD ,C,Poids mort,460.5,198.53,0.5127586206896552,0.5127586206896552,,Non calculable,0.004343105320304018,2011-01,"Déprioriser, solder ou sortir du catalogue",0.0
84926A,WAKE UP COCKEREL TILE COASTER,C,Dilemme,560.5,197.90499999999997,0.6694285714285714,0.6694285714285714,,Non calculable,0.0,2011-08,Tester visibilité ou promotion courte,0.0
47021G,SET/6 BEAD COASTERS GAUZE BAG GOLD,C,Poids mort,296.0,197.76,1.9044444444444442,1.9044444444444442,,Non calculable,0.0,2010-12,"Déprioriser, solder ou sortir du catalogue",0.0
22881,NUMBER TILE VINTAGE FONT 2,C,Poids mort,102.0,197.56,3.2152941176470584,3.2152941176470584,,Non calculable,0.0,2011-01,"Déprioriser, solder ou sortir du catalogue",0.0
47578A,ENGLISH ROSE SMALL SCENTED FLOWER,C,Dilemme,213.0,197.43,1.1552173913043478,1.1552173913043478,,Non calculable,0.0,2011-11,Tester visibilité ou promotion courte,0.0
90019A,SILVER M.O.P ORBIT BRACELET,C,Dilemme,38.0,197.09,5.245555555555556,5.245555555555556,,Non calculable,0.0,2011-11,Tester visibilité ou promotion courte,0.0
22880,NUMBER TILE VINTAGE FONT 1,C,Poids mort,97.0,196.69,3.299375,3.299375,,Non calculable,0.0,2011-01,"Déprioriser, solder ou sortir du catalogue",0.0
90013A,MIDNIGHT BLUE VINTAGE EARRINGS,C,Dilemme,52.0,195.32,3.759375,3.759375,,Non calculable,0.15384615384615385,2011-09,Tester visibilité ou promotion courte,0.0
71143,ANTIQUE SILVER BOOK MARK WITH BEADS,C,Dilemme,176.5,195.115,1.641081081081081,1.641081081081081,,Non calculable,0.0,2011-06,Tester visibilité ou promotion courte,0.0
20617,FIRST CLASS PASSPORT COVER ,C,Poids mort,93.0,194.94,2.251860465116279,2.251860465116279,,Non calculable,0.0,2010-12,"Déprioriser, solder ou sortir du catalogue",0.0
90175D,TIGRIS EYE CHUNKY CHARM BRACELET,C,Dilemme,23.0,194.35,8.45,8.45,,Non calculable,0.0,2011-12,Tester visibilité ou promotion courte,0.0
22884,NUMBER TILE VINTAGE FONT 5,C,Poids mort,99.0,194.04999999999998,3.086666666666667,3.086666666666667,,Non calculable,0.0,2011-01,"Déprioriser, solder ou sortir du catalogue",0.0
85213,MINI  ZINC GARDEN DECORATIONS ,C,Poids mort,358.0,193.95999999999998,0.8269696969696969,0.8269696969696969,,Non calculable,0.002793296089385475,2011-06,"Déprioriser, solder ou sortir du catalogue",0.0
20654,FIRST CLASS LUGGAGE TAG ,C,Poids mort,152.0,193.59,1.385,1.385,,Non calculable,0.0,2011-11,"Déprioriser, solder ou sortir du catalogue",0.0
22289,HANGING METAL CHICKEN DECORATION,C,Poids mort,148.0,193.52,1.4934285714285713,1.4934285714285713,,Non calculable,0.0,2011-03,"Déprioriser, solder ou sortir du catalogue",0.0
90018A,SILVER M.O.P ORBIT DROP EARRINGS,C,Dilemme,46.0,193.33,4.194054054054054,4.194054054054054,,Non calculable,0.021739130434782608,2011-11,Tester visibilité ou promotion courte,0.0
90082A,DIAMANTE BOW BROOCH GREEN COLOUR,C,Poids mort,30.0,193.2,6.483333333333333,6.483333333333333,,Non calculable,0.0,2010-12,"Déprioriser, solder ou sortir du catalogue",0.0
84910A,PINK PAISLEY CUSHION COVER ,C,Dilemme,26.0,192.14,7.464117647058822,7.464117647058822,,Non calculable,0.0,2011-06,Tester visibilité ou promotion courte,0.0
22883,NUMBER TILE VINTAGE FONT 4,C,Poids mort,100.0,191.48,3.294375,3.294375,,Non calculable,0.01,2011-01,"Déprioriser, solder ou sortir du catalogue",0.0
84952C,MIRROR LOVE BIRD T-LIGHT HOLDER,C,Poids mort,93.0,191.25,4.041538461538462,4.041538461538462,,Non calculable,0.0,2010-12,"Déprioriser, solder ou sortir du catalogue",0.0
85045,GREEN CHRISTMAS TREE STRING 20LIGHT,C,Dilemme,42.0,191.1,4.886363636363637,4.886363636363637,,Non calculable,0.09523809523809523,2011-08,Tester visibilité ou promotion courte,0.0
90030B,RED KUKUI COCONUT SEED NECKLACE,C,Dilemme,122.0,190.73000000000002,3.1552000000000002,3.1552000000000002,,Non calculable,0.0,2011-09,Tester visibilité ou promotion courte,0.0
16156L,WRAP CAROUSEL,C,Poids mort,453.5,190.47,0.42,0.42,,Non calculable,0.0,2011-07,"Déprioriser, solder ou sortir du catalogue",0.0
21418,STARFISH SOAP DISH,C,Poids mort,74.0,189.75,3.488076923076923,3.488076923076923,,Non calculable,0.0,2011-03,"Déprioriser, solder ou sortir du catalogue",0.0
21196,ROUND WHITE CONFETTI IN TUBE,C,Dilemme,108.0,189.68,2.0014285714285713,2.0014285714285713,,Non calculable,0.0,2011-08,Tester visibilité ou promotion courte,0.0
85020,ROUND PINK HEART MIRROR,C,Poids mort,85.0,188.81,2.5686363636363634,2.5686363636363634,,Non calculable,0.0,2011-05,"Déprioriser, solder ou sortir du catalogue",0.0
16219,HOUSE SHAPE PENCIL SHARPENER,C,Dilemme,1260.0,188.765,0.5172,0.5172,,Non calculable,0.0380952380952381,2011-07,Tester visibilité ou promotion courte,0.0
84711A,SILVER OVAL SHAPE TRINKET BOX,C,Poids mort,25.0,187.79,7.226470588235294,7.226470588235294,,Non calculable,0.0,2011-01,"Déprioriser, solder ou sortir du catalogue",0.0
21027,NINJA RABBIT PINK,C,Poids mort,167.0,187.79,1.1130232558139534,1.1130232558139534,,Non calculable,0.0,2011-01,"Déprioriser, solder ou sortir du catalogue",0.0
20694,FLORAL PINK MONSTER,C,Poids mort,43.0,187.54,5.078235294117647,5.078235294117647,,Non calculable,0.0,2011-10,"Déprioriser, solder ou sortir du catalogue",0.0
21421,PORCELAIN ROSE LARGE ,C,Poids mort,152.0,186.625,1.3821428571428573,1.3821428571428573,,Non calculable,0.0,2011-02,"Déprioriser, solder ou sortir du catalogue",0.0
90201C,RED ENAMEL FLOWER RING,C,Dilemme,63.0,185.42000000000002,2.9342857142857146,2.9342857142857146,,Non calculable,0.09523809523809523,2011-09,Tester visibilité ou promotion courte,0.0
78033,FLAG OF ST GEORGE CHAIR,C,Poids mort,38.0,185.3,5.525,5.525,,Non calculable,0.07894736842105263,2011-06,"Déprioriser, solder ou sortir du catalogue",0.0
21826,EIGHT PIECE DINOSAUR SET,C,Poids mort,125.0,185.18,1.6913513513513514,1.6913513513513514,,Non calculable,0.0,2010-12,"Déprioriser, solder ou sortir du catalogue",0.0
47351B,BLUE  VOILE LAMPSHADE,C,Dilemme,66.5,184.775,2.905555555555556,2.905555555555556,,Non calculable,0.7218045112781954,2011-08,Vérifier qualité / description avant promotion,0.0
72801d,4 SKY BLUE DINNER CANDLES,C,Poids mort,75.0,184.7,2.463409090909091,2.463409090909091,,Non calculable,0.0,2011-02,"Déprioriser, solder ou sortir du catalogue",0.0
23416,CHAMBRE HOOK,C,Poids mort,132.0,184.68,1.7564,1.7564,,Non calculable,0.0,2011-09,"Déprioriser, solder ou sortir du catalogue",0.0
90016B,GOLD/M.O.P PENDANT ORBIT NECKLACE,C,Dilemme,22.0,184.21,8.374736842105264,8.374736842105264,,Non calculable,0.0,2011-08,Tester visibilité ou promotion courte,0.0
90014A,SILVER M.O.P. ORBIT NECKLACE,C,Poids mort,27.0,184.14999999999998,7.664285714285714,7.664285714285714,,Non calculable,0.0,2011-03,"Déprioriser, solder ou sortir du catalogue",0.0
85055,FRENCH ENAMEL UTENSIL HOLDER,C,Poids mort,45.0,183.71,5.15125,5.15125,,Non calculable,0.0,2011-01,"Déprioriser, solder ou sortir du catalogue",0.0
84509E,SET OF 4 CAROUSEL PLACEMATS ,C,Poids mort,91.0,183.45,3.5413043478260873,3.5413043478260873,,Non calculable,0.0,2011-01,"Déprioriser, solder ou sortir du catalogue",0.0
21376,LARGE  TALL CAMPHOR WOOD TOADSTOOL ,C,Poids mort,33.0,183.45,5.908823529411765,5.908823529411765,,Non calculable,0.0,2011-05,"Déprioriser, solder ou sortir du catalogue",0.0
21445,12 PINK ROSE PEG PLACE SETTINGS,C,Poids mort,146.5,183.125,1.25,1.25,,Non calculable,0.027303754266211604,2011-01,"Déprioriser, solder ou sortir du catalogue",0.0
21367,MIRRORED WALL ART GENTS,C,Dilemme,151.5,182.915,2.19953488372093,2.19953488372093,,Non calculable,0.0,2011-05,Tester visibilité ou promotion courte,0.0
84429A,MEDIUM PINK BUDDHA HEAD ,C,Dilemme,54.0,182.50000000000003,3.913809523809524,3.913809523809524,,Non calculable,0.0,2011-03,Tester visibilité ou promotion courte,0.0
84804B,BLUE DELPHINIUM ARTIFICIAL FLOWER,C,Dilemme,91.5,182.44500000000002,2.23,2.23,,Non calculable,0.0,2011-08,Tester visibilité ou promotion courte,0.0
22032,BOTANICAL LILY GREETING CARD,C,Dilemme,427.0,181.98,0.4485,0.4485,,Non calculable,0.0,2011-07,Tester visibilité ou promotion courte,0.0
21897,POTTING SHED CANDLE CITRONELLA,C,Poids mort,60.0,181.53,3.85,3.85,,Non calculable,0.0,2011-03,"Déprioriser, solder ou sortir du catalogue",0.0
23143,ZINC WIRE KITCHEN ORGANISER,C,Dilemme,30.0,181.5,6.762499999999999,6.762499999999999,,Non calculable,0.0,2011-12,Tester visibilité ou promotion courte,0.0
84907,PINK YELLOW PATCH CUSHION COVER,C,Dilemme,29.0,180.93,6.113478260869566,6.113478260869566,,Non calculable,0.0,2011-06,Tester visibilité ou promotion courte,0.0
16012,FOOD/DRINK SPONGE STICKERS,C,Poids mort,861.5,180.915,0.21,0.21,,Non calculable,0.0,2011-11,"Déprioriser, solder ou sortir du catalogue",0.0
16008,SMALL FOLDING SCISSOR(POINTED EDGE),C,Dilemme,1368.0,180.635,0.13614285714285712,0.13614285714285712,,Non calculable,0.0,2011-11,Tester visibilité ou promotion courte,0.0
84804A,CREAM DELPHINIUM ARTIFICIAL FLOWER,C,Poids mort,70.0,180.58,2.68,2.68,,Non calculable,0.0,2011-08,"Déprioriser, solder ou sortir du catalogue",0.0
84859C,PINK DISCO HANDBAG,C,Dilemme,84.0,180.51999999999998,2.429090909090909,2.429090909090909,,Non calculable,0.0,2011-08,Tester visibilité ou promotion courte,0.0
84707B,PINK JEWELLED MIRROR TRINKET TRAY,C,Dilemme,34.0,179.51999999999998,6.795555555555556,6.795555555555556,,Non calculable,0.0,2011-09,Tester visibilité ou promotion courte,0.0
21721,CANDY SHOP  STICKER SHEET,C,Poids mort,195.0,179.45999999999998,1.102857142857143,1.102857142857143,,Non calculable,0.0,2010-12,"Déprioriser, solder ou sortir du catalogue",0.0
21847,GREEN  DIAMANTE PEN IN GIFT BOX,C,Poids mort,76.0,178.89,2.7533333333333334,2.7533333333333334,,Non calculable,0.0,2011-01,"Déprioriser, solder ou sortir du catalogue",0.0
85131C,BEADED CRYSTAL HEART BLUE ON STICK,C,Poids mort,193.0,178.85,0.8714,0.8714,,Non calculable,0.0,2011-09,"Déprioriser, solder ou sortir du catalogue",0.0
22872,NUMBER TILE COTTAGE GARDEN 4,C,Poids mort,72.0,177.46,3.1853333333333333,3.1853333333333333,,Non calculable,0.0,2011-03,"Déprioriser, solder ou sortir du catalogue",0.0
90184C,BLACK CHUNKY BEAD BRACELET W STRAP,C,Dilemme,21.0,177.45,8.45,8.45,,Non calculable,0.0,2011-09,Tester visibilité ou promotion courte,0.0
84685,BEACH HUT KEY CABINET,C,Poids mort,34.0,177.33,5.938571428571429,5.938571428571429,,Non calculable,0.029411764705882353,2010-12,"Déprioriser, solder ou sortir du catalogue",0.0
84927F,PSYCHEDELIC TILE HOOK,C,Dilemme,284.0,177.1,1.088695652173913,1.088695652173913,,Non calculable,0.017605633802816902,2011-11,Tester visibilité ou promotion courte,0.0
21651,HANGING GLASS ETCHED TEALIGHT,C,Poids mort,112.0,176.82000000000002,1.7690909090909093,1.7690909090909093,,Non calculable,0.0,2010-12,"Déprioriser, solder ou sortir du catalogue",0.0
22044,CHRISTMAS CARD STACK OF PRESENTS,C,Dilemme,711.0,176.49,0.2602777777777778,0.2602777777777778,,Non calculable,0.0,2011-10,Tester visibilité ou promotion courte,0.0
84507C,BLUE CIRCLES DESIGN MONKEY DOLL,C,Poids mort,66.0,175.73,2.806206896551724,2.806206896551724,,Non calculable,0.10606060606060606,2011-06,"Déprioriser, solder ou sortir du catalogue",0.0
21311,SET/4 BIRD MIRROR MAGNETS ,C,Dilemme,439.5,175.67499999999998,0.9040384615384615,0.9040384615384615,,Non calculable,0.06143344709897611,2011-08,Tester visibilité ou promotion courte,0.0
90197B,BLACK GLASS BRACELET W HEART CHARMS,C,Dilemme,35.0,174.73000000000002,4.994074074074074,4.994074074074074,,Non calculable,0.0,2011-01,Tester visibilité ou promotion courte,0.0
79164,BLACK WINE GLASS,C,Poids mort,325.0,174.63,0.642,0.642,,Non calculable,0.009230769230769232,2011-04,"Déprioriser, solder ou sortir du catalogue",0.0
47422,ASSORTED MONKEY SUCTION CUP HOOK,C,Dilemme,428.0,174.63,0.41625,0.41625,,Non calculable,0.002336448598130841,2011-09,Tester visibilité ou promotion courte,0.0
21306,SET/4 DAISY MIRROR MAGNETS,C,Dilemme,431.0,174.47,1.044318181818182,1.044318181818182,,Non calculable,0.04408352668213457,2011-11,Tester visibilité ou promotion courte,0.0
84800M,MEDIUM WHITE/PINK ROSE ART FLOWER,C,Poids mort,127.0,174.31,1.5372727272727273,1.5372727272727273,,Non calculable,0.023622047244094488,2011-01,"Déprioriser, solder ou sortir du catalogue",0.0
35810B,ENAMEL BLUE RIM COFFEE CONTAINER,C,Poids mort,152.0,174.09,1.6965384615384616,1.6965384615384616,,Non calculable,0.08552631578947369,2011-03,"Déprioriser, solder ou sortir du catalogue",0.0
84905,PINK BUTTERFLY CUSHION COVER ,C,Poids mort,35.0,173.48,4.9590000000000005,4.9590000000000005,,Non calculable,0.0,2011-05,"Déprioriser, solder ou sortir du catalogue",0.0
16168M,FUNKY MONKEY GIFT BAG MEDIUM,C,Dilemme,371.0,173.12,0.6314634146341463,0.6314634146341463,,Non calculable,0.0,2011-04,Tester visibilité ou promotion courte,0.0
22885,NUMBER TILE VINTAGE FONT 6 ,C,Poids mort,96.0,172.78,3.097142857142857,3.097142857142857,,Non calculable,0.010416666666666666,2011-01,"Déprioriser, solder ou sortir du catalogue",0.0
82011C,BATHROOM SCALES FOOTPRINTS IN SAND,C,Dilemme,51.0,172.05,3.6700000000000004,3.6700000000000004,,Non calculable,0.0,2011-10,Tester visibilité ou promotion courte,0.0
23697,A PRETTY THANK YOU CARD,C,Poids mort,393.0,170.73,0.5208333333333334,0.5208333333333334,,Non calculable,0.0,2011-11,"Déprioriser, solder ou sortir du catalogue",0.0
85204,HANGING WOOD AND FELT FLOWER,C,Poids mort,760.0,170.56,0.3334285714285714,0.3334285714285714,,Non calculable,0.0013157894736842105,2011-01,"Déprioriser, solder ou sortir du catalogue",0.0
84218,BOX/12 CHICK & EGG IN BASKET,C,Poids mort,91.5,169.875,1.9158536585365853,1.9158536585365853,,Non calculable,0.0,2011-01,"Déprioriser, solder ou sortir du catalogue",0.0
85211,S/4 GROOVY CAT MAGNETS,C,Poids mort,141.5,169.23499999999999,1.794230769230769,1.794230769230769,,Non calculable,0.014134275618374558,2011-07,"Déprioriser, solder ou sortir du catalogue",0.0
85230G,ORANGE VOTIVE CANDLE,C,Dilemme,627.0,168.86999999999998,0.2708,0.2708,,Non calculable,0.07655502392344497,2011-08,Tester visibilité ou promotion courte,0.0
62086A,PINK RETRO BIG FLOWER BAG,C,Poids mort,86.5,168.675,1.95,1.95,,Non calculable,0.0,2011-01,"Déprioriser, solder ou sortir du catalogue",0.0
85129B,BEADED CRYSTAL HEART GREEN SMALL,C,Poids mort,119.0,168.59,1.9122580645161291,1.9122580645161291,,Non calculable,0.0,2011-01,"Déprioriser, solder ou sortir du catalogue",0.0
22042,CHRISTMAS CARD SINGING ANGEL,C,Dilemme,399.0,168.33,0.4330769230769231,0.4330769230769231,,Non calculable,0.03007518796992481,2010-12,Tester visibilité ou promotion courte,0.0
22263,FELT EGG COSY LADYBIRD ,C,Poids mort,248.0,168.28,1.0479245283018868,1.0479245283018868,,Non calculable,0.1975806451612903,2011-01,"Déprioriser, solder ou sortir du catalogue",0.0
21333,CLASSIC WHITE FRAME,C,Poids mort,56.0,168.16000000000003,3.1350000000000002,3.1350000000000002,,Non calculable,0.0,2010-12,"Déprioriser, solder ou sortir du catalogue",0.0
90145,SILVER HOOP EARRINGS WITH FLOWER,C,Dilemme,28.0,168.0,6.027777777777778,6.027777777777778,,Non calculable,0.0,2011-09,Tester visibilité ou promotion courte,0.0
79190A,RETRO PLASTIC 70'S TRAY,C,Dilemme,352.5,166.13,0.6090476190476191,0.6090476190476191,,Non calculable,0.00851063829787234,2011-11,Tester visibilité ou promotion courte,0.0
21457,2 PICTURE BOOK EGGS EASTER DUCKS,C,Poids mort,124.0,165.89,1.6856,1.6856,,Non calculable,0.0,2011-02,"Déprioriser, solder ou sortir du catalogue",0.0
21280,VINTAGE KITCHEN PRINT VEGETABLES,C,Poids mort,65.0,165.75,2.55,2.55,,Non calculable,0.0,2011-08,"Déprioriser, solder ou sortir du catalogue",0.0
21402,RED  EGG  SPOON,C,Dilemme,1204.0,165.72,0.25717391304347825,0.25717391304347825,,Non calculable,0.0,2011-03,Tester visibilité ou promotion courte,0.0
21316,SMALL CHUNKY GLASS ROMAN  BOWL,C,Poids mort,96.0,164.96,3.048666666666667,3.048666666666667,,Non calculable,0.0,2011-04,"Déprioriser, solder ou sortir du catalogue",0.0
85146,JARDIN ETCHED GLASS SMALL BELL JAR,C,Poids mort,45.0,164.75,4.1,4.1,,Non calculable,0.0,2010-12,"Déprioriser, solder ou sortir du catalogue",0.0
90120B,BLUE MURANO TWIST BRACELET,C,Dilemme,39.0,164.12,4.201333333333333,4.201333333333333,,Non calculable,0.0,2011-11,Tester visibilité ou promotion courte,0.0
20868,SILVER FABRIC MIRROR,C,Dilemme,324.0,164.1,0.7071739130434783,0.7071739130434783,,Non calculable,0.0,2011-11,Tester visibilité ou promotion courte,0.0
21807,WHITE CHRISTMAS STAR DECORATION,C,Poids mort,378.0,163.8,0.4694117647058823,0.4694117647058823,,Non calculable,0.0,2010-12,"Déprioriser, solder ou sortir du catalogue",0.0
22871,NUMBER TILE COTTAGE GARDEN 3 ,C,Poids mort,67.0,163.35,3.258,3.258,,Non calculable,0.0,2011-03,"Déprioriser, solder ou sortir du catalogue",0.0
16207A,PINK STRAWBERRY HANDBAG ,C,Poids mort,60.0,163.1,2.751764705882353,2.751764705882353,,Non calculable,0.0,2011-05,"Déprioriser, solder ou sortir du catalogue",0.0
90058B,CRYSTAL STUD EARRINGS ASSORTED COL ,C,Dilemme,427.5,162.45,0.38,0.38,,Non calculable,0.08421052631578947,2011-10,Tester visibilité ou promotion courte,0.0
22408,MONEY BOX CONFECTIONERY DESIGN,C,Dilemme,145.0,162.44,1.496551724137931,1.496551724137931,,Non calculable,0.0,2011-10,Tester visibilité ou promotion courte,0.0
21100,CHARLIE AND LOLA CHARLOTTE BAG,C,Poids mort,65.0,162.20999999999998,3.4099999999999997,3.4099999999999997,,Non calculable,0.0,2011-02,"Déprioriser, solder ou sortir du catalogue",0.0
85230E,STRAWBRY SCENTED VOTIVE CANDLE,C,Poids mort,613.5,161.95499999999998,0.26666666666666666,0.26666666666666666,,Non calculable,0.0,2011-02,"Déprioriser, solder ou sortir du catalogue",0.0
85114a,BLACK ENCHANTED FOREST PLACEMAT,C,Poids mort,49.0,161.7,3.2993333333333337,3.2993333333333337,,Non calculable,0.0,2011-05,"Déprioriser, solder ou sortir du catalogue",0.0
21369,MIRRORED WALL ART SPLODGES,C,Dilemme,101.0,161.49,2.515,2.515,,Non calculable,0.0,2011-09,Tester visibilité ou promotion courte,0.0
21698,MOCK LOBSTER FRIDGE MAGNET,C,Dilemme,288.5,161.245,1.0622222222222222,1.0622222222222222,,Non calculable,0.0,2011-11,Tester visibilité ou promotion courte,0.0
84926F,PSYCHEDELIC TILE COASTER,C,Dilemme,343.0,161.215,1.1860714285714287,1.1860714285714287,,Non calculable,0.06997084548104957,2011-11,Tester visibilité ou promotion courte,0.0
84711B,PINK OVAL SHAPE TRINKET BOX,C,Dilemme,20.0,161.14,7.845384615384615,7.845384615384615,,Non calculable,0.0,2011-07,Tester visibilité ou promotion courte,0.0
22929,SCHOOL DESK AND CHAIR ,C,Dilemme,19.0,160.54999999999998,8.45,8.45,,Non calculable,0.15789473684210525,2011-01,Tester visibilité ou promotion courte,0.0
85027L,FRENCH CHATEAU LARGE PLATTER ,C,Poids mort,70.0,160.5,2.95,2.95,,Non calculable,0.07142857142857142,2011-04,"Déprioriser, solder ou sortir du catalogue",0.0
72801C,4 ROSE PINK DINNER CANDLES,C,Poids mort,125.5,159.98,1.5610526315789475,1.5610526315789475,,Non calculable,0.0,2011-04,"Déprioriser, solder ou sortir du catalogue",0.0
23305,SET 4 PICNIC CUTLERY BLUEBERRY,C,Poids mort,82.0,159.9,1.9500000000000002,1.9500000000000002,,Non calculable,0.0,2011-11,"Déprioriser, solder ou sortir du catalogue",0.0
21030,SPACE CADET RED,C,Poids mort,131.0,159.7,1.1894117647058824,1.1894117647058824,,Non calculable,0.0,2011-05,"Déprioriser, solder ou sortir du catalogue",0.0
84993A,75 GREEN PETIT FOUR CASES,C,Dilemme,343.0,159.69,0.5847272727272727,0.5847272727272727,,Non calculable,0.0,2011-11,Tester visibilité ou promotion courte,0.0
90082B,DIAMANTE BOW BROOCH RED COLOUR,C,Poids mort,25.0,158.75,6.35,6.35,,Non calculable,0.0,2010-12,"Déprioriser, solder ou sortir du catalogue",0.0
90013C,GREEN VINTAGE EARRINGS ,C,Dilemme,39.0,158.08,4.115357142857143,4.115357142857143,,Non calculable,0.0,2011-11,Tester visibilité ou promotion courte,0.0
23003,TRAVEL CARD WALLET VINTAGE ROSE ,C,Poids mort,378.5,157.53,0.41888888888888887,0.41888888888888887,,Non calculable,0.0,2011-05,"Déprioriser, solder ou sortir du catalogue",0.0
16258A,SWIRLY CIRCULAR RUBBERS IN BAG,C,Dilemme,404.5,157.52,0.5913559322033899,0.5913559322033899,,Non calculable,0.002472187886279357,2011-10,Tester visibilité ou promotion courte,0.0
23417,BATHROOM HOOK,C,Poids mort,146.0,157.5,1.5964285714285713,1.5964285714285713,,Non calculable,0.0,2011-09,"Déprioriser, solder ou sortir du catalogue",0.0
90134,OLD ROSE COMBO BEAD NECKLACE,C,Poids mort,54.0,157.5,2.912,2.912,,Non calculable,0.0,2010-12,"Déprioriser, solder ou sortir du catalogue",0.0
84882,GREEN WIRE STANDING CANDLE HOLDER,C,Poids mort,38.0,157.34,4.368333333333333,4.368333333333333,,Non calculable,0.0,2011-05,"Déprioriser, solder ou sortir du catalogue",0.0
35649,VINTAGE BEAD COSMETIC BAG ,C,Dilemme,57.0,156.85,2.699444444444444,2.699444444444444,,Non calculable,0.0,2011-11,Tester visibilité ou promotion courte,0.0
23468,TUSCAN VILLA BIRD TABLE ,C,Poids mort,19.0,156.75,8.25,8.25,,Non calculable,0.0,2011-10,"Déprioriser, solder ou sortir du catalogue",0.0
84051,ASS COLOUR GLOWING TIARAS,C,Dilemme,189.5,156.65,0.8719230769230768,0.8719230769230768,,Non calculable,0.0,2011-09,Tester visibilité ou promotion courte,0.0
84673B,BLUE FLY SWAT,C,Dilemme,179.0,156.63,0.9283333333333333,0.9283333333333333,,Non calculable,0.0,2011-03,Tester visibilité ou promotion courte,0.0
17084R,ASSORTED INCENSE PACK,C,Poids mort,769.5,155.89499999999998,0.20259259259259257,0.20259259259259257,,Non calculable,0.0,2011-09,"Déprioriser, solder ou sortir du catalogue",0.0
85145,JARDIN ETCHED GLASS LARGE BELL JAR,C,Poids mort,37.0,155.15,4.642307692307693,4.642307692307693,,Non calculable,0.0,2011-04,"Déprioriser, solder ou sortir du catalogue",0.0
84508C,BLUE CIRCLES DESIGN TEDDY,C,Dilemme,56.0,154.95,3.0359999999999996,3.0359999999999996,,Non calculable,0.0,2011-11,Tester visibilité ou promotion courte,0.0
84595E,LARGE TORTILLA DESIGN RED BOWL,C,Dilemme,78.0,154.68,2.7563636363636363,2.7563636363636363,,Non calculable,0.0,2011-07,Tester visibilité ou promotion courte,0.0
23496,PANTRY KITCHEN THERMOMETER ,C,Poids mort,112.0,154.52,1.562258064516129,1.562258064516129,,Non calculable,0.0,2011-11,"Déprioriser, solder ou sortir du catalogue",0.0
23478,WOODLAND LARGE PINK FELT HEART,C,Poids mort,121.5,154.36,1.5130769230769232,1.5130769230769232,,Non calculable,0.0,2011-11,"Déprioriser, solder ou sortir du catalogue",0.0
16048,TEATIME ROUND PENCIL SHARPENER ,C,Dilemme,1035.5,154.35999999999999,0.3280882352941176,0.3280882352941176,,Non calculable,0.0,2011-08,Tester visibilité ou promotion courte,0.0
21614,SET OF 12 ROSE BOTANICAL T-LIGHTS,C,Poids mort,51.0,153.29000000000002,3.2655555555555558,3.2655555555555558,,Non calculable,0.0,2011-05,"Déprioriser, solder ou sortir du catalogue",0.0
22353,LUNCH BOX WITH CUTLERY FAIRY CAKES ,C,Poids mort,60.0,153.0,2.55,2.55,,Non calculable,0.0,2011-02,"Déprioriser, solder ou sortir du catalogue",0.0
21145,ANTIQUE GLASS PLACE SETTING,C,Poids mort,122.0,152.5,1.25,1.25,,Non calculable,0.0,2011-03,"Déprioriser, solder ou sortir du catalogue",0.0
90198B,VINTAGE ROSE BEAD BRACELET BLACK,C,Dilemme,36.0,152.4,4.214705882352941,4.214705882352941,,Non calculable,0.0,2011-11,Tester visibilité ou promotion courte,0.0
84661A,WHITE SQUARE TABLE CLOCK,C,Dilemme,84.5,152.385,2.7855,2.7855,,Non calculable,0.0,2011-12,Tester visibilité ou promotion courte,0.0
90010A,MIDNIGHT BLUE GLASS/SILVER BRACELET,C,Dilemme,18.0,152.1,8.45,8.45,,Non calculable,0.0,2011-09,Tester visibilité ou promotion courte,0.0
85014a,BLACK/BLUE POLKADOT UMBRELLA,C,Dilemme,18.0,152.1,8.45,8.45,,Non calculable,0.0,2010-12,Tester visibilité ou promotion courte,0.0
77101A,UNION FLAG WINDSOCK,C,Poids mort,127.5,151.87,1.345,1.345,,Non calculable,0.0,2011-02,"Déprioriser, solder ou sortir du catalogue",0.0
85215,ASSORTED CHEESE FRIDGE MAGNETS,C,Poids mort,178.0,151.45999999999998,0.9811111111111112,0.9811111111111112,,Non calculable,0.0,2011-02,"Déprioriser, solder ou sortir du catalogue",0.0
22415,WHITE TISSUE REAM,C,Poids mort,19.0,151.05,7.950000000000001,7.950000000000001,,Non calculable,0.0,2010-12,"Déprioriser, solder ou sortir du catalogue",0.0
85135A,YELLOW DRAGONFLY HELICOPTER,C,Dilemme,19.0,151.05,7.95,7.95,,Non calculable,0.0,2011-11,Tester visibilité ou promotion courte,0.0
84877D,BLUE ROUND COMPACT MIRROR,C,Dilemme,96.0,150.93,2.325,2.325,,Non calculable,0.0,2011-07,Tester visibilité ou promotion courte,0.0
22874,NUMBER TILE COTTAGE GARDEN 6,C,Poids mort,65.0,150.81,2.944545454545455,2.944545454545455,,Non calculable,0.0,2011-03,"Déprioriser, solder ou sortir du catalogue",0.0
DCGSSBOY,BOYS PARTY BAG,C,Dilemme,47.0,150.54999999999998,3.1045454545454545,3.1045454545454545,,Non calculable,0.0,2011-07,Tester visibilité ou promotion courte,0.0
84247G,"DECOUPAGE,GREETING CARD,",C,Poids mort,337.5,150.44,0.5371874999999999,0.5371874999999999,,Non calculable,0.0,2011-01,"Déprioriser, solder ou sortir du catalogue",0.0
21459,YELLOW EASTER EGG HUNT START POST,C,Poids mort,76.0,150.38,2.064736842105263,2.064736842105263,,Non calculable,0.10526315789473684,2011-02,"Déprioriser, solder ou sortir du catalogue",0.0
16015,MEDIUM CHINESE STYLE SCISSOR,C,Poids mort,313.0,149.71,0.48833333333333334,0.48833333333333334,,Non calculable,0.0,2011-04,"Déprioriser, solder ou sortir du catalogue",0.0
23694,PAISLEY PARK CARD,C,Poids mort,332.5,149.42000000000002,0.5885365853658536,0.5885365853658536,,Non calculable,0.0,2011-11,"Déprioriser, solder ou sortir du catalogue",0.0
90013B,BLACK VINTAGE EARRINGS,C,Dilemme,36.0,149.41000000000003,4.1574193548387095,4.1574193548387095,,Non calculable,0.0,2011-11,Tester visibilité ou promotion courte,0.0
46000R,POLYESTER FILLER PAD 45x30cm,C,Dilemme,103.0,149.35,1.45,1.45,,Non calculable,0.0,2011-11,Tester visibilité ou promotion courte,0.0
22875,NUMBER TILE COTTAGE GARDEN 7,C,Poids mort,63.0,149.09,2.9124,2.9124,,Non calculable,0.0,2011-03,"Déprioriser, solder ou sortir du catalogue",0.0
21348,PINK SPOTS CHOCOLATE NESTING BOXES ,C,Poids mort,56.5,148.635,3.31,3.31,,Non calculable,0.0,2011-01,"Déprioriser, solder ou sortir du catalogue",0.0
90185D,CRYSTAL DIAMANTE EXPANDABLE RING,C,Poids mort,35.0,148.63,4.239090909090909,4.239090909090909,,Non calculable,0.0,2011-04,"Déprioriser, solder ou sortir du catalogue",0.0
84576,BLUE CAT BISCUIT BARREL PINK HEART,C,Poids mort,66.0,148.32,2.975882352941176,2.975882352941176,,Non calculable,0.0,2011-04,"Déprioriser, solder ou sortir du catalogue",0.0
21319,GLASS CHALICE GREEN  SMALL ,C,Poids mort,110.0,147.94,1.9857894736842103,1.9857894736842103,,Non calculable,0.00909090909090909,2010-12,"Déprioriser, solder ou sortir du catalogue",0.0
21486,PINK HEART DOTS HOT WATER BOTTLE,C,Poids mort,36.0,147.88,4.042727272727273,4.042727272727273,,Non calculable,0.0,2010-12,"Déprioriser, solder ou sortir du catalogue",0.0
22157,ANGEL DECORATION WITH LACE PADDED,C,Poids mort,173.0,147.05,0.85,0.85,,Non calculable,0.0,2010-12,"Déprioriser, solder ou sortir du catalogue",0.0
82011B,BATHROOM SCALES RUBBER DUCKS,C,Dilemme,43.0,146.85,3.673809523809524,3.673809523809524,,Non calculable,0.0,2011-10,Tester visibilité ou promotion courte,0.0
22886,NUMBER TILE VINTAGE FONT 7,C,Poids mort,87.0,146.43,2.8827999999999996,2.8827999999999996,,Non calculable,0.0,2011-01,"Déprioriser, solder ou sortir du catalogue",0.0
84870B,BLUE GEISHA GIRL ,C,Poids mort,44.0,146.07999999999998,3.4415999999999998,3.4415999999999998,,Non calculable,0.0,2011-01,"Déprioriser, solder ou sortir du catalogue",0.0
84870C,GREEN GEISHA GIRL ,C,Poids mort,46.0,146.05,3.1614285714285715,3.1614285714285715,,Non calculable,0.0,2011-01,"Déprioriser, solder ou sortir du catalogue",0.0
90116,FRUIT SALAD BAG CHARM,C,Dilemme,64.0,145.52,2.4153333333333333,2.4153333333333333,,Non calculable,0.0,2011-12,Tester visibilité ou promotion courte,0.0
22873,NUMBER TILE COTTAGE GARDEN 5,C,Poids mort,60.0,145.5,3.0461538461538464,3.0461538461538464,,Non calculable,0.0,2011-03,"Déprioriser, solder ou sortir du catalogue",0.0
22868,NUMBER TILE COTTAGE GARDEN 0 ,C,Poids mort,63.0,144.65,3.04,3.04,,Non calculable,0.0,2011-03,"Déprioriser, solder ou sortir du catalogue",0.0
21738,COSY SLIPPER SHOES SMALL  RED ,C,Poids mort,46.0,144.58,3.3360869565217395,3.3360869565217395,,Non calculable,0.0,2010-12,"Déprioriser, solder ou sortir du catalogue",0.0
DCGSSGIRL,GIRLS PARTY BAG,C,Poids mort,47.0,144.43,3.1330769230769233,3.1330769230769233,,Non calculable,0.0,2011-03,"Déprioriser, solder ou sortir du catalogue",0.0
21401,BLUE PUDDING SPOON,C,Dilemme,993.5,144.17,0.24349397590361446,0.24349397590361446,,Non calculable,0.0,2011-03,Tester visibilité ou promotion courte,0.0
85023B,EAU DE NILE JEWELLED PHOTOFRAME,C,Dilemme,61.5,144.0,2.515384615384615,2.515384615384615,,Non calculable,1.1869918699186992,2011-08,Vérifier qualité / description avant promotion,0.0
21082,SET/20 FRUIT SALAD PAPER NAPKINS ,C,Poids mort,88.0,143.44,1.63,1.63,,Non calculable,0.0,2011-05,"Déprioriser, solder ou sortir du catalogue",0.0
84508B,STRIPES DESIGN TEDDY,C,Poids mort,56.0,142.79999999999998,2.55,2.55,,Non calculable,0.10714285714285714,2011-01,"Déprioriser, solder ou sortir du catalogue",0.0
21332,MOROCCAN BEATEN METAL MIRROR,C,Poids mort,19.0,142.54999999999998,7.757692307692308,7.757692307692308,,Non calculable,0.0,2011-01,"Déprioriser, solder ou sortir du catalogue",0.0
20837,FRENCH FLORAL CUSHION COVER ,C,Poids mort,141.0,142.47000000000003,0.9713333333333334,0.9713333333333334,,Non calculable,0.0,2011-05,"Déprioriser, solder ou sortir du catalogue",0.0
72128,COLUMBIAN CANDLE ROUND,C,Dilemme,178.0,142.45,0.9033333333333332,0.9033333333333332,,Non calculable,0.0,2011-03,Tester visibilité ou promotion courte,0.0
21117,BLOND DOLL DOORSTOP,C,Dilemme,109.0,141.75,1.6428571428571428,1.6428571428571428,,Non calculable,0.0,2011-11,Tester visibilité ou promotion courte,0.0
20774,GREEN FERN NOTEBOOK,C,Dilemme,86.0,141.23999999999998,1.6406666666666667,1.6406666666666667,,Non calculable,0.0,2011-09,Tester visibilité ou promotion courte,0.0
20661,BLUE POLKADOT PURSE ,C,Dilemme,44.0,141.15,3.397878787878788,3.397878787878788,,Non calculable,0.0,2011-07,Tester visibilité ou promotion courte,0.0
20836,FRENCH PAISLEY CUSHION COVER,C,Dilemme,170.0,141.10000000000002,0.83,0.83,,Non calculable,0.07058823529411765,2011-11,Tester visibilité ou promotion courte,0.0
84796a,PINK HAWAIIAN PICNIC HAMPER FOR 2,C,Dilemme,17.0,141.09,8.303333333333333,8.303333333333333,,Non calculable,0.0,2011-08,Tester visibilité ou promotion courte,0.0
90164B,WHITE  ROSEBUD PEARL BRACELET,C,Dilemme,38.0,140.98,5.290666666666667,5.290666666666667,,Non calculable,0.0,2011-11,Tester visibilité ou promotion courte,0.0
90170,DAISY HAIR BAND,C,Dilemme,85.0,140.32999999999998,1.652162162162162,1.652162162162162,,Non calculable,0.1411764705882353,2010-12,Tester visibilité ou promotion courte,0.0
84744,S/6 SEW ON CROCHET FLOWERS,C,Poids mort,110.0,140.02,1.376,1.376,,Non calculable,0.0,2011-03,"Déprioriser, solder ou sortir du catalogue",0.0
22876,NUMBER TILE COTTAGE GARDEN 8,C,Poids mort,61.0,138.81,2.943,2.943,,Non calculable,0.0,2011-03,"Déprioriser, solder ou sortir du catalogue",0.0
84192,ASSORTED COLOUR METAL CAT ,C,Poids mort,111.0,138.75,1.25,1.25,,Non calculable,0.0,2011-05,"Déprioriser, solder ou sortir du catalogue",0.0
35922,EASTER BUNNY WREATH,C,Poids mort,28.0,138.6,4.95,4.95,,Non calculable,0.0,2011-03,"Déprioriser, solder ou sortir du catalogue",0.0
23304,SET 4 PICNIC CUTLERY CHERRY ,C,Poids mort,71.0,138.45,1.9500000000000002,1.9500000000000002,,Non calculable,0.0,2011-11,"Déprioriser, solder ou sortir du catalogue",0.0
79191B,RETRO PLASTIC POLKA TRAY,C,Dilemme,159.0,138.29999999999998,0.9289999999999999,0.9289999999999999,,Non calculable,0.07547169811320754,2011-11,Tester visibilité ou promotion courte,0.0
22877,NUMBER TILE COTTAGE GARDEN 9,C,Poids mort,63.0,138.10999999999999,2.638421052631579,2.638421052631579,,Non calculable,0.015873015873015872,2011-03,"Déprioriser, solder ou sortir du catalogue",0.0
84799,SPRIG LAVENDER ARTIFICIAL FLOWER,C,Poids mort,165.5,135.91,1.001,1.001,,Non calculable,0.36253776435045315,2011-01,Vérifier qualité / description avant promotion,0.0
84795b,SUNSET CHECK HAMMOCK,C,Poids mort,16.0,135.2,8.45,8.45,,Non calculable,0.0,2011-04,"Déprioriser, solder ou sortir du catalogue",0.0
20758,ABSTRACT CIRCLES POCKET BOOK,C,Dilemme,159.0,135.14999999999998,0.85,0.85,,Non calculable,0.0,2011-11,Tester visibilité ou promotion courte,0.0
84660c,PINK STITCHED WALL CLOCK,C,Poids mort,18.0,134.92,7.5,7.5,,Non calculable,0.0,2010-12,"Déprioriser, solder ou sortir du catalogue",0.0
90073,VINTAGE ENAMEL & CRYSTAL EARRINGS,C,Dilemme,27.0,134.70000000000002,5.008333333333334,5.008333333333334,,Non calculable,0.0,2011-06,Tester visibilité ou promotion courte,0.0
90115,SUMMER BUTTERFLIES BAG CHARM,C,Poids mort,54.0,134.53,2.485483870967742,2.485483870967742,,Non calculable,0.0,2011-01,"Déprioriser, solder ou sortir du catalogue",0.0
21943,CAKES AND RABBITS DESIGN FLANNEL ,C,Dilemme,119.0,134.48999999999998,1.2856,1.2856,,Non calculable,0.0,2011-05,Tester visibilité ou promotion courte,0.0
90028,NEW BAROQUE LARGE NECKLACE BLK/WHIT,C,Poids mort,16.0,133.9,8.366428571428571,8.366428571428571,,Non calculable,0.0,2011-03,"Déprioriser, solder ou sortir du catalogue",0.0
22033,BOTANICAL ROSE GREETING CARD,C,Poids mort,317.5,133.76,0.43863636363636366,0.43863636363636366,,Non calculable,0.0,2011-01,"Déprioriser, solder ou sortir du catalogue",0.0
46000U,POLYESTER FILLER PAD 30CMx30CM,C,Dilemme,107.0,133.75,1.25,1.25,,Non calculable,0.0,2011-06,Tester visibilité ou promotion courte,0.0
35921,EASTER BUNNY HANGING GARLAND,C,Poids mort,68.0,133.23,3.0243478260869567,3.0243478260869567,,Non calculable,0.014705882352941176,2011-04,"Déprioriser, solder ou sortir du catalogue",0.0
20757,RED DAISY POCKET BOOK ,C,Dilemme,153.5,132.815,0.9188235294117647,0.9188235294117647,,Non calculable,0.0,2011-11,Tester visibilité ou promotion courte,0.0
90208,PAIR OF PINK FLOWER CLUSTER SLIDE,C,Dilemme,53.0,132.7,2.4975675675675673,2.4975675675675673,,Non calculable,0.11320754716981132,2011-11,Tester visibilité ou promotion courte,0.0
90014B,GOLD M.O.P. ORBIT NECKLACE,C,Poids mort,17.0,132.64999999999998,7.716666666666666,7.716666666666666,,Non calculable,0.0,2011-02,"Déprioriser, solder ou sortir du catalogue",0.0
47556B,TEA TIME TEA TOWELS ,C,Poids mort,57.0,132.525,2.325,2.325,,Non calculable,0.0,2011-01,"Déprioriser, solder ou sortir du catalogue",0.0
22538,MINI JIGSAW GO TO THE FAIR,C,Poids mort,315.0,132.365,0.55875,0.55875,,Non calculable,0.0,2011-02,"Déprioriser, solder ou sortir du catalogue",0.0
85039a,SET/4 RED MINI ROSE CANDLE IN BOWL,C,Poids mort,40.0,131.81,3.297241379310345,3.297241379310345,,Non calculable,0.0,2011-02,"Déprioriser, solder ou sortir du catalogue",0.0
90185A,AMBER DIAMANTE EXPANDABLE RING,C,Poids mort,31.0,131.03,4.202307692307692,4.202307692307692,,Non calculable,0.1935483870967742,2011-04,"Déprioriser, solder ou sortir du catalogue",0.0
90164A,PINK ROSEBUD PEARL BRACELET,C,Dilemme,27.0,130.67,6.333571428571429,6.333571428571429,,Non calculable,0.0,2011-11,Tester visibilité ou promotion courte,0.0
84510a,SET OF 4 ENGLISH ROSE COASTERS,C,Poids mort,53.0,130.48,2.4625,2.4625,,Non calculable,0.0,2011-06,"Déprioriser, solder ou sortir du catalogue",0.0
37467,PIG MUG IN TWO COLOUR DESIGNS,C,Dilemme,159.0,130.26999999999998,1.4352941176470588,1.4352941176470588,,Non calculable,0.0,2011-08,Tester visibilité ou promotion courte,0.0
21349,IVY HEART WREATH,C,Poids mort,18.0,130.0,7.213636363636363,7.213636363636363,,Non calculable,0.2222222222222222,2010-12,"Déprioriser, solder ou sortir du catalogue",0.0
90000D,COPPER/OLIVE GREEN FLOWER NECKLACE,C,Dilemme,21.0,129.85,6.1899999999999995,6.1899999999999995,,Non calculable,0.0,2011-07,Tester visibilité ou promotion courte,0.0
21281,VINTAGE KITCHEN PRINT SEAFOOD,C,Poids mort,43.0,129.63,3.9771428571428564,3.9771428571428564,,Non calculable,0.0,2010-12,"Déprioriser, solder ou sortir du catalogue",0.0
72799C,PINK PILLAR CANDLE SILVER FLOCK,C,Dilemme,81.0,129.47,2.4173684210526316,2.4173684210526316,,Non calculable,0.0,2011-12,Tester visibilité ou promotion courte,0.0
84865,NEW BAROQUE BLACK PHOTO ALBUM,C,Poids mort,27.0,129.15,6.0928571428571425,6.0928571428571425,,Non calculable,0.0,2011-06,"Déprioriser, solder ou sortir du catalogue",0.0
85118,HEART T-LIGHT HOLDER,C,Poids mort,119.0,127.735,1.541,1.541,,Non calculable,0.1092436974789916,2011-01,"Déprioriser, solder ou sortir du catalogue",0.0
85130A,BEADED PEARL HEART WHITE LARGE,C,Poids mort,77.0,127.05,1.65,1.65,,Non calculable,0.0,2011-05,"Déprioriser, solder ou sortir du catalogue",0.0
79190D,RETRO PLASTIC DAISY TRAY,C,Dilemme,265.0,126.98,0.6136170212765958,0.6136170212765958,,Non calculable,0.0,2011-03,Tester visibilité ou promotion courte,0.0
21637,ASSORTED SANSKRIT MINI NOTEBOOK,C,Poids mort,101.5,126.875,1.25,1.25,,Non calculable,0.0,2011-03,"Déprioriser, solder ou sortir du catalogue",0.0
22887,NUMBER TILE VINTAGE FONT 8,C,Poids mort,78.0,126.78,2.967391304347826,2.967391304347826,,Non calculable,0.0,2011-01,"Déprioriser, solder ou sortir du catalogue",0.0
23303,SET 4 PICNIC CUTLERY FONDANT,C,Poids mort,65.0,126.75,1.95,1.95,,Non calculable,0.0,2011-11,"Déprioriser, solder ou sortir du catalogue",0.0
48173c,DOORMAT BLACK FLOCK ,C,Poids mort,15.0,126.75,8.45,8.45,,Non calculable,0.0,2010-12,"Déprioriser, solder ou sortir du catalogue",0.0
90181B,AMETHYST GLASS/SHELL/PEARL NECKLACE,C,Dilemme,15.0,126.74999999999999,8.45,8.45,,Non calculable,0.0,2011-01,Tester visibilité ou promotion courte,0.0
21344,MOROCCAN BEATEN METAL DISH,C,Dilemme,15.0,126.74999999999999,8.45,8.45,,Non calculable,0.2,2011-11,Tester visibilité ou promotion courte,0.0
21368,MIRRORED WALL ART LADIES,C,Dilemme,143.5,126.705,1.2448484848484849,1.2448484848484849,,Non calculable,0.0,2011-05,Tester visibilité ou promotion courte,0.0
90209A,PURPLE ENAMEL+GLASS HAIR COMB,C,Poids mort,65.0,126.525,2.0125,2.0125,,Non calculable,0.09230769230769231,2011-11,"Déprioriser, solder ou sortir du catalogue",0.0
75131,METAL TUBE CHIME ON BAMBOO,C,Poids mort,95.0,126.33500000000001,1.8033333333333335,1.8033333333333335,,Non calculable,0.0,2010-12,"Déprioriser, solder ou sortir du catalogue",0.0
21400,RED PUDDING SPOON,C,Dilemme,861.5,126.28999999999999,0.25069444444444444,0.25069444444444444,,Non calculable,0.0,2011-07,Tester visibilité ou promotion courte,0.0
90191,SILVER LARIAT 40CM,C,Dilemme,26.0,126.2,6.8,6.8,,Non calculable,0.0,2011-10,Tester visibilité ou promotion courte,0.0
17013D,ORIGAMI ROSE INCENSE IN TUBE,C,Poids mort,197.5,126.07000000000001,1.2453846153846153,1.2453846153846153,,Non calculable,0.0,2011-01,"Déprioriser, solder ou sortir du catalogue",0.0
84846A,SCENTED CANDLE IN DIGITALIS TIN,C,Poids mort,56.0,126.04,2.5869230769230773,2.5869230769230773,,Non calculable,0.0,2011-10,"Déprioriser, solder ou sortir du catalogue",0.0
23578,SNACK TRAY RED GINGHAM,C,Poids mort,60.0,125.72,2.417142857142857,2.417142857142857,,Non calculable,0.0,2011-12,"Déprioriser, solder ou sortir du catalogue",0.0
37479P,CUBIC MUG FLOCK PINK ON BROWN,C,Dilemme,163.0,125.17,1.7166666666666666,1.7166666666666666,,Non calculable,0.0,2011-07,Tester visibilité ou promotion courte,0.0
22888,NUMBER TILE VINTAGE FONT 9 ,C,Poids mort,76.0,124.97999999999999,3.1642857142857146,3.1642857142857146,,Non calculable,0.0,2011-01,"Déprioriser, solder ou sortir du catalogue",0.0
84683,CLASSICAL ROSE CANDLESTAND,C,Poids mort,135.5,124.175,1.5075,1.5075,,Non calculable,0.0,2010-12,"Déprioriser, solder ou sortir du catalogue",0.0
35001W,HAND OPEN SHAPE DECO.WHITE,C,Poids mort,42.5,123.995,3.0840000000000005,3.0840000000000005,,Non calculable,0.023529411764705882,2010-12,"Déprioriser, solder ou sortir du catalogue",0.0
23477,WOODLAND LARGE BLUE FELT HEART,C,Poids mort,92.0,123.47,1.7153846153846155,1.7153846153846155,,Non calculable,0.0,2011-11,"Déprioriser, solder ou sortir du catalogue",0.0
37343,POLKADOT MUG PINK ,C,Poids mort,72.0,123.3,2.210769230769231,2.210769230769231,,Non calculable,0.0,2010-12,"Déprioriser, solder ou sortir du catalogue",0.0
47343A,FUSCHIA FLOWER PURSE WITH BEADS,C,Poids mort,132.0,122.76,0.9714285714285714,0.9714285714285714,,Non calculable,0.0,2011-06,"Déprioriser, solder ou sortir du catalogue",0.0
90070,RUBY GLASS CLUSTER BRACELET,C,Dilemme,20.0,122.64000000000001,6.180000000000001,6.180000000000001,,Non calculable,0.15,2010-12,Tester visibilité ou promotion courte,0.0
85024B,EAU DE NILE JEWELLED PHOTOFRAME,C,Dilemme,77.5,122.17500000000001,1.633333333333333,1.633333333333333,,Non calculable,0.0,2011-08,Tester visibilité ou promotion courte,0.0
85086A,CANDY SPOT HEART DECORATION,C,Dilemme,146.0,122.08,0.8331999999999999,0.8331999999999999,,Non calculable,0.0,2011-07,Tester visibilité ou promotion courte,0.0
21736,GOLD SCROLL GLASS T-LIGHT HOLDER,C,Poids mort,72.5,121.47,1.8150000000000002,1.8150000000000002,,Non calculable,0.041379310344827586,2010-12,"Déprioriser, solder ou sortir du catalogue",0.0
72130,COLUMBIAN CANDLE ROUND,C,Poids mort,196.5,121.415,0.7432142857142857,0.7432142857142857,,Non calculable,0.0,2010-12,"Déprioriser, solder ou sortir du catalogue",0.0
90129B,TURQUOISE GLASS TASSLE BAG CHARM ,C,Dilemme,57.0,121.38,2.035,2.035,,Non calculable,0.0,2010-12,Tester visibilité ou promotion courte,0.0
85230A,OPIUM SCENTED VOTIVE CANDLE,C,Dilemme,463.5,120.73499999999999,0.2633333333333333,0.2633333333333333,,Non calculable,0.0,2011-08,Tester visibilité ou promotion courte,0.0
20845,ZINC HEART LATTICE 2 WALL PLANTER,C,Poids mort,19.0,120.64999999999999,6.35,6.35,,Non calculable,0.0,2011-07,"Déprioriser, solder ou sortir du catalogue",0.0
21420,OYSTER TRINKET BOX,C,Dilemme,53.0,120.41,3.8560000000000003,3.8560000000000003,,Non calculable,0.0,2011-12,Tester visibilité ou promotion courte,0.0
90173,PAIR BUTTERFLY HAIR CLIPS,C,Poids mort,32.0,120.34,3.7676470588235293,3.7676470588235293,,Non calculable,0.0,2010-12,"Déprioriser, solder ou sortir du catalogue",0.0
90199C,5 STRAND GLASS NECKLACE CRYSTAL,C,Dilemme,19.0,120.28999999999999,6.32,6.32,,Non calculable,0.05263157894736842,2010-12,Tester visibilité ou promotion courte,0.0
23467,VINTAGE ZINC PLANTER  ,C,Poids mort,32.0,120.08,4.366363636363636,4.366363636363636,,Non calculable,0.0,2011-12,"Déprioriser, solder ou sortir du catalogue",0.0
35972,DAISY FOLKART HEART DECORATION,C,Poids mort,96.0,120.0,1.25,1.25,,Non calculable,0.0,2011-02,"Déprioriser, solder ou sortir du catalogue",0.0
90161A,ANT COPPER RED BOUDICCA BRACELET,C,Poids mort,24.0,119.91,5.002857142857143,5.002857142857143,,Non calculable,0.0,2010-12,"Déprioriser, solder ou sortir du catalogue",0.0
90003C,MIDNIGHT BLUE PAIR HEART HAIR SLIDE,C,Dilemme,32.0,119.84,3.7441666666666666,3.7441666666666666,,Non calculable,0.125,2011-09,Tester visibilité ou promotion courte,0.0
90122C,TURQUOISE CRYSTAL+GLASS BRACELET,C,Dilemme,24.0,119.23,4.986363636363636,4.986363636363636,,Non calculable,0.0,2011-01,Tester visibilité ou promotion courte,0.0
84709B,PINK OVAL JEWELLED MIRROR,C,Poids mort,20.0,119.0,5.95,5.95,,Non calculable,0.0,2011-06,"Déprioriser, solder ou sortir du catalogue",0.0
72225C,LAVENDER SCENT CAKE CANDLE,C,Dilemme,426.0,118.97999999999999,0.28058823529411764,0.28058823529411764,,Non calculable,0.0,2011-11,Tester visibilité ou promotion courte,0.0
85114b,IVORY ENCHANTED FOREST PLACEMAT,C,Dilemme,36.0,118.86,3.2950000000000004,3.2950000000000004,,Non calculable,0.0,2011-06,Tester visibilité ou promotion courte,0.0
84906,PINK BUTTERFLY CUSHION COVER,C,Poids mort,35.0,118.75,4.491666666666666,4.491666666666666,,Non calculable,0.02857142857142857,2010-12,"Déprioriser, solder ou sortir du catalogue",0.0
84507B,STRIPES DESIGN MONKEY DOLL,C,Dilemme,39.0,118.73,3.4263636363636363,3.4263636363636363,,Non calculable,0.0,2011-03,Tester visibilité ou promotion courte,0.0
21095,SET/6 POSIES PAPER PLATES,C,Poids mort,125.0,118.72999999999999,0.9614285714285714,0.9614285714285714,,Non calculable,0.0,2011-02,"Déprioriser, solder ou sortir du catalogue",0.0
84569B,PACK 3 FIRE ENGINE/CAR PATCHES,C,Poids mort,85.0,118.4,1.7621052631578946,1.7621052631578946,,Non calculable,0.0,2011-02,"Déprioriser, solder ou sortir du catalogue",0.0
47471,RAINBOW PEGS PHOTO CLIP STRING,C,Poids mort,155.0,118.33,0.9984615384615384,0.9984615384615384,,Non calculable,0.0,2011-11,"Déprioriser, solder ou sortir du catalogue",0.0
20785,FUSCHIA RETRO BAR STOOL,C,Poids mort,14.0,118.3,8.45,8.45,,Non calculable,0.0,2011-03,"Déprioriser, solder ou sortir du catalogue",0.0
84616,SILVER ROCCOCO CHANDELIER,C,Dilemme,14.0,118.3,8.45,8.45,,Non calculable,0.21428571428571427,2011-10,Tester visibilité ou promotion courte,0.0
21032,SPACE CADET WHITE,C,Poids mort,97.0,117.78,1.3816666666666668,1.3816666666666668,,Non calculable,0.0,2011-05,"Déprioriser, solder ou sortir du catalogue",0.0
22541,MINI JIGSAW LEAP FROG,C,Poids mort,272.0,117.62,0.5651428571428571,0.5651428571428571,,Non calculable,0.0,2011-05,"Déprioriser, solder ou sortir du catalogue",0.0
90183A,AMBER DROP EARRINGS W LONG BEADS,C,Dilemme,40.0,117.24000000000001,2.9213043478260867,2.9213043478260867,,Non calculable,0.15,2011-09,Tester visibilité ou promotion courte,0.0
84741C,CITRUS GARLAND FELT FLOWERS ,C,Poids mort,60.0,117.0,1.95,1.95,,Non calculable,0.0,2011-03,"Déprioriser, solder ou sortir du catalogue",0.0
21518,BANK ACCOUNT  GREETING  CARD ,C,Poids mort,274.5,116.78,0.47526315789473683,0.47526315789473683,,Non calculable,0.0,2011-01,"Déprioriser, solder ou sortir du catalogue",0.0
90195A,PURPLE GEMSTONE BRACELET,C,Poids mort,19.0,116.55,6.8,6.8,,Non calculable,0.0,2010-12,"Déprioriser, solder ou sortir du catalogue",0.0
72780,BLACK SILOUETTE CANDLE PLATE,C,Dilemme,137.0,116.44999999999999,0.85,0.85,,Non calculable,0.0,2011-09,Tester visibilité ou promotion courte,0.0
72812,LARGE ZINC GLASS CANDLEHOLDER,C,Dilemme,34.0,116.06,3.7609090909090908,3.7609090909090908,,Non calculable,0.0,2011-08,Tester visibilité ou promotion courte,0.0
84809A,WHITE CHRYSANTHEMUMS ART FLOWER,C,Poids mort,55.0,115.5,2.1,2.1,,Non calculable,0.0,2011-05,"Déprioriser, solder ou sortir du catalogue",0.0
40003,WHITE BAMBOO RIBS LAMPSHADE,C,Poids mort,87.5,115.10499999999999,1.6380000000000001,1.6380000000000001,,Non calculable,0.0,2011-01,"Déprioriser, solder ou sortir du catalogue",0.0
23151,ZINC SWEETHEART SOAP DISH,C,Dilemme,61.0,114.33000000000001,2.2395238095238095,2.2395238095238095,,Non calculable,0.0,2011-05,Tester visibilité ou promotion courte,0.0
90130B,TURQ STONE/CRYSTAL EARRINGS,C,Dilemme,39.0,113.97,2.9183870967741936,2.9183870967741936,,Non calculable,0.0,2011-09,Tester visibilité ou promotion courte,0.0
72801D,4 SKY BLUE DINNER CANDLES,C,Poids mort,75.0,113.21,1.588888888888889,1.588888888888889,,Non calculable,0.0,2011-09,"Déprioriser, solder ou sortir du catalogue",0.0
20795,LARGE BLUE PROVENCAL CERAMIC BALL,C,Dilemme,49.0,113.05,2.653636363636364,2.653636363636364,,Non calculable,0.12244897959183673,2011-05,Tester visibilité ou promotion courte,0.0
84457,SET/3 RABBITS FLOWER SKIPPPING ROPE,C,Poids mort,126.0,112.55999999999999,0.9944444444444444,0.9944444444444444,,Non calculable,0.0,2011-04,"Déprioriser, solder ou sortir du catalogue",0.0
90003D,CRYSTAL PAIR HEART HAIR SLIDES,C,Dilemme,30.0,112.26,3.73875,3.73875,,Non calculable,0.13333333333333333,2011-11,Tester visibilité ou promotion courte,0.0
90096,NECKLACE+BRACELET SET BLUE BLOSSOM,C,Poids mort,45.0,112.21,2.4815384615384612,2.4815384615384612,,Non calculable,0.0,2010-12,"Déprioriser, solder ou sortir du catalogue",0.0
21678,PAISLEY PATTERN  STICKERS,C,Dilemme,125.0,111.86,1.0071875,1.0071875,,Non calculable,0.0,2011-11,Tester visibilité ou promotion courte,0.0
23185,FRENCH STYLE STORAGE JAR JAM,C,Dilemme,306.5,111.80499999999999,0.3516129032258064,0.3516129032258064,,Non calculable,0.0032626427406199023,2011-03,Tester visibilité ou promotion courte,0.0
21814,HEART T-LIGHT HOLDER ,C,Dilemme,74.0,111.77,1.7293749999999999,1.7293749999999999,,Non calculable,0.0,2011-11,Tester visibilité ou promotion courte,0.0
90214A,"LETTER ""A"" BLING KEY RING",C,Dilemme,130.0,111.66,0.9039285714285714,0.9039285714285714,,Non calculable,0.0,2011-07,Tester visibilité ou promotion courte,0.0
10080,GROOVY CACTUS INFLATABLE,C,Dilemme,283.5,111.485,0.41090909090909095,0.41090909090909095,,Non calculable,0.0,2011-11,Tester visibilité ou promotion courte,0.0
90036E,"FLOWER GLASS GARLD NECKL36""AMETHYST",C,Poids mort,14.0,110.95,7.922727272727273,7.922727272727273,,Non calculable,0.0,2011-08,"Déprioriser, solder ou sortir du catalogue",0.0
47503H,ASS FLORAL PRINT SPIRIT LEVEL ,C,Dilemme,100.0,110.86,1.4994999999999998,1.4994999999999998,,Non calculable,0.0,2011-10,Tester visibilité ou promotion courte,0.0
90180A,BLACK+WHITE NECKLACE W TASSEL,C,Poids mort,17.0,110.64999999999999,7.838888888888889,7.838888888888889,,Non calculable,0.0,2011-03,"Déprioriser, solder ou sortir du catalogue",0.0
62096A,PINK/YELLOW FLOWERS HANDBAG,C,Poids mort,88.5,110.625,1.25,1.25,,Non calculable,0.0,2011-02,"Déprioriser, solder ou sortir du catalogue",0.0
90185C,BLACK DIAMANTE EXPANDABLE RING,C,Poids mort,26.0,110.09,4.2090000000000005,4.2090000000000005,,Non calculable,0.6153846153846154,2011-04,Vérifier qualité / description avant promotion,0.0
84925F,PSYCHEDELIC WALL THERMOMETER,C,Poids mort,79.0,109.93,1.9214285714285713,1.9214285714285713,,Non calculable,0.0,2011-07,"Déprioriser, solder ou sortir du catalogue",0.0
84816,DANISH ROSE BEDSIDE CABINET,C,Dilemme,13.0,109.85,8.45,8.45,,Non calculable,0.46153846153846156,2011-06,Tester visibilité ou promotion courte,0.0
21275,ZINC TOP  2 DOOR WOODEN SHELF ,C,Poids mort,13.0,109.85,8.45,8.45,,Non calculable,0.38461538461538464,2011-01,"Déprioriser, solder ou sortir du catalogue",0.0
90184A,AMBER CHUNKY BEAD BRACELET W STRAP,C,Poids mort,13.0,109.85,8.45,8.45,,Non calculable,0.0,2010-12,"Déprioriser, solder ou sortir du catalogue",0.0
23463,VINTAGE ZINC WATERING CAN,C,Poids mort,13.0,109.85,8.45,8.45,,Non calculable,0.0,2011-11,"Déprioriser, solder ou sortir du catalogue",0.0
84629,WHITE 3 FRAME BIRDS AND TREE ,C,Dilemme,20.0,109.5,6.0,6.0,,Non calculable,0.05,2011-07,Tester visibilité ou promotion courte,0.0
85096,HILDA CANDY SPOT RABBIT,C,Poids mort,25.0,109.23,4.660588235294118,4.660588235294118,,Non calculable,0.0,2010-12,"Déprioriser, solder ou sortir du catalogue",0.0
20894,HANGING BAUBLE T-LIGHT HOLDER LARGE,C,Dilemme,33.0,108.71000000000001,3.707333333333333,3.707333333333333,,Non calculable,0.0,2011-11,Tester visibilité ou promotion courte,0.0
85167B,BLACK GRAND BAROQUE PHOTO FRAME,C,Poids mort,48.5,108.025,4.025,4.025,,Non calculable,0.0,2010-12,"Déprioriser, solder ou sortir du catalogue",0.0
21372,MIRRORED WALL ART TABLE LAMP,C,Dilemme,75.0,107.75,1.9772727272727273,1.9772727272727273,,Non calculable,0.0,2011-03,Tester visibilité ou promotion courte,0.0
35916C,PINK FELT HANGING HEART W FLOWER,C,Poids mort,106.0,107.72,0.8879999999999999,0.8879999999999999,,Non calculable,0.0,2011-01,"Déprioriser, solder ou sortir du catalogue",0.0
85129C,BEADED CRYSTAL HEART BLUE SMALL,C,Poids mort,80.0,107.31,1.7373333333333332,1.7373333333333332,,Non calculable,0.0,2010-12,"Déprioriser, solder ou sortir du catalogue",0.0
23626,SET 10 CARDS DINKY TREE 17076,C,Poids mort,43.0,107.07000000000001,2.49,2.49,,Non calculable,0.0,2011-11,"Déprioriser, solder ou sortir du catalogue",0.0
37333,"RETRO ""TEA FOR ONE"" ",C,Poids mort,21.0,106.95,4.920588235294117,4.920588235294117,,Non calculable,0.0,2011-02,"Déprioriser, solder ou sortir du catalogue",0.0
20657,TROPICAL LUGGAGE TAG,C,Dilemme,73.0,105.91,1.720909090909091,1.720909090909091,,Non calculable,0.0,2011-02,Tester visibilité ou promotion courte,0.0
20898,VINTAGE NOTEBOOK TRAVELOGUE,C,Dilemme,38.0,105.73,2.6350000000000002,2.6350000000000002,,Non calculable,0.15789473684210525,2011-06,Tester visibilité ou promotion courte,0.0
90016A,SILVER/M.O.P PENDANT ORBIT NECKLACE,C,Dilemme,17.0,105.46000000000001,7.7942857142857145,7.7942857142857145,,Non calculable,0.0,2011-10,Tester visibilité ou promotion courte,0.0
85040a,S/4 PINK FLOWER CANDLES IN BOWL,C,Dilemme,32.0,105.28,3.29,3.29,,Non calculable,0.0,2011-11,Tester visibilité ou promotion courte,0.0
16218,CARTOON  PENCIL SHARPENERS,C,Dilemme,1153.5,105.07,0.26984375,0.26984375,,Non calculable,0.0,2011-06,Tester visibilité ou promotion courte,0.0
23574,PACKING CHARGE,C,Poids mort,14.0,105.0,7.5,7.5,,Non calculable,0.14285714285714285,2011-09,"Déprioriser, solder ou sortir du catalogue",0.0
21904,HOUSE WRECKING METAL SIGN ,C,Poids mort,50.0,105.0,2.1,2.1,,Non calculable,0.0,2011-05,"Déprioriser, solder ou sortir du catalogue",0.0
35920,FOUR RABBIT EASTER DECORATIONS,C,Poids mort,72.0,104.84,1.992,1.992,,Non calculable,0.0,2011-04,"Déprioriser, solder ou sortir du catalogue",0.0
84461,12 PINK HEN+CHICKS IN BASKET,C,Poids mort,41.0,104.55,2.55,2.55,,Non calculable,0.14634146341463414,2011-04,"Déprioriser, solder ou sortir du catalogue",0.0
90122A,PINK CRYSTAL+GLASS BRACELET,C,Poids mort,21.0,104.53,4.9871428571428575,4.9871428571428575,,Non calculable,0.0,2011-01,"Déprioriser, solder ou sortir du catalogue",0.0
75011,BLUE DAISY MOBILE,C,Dilemme,128.5,104.395,0.7999999999999999,0.7999999999999999,,Non calculable,0.0,2011-08,Tester visibilité ou promotion courte,0.0
84800S,SMALL WHITE/PINK ROSE ART FLOWER,C,Poids mort,92.0,104.17,1.2077777777777778,1.2077777777777778,,Non calculable,0.021739130434782608,2011-05,"Déprioriser, solder ou sortir du catalogue",0.0
20796,SMALL BLUE PROVENCAL CERAMIC BALL,C,Dilemme,62.0,103.94,1.832222222222222,1.832222222222222,,Non calculable,0.0,2011-08,Tester visibilité ou promotion courte,0.0
84858C,PINK RIVIERA HANDBAG,C,Poids mort,62.0,103.5,4.8,4.8,,Non calculable,0.0,2011-04,"Déprioriser, solder ou sortir du catalogue",0.0
79144B,PAINTED LIGHTBULB STAR+ MOON,C,Dilemme,180.0,103.23,0.7132075471698113,0.7132075471698113,,Non calculable,0.0,2011-10,Tester visibilité ou promotion courte,0.0
35819B,"ACRYLIC HANGING JEWEL,BLUE",C,Dilemme,260.5,103.2,0.5359259259259259,0.5359259259259259,,Non calculable,0.0,2011-10,Tester visibilité ou promotion courte,0.0
90032,IVORY SHELL HEART NECKLACE,C,Poids mort,21.0,103.13,5.855,5.855,,Non calculable,0.0,2011-10,"Déprioriser, solder ou sortir du catalogue",0.0
22879,NUMBER TILE VINTAGE FONT 0,C,Poids mort,70.0,102.46,2.8674999999999997,2.8674999999999997,,Non calculable,0.0,2011-01,"Déprioriser, solder ou sortir du catalogue",0.0
20731,POSY CANDY BAG,C,Poids mort,85.5,101.835,1.0925,1.0925,,Non calculable,0.0,2011-05,"Déprioriser, solder ou sortir du catalogue",0.0
21331,MOROCCAN BEATEN METAL DISH LARGE,C,Poids mort,12.0,101.39999999999999,8.45,8.45,,Non calculable,0.0,2011-06,"Déprioriser, solder ou sortir du catalogue",0.0
90063A,WHITE VINT ART DECO CRYSTAL NECKLAC,C,Dilemme,12.0,101.39999999999999,8.45,8.45,,Non calculable,0.0,2011-02,Tester visibilité ou promotion courte,0.0
90124B,BLUE MURANO TWIST NECKLACE,C,Poids mort,12.0,101.39999999999999,8.45,8.45,,Non calculable,0.0,2011-01,"Déprioriser, solder ou sortir du catalogue",0.0
47590b,PINK HAPPY BIRTHDAY BUNTING,C,Poids mort,12.0,101.39999999999999,8.45,8.45,,Non calculable,0.0,2011-01,"Déprioriser, solder ou sortir du catalogue",0.0
20701,PINK CAT FLORAL CUSHION COVER ,C,Dilemme,25.0,100.97,4.066666666666666,4.066666666666666,,Non calculable,0.0,2011-06,Tester visibilité ou promotion courte,0.0
17084P,DRAGONS BLOOD INCENSE,C,Dilemme,401.5,99.925,0.3507692307692308,0.3507692307692308,,Non calculable,0.0,2011-08,Tester visibilité ou promotion courte,0.0
22125,UNION JACK HOT WATER BOTTLE ,C,Dilemme,13.0,99.85,7.616666666666666,7.616666666666666,,Non calculable,0.0,2011-11,Tester visibilité ou promotion courte,0.0
23611,SET 10 CARDS RED RIDING HOOD 17214,C,Poids mort,40.0,99.60000000000001,2.49,2.49,,Non calculable,0.0,2011-11,"Déprioriser, solder ou sortir du catalogue",0.0
90081C,LILY BROOCH OLIVE COLOUR,C,Poids mort,20.0,99.60000000000001,4.99,4.99,,Non calculable,0.0,2010-12,"Déprioriser, solder ou sortir du catalogue",0.0
22407,MONEY BOX FIRST AID DESIGN,C,Poids mort,94.0,99.28,1.2791666666666666,1.2791666666666666,,Non calculable,0.0,2011-04,"Déprioriser, solder ou sortir du catalogue",0.0
20823,GOLD WINE GOBLET,C,Poids mort,125.0,98.75,0.79,0.79,,Non calculable,0.0,2011-04,"Déprioriser, solder ou sortir du catalogue",0.0
84510c,SET OF 4 POLKADOT COASTERS,C,Poids mort,40.0,98.7,2.468695652173913,2.468695652173913,,Non calculable,0.0,2011-04,"Déprioriser, solder ou sortir du catalogue",0.0
84898F,YELLOW FLOWERS FELT HANDBAG KIT,C,Poids mort,46.0,98.63,2.2068421052631577,2.2068421052631577,,Non calculable,0.0,2011-03,"Déprioriser, solder ou sortir du catalogue",0.0
79144C,PAINTED LIGHTBULB RAINBOW DESIGN,C,Dilemme,152.0,98.12,0.7815686274509804,0.7815686274509804,,Non calculable,0.0,2011-09,Tester visibilité ou promotion courte,0.0
90101,WHITE FRANGIPANI NECKLACE,C,Dilemme,39.0,98.07000000000001,2.510588235294118,2.510588235294118,,Non calculable,0.15384615384615385,2011-07,Tester visibilité ou promotion courte,0.0
84723,CHERRY BLOSSOM CANVAS ART PICTURE,C,Dilemme,41.0,97.95,3.9499999999999997,3.9499999999999997,,Non calculable,0.0,2011-07,Tester visibilité ou promotion courte,0.0
47369B,BLUE GREEN EMBROIDERY COSMETIC BAG,C,Dilemme,35.0,97.13,3.2627272727272727,3.2627272727272727,,Non calculable,0.0,2011-07,Tester visibilité ou promotion courte,0.0
90185B,AMETHYST DIAMANTE EXPANDABLE RING,C,Poids mort,23.0,97.02,4.19,4.19,,Non calculable,0.391304347826087,2011-04,Vérifier qualité / description avant promotion,0.0
84806A,PINK CANDYSTUFT ARTIFICIAL FLOWER,C,Dilemme,137.0,96.88999999999999,1.0645454545454545,1.0645454545454545,,Non calculable,0.0,2011-12,Tester visibilité ou promotion courte,0.0
90204,PAIR OF ENAMEL BUTTERFLY HAIRCLIP,C,Dilemme,29.0,96.86,3.337222222222222,3.337222222222222,,Non calculable,0.13793103448275862,2011-11,Tester visibilité ou promotion courte,0.0
84801A,PINK HYDRANGEA ART FLOWER,C,Poids mort,46.0,96.60000000000001,2.1,2.1,,Non calculable,0.0,2011-01,"Déprioriser, solder ou sortir du catalogue",0.0
90019B,GOLD M.O.P ORBIT BRACELET,C,Dilemme,18.0,96.52000000000001,5.362222222222223,5.362222222222223,,Non calculable,0.0,2011-11,Tester visibilité ou promotion courte,0.0
23464,VINTAGE ZINC WATERING CAN SMALL,C,Poids mort,18.0,96.1,5.825,5.825,,Non calculable,0.0,2011-11,"Déprioriser, solder ou sortir du catalogue",0.0
17091A,LAVENDER INCENSE IN TIN,C,Poids mort,163.5,96.06,0.7976000000000001,0.7976000000000001,,Non calculable,0.0,2010-12,"Déprioriser, solder ou sortir du catalogue",0.0
72801c,4 ROSE PINK DINNER CANDLES,C,Dilemme,39.0,95.94,2.46,2.46,,Non calculable,0.0,2011-02,Tester visibilité ou promotion courte,0.0
21190,PINK HEARTS PAPER GARLAND,C,Poids mort,65.0,95.85,1.5928571428571427,1.5928571428571427,,Non calculable,0.7692307692307693,2010-12,Vérifier qualité / description avant promotion,0.0
21722,SWEET PUDDING STICKER SHEET,C,Dilemme,98.0,95.52999999999999,1.1297222222222223,1.1297222222222223,,Non calculable,0.01020408163265306,2010-12,Tester visibilité ou promotion courte,0.0
90174,BUTTERFLY HAIR BAND,C,Dilemme,38.0,95.42,2.4961904761904763,2.4961904761904763,,Non calculable,0.3157894736842105,2011-09,Vérifier qualité / description avant promotion,0.0
21777,RECIPE BOX WITH METAL HEART,C,Poids mort,12.0,95.4,7.95,7.95,,Non calculable,0.4166666666666667,2010-12,"Déprioriser, solder ou sortir du catalogue",0.0
90146,FINE SILVER NECKLACE W PASTEL FLOWE,C,Dilemme,17.0,95.35000000000001,7.192857142857143,7.192857142857143,,Non calculable,0.0,2011-10,Tester visibilité ou promotion courte,0.0
90036D,"FLOWER GLASS GARLAND NECKL.36""BLACK",C,Poids mort,12.0,95.35000000000001,7.94,7.94,,Non calculable,0.0,2011-03,"Déprioriser, solder ou sortir du catalogue",0.0
20653,CHERRY BLOSSOM LUGGAGE TAG,C,Poids mort,73.0,95.17999999999999,1.4815151515151515,1.4815151515151515,,Non calculable,0.0,2011-03,"Déprioriser, solder ou sortir du catalogue",0.0
84527,FLAMES SUNGLASSES PINK LENSES,C,Poids mort,52.0,95.10000000000001,2.145,2.145,,Non calculable,0.0,2011-06,"Déprioriser, solder ou sortir du catalogue",0.0
84666,SQUARE CHERRY BLOSSOM CABINET,C,Poids mort,24.0,94.80000000000001,3.95,3.95,,Non calculable,0.0,2011-04,"Déprioriser, solder ou sortir du catalogue",0.0
17090A,LAVENDER INCENSE 40 CONES IN TIN,C,Poids mort,94.0,94.7,1.17,1.17,,Non calculable,0.0,2010-12,"Déprioriser, solder ou sortir du catalogue",0.0
16054,POPART RECT PENCIL SHARPENER ASST,C,Dilemme,783.5,94.62,0.1290909090909091,0.1290909090909091,,Non calculable,0.13784301212507977,2011-11,Tester visibilité ou promotion courte,0.0
90133,TEAL/FUSCHIA COL BEAD NECKLACE,C,Dilemme,19.0,94.43,4.979230769230769,4.979230769230769,,Non calculable,0.0,2011-11,Tester visibilité ou promotion courte,0.0
90125D,PURPLE BERTIE GLASS BEAD BAG CHARM,C,Poids mort,75.5,93.455,2.0989473684210522,2.0989473684210522,,Non calculable,0.0,2011-01,"Déprioriser, solder ou sortir du catalogue",0.0
47481,50CM METAL STRING WITH  7 CLIPS,C,Poids mort,109.5,93.25,1.0608695652173912,1.0608695652173912,,Non calculable,0.0,2011-03,"Déprioriser, solder ou sortir du catalogue",0.0
47369A,PINK GREEN EMBROIDERY COSMETIC BAG,C,Dilemme,33.0,93.19,2.93,2.93,,Non calculable,0.0,2010-12,Tester visibilité ou promotion courte,0.0
21769,VINTAGE POST OFFICE CABINET,C,Poids mort,11.0,92.95,8.45,8.45,,Non calculable,0.0,2010-12,"Déprioriser, solder ou sortir du catalogue",0.0
22769,CHALKBOARD KITCHEN ORGANISER,C,Poids mort,11.0,92.94999999999999,8.45,8.45,,Non calculable,0.9090909090909091,2010-12,"Déprioriser, solder ou sortir du catalogue",0.0
90124C,GREEN MURANO TWIST NECKLACE,C,Dilemme,11.0,92.94999999999999,8.45,8.45,,Non calculable,0.0,2011-08,Tester visibilité ou promotion courte,0.0
90010B,BLACK/WHITE GLASS/SILVER BRACELET,C,Poids mort,11.0,92.94999999999999,8.45,8.45,,Non calculable,0.0,2010-12,"Déprioriser, solder ou sortir du catalogue",0.0
90210D,PURPLE ACRYLIC FACETED BANGLE,C,Poids mort,75.5,92.675,1.6,1.6,,Non calculable,0.0,2010-12,"Déprioriser, solder ou sortir du catalogue",0.0
23440,PAINT YOUR OWN EGGS IN CRATE,C,Poids mort,48.5,92.61500000000001,2.022,2.022,,Non calculable,0.0,2011-12,"Déprioriser, solder ou sortir du catalogue",0.0
20773,BLUE PAISLEY NOTEBOOK,C,Poids mort,56.0,92.39999999999999,1.6499999999999997,1.6499999999999997,,Non calculable,0.0,2010-12,"Déprioriser, solder ou sortir du catalogue",0.0
82613A,"METAL SIGN,CUPCAKE SINGLE HOOK",C,Poids mort,71.0,92.38,1.4516666666666667,1.4516666666666667,,Non calculable,0.0,2011-07,"Déprioriser, solder ou sortir du catalogue",0.0
90018B,GOLD M.O.P ORBIT DROP EARRINGS,C,Dilemme,22.0,92.28,4.19,4.19,,Non calculable,0.0,2011-11,Tester visibilité ou promotion courte,0.0
35818P,"ACRYLIC JEWEL ICICLE, PINK",C,Dilemme,226.5,91.96000000000001,0.69,0.69,,Non calculable,0.0,2011-11,Tester visibilité ou promotion courte,0.0
35911B,PINK/FLOWER RABBIT EGG WARMER ,C,Poids mort,98.5,91.94500000000001,1.142,1.142,,Non calculable,0.0,2011-03,"Déprioriser, solder ou sortir du catalogue",0.0
90030C,BROWN KUKUI COCONUT SEED NECKLACE,C,Dilemme,77.0,91.7,2.3363636363636364,2.3363636363636364,,Non calculable,0.0,2011-09,Tester visibilité ou promotion courte,0.0
90210C,RED   ACRYLIC FACETED BANGLE,C,Poids mort,67.5,91.135,2.206,2.206,,Non calculable,0.0,2010-12,"Déprioriser, solder ou sortir du catalogue",0.0
20662,FIRST CLASS HOLIDAY PURSE ,C,Poids mort,31.0,90.42,2.879,2.879,,Non calculable,0.0,2011-01,"Déprioriser, solder ou sortir du catalogue",0.0
90163A,PINK ROSEBUD & PEARL NECKLACE,C,Poids mort,12.0,90.32,7.537777777777778,7.537777777777778,,Non calculable,0.0,2011-01,"Déprioriser, solder ou sortir du catalogue",0.0
90022,EDWARDIAN DROP EARRINGS JET BLACK,C,Dilemme,24.0,90.2,3.7600000000000002,3.7600000000000002,,Non calculable,0.16666666666666666,2010-12,Tester visibilité ou promotion courte,0.0
90125A,PINK BERTIE GLASS BEAD BAG CHARM,C,Poids mort,95.5,89.66499999999999,1.5399999999999998,1.5399999999999998,,Non calculable,0.0,2011-01,"Déprioriser, solder ou sortir du catalogue",0.0
47469,ASSORTED SHAPES PHOTO CLIP SILVER ,C,Dilemme,148.0,89.645,0.635625,0.635625,,Non calculable,0.0,2011-11,Tester visibilité ou promotion courte,0.0
84661C,PINK SQUARE TABLE CLOCK,C,Dilemme,51.5,89.435,3.015,3.015,,Non calculable,0.0,2011-12,Tester visibilité ou promotion courte,0.0
90123A,PINK HEART OF GLASS BRACELET,C,Poids mort,15.0,89.12,5.935555555555556,5.935555555555556,,Non calculable,0.0,2011-05,"Déprioriser, solder ou sortir du catalogue",0.0
35833P,4 PINK FLOCK CHRISTMAS BALLS,C,Poids mort,49.0,88.47,2.2954545454545454,2.2954545454545454,,Non calculable,0.0,2010-12,"Déprioriser, solder ou sortir du catalogue",0.0
84984A,GREEN PEONY CUSHION COVER,C,Dilemme,19.0,88.35,4.65,4.65,,Non calculable,0.0,2011-11,Tester visibilité ou promotion courte,0.0
90166,PINK & WHITE ROSEBUD RING,C,Dilemme,21.0,88.04,4.176,4.176,,Non calculable,0.0,2011-10,Tester visibilité ou promotion courte,0.0
90129F,RED GLASS TASSLE BAG CHARM,C,Dilemme,40.0,88.03,2.1325,2.1325,,Non calculable,0.0,2010-12,Tester visibilité ou promotion courte,0.0
84989a,75 GREEN FAIRY CAKE CASES,C,Poids mort,42.0,87.51,2.086,2.086,,Non calculable,0.0,2011-08,"Déprioriser, solder ou sortir du catalogue",0.0
35933,PINK STOCKING CHRISTMAS DECORATION,C,Dilemme,213.0,87.27,0.6473684210526316,0.6473684210526316,,Non calculable,0.0,2011-09,Tester visibilité ou promotion courte,0.0
21038,SET/4 MODERN VINTAGE COTTON NAPKINS,C,Poids mort,77.0,86.75,1.1656521739130437,1.1656521739130437,,Non calculable,0.025974025974025976,2011-03,"Déprioriser, solder ou sortir du catalogue",0.0
23614,SET 10 CARDS 12 DAYS WRAP  17058,C,Poids mort,26.0,86.58,3.33,3.33,,Non calculable,0.0,2011-10,"Déprioriser, solder ou sortir du catalogue",0.0
90003E,GREEN PAIR HEART HAIR SLIDES,C,Dilemme,23.0,86.11,3.744285714285714,3.744285714285714,,Non calculable,0.17391304347826086,2011-08,Tester visibilité ou promotion courte,0.0
20826,SILVER APERITIF GLASS,C,Poids mort,166.5,85.69500000000001,0.8225,0.8225,,Non calculable,0.0,2011-05,"Déprioriser, solder ou sortir du catalogue",0.0
84531B,BLUE KNITTED EGG COSY,C,Poids mort,155.0,85.61,0.7000000000000001,0.7000000000000001,,Non calculable,0.0,2011-03,"Déprioriser, solder ou sortir du catalogue",0.0
79403,FROSTED WHITE BASE ,C,Poids mort,95.0,85.52,1.062,1.062,,Non calculable,0.0,2011-03,"Déprioriser, solder ou sortir du catalogue",0.0
16045,POPART WOODEN PENCILS ASST,C,Dilemme,1966.5,85.5,0.043478260869565216,0.043478260869565216,,Non calculable,0.0,2011-10,Tester visibilité ou promotion courte,0.0
20901,VINTAGE KEEPSAKE BOX PINK FLOWER,C,Poids mort,19.0,85.13,4.426,4.426,,Non calculable,0.10526315789473684,2011-06,"Déprioriser, solder ou sortir du catalogue",0.0
21761,WOOD AND GLASS MEDICINE CABINET,C,Poids mort,10.0,84.5,8.45,8.45,,Non calculable,0.0,2010-12,"Déprioriser, solder ou sortir du catalogue",0.0
35400,WOODEN BOX ADVENT CALENDAR ,C,Poids mort,10.0,84.5,8.45,8.45,,Non calculable,1.6,2011-11,"Déprioriser, solder ou sortir du catalogue",0.0
gift_0001_20,Dotcomgiftshop Gift Voucher £20.00,C,Poids mort,10.0,84.5,8.45,8.45,,Non calculable,0.0,2011-04,"Déprioriser, solder ou sortir du catalogue",0.0
22828,REGENCY MIRROR WITH SHUTTERS,C,Poids mort,10.0,84.5,8.45,8.45,,Non calculable,0.0,2011-03,"Déprioriser, solder ou sortir du catalogue",0.0
90175B,PINK GLASS CHUNKY CHARM BRACELET,C,Dilemme,10.0,84.5,8.45,8.45,,Non calculable,0.0,2011-01,Tester visibilité ou promotion courte,0.0
20821,GOLDIE LOOKING MIRROR,C,Dilemme,17.0,84.15,4.95,4.95,,Non calculable,0.7058823529411765,2011-05,Tester visibilité ou promotion courte,0.0
16169K,WRAP FOLK ART,C,Poids mort,200.0,84.0,0.42,0.42,,Non calculable,0.0,2011-01,"Déprioriser, solder ou sortir du catalogue",0.0
20941,FROG CANDLE,C,Poids mort,64.0,83.78,1.376,1.376,,Non calculable,0.03125,2011-02,"Déprioriser, solder ou sortir du catalogue",0.0
90072,RUBY DROP CHANDELIER EARRINGS,C,Dilemme,21.0,83.42,4.083571428571429,4.083571428571429,,Non calculable,0.0,2011-09,Tester visibilité ou promotion courte,0.0
90123C,GREEN HEART OF GLASS BRACELET,C,Poids mort,14.0,83.29,5.948333333333333,5.948333333333333,,Non calculable,0.0,2011-04,"Déprioriser, solder ou sortir du catalogue",0.0
84306,S/3 PINK SQUARE PLANTERS ROSES,C,Poids mort,10.0,83.22,8.325555555555555,8.325555555555555,,Non calculable,0.0,2011-03,"Déprioriser, solder ou sortir du catalogue",0.0
23442,12 HANGING EGGS HAND PAINTED,C,Poids mort,40.0,83.2,2.08,2.08,,Non calculable,0.0,2011-11,"Déprioriser, solder ou sortir du catalogue",0.0
90129A,PINK GLASS TASSLE BAG CHARM ,C,Poids mort,45.0,82.98,1.8370000000000002,1.8370000000000002,,Non calculable,0.0,2010-12,"Déprioriser, solder ou sortir du catalogue",0.0
21690,SILVER  CANDLEPOT JARDIN ,C,Poids mort,22.0,82.5,3.75,3.75,,Non calculable,0.0,2010-12,"Déprioriser, solder ou sortir du catalogue",0.0
35968,FOLK ART METAL HEART T-LIGHT HOLDER,C,Dilemme,163.0,82.10000000000001,0.43631578947368416,0.43631578947368416,,Non calculable,0.0,2011-06,Tester visibilité ou promotion courte,0.0
84228,HEN HOUSE WITH CHICK STANDING,C,Poids mort,186.0,82.045,0.5403703703703704,0.5403703703703704,,Non calculable,0.005376344086021506,2011-03,"Déprioriser, solder ou sortir du catalogue",0.0
90108,BLUE BLOSSOM HAIR CLIP,C,Poids mort,70.0,81.96000000000001,1.755,1.755,,Non calculable,0.14285714285714285,2011-04,"Déprioriser, solder ou sortir du catalogue",0.0
20664,TROPICAL HOLIDAY PURSE ,C,Dilemme,32.0,81.66,2.5416666666666665,2.5416666666666665,,Non calculable,0.0,2011-07,Tester visibilité ou promotion courte,0.0
84927E,FLOWERS TILE HOOK,C,Poids mort,59.0,80.16,1.907142857142857,1.907142857142857,,Non calculable,0.03389830508474576,2011-01,"Déprioriser, solder ou sortir du catalogue",0.0
51020A,SUMMER FUN DESIGN SHOWER CAP,C,Poids mort,199.0,79.78999999999999,0.5566666666666666,0.5566666666666666,,Non calculable,0.010050251256281407,2011-04,"Déprioriser, solder ou sortir du catalogue",0.0
90129C,GREEN GLASS TASSLE BAG CHARM,C,Dilemme,35.0,79.76,2.130625,2.130625,,Non calculable,0.0,2011-10,Tester visibilité ou promotion courte,0.0
90162B,ANT SILVER LIME GREEN BOUDICCA RING,C,Dilemme,27.0,79.65,2.95,2.95,,Non calculable,0.037037037037037035,2011-11,Tester visibilité ou promotion courte,0.0
35638B,PINK/BLUE STRING CURTAIN ,C,Poids mort,37.5,79.625,3.25,3.25,,Non calculable,0.0,2011-08,"Déprioriser, solder ou sortir du catalogue",0.0
35637C,PINK STRING CURTAIN WITH POLE,C,Dilemme,30.0,79.5,3.8388888888888886,3.8388888888888886,,Non calculable,0.0,2011-09,Tester visibilité ou promotion courte,0.0
75172,PAINTED SEA SHELL METAL WINDCHIME,C,Dilemme,85.5,79.385,1.53,1.53,,Non calculable,0.0,2011-06,Tester visibilité ou promotion courte,0.0
84984B,RED PEONY CUSHION COVER ,C,Dilemme,17.0,79.05,4.65,4.65,,Non calculable,0.0,2011-11,Tester visibilité ou promotion courte,0.0
21278,VINTAGE KITCHEN PRINT PUDDINGS,C,Poids mort,31.0,79.05,2.55,2.55,,Non calculable,0.0,2011-01,"Déprioriser, solder ou sortir du catalogue",0.0
72811,SMALL ZINC/GLASS CANDLEHOLDER,C,Dilemme,53.0,78.92999999999999,1.8175,1.8175,,Non calculable,0.0,2011-11,Tester visibilité ou promotion courte,0.0
90039D,FIRE POLISHED GLASS BRACELET GREEN,C,Poids mort,21.0,78.69,3.743333333333333,3.743333333333333,,Non calculable,0.0,2011-05,"Déprioriser, solder ou sortir du catalogue",0.0
16259,PIECE OF CAMO STATIONERY SET,C,Dilemme,794.5,78.38,0.0967741935483871,0.0967741935483871,,Non calculable,0.13593455003146634,2011-07,Tester visibilité ou promotion courte,0.0
84881,BLUE WIRE SPIRAL CANDLE HOLDER,C,Poids mort,12.0,78.3,6.699999999999999,6.699999999999999,,Non calculable,0.08333333333333333,2010-12,"Déprioriser, solder ou sortir du catalogue",0.0
90000A,RASPBERRY ANT COPPER FLOWER NECKLAC,C,Dilemme,13.0,77.91,6.0200000000000005,6.0200000000000005,,Non calculable,0.0,2011-06,Tester visibilité ou promotion courte,0.0
84249A,"GREETING CARD,SQUARE, DOUGHNUTS",C,Poids mort,166.5,77.31,0.6629629629629629,0.6629629629629629,,Non calculable,0.0,2011-03,"Déprioriser, solder ou sortir du catalogue",0.0
90129E,PURPLE GLASS TASSLE BAG CHARM,C,Poids mort,42.0,77.03999999999999,1.7328571428571427,1.7328571428571427,,Non calculable,0.0,2010-12,"Déprioriser, solder ou sortir du catalogue",0.0
20980,36 PENCILS TUBE POSY,C,Dilemme,79.0,76.91,1.061,1.061,,Non calculable,0.11392405063291139,2011-06,Tester visibilité ou promotion courte,0.0
84531A,PINK KNITTED EGG COSY,C,Poids mort,147.0,76.69,0.6940000000000001,0.6940000000000001,,Non calculable,0.0,2011-03,"Déprioriser, solder ou sortir du catalogue",0.0
35916B,BLUE FELT HANGING HEART WITH FLOWER,C,Dilemme,91.0,76.67999999999999,0.7628125,0.7628125,,Non calculable,0.0,2011-01,Tester visibilité ou promotion courte,0.0
21370,MIRRORED WALL ART FOXY,C,Dilemme,16.0,76.6,4.438888888888888,4.438888888888888,,Non calculable,0.0,2011-11,Tester visibilité ou promotion courte,0.0
46000P,POLYESTER FILLER PAD 65CMx65CM,C,Dilemme,18.0,76.5,4.25,4.25,,Non calculable,0.0,2011-09,Tester visibilité ou promotion courte,0.0
85230F,JASMINE VOTIVE CANDLE,C,Poids mort,279.5,76.49499999999999,0.27666666666666667,0.27666666666666667,,Non calculable,0.0,2010-12,"Déprioriser, solder ou sortir du catalogue",0.0
90099,NECKLACE+BRACELET SET BLUE HIBISCUS,C,Poids mort,27.0,76.38,2.8637499999999996,2.8637499999999996,,Non calculable,0.0,2011-11,"Déprioriser, solder ou sortir du catalogue",0.0
17096,ASSORTED LAQUERED INCENSE HOLDERS,C,Poids mort,350.5,76.315,0.3025,0.3025,,Non calculable,0.0,2011-01,"Déprioriser, solder ou sortir du catalogue",0.0
90177C,DROP DIAMANTE EARRINGS CRYSTAL,C,Dilemme,26.0,76.23,2.9235714285714285,2.9235714285714285,,Non calculable,0.23076923076923078,2011-06,Vérifier qualité / description avant promotion,0.0
16207B,PINK HEART RED HANDBAG,C,Dilemme,29.0,76.14,2.6994444444444445,2.6994444444444445,,Non calculable,0.0,2011-06,Tester visibilité ou promotion courte,0.0
90175C,BLUE GLASS CHUNKY CHARM BRACELET,C,Poids mort,9.0,76.05,8.45,8.45,,Non calculable,0.0,2011-05,"Déprioriser, solder ou sortir du catalogue",0.0
21226,POCKET MIRROR WOODLAND,C,Dilemme,87.5,75.985,0.914,0.914,,Non calculable,0.0,2011-07,Tester visibilité ou promotion courte,0.0
90063B,BLACK VINT ART DEC CRYSTAL NECKLACE,C,Dilemme,9.0,75.91999999999999,8.428333333333333,8.428333333333333,,Non calculable,0.0,2011-11,Tester visibilité ou promotion courte,0.0
90058A,CRYSTAL STUD EARRINGS CLEAR DISPLAY,C,Dilemme,199.5,75.81,0.38,0.38,,Non calculable,0.18045112781954886,2011-11,Tester visibilité ou promotion courte,0.0
20798,CLEAR MILKSHAKE GLASS,C,Poids mort,36.0,75.60000000000001,2.1,2.1,,Non calculable,0.1111111111111111,2010-12,"Déprioriser, solder ou sortir du catalogue",0.0
21946,PARTY TIME DESIGN FLANNEL,C,Dilemme,86.0,75.35,1.0136,1.0136,,Non calculable,0.0,2011-07,Tester visibilité ou promotion courte,0.0
21413,PERIWINKLE T-LIGHT HOLDER,C,Poids mort,48.0,75.02,1.7658823529411765,1.7658823529411765,,Non calculable,0.0,2011-01,"Déprioriser, solder ou sortir du catalogue",0.0
84847,FLORAL BATHROOM SET,C,Poids mort,20.0,75.0,3.75,3.75,,Non calculable,0.0,2011-07,"Déprioriser, solder ou sortir du catalogue",0.0
22039,BOTANICAL LILY GIFT WRAP,C,Dilemme,178.5,74.97,0.42,0.42,,Non calculable,0.1400560224089636,2011-09,Tester visibilité ou promotion courte,0.0
gift_0001_10,Dotcomgiftshop Gift Voucher £10.00,C,Dilemme,9.0,74.97,8.33,8.33,,Non calculable,0.0,2011-08,Tester visibilité ou promotion courte,0.0
84251G,"GREETING CARD, OVERCROWDED POOL.",C,Dilemme,270.0,74.7,0.4033962264150943,0.4033962264150943,,Non calculable,0.0,2011-07,Tester visibilité ou promotion courte,0.0
90118,PINK DAISY BAG CHARM,C,Dilemme,30.0,74.64,2.472631578947368,2.472631578947368,,Non calculable,0.2,2011-11,Vérifier qualité / description avant promotion,0.0
85132b,CHARLIE AND LOLA TABLE TINS,C,Poids mort,9.0,74.60999999999999,8.29,8.29,,Non calculable,0.0,2011-06,"Déprioriser, solder ou sortir du catalogue",0.0
85198,ASSORTED FARMYARD ANIMALS IN BUCKET,C,Poids mort,90.0,74.58,1.0866666666666667,1.0866666666666667,,Non calculable,0.0,2011-04,"Déprioriser, solder ou sortir du catalogue",0.0
21087,SET/6 POSIES PAPER CUPS,C,Poids mort,141.0,74.57000000000001,0.6025,0.6025,,Non calculable,0.0,2011-03,"Déprioriser, solder ou sortir du catalogue",0.0
44234,ASSORTED CIRCULAR MOBILE,C,Dilemme,250.5,74.535,0.4285294117647059,0.4285294117647059,,Non calculable,0.007984031936127744,2011-07,Tester visibilité ou promotion courte,0.0
90059A,DIAMANTE HAIR GRIP PACK/2 CRYSTAL,C,Dilemme,45.0,74.53,1.6588888888888889,1.6588888888888889,,Non calculable,0.13333333333333333,2011-11,Tester visibilité ou promotion courte,0.0
20869,GOLD FABRIC MIRROR,C,Dilemme,148.5,74.475,0.716,0.716,,Non calculable,0.0,2011-11,Tester visibilité ou promotion courte,0.0
90081A,LILY BROOCH AMETHYST COLOUR,C,Dilemme,15.0,74.25,4.95,4.95,,Non calculable,0.0,2010-12,Tester visibilité ou promotion courte,0.0
90086,CRYSTAL FROG PHONE CHARM,C,Dilemme,82.5,74.085,1.5003571428571427,1.5003571428571427,,Non calculable,0.0,2011-12,Tester visibilité ou promotion courte,0.0
84827,ASS DES PHONE SPONGE CRAFT STICKER,C,Poids mort,228.5,73.965,0.465,0.465,,Non calculable,0.0,2010-12,"Déprioriser, solder ou sortir du catalogue",0.0
90098,NECKLACE+BRACELET PINK BUTTERFLY,C,Dilemme,29.0,73.95,2.55,2.55,,Non calculable,0.20689655172413793,2011-10,Vérifier qualité / description avant promotion,0.0
90177D,DROP DIAMANTE EARRINGS PURPLE,C,Dilemme,25.0,73.53,2.934285714285714,2.934285714285714,,Non calculable,0.24,2011-09,Vérifier qualité / description avant promotion,0.0
75178,ASSTD COL BUTTERFLY/CRYSTAL W/CHIME,C,Poids mort,112.5,73.34,1.3415384615384613,1.3415384615384613,,Non calculable,0.0,2011-02,"Déprioriser, solder ou sortir du catalogue",0.0
35638A,PINK AND BLACK STRING CURTAIN,C,Dilemme,33.5,73.325,3.55,3.55,,Non calculable,0.0,2011-08,Tester visibilité ou promotion courte,0.0
47518F,ICON PLACEMAT POP ART ELVIS,C,Dilemme,486.5,72.78,0.14142857142857143,0.14142857142857143,,Non calculable,0.0,2011-01,Tester visibilité ou promotion courte,0.0
90214C,"LETTER ""C"" BLING KEY RING",C,Dilemme,91.0,72.77,0.8336363636363636,0.8336363636363636,,Non calculable,0.0,2011-07,Tester visibilité ou promotion courte,0.0
82615,PINK MARSHMALLOW SCARF KNITTING KIT,C,Poids mort,28.5,72.675,2.55,2.55,,Non calculable,0.0,2010-12,"Déprioriser, solder ou sortir du catalogue",0.0
90103,PURPLE FRANGIPANI NECKLACE,C,Dilemme,29.0,72.66,2.5,2.5,,Non calculable,0.0,2011-07,Tester visibilité ou promotion courte,0.0
84231,EASTER BUNNY WITH BASKET ON BACK,C,Poids mort,108.0,72.63,0.7271428571428571,0.7271428571428571,,Non calculable,0.0,2011-03,"Déprioriser, solder ou sortir du catalogue",0.0
20960,WATERMELON BATH SPONGE,C,Poids mort,29.0,72.49,2.4899999999999998,2.4899999999999998,,Non calculable,0.0,2010-12,"Déprioriser, solder ou sortir du catalogue",0.0
90030A,SPOTTED WHITE NATURAL SEED NECKLACE,C,Poids mort,72.0,72.0,1.0,1.0,,Non calculable,0.0,2011-09,"Déprioriser, solder ou sortir du catalogue",0.0
90036C,"FLOWER GLASS GARLAND NECKL.36""BLUE",C,Dilemme,9.0,71.4,7.92,7.92,,Non calculable,0.0,2011-05,Tester visibilité ou promotion courte,0.0
85197,SET OF 12 MINI BUNNIES IN A BUCKET,C,Poids mort,34.0,71.4,2.1,2.1,,Non calculable,0.0,2011-04,"Déprioriser, solder ou sortir du catalogue",0.0
20933,YELLOW POT PLANT CANDLE,C,Poids mort,23.0,71.05,3.127777777777778,3.127777777777778,,Non calculable,0.0,2011-04,"Déprioriser, solder ou sortir du catalogue",0.0
90214S,"LETTER ""S"" BLING KEY RING",C,Dilemme,94.0,71.0,0.8251219512195122,0.8251219512195122,,Non calculable,0.0,2011-11,Tester visibilité ou promotion courte,0.0
90211A,DIAMOND LAS VEGAS NECKLACE 45CM,C,Dilemme,12.0,70.97,5.91375,5.91375,,Non calculable,0.0,2011-11,Tester visibilité ou promotion courte,0.0
47589,CONGRATULATIONS BUNTING,C,Poids mort,13.0,70.85,5.45,5.45,,Non calculable,0.0,2011-05,"Déprioriser, solder ou sortir du catalogue",0.0
84251B,"GREETING CARD, STICKY GORDON",C,Poids mort,245.0,70.78,0.43150943396226416,0.43150943396226416,,Non calculable,0.04897959183673469,2011-01,"Déprioriser, solder ou sortir du catalogue",0.0
79337,BLUE FLOCK GLASS CANDLEHOLDER,C,Poids mort,146.0,70.72,0.634,0.634,,Non calculable,0.0410958904109589,2011-02,"Déprioriser, solder ou sortir du catalogue",0.0
84927A,WAKE UP COCKEREL TILE HOOK,C,Poids mort,50.0,70.45,2.0805555555555557,2.0805555555555557,,Non calculable,0.02,2011-01,"Déprioriser, solder ou sortir du catalogue",0.0
85026B,EAU DE NILE JEWELLED T-LIGHT HOLDER,C,Dilemme,79.0,70.27,0.9918181818181818,0.9918181818181818,,Non calculable,0.0,2011-10,Tester visibilité ou promotion courte,0.0
90051,CRACKED GLAZE NECKLACE RED,C,Poids mort,10.0,70.16,7.0442857142857145,7.0442857142857145,,Non calculable,0.0,2010-12,"Déprioriser, solder ou sortir du catalogue",0.0
16020C,CLEAR STATIONERY BOX SET ,C,Dilemme,84.0,69.89999999999999,0.8335294117647059,0.8335294117647059,,Non calculable,0.0,2011-06,Tester visibilité ou promotion courte,0.0
46126A,ELVIS WALLHANGING / CURTAIN,C,Poids mort,52.0,69.84,1.5525,1.5525,,Non calculable,0.0,2011-04,"Déprioriser, solder ou sortir du catalogue",0.0
90199A,5 STRAND GLASS NECKLACE BLACK,C,Poids mort,11.0,69.63,6.3133333333333335,6.3133333333333335,,Non calculable,0.0,2011-03,"Déprioriser, solder ou sortir du catalogue",0.0
84549,CROCHET WHITE RABBIT KEYRING ,C,Poids mort,38.0,69.38,2.5585714285714287,2.5585714285714287,,Non calculable,0.0,2011-06,"Déprioriser, solder ou sortir du catalogue",0.0
90019C,SILVER BLACK ORBIT BRACELET,C,Dilemme,13.0,68.73,5.307272727272728,5.307272727272728,,Non calculable,0.0,2010-12,Tester visibilité ou promotion courte,0.0
85188B,PINK METAL SWINGING BUNNY,C,Poids mort,78.0,68.69999999999999,1.009,1.009,,Non calculable,0.0,2011-01,"Déprioriser, solder ou sortir du catalogue",0.0
84422,PINK/BLUE DISC/MIRROR STRING,C,Poids mort,114.5,68.085,0.9513333333333333,0.9513333333333333,,Non calculable,0.4192139737991266,2011-06,Vérifier qualité / description avant promotion,0.0
90194,SILVER LARIAT BLACK STONE EARRINGS,C,Poids mort,16.0,67.87,4.237,4.237,,Non calculable,0.0,2011-10,"Déprioriser, solder ou sortir du catalogue",0.0
90000B,MIDNIGHT BLUE COPPER FLOWER NECKLAC,C,Dilemme,11.0,67.83,6.170000000000001,6.170000000000001,,Non calculable,0.0,2011-07,Tester visibilité ou promotion courte,0.0
90155,RESIN NECKLACE W PASTEL BEADS,C,Dilemme,9.0,67.62,7.517142857142857,7.517142857142857,,Non calculable,0.0,2011-01,Tester visibilité ou promotion courte,0.0
84968e,SET OF 16 VINTAGE BLACK CUTLERY,C,Dilemme,8.0,67.6,8.45,8.45,,Non calculable,0.0,2011-08,Tester visibilité ou promotion courte,0.0
90178A,AMBER CHUNKY GLASS+BEAD NECKLACE,C,Poids mort,8.0,67.6,8.45,8.45,,Non calculable,0.0,2010-12,"Déprioriser, solder ou sortir du catalogue",0.0
90151,SILVER/NATURAL SHELL NECKLACE,C,Poids mort,8.0,67.6,8.45,8.45,,Non calculable,0.0,2010-12,"Déprioriser, solder ou sortir du catalogue",0.0
90148,LONG SILVER NECKLACE PASTEL FLOWER,C,Poids mort,8.0,67.6,8.45,8.45,,Non calculable,0.125,2011-02,"Déprioriser, solder ou sortir du catalogue",0.0
90196A,PURPLE GEMSTONE NECKLACE 45CM,C,Poids mort,8.0,67.6,8.45,8.45,,Non calculable,0.0,2010-12,"Déprioriser, solder ou sortir du catalogue",0.0
90124A,PINK MURANO TWIST NECKLACE,C,Poids mort,8.0,67.6,8.45,8.45,,Non calculable,0.0,2011-10,"Déprioriser, solder ou sortir du catalogue",0.0
84874B,BLUE TRAVEL FIRST AID KIT,C,Dilemme,41.0,67.50999999999999,1.64,1.64,,Non calculable,0.0,2011-07,Tester visibilité ou promotion courte,0.0
85049B,LUSH GREENS RIBBONS,C,Poids mort,54.0,67.5,1.25,1.25,,Non calculable,0.0,2011-01,"Déprioriser, solder ou sortir du catalogue",0.0
82011A,"BATHROOM SCALES, TROPICAL BEACH",C,Poids mort,18.0,67.5,3.75,3.75,,Non calculable,0.0,2011-03,"Déprioriser, solder ou sortir du catalogue",0.0
35916A,YELLOW FELT HANGING HEART W FLOWER,C,Dilemme,87.0,67.39,0.7927586206896551,0.7927586206896551,,Non calculable,0.0,2011-07,Tester visibilité ou promotion courte,0.0
90144,SILVER DROP EARRINGS WITH FLOWER,C,Poids mort,18.0,67.36,3.7399999999999998,3.7399999999999998,,Non calculable,0.0,2011-05,"Déprioriser, solder ou sortir du catalogue",0.0
90024B,NEW BAROQUE B'FLY NECKLACE RED,C,Dilemme,8.0,67.08,8.363333333333333,8.363333333333333,,Non calculable,0.25,2011-08,Tester visibilité ou promotion courte,0.0
90040B,MURANO STYLE GLASS BRACELET BLACK,C,Poids mort,18.0,66.7,3.7318181818181815,3.7318181818181815,,Non calculable,0.0,2011-01,"Déprioriser, solder ou sortir du catalogue",0.0
85132a,CHARLIE + LOLA BISCUITS TINS,C,Poids mort,8.0,66.63999999999999,8.329999999999998,8.329999999999998,,Non calculable,0.0,2011-03,"Déprioriser, solder ou sortir du catalogue",0.0
84686,BEACH HUT MIRROR,C,Dilemme,49.0,66.39,2.9525,2.9525,,Non calculable,0.0,2011-07,Tester visibilité ou promotion courte,0.0
17011F,ORIGAMI SANDLEWOOD INCENSE+FLOWER,C,Poids mort,81.0,66.36,1.5728571428571427,1.5728571428571427,,Non calculable,0.0,2011-04,"Déprioriser, solder ou sortir du catalogue",0.0
37444A,YELLOW BREAKFAST CUP AND SAUCER,C,Poids mort,53.0,66.35000000000001,2.036666666666667,2.036666666666667,,Non calculable,0.0,2010-12,"Déprioriser, solder ou sortir du catalogue",0.0
16216,LETTER SHAPE PENCIL SHARPENER,C,Dilemme,756.0,66.34,0.15244444444444444,0.15244444444444444,,Non calculable,0.0,2011-04,Tester visibilité ou promotion courte,0.0
72807a,SET/3 ROSE CANDLE IN JEWELLED BOX,C,Dilemme,8.0,66.32,8.29,8.29,,Non calculable,0.0,2011-11,Tester visibilité ou promotion courte,0.0
20663,QUEEN OF THE SKIES HOLIDAY PURSE ,C,Poids mort,25.0,66.26,2.693,2.693,,Non calculable,0.0,2011-01,"Déprioriser, solder ou sortir du catalogue",0.0
37479B,CUBIC MUG FLOCK BLUE ON BROWN,C,Poids mort,99.5,65.80499999999999,1.572857142857143,1.572857142857143,,Non calculable,0.0,2011-06,"Déprioriser, solder ou sortir du catalogue",0.0
90214L,"LETTER ""L"" BLING KEY RING",C,Dilemme,94.0,65.03999999999999,0.8386486486486486,0.8386486486486486,,Non calculable,0.0,2011-07,Tester visibilité ou promotion courte,0.0
84247N,PACK/12 BLUE FOLKART CARDS,C,Dilemme,22.0,64.9,2.95,2.95,,Non calculable,0.0,2011-11,Tester visibilité ou promotion courte,0.0
84247K,"FOLK ART GREETING CARD,pack/12",C,Poids mort,22.0,64.9,2.95,2.95,,Non calculable,0.5,2011-02,Vérifier qualité / description avant promotion,0.0
84859B,BLUE DISCO HANDBAG,C,Dilemme,31.0,64.81,2.346363636363636,2.346363636363636,,Non calculable,0.0,2011-08,Tester visibilité ou promotion courte,0.0
90186B,CRYSTAL HOOP EARRING FLORAL LEAF,C,Dilemme,22.0,64.58,2.9320000000000004,2.9320000000000004,,Non calculable,0.0,2011-11,Tester visibilité ou promotion courte,0.0
90202D,PINK ENAMEL FLOWER HAIR TIE,C,Dilemme,22.0,64.46000000000001,2.9145454545454546,2.9145454545454546,,Non calculable,0.2727272727272727,2011-05,Vérifier qualité / description avant promotion,0.0
23447,PINK BUNNY EASTER EGG BASKET,C,Poids mort,42.5,64.42500000000001,1.5999999999999999,1.5999999999999999,,Non calculable,0.0,2011-12,"Déprioriser, solder ou sortir du catalogue",0.0
85008,SET OF 3 CONEY ISLAND OVAL BOXES,C,Poids mort,13.0,64.4,4.95625,4.95625,,Non calculable,0.0,2010-12,"Déprioriser, solder ou sortir du catalogue",0.0
90202A,PURPLE ENAMEL FLOWER HAIR TIE,C,Dilemme,22.0,64.28,2.9153333333333333,2.9153333333333333,,Non calculable,0.2727272727272727,2011-09,Vérifier qualité / description avant promotion,0.0
21031,SPACE CADET BLACK,C,Poids mort,52.0,64.24,1.2942105263157895,1.2942105263157895,,Non calculable,0.0,2010-12,"Déprioriser, solder ou sortir du catalogue",0.0
84535A,ENGLISH ROSE NOTEBOOK A6 SIZE,C,Poids mort,107.5,64.13,0.6776190476190477,0.6776190476190477,,Non calculable,0.0,2011-04,"Déprioriser, solder ou sortir du catalogue",0.0
90036F,"FLOWER GLASS GARLD NECKL36""TURQUOIS",C,Poids mort,8.0,64.08,8.046000000000001,8.046000000000001,,Non calculable,0.0,2011-03,"Déprioriser, solder ou sortir du catalogue",0.0
18007,ESSENTIAL BALM 3.5g TIN IN ENVELOPE,C,Poids mort,355.0,63.870000000000005,0.27483870967741936,0.27483870967741936,,Non calculable,0.0,2010-12,"Déprioriser, solder ou sortir du catalogue",0.0
21692,SILVER LATTICE VANILLA CANDLE POT,C,Poids mort,17.0,63.75,3.75,3.75,,Non calculable,0.0,2010-12,"Déprioriser, solder ou sortir du catalogue",0.0
84875D,BLUE SQUARE COMPACT MIRROR,C,Dilemme,51.0,63.75,1.25,1.25,,Non calculable,0.0,2011-08,Tester visibilité ou promotion courte,0.0
84673A,PINK FLY SWAT,C,Dilemme,92.0,63.72,0.7040909090909091,0.7040909090909091,,Non calculable,0.0,2011-07,Tester visibilité ou promotion courte,0.0
72133,COLUMBIAN CANDLE RECTANGLE,C,Dilemme,45.0,63.51,1.4635294117647057,1.4635294117647057,,Non calculable,0.0,2011-09,Tester visibilité ou promotion courte,0.0
84691,PACK 20 DOLLY PEGS,C,Poids mort,87.5,63.26,0.7525,0.7525,,Non calculable,0.0,2011-02,"Déprioriser, solder ou sortir du catalogue",0.0
20835,FRENCH LATTICE CUSHION COVER ,C,Dilemme,67.0,63.230000000000004,1.7825,1.7825,,Non calculable,0.0,2011-06,Tester visibilité ou promotion courte,0.0
62094B,TURQ ICE CREAM BUM BAG ,C,Poids mort,19.0,63.21,4.08125,4.08125,,Non calculable,0.0,2011-01,"Déprioriser, solder ou sortir du catalogue",0.0
90141A,GREEN PENDANT TRIPLE SHELL NECKLACE,C,Dilemme,12.0,63.11,5.321,5.321,,Non calculable,0.0,2011-07,Tester visibilité ou promotion courte,0.0
84452,METAL RABBIT LADDER EASTER ,C,Poids mort,74.0,62.9,0.85,0.85,,Non calculable,0.05405405405405406,2011-03,"Déprioriser, solder ou sortir du catalogue",0.0
23446,BLUE BUNNY EASTER EGG BASKET,C,Poids mort,41.5,62.775000000000006,1.5833333333333333,1.5833333333333333,,Non calculable,0.0,2011-12,"Déprioriser, solder ou sortir du catalogue",0.0
17012E,ORIGAMI OPIUM INCENSE/CANDLE SET ,C,Poids mort,44.0,62.64,2.3169999999999997,2.3169999999999997,,Non calculable,0.0,2010-12,"Déprioriser, solder ou sortir du catalogue",0.0
40046A,RED DAISY PAPER LAMPSHADE,C,Dilemme,50.0,62.5,1.25,1.25,,Non calculable,0.0,2011-06,Tester visibilité ou promotion courte,0.0
84760S,SMALL HANGING GLASS+ZINC LANTERN,C,Poids mort,43.0,62.349999999999994,1.45,1.45,,Non calculable,0.0,2011-01,"Déprioriser, solder ou sortir du catalogue",0.0
72351a,SET/6 TURQUOISE BUTTERFLY T-LIGHTS,C,Poids mort,15.0,62.269999999999996,4.1499999999999995,4.1499999999999995,,Non calculable,0.0,2010-12,"Déprioriser, solder ou sortir du catalogue",0.0
84247L,FAWN AND MUSHROOM GREETING CARD,C,Poids mort,128.0,62.06,0.6605263157894736,0.6605263157894736,,Non calculable,0.0,2011-01,"Déprioriser, solder ou sortir du catalogue",0.0
20848,ZINC HEART LATTICE CHARGER SMALL,C,Poids mort,21.0,61.95,2.95,2.95,,Non calculable,0.0,2010-12,"Déprioriser, solder ou sortir du catalogue",0.0
90210B,CLEAR ACRYLIC FACETED BANGLE,C,Dilemme,41.0,61.56,2.1514285714285717,2.1514285714285717,,Non calculable,0.0,2010-12,Tester visibilité ou promotion courte,0.0
17038,PORCELAIN BUDAH INCENSE HOLDER,C,Dilemme,462.5,61.245000000000005,0.42,0.42,,Non calculable,0.0,2011-10,Tester visibilité ou promotion courte,0.0
90183B,AMETHYST DROP EARRINGS W LONG BEADS,C,Dilemme,21.0,61.08,2.9105882352941173,2.9105882352941173,,Non calculable,0.0,2011-07,Tester visibilité ou promotion courte,0.0
21655,HANGING RIDGE GLASS T-LIGHT HOLDER,C,Poids mort,36.0,60.84,1.69,1.69,,Non calculable,1.0,2011-02,Vérifier qualité / description avant promotion,0.0
90214K,"LETTER ""K"" BLING KEY RING",C,Dilemme,78.0,60.699999999999996,0.8915789473684211,0.8915789473684211,,Non calculable,0.0,2011-01,Tester visibilité ou promotion courte,0.0
84984D,ORIENTAL RED CUSHION COVER ,C,Poids mort,13.0,60.45,4.65,4.65,,Non calculable,0.0,2011-11,"Déprioriser, solder ou sortir du catalogue",0.0
71496A,A4 WALL TIDY BLUE OFFICE,C,Poids mort,88.0,60.29,1.0875000000000001,1.0875000000000001,,Non calculable,0.0,2011-04,"Déprioriser, solder ou sortir du catalogue",0.0
84805A,CREAM CLIMBING HYDRANGA ART FLOWER,C,Dilemme,32.0,60.0,2.5,2.5,,Non calculable,0.0,2011-12,Tester visibilité ou promotion courte,0.0
90031,BILI NUT AND WOOD NECKLACE,C,Dilemme,50.0,59.89,2.412857142857143,2.412857142857143,,Non calculable,0.0,2011-09,Tester visibilité ou promotion courte,0.0
22145,CHRISTMAS CRAFT HEART STOCKING ,C,Poids mort,28.5,59.85,2.1,2.1,,Non calculable,0.0,2010-12,"Déprioriser, solder ou sortir du catalogue",0.0
90206A,GOLD DIAMANTE STAR BROOCH,C,Dilemme,12.0,59.800000000000004,4.9944444444444445,4.9944444444444445,,Non calculable,0.0,2011-06,Tester visibilité ou promotion courte,0.0
23629,SET 10 CARDS DRESSING UP 17077,C,Poids mort,24.0,59.760000000000005,2.49,2.49,,Non calculable,0.0,2011-11,"Déprioriser, solder ou sortir du catalogue",0.0
84985A,SET OF 72 GREEN PAPER DOILIES,C,Poids mort,41.0,59.449999999999996,1.45,1.45,,Non calculable,0.12195121951219512,2011-01,"Déprioriser, solder ou sortir du catalogue",0.0
21910,WAY OUT METAL SIGN ,C,Poids mort,36.0,59.400000000000006,1.65,1.65,,Non calculable,0.0,2011-02,"Déprioriser, solder ou sortir du catalogue",0.0
23843,"PAPER CRAFT , LITTLE BIRDIE",C,Poids mort,28.5,59.28,2.08,2.08,,Non calculable,2841.9298245614036,2011-12,Vérifier qualité / description avant promotion,0.0
85067,CREAM SWEETHEART WALL CABINET,C,Poids mort,7.0,59.15,8.45,8.45,,Non calculable,0.0,2010-12,"Déprioriser, solder ou sortir du catalogue",0.0
90181A,AMBER GLASS/SHELL/PEARL NECKLACE,C,Dilemme,7.0,59.14999999999999,8.45,8.45,,Non calculable,0.0,2011-11,Tester visibilité ou promotion courte,0.0
gift_0001_30,Dotcomgiftshop Gift Voucher £30.00,C,Poids mort,7.0,59.14999999999999,8.45,8.45,,Non calculable,0.0,2011-02,"Déprioriser, solder ou sortir du catalogue",0.0
79071B,ENGLISH ROSE METAL WASTE BIN,C,Poids mort,20.0,59.0,2.95,2.95,,Non calculable,0.0,2011-03,"Déprioriser, solder ou sortir du catalogue",0.0
90202C,GREEN ENAMEL FLOWER HAIR TIE,C,Dilemme,20.0,58.71,2.932857142857143,2.932857142857143,,Non calculable,0.3,2011-09,Vérifier qualité / description avant promotion,0.0
20760,GARDEN PATH POCKET BOOK,C,Dilemme,69.0,58.65,0.85,0.85,,Non calculable,0.0,2011-11,Tester visibilité ou promotion courte,0.0
84798A,PINK FOXGLOVE ARTIIFCIAL FLOWER,C,Poids mort,23.0,58.64999999999999,2.55,2.55,,Non calculable,0.5217391304347826,2011-06,Vérifier qualité / description avant promotion,0.0
90190C,SILVER/AMETHYST DROP EARRINGS LEAF,C,Dilemme,20.0,58.43,2.92,2.92,,Non calculable,0.0,2011-11,Tester visibilité ou promotion courte,0.0
35819P,"ACRYLIC HANGING JEWEL,PINK",C,Poids mort,88.5,58.425,0.5042857142857143,0.5042857142857143,,Non calculable,0.0,2011-09,"Déprioriser, solder ou sortir du catalogue",0.0
84877A,PINK ROUND COMPACT MIRROR,C,Poids mort,40.0,58.16,2.27,2.27,,Non calculable,0.0,2011-05,"Déprioriser, solder ou sortir du catalogue",0.0
72802a,ROSE SCENT CANDLE IN JEWELLED BOX,C,Poids mort,7.0,58.03,8.29,8.29,,Non calculable,0.0,2011-07,"Déprioriser, solder ou sortir du catalogue",0.0
90082D,DIAMANTE BOW BROOCH BLACK COLOUR,C,Poids mort,9.0,58.03,6.438,6.438,,Non calculable,0.0,2010-12,"Déprioriser, solder ou sortir du catalogue",0.0
71406C,BLACK ORANGE SQUEEZER,C,Dilemme,138.0,57.96,0.42000000000000004,0.42000000000000004,,Non calculable,0.0,2011-09,Tester visibilité ou promotion courte,0.0
72051S,BAG OF SILVER STONES,C,Poids mort,90.0,57.765,0.6746153846153846,0.6746153846153846,,Non calculable,0.0,2011-01,"Déprioriser, solder ou sortir du catalogue",0.0
90087,CRYSTAL SEA HORSE PHONE CHARM,C,Dilemme,87.5,57.754999999999995,1.4872,1.4872,,Non calculable,0.0,2011-10,Tester visibilité ou promotion courte,0.0
90210A,GREY ACRYLIC FACETED BANGLE,C,Poids mort,34.0,57.55,2.415,2.415,,Non calculable,0.0,2010-12,"Déprioriser, solder ou sortir du catalogue",0.0
84466,TOP SECRET PEN SET,C,Poids mort,46.0,57.5,1.25,1.25,,Non calculable,0.0,2011-05,"Déprioriser, solder ou sortir du catalogue",0.0
84597C,RETRO PINK BALL ASHTRAY ,C,Poids mort,46.0,57.5,1.25,1.25,,Non calculable,0.0,2011-04,"Déprioriser, solder ou sortir du catalogue",0.0
72801G,4 BURGUNDY WINE DINNER CANDLES,C,Dilemme,45.0,57.46,1.343076923076923,1.343076923076923,,Non calculable,0.0,2011-08,Tester visibilité ou promotion courte,0.0
85006,SET 4 NURSERY DES ROUND BOXES,C,Poids mort,55.0,57.25,1.55,1.55,,Non calculable,0.0,2011-04,"Déprioriser, solder ou sortir du catalogue",0.0
90214J,"LETTER ""J"" BLING KEY RING",C,Dilemme,71.0,57.21,0.8602439024390243,0.8602439024390243,,Non calculable,0.0,2010-12,Tester visibilité ou promotion courte,0.0
21460,GREEN EASTER EGG HUNT START POST,C,Poids mort,28.0,56.779999999999994,2.148181818181818,2.148181818181818,,Non calculable,0.0,2011-03,"Déprioriser, solder ou sortir du catalogue",0.0
90199B,5 STRAND GLASS NECKLACE AMETHYST,C,Dilemme,9.0,56.59,6.28,6.28,,Non calculable,0.0,2011-11,Tester visibilité ou promotion courte,0.0
44236,PINK/PURPLE CIRCLE CURTAIN,C,Dilemme,52.0,56.52,1.3414285714285714,1.3414285714285714,,Non calculable,0.0,2011-07,Tester visibilité ou promotion courte,0.0
16161G,WRAP BAD HAIR DAY,C,Dilemme,564.0,56.4,0.1,0.1,,Non calculable,0.0,2011-11,Tester visibilité ou promotion courte,0.0
90003B,ROSE COLOUR PAIR HEART HAIR SLIDES,C,Dilemme,15.0,56.31,3.7600000000000002,3.7600000000000002,,Non calculable,0.26666666666666666,2011-09,Tester visibilité ou promotion courte,0.0
47341B,BLUE TABLE RUN FLOWER,C,Poids mort,45.0,56.25,1.25,1.25,,Non calculable,0.0,2011-05,"Déprioriser, solder ou sortir du catalogue",0.0
90038A,GLASS AND PAINTED BEADS BRACELET TO,C,Dilemme,15.0,56.15,3.7399999999999998,3.7399999999999998,,Non calculable,0.0,2011-09,Tester visibilité ou promotion courte,0.0
90050,CRACKED GLAZE NECKLACE IVORY,C,Poids mort,8.0,55.72,6.98,6.98,,Non calculable,0.25,2011-05,"Déprioriser, solder ou sortir du catalogue",0.0
16052,TEATIME PUSH DOWN RUBBER,C,Poids mort,165.0,55.64,0.5892307692307692,0.5892307692307692,,Non calculable,0.0,2011-05,"Déprioriser, solder ou sortir du catalogue",0.0
16046,TEATIME PEN CASE & PENS,C,Dilemme,65.0,55.24999999999999,0.85,0.85,,Non calculable,0.0,2011-08,Tester visibilité ou promotion courte,0.0
90023,FILIGREE DIAMANTE EARRINGS,C,Poids mort,13.0,55.02,4.224444444444445,4.224444444444445,,Non calculable,0.0,2011-05,"Déprioriser, solder ou sortir du catalogue",0.0
84750B,BLACK SMALL GLASS CAKE STAND,C,Poids mort,61.0,54.99,1.17,1.17,,Non calculable,0.01639344262295082,2011-03,"Déprioriser, solder ou sortir du catalogue",0.0
44235,ASSORTED COLOURED CIRCLE MOBILE ,C,Dilemme,134.5,54.78,0.41600000000000004,0.41600000000000004,,Non calculable,0.0,2011-08,Tester visibilité ou promotion courte,0.0
90071,RUBY GLASS CLUSTER EARRINGS,C,Poids mort,44.0,54.62,1.2387878787878788,1.2387878787878788,,Non calculable,0.0,2011-01,"Déprioriser, solder ou sortir du catalogue",0.0
72132,COLUMBIAN CUBE CANDLE,C,Poids mort,28.0,54.599999999999994,1.95,1.95,,Non calculable,0.0,2010-12,"Déprioriser, solder ou sortir du catalogue",0.0
21336,GOLD WASHBAG,C,Poids mort,27.0,54.57,2.026,2.026,,Non calculable,0.0,2011-05,"Déprioriser, solder ou sortir du catalogue",0.0
85160B,BLACK BIRD GARDEN DESIGN MUG,C,Dilemme,106.0,54.559999999999995,0.9147058823529411,0.9147058823529411,,Non calculable,0.018867924528301886,2011-01,Tester visibilité ou promotion courte,0.0
90040C,MURANO STYLE GLASS BRACELET GOLD,C,Dilemme,15.0,54.42,3.6689999999999996,3.6689999999999996,,Non calculable,0.0,2011-11,Tester visibilité ou promotion courte,0.0
20759,CHRYSANTHEMUM POCKET BOOK ,C,Dilemme,64.0,54.4,0.85,0.85,,Non calculable,0.0,2011-11,Tester visibilité ou promotion courte,0.0
90040A,MURANO STYLE GLASS BRACELET RED,C,Poids mort,14.0,54.29,3.908,3.908,,Non calculable,0.0,2011-01,"Déprioriser, solder ou sortir du catalogue",0.0
20793,BLUE TILED TRAY,C,Poids mort,8.0,54.0,6.75,6.75,,Non calculable,0.625,2011-02,"Déprioriser, solder ou sortir du catalogue",0.0
79323B,BLACK CHERRY LIGHTS,C,Poids mort,8.0,54.0,6.75,6.75,,Non calculable,1.0,2011-02,"Déprioriser, solder ou sortir du catalogue",0.0
84251C,"GREETING CARD, TWO SISTERS.",C,Poids mort,127.0,53.879999999999995,0.5189999999999999,0.5189999999999999,,Non calculable,0.0,2011-01,"Déprioriser, solder ou sortir du catalogue",0.0
51020B,STRIPY DESIGN SHOWER CAP,C,Poids mort,138.5,53.605,0.6739999999999999,0.6739999999999999,,Non calculable,0.007220216606498195,2011-04,"Déprioriser, solder ou sortir du catalogue",0.0
20851,ZINC HEART LATTICE TRAY OVAL ,C,Poids mort,9.0,53.550000000000004,5.95,5.95,,Non calculable,0.0,2011-04,"Déprioriser, solder ou sortir du catalogue",0.0
20756,GREEN FERN POCKET BOOK,C,Dilemme,63.0,53.55,0.85,0.85,,Non calculable,0.0,2011-10,Tester visibilité ou promotion courte,0.0
47586A,PINK FAIRY CAKE CUSHION COVER,C,Dilemme,21.0,53.55,2.55,2.55,,Non calculable,0.0,2011-11,Tester visibilité ou promotion courte,0.0
90123B,TURQUOISE HEART OF GLASS BRACELET,C,Poids mort,9.0,53.42,5.924,5.924,,Non calculable,0.0,2011-08,"Déprioriser, solder ou sortir du catalogue",0.0
90125C,TURQUOISE BERTIE GLASS BEAD CHARM,C,Poids mort,57.5,53.275,1.4785714285714284,1.4785714285714284,,Non calculable,0.0,2011-01,"Déprioriser, solder ou sortir du catalogue",0.0
90211B,JET BLACK LAS VEGAS NECKLACE 45CM,C,Poids mort,9.0,53.260000000000005,5.903333333333333,5.903333333333333,,Non calculable,0.2222222222222222,2010-12,"Déprioriser, solder ou sortir du catalogue",0.0
90214E,"LETTER ""E"" BLING KEY RING",C,Dilemme,72.0,53.199999999999996,0.8506666666666667,0.8506666666666667,,Non calculable,0.0,2011-07,Tester visibilité ou promotion courte,0.0
20857,BLUE ROSE PATCH PURSE PINK BUTTERFL,C,Poids mort,32.0,52.8,1.65,1.65,,Non calculable,0.46875,2011-01,Vérifier qualité / description avant promotion,0.0
90163B,WHITE ROSEBUD & PEARL NECKLACE,C,Poids mort,7.0,52.72,7.516,7.516,,Non calculable,0.0,2011-01,"Déprioriser, solder ou sortir du catalogue",0.0
90168,2 DAISIES HAIR COMB,C,Dilemme,18.0,52.56,2.9091666666666662,2.9091666666666662,,Non calculable,0.3333333333333333,2011-09,Tester visibilité ou promotion courte,0.0
84805B,BLUE CLIMBING HYDRANGA ART FLOWER,C,Poids mort,38.0,52.5,2.0833333333333335,2.0833333333333335,,Non calculable,0.0,2011-12,"Déprioriser, solder ou sortir du catalogue",0.0
90176D,DIAMANTE NECKLACE PURPLE,C,Poids mort,7.0,52.5,7.5,7.5,,Non calculable,0.14285714285714285,2011-06,"Déprioriser, solder ou sortir du catalogue",0.0
84842,HELLO SAILOR BATHROOM SET,C,Dilemme,14.0,52.5,3.75,3.75,,Non calculable,0.0,2011-07,Tester visibilité ou promotion courte,0.0
90138,WHITE/PINK MINI CRYSTALS NECKLACE,C,Poids mort,10.0,52.42,5.367142857142857,5.367142857142857,,Non calculable,0.0,2011-04,"Déprioriser, solder ou sortir du catalogue",0.0
90141C,TURQ PENDANT TRIPLE SHELL NECKLACE,C,Dilemme,10.0,52.31,5.3012500000000005,5.3012500000000005,,Non calculable,0.0,2011-11,Tester visibilité ou promotion courte,0.0
35265,COLOURFUL FLOWER FRUIT BOWL,C,Poids mort,17.0,52.2,2.2875,2.2875,,Non calculable,0.0,2011-01,"Déprioriser, solder ou sortir du catalogue",0.0
84927D,LA PALMIERA TILE HOOK,C,Poids mort,47.0,51.86,1.5635714285714286,1.5635714285714286,,Non calculable,0.0425531914893617,2011-01,"Déprioriser, solder ou sortir du catalogue",0.0
81952V,ROUND PURPLE CLOCK WITH SUCKER,C,Poids mort,272.0,51.68,0.19,0.19,,Non calculable,0.0,2011-07,"Déprioriser, solder ou sortir du catalogue",0.0
85028S,FRENCH CHATEAU SMALL FRUITBOWL,C,Poids mort,24.0,51.599999999999994,2.025,2.025,,Non calculable,0.0,2011-03,"Déprioriser, solder ou sortir du catalogue",0.0
90205A,LARGE MINT DIAMANTE HAIRSLIDE,C,Dilemme,31.0,51.51,1.6624999999999999,1.6624999999999999,,Non calculable,0.0,2011-08,Tester visibilité ou promotion courte,0.0
84597B,RETRO BROWN BALL ASHTRAY ,C,Poids mort,41.0,51.25,1.25,1.25,,Non calculable,0.0,2011-02,"Déprioriser, solder ou sortir du catalogue",0.0
20910,VINTAGE PHOTO ALBUM PARIS DAYS,C,Poids mort,8.0,50.8,6.349999999999999,6.349999999999999,,Non calculable,0.0,2010-12,"Déprioriser, solder ou sortir du catalogue",0.0
84534B,FAIRY CAKE NOTEBOOK A5 SIZE,C,Poids mort,53.0,50.72,1.255,1.255,,Non calculable,0.0,2010-12,"Déprioriser, solder ou sortir du catalogue",0.0
84840,SWEETHEART CARRY-ALL BASKET,C,Poids mort,6.0,50.699999999999996,8.45,8.45,,Non calculable,0.3333333333333333,2010-12,"Déprioriser, solder ou sortir du catalogue",0.0
84632,DECORATIVE HANGING SHELVING UNIT,C,Poids mort,6.0,50.699999999999996,8.45,8.45,,Non calculable,0.16666666666666666,2011-03,"Déprioriser, solder ou sortir du catalogue",0.0
21763,VINTAGE WOODEN BAR STOOL,C,Poids mort,6.0,50.699999999999996,8.45,8.45,,Non calculable,0.0,2011-05,"Déprioriser, solder ou sortir du catalogue",0.0
90018C,SILVER BLACK ORBIT DROP EARRINGS,C,Dilemme,12.0,50.400000000000006,4.183333333333334,4.183333333333334,,Non calculable,0.08333333333333333,2011-09,Tester visibilité ou promotion courte,0.0
17007B,S/3 POT POURI CUSHIONS BLUE COLOURS,C,Poids mort,24.0,50.400000000000006,2.1,2.1,,Non calculable,0.0,2010-12,"Déprioriser, solder ou sortir du catalogue",0.0
47348A,FUSCHIA VOILE POINTY SHOE DEC,C,Dilemme,97.0,50.31,0.702,0.702,,Non calculable,0.0,2011-06,Tester visibilité ou promotion courte,0.0
44242B,PINK FEATHERS CURTAIN,C,Poids mort,52.0,50.28,0.9433333333333334,0.9433333333333334,,Non calculable,0.0,2011-09,"Déprioriser, solder ou sortir du catalogue",0.0
90214D,"LETTER ""D"" BLING KEY RING",C,Dilemme,68.0,49.9,0.865625,0.865625,,Non calculable,0.0,2011-07,Tester visibilité ou promotion courte,0.0
90214M,"LETTER ""M"" BLING KEY RING",C,Poids mort,60.0,49.82,0.8742857142857143,0.8742857142857143,,Non calculable,0.0,2010-12,"Déprioriser, solder ou sortir du catalogue",0.0
23603,SET 10 CARD KRAFT REINDEER 17084,C,Poids mort,20.0,49.800000000000004,2.4899999999999998,2.4899999999999998,,Non calculable,0.0,2011-11,"Déprioriser, solder ou sortir du catalogue",0.0
90079,VINTAGE ENAMEL & CRYSTAL NECKLACE,C,Dilemme,10.0,49.760000000000005,4.9925,4.9925,,Non calculable,0.0,2011-07,Tester visibilité ou promotion courte,0.0
20667,CHERRY BLOSSOM PURSE,C,Dilemme,20.0,49.69,2.490625,2.490625,,Non calculable,0.0,2011-06,Tester visibilité ou promotion courte,0.0
90202B,WHITE ENAMEL FLOWER HAIR TIE,C,Dilemme,17.0,49.65,2.91,2.91,,Non calculable,0.35294117647058826,2011-09,Tester visibilité ou promotion courte,0.0
90142D,MOP PENDANT SHELL NECKLACE,C,Poids mort,10.0,49.64,4.985,4.985,,Non calculable,0.0,2011-04,"Déprioriser, solder ou sortir du catalogue",0.0
90157,RIVIERA NECKLACE,C,Dilemme,10.0,49.59,4.968000000000001,4.968000000000001,,Non calculable,0.0,2011-11,Tester visibilité ou promotion courte,0.0
21089,SET/6 GREEN SPRING PAPER CUPS,C,Poids mort,233.0,48.989999999999995,0.2844,0.2844,,Non calculable,0.0,2011-05,"Déprioriser, solder ou sortir du catalogue",0.0
90012A,MIDNIGHT BLUE DROP CRYSTAL NECKLACE,C,Poids mort,11.0,48.95,6.25,6.25,,Non calculable,0.0,2011-10,"Déprioriser, solder ou sortir du catalogue",0.0
90038B,GLASS AND PAINTED BEADS BRACELET OL,C,Poids mort,13.0,48.77,3.7525,3.7525,,Non calculable,0.0,2011-03,"Déprioriser, solder ou sortir du catalogue",0.0
84497,BUTTONS AND STRIPES NOTEBOOK ,C,Poids mort,13.0,48.75,3.75,3.75,,Non calculable,0.0,2011-01,"Déprioriser, solder ou sortir du catalogue",0.0
90002D,FLOWER BURST SILVER RING CRYSTAL,C,Poids mort,13.0,48.71,3.7455555555555557,3.7455555555555557,,Non calculable,0.0,2010-12,"Déprioriser, solder ou sortir du catalogue",0.0
20697,LITTLE GREEN MONSTER SOFT TOY,C,Dilemme,19.0,48.449999999999996,2.55,2.55,,Non calculable,0.0,2011-09,Tester visibilité ou promotion courte,0.0
21720,CAKE SHOP  STICKER SHEET,C,Dilemme,57.0,48.449999999999996,0.85,0.85,,Non calculable,0.0,2011-06,Tester visibilité ou promotion courte,0.0
84559a,3D SHEET OF DOG STICKERS,C,Poids mort,29.0,48.379999999999995,1.6695454545454544,1.6695454545454544,,Non calculable,0.0,2011-06,"Déprioriser, solder ou sortir du catalogue",0.0
84510E,SET OF 4 GREEN CAROUSEL COASTERS,C,Dilemme,34.0,48.29,1.655625,1.655625,,Non calculable,0.0,2011-11,Tester visibilité ou promotion courte,0.0
90205C,LARGE CRYSTAL DIAMANTE HAIRSLIDE,C,Dilemme,29.0,48.209999999999994,1.6553333333333333,1.6553333333333333,,Non calculable,0.0,2011-01,Tester visibilité ou promotion courte,0.0
84402B,PURPLE DRESS JEWELLERY STAND,C,Poids mort,61.0,48.19,0.79,0.79,,Non calculable,0.0,2011-07,"Déprioriser, solder ou sortir du catalogue",0.0
90125B,AQUA BERTIE GLASS BEAD BAG CHARM,C,Poids mort,30.0,48.06,2.0741666666666667,2.0741666666666667,,Non calculable,0.0,2011-01,"Déprioriser, solder ou sortir du catalogue",0.0
21816,CHRISTMAS TREE T-LIGHT HOLDER,C,Dilemme,33.0,47.849999999999994,1.45,1.45,,Non calculable,0.0,2011-10,Tester visibilité ou promotion courte,0.0
90169,DAISY HAIR COMB,C,Dilemme,19.0,47.84,2.502727272727273,2.502727272727273,,Non calculable,0.3157894736842105,2011-09,Tester visibilité ou promotion courte,0.0
90036A,FLOWER GARLAND NECKLACE RED,C,Dilemme,6.0,47.7,7.95,7.95,,Non calculable,0.0,2011-06,Tester visibilité ou promotion courte,0.0
90165B,WHITE ROSEBUD  PEARL EARRINGS,C,Dilemme,19.0,47.43,2.493888888888889,2.493888888888889,,Non calculable,0.0,2011-01,Tester visibilité ou promotion courte,0.0
72134,COLUMBIAN  CUBE CANDLE ,C,Dilemme,78.0,47.28,0.9872727272727272,0.9872727272727272,,Non calculable,0.0,2011-10,Tester visibilité ou promotion courte,0.0
90065A,WHITE VINTAGE CRYSTAL BRACELET,C,Poids mort,7.0,47.25,6.75,6.75,,Non calculable,0.0,2011-06,"Déprioriser, solder ou sortir du catalogue",0.0
84706F,RED PEONY TABLE CLOCK,C,Poids mort,16.0,47.2,2.95,2.95,,Non calculable,0.0,2011-09,"Déprioriser, solder ou sortir du catalogue",0.0
84086B,YELLOW/BLUE RETRO RADIO,C,Dilemme,16.0,47.2,2.95,2.95,,Non calculable,0.0625,2011-11,Tester visibilité ou promotion courte,0.0
84715,SET OF 6 ICE CREAM SKITTLES,C,Poids mort,16.0,47.2,2.9500000000000006,2.9500000000000006,,Non calculable,0.0,2011-01,"Déprioriser, solder ou sortir du catalogue",0.0
84750A,PINK SMALL GLASS CAKE STAND,C,Poids mort,24.0,46.8,1.95,1.95,,Non calculable,1.125,2011-03,Vérifier qualité / description avant promotion,0.0
84857B,BLUE MONTE CARLO HANDBAG,C,Poids mort,24.0,46.8,1.95,1.95,,Non calculable,0.08333333333333333,2011-07,"Déprioriser, solder ou sortir du catalogue",0.0
90190A,SILVER/CRYSTAL DROP EARRINGS W LEAF,C,Dilemme,16.0,46.76,2.911,2.911,,Non calculable,0.0,2011-06,Tester visibilité ou promotion courte,0.0
21392,RED POLKADOT PUDDING BOWL,C,Poids mort,34.0,46.39,1.7125000000000001,1.7125000000000001,,Non calculable,0.0,2010-12,"Déprioriser, solder ou sortir du catalogue",0.0
84801B,WHITE HYDRANGEA ART FLOWER,C,Poids mort,22.0,46.2,2.1,2.1,,Non calculable,0.0,2011-04,"Déprioriser, solder ou sortir du catalogue",0.0
85031A,ROMANTIC IMAGES SCRAP BOOK SET,C,Poids mort,16.0,45.9,3.892857142857143,3.892857142857143,,Non calculable,0.0,2010-12,"Déprioriser, solder ou sortir du catalogue",0.0
35815P,"ACRYLIC JEWEL SNOWFLAKE, PINK",C,Dilemme,115.0,45.42,0.724,0.724,,Non calculable,0.0,2011-09,Tester visibilité ou promotion courte,0.0
90064B,BLACK VINTAGE  CRYSTAL EARRINGS,C,Dilemme,12.0,45.0,3.75,3.75,,Non calculable,0.08333333333333333,2011-06,Tester visibilité ou promotion courte,0.0
23625,SET 6 CARDS SPARKLY REINDEER 17262,C,Poids mort,9.0,44.910000000000004,4.99,4.99,,Non calculable,0.0,2011-09,"Déprioriser, solder ou sortir du catalogue",0.0
90141B,IVORY PENDANT TRIPLE SHELL NECKLACE,C,Poids mort,9.0,44.86,5.0120000000000005,5.0120000000000005,,Non calculable,0.0,2011-05,"Déprioriser, solder ou sortir du catalogue",0.0
85185D,FROG SOCK PUPPET,C,Poids mort,15.0,44.25000000000001,2.95,2.95,,Non calculable,0.0,2011-01,"Déprioriser, solder ou sortir du catalogue",0.0
20670,VIP HOLIDAY PURSE,C,Dilemme,14.0,44.04,3.2436363636363637,3.2436363636363637,,Non calculable,0.0,2011-07,Tester visibilité ou promotion courte,0.0
90012B,BLACK DROP CRYSTAL NECKLACE,C,Dilemme,13.0,43.85000000000001,4.783333333333333,4.783333333333333,,Non calculable,0.0,2011-10,Tester visibilité ou promotion courte,0.0
47344B,BLUE FLOWER DES PURSE,C,Poids mort,44.0,43.66,0.9700000000000001,0.9700000000000001,,Non calculable,0.0,2011-04,"Déprioriser, solder ou sortir du catalogue",0.0
20698,LITTLE PINK MONSTER SOFT TOY,C,Dilemme,17.0,43.349999999999994,2.55,2.55,,Non calculable,0.0,2011-11,Tester visibilité ou promotion courte,0.0
46138B,BLUE CHENILLE SHAGGY CUSHION COVER ,C,Dilemme,43.0,43.15,1.0333333333333334,1.0333333333333334,,Non calculable,0.3023255813953488,2011-07,Vérifier qualité / description avant promotion,0.0
16151A,FLOWERS HANDBAG blue and orange,C,Poids mort,34.5,43.125,1.25,1.25,,Non calculable,0.0,2011-05,"Déprioriser, solder ou sortir du catalogue",0.0
23038,T-LIGHT HOLDER SILVER SAUCER,C,Poids mort,44.0,42.92,1.3299999999999998,1.3299999999999998,,Non calculable,0.0,2011-07,"Déprioriser, solder ou sortir du catalogue",0.0
84539,KNITTED RABBIT DOLL ,C,Dilemme,26.0,42.9,1.65,1.65,,Non calculable,0.0,2011-07,Tester visibilité ou promotion courte,0.0
17014A,ORIGAMI VANILLA INCENSE CONES,C,Poids mort,87.5,42.84,0.9512499999999999,0.9512499999999999,,Non calculable,0.0,2010-12,"Déprioriser, solder ou sortir du catalogue",0.0
22987,WRAP SUMMER ROSE DESIGN,C,Dilemme,102.0,42.84,0.42000000000000004,0.42000000000000004,,Non calculable,0.0,2011-05,Tester visibilité ou promotion courte,0.0
17084J,LOVE POTION MASALA INCENSE,C,Poids mort,203.5,42.735,0.21,0.21,,Non calculable,0.0,2011-04,"Déprioriser, solder ou sortir du catalogue",0.0
20818,GOLD TEDDY BEAR,C,Poids mort,15.0,42.7,5.54,5.54,,Non calculable,0.0,2010-12,"Déprioriser, solder ou sortir du catalogue",0.0
16254,TRANSPARENT ACRYLIC TAPE DISPENSER,C,Poids mort,40.0,42.58,1.3088235294117647,1.3088235294117647,,Non calculable,0.0,2011-10,"Déprioriser, solder ou sortir du catalogue",0.0
84922,PINK BUTTERFLY WASHBAG,C,Poids mort,9.0,42.29,4.923333333333333,4.923333333333333,,Non calculable,0.0,2011-09,"Déprioriser, solder ou sortir du catalogue",0.0
37444C,PINK BREAKFAST CUP AND SAUCER ,C,Poids mort,21.0,42.27,2.47,2.47,,Non calculable,0.0,2011-01,"Déprioriser, solder ou sortir du catalogue",0.0
84968a,SET OF 16 VINTAGE ROSE CUTLERY,C,Poids mort,5.0,42.25,8.45,8.45,,Non calculable,0.0,2011-05,"Déprioriser, solder ou sortir du catalogue",0.0
22764,"RUSTIC WOODEN CABINET, GLASS DOORS",C,Poids mort,5.0,42.25,8.45,8.45,,Non calculable,0.2,2011-03,"Déprioriser, solder ou sortir du catalogue",0.0
90180B,PURPLE AMETHYST NECKLACE W TASSEL,C,Dilemme,5.0,42.25,8.45,8.45,,Non calculable,0.0,2011-12,Tester visibilité ou promotion courte,0.0
90196B,BLACK GEMSTONE NECKLACE 45CM,C,Dilemme,5.0,42.25,8.45,8.45,,Non calculable,0.0,2010-12,Tester visibilité ou promotion courte,0.0
90035A,"PEARL & SHELL 42""NECKL. GREEN",C,Poids mort,5.0,42.25,8.45,8.45,,Non calculable,0.0,2011-04,"Déprioriser, solder ou sortir du catalogue",0.0
90024F,NEW BAROQUE B'FLY NECKLACE CRYSTAL,C,Poids mort,5.0,41.989999999999995,8.385,8.385,,Non calculable,0.0,2011-02,"Déprioriser, solder ou sortir du catalogue",0.0
90029,NEW BAROQUE SMALL NECKLACE BLACK,C,Dilemme,5.0,41.989999999999995,8.385,8.385,,Non calculable,0.0,2011-06,Tester visibilité ou promotion courte,0.0
90120D,WHITE MURANO TWIST BRACELET,C,Poids mort,10.0,41.79,4.208,4.208,,Non calculable,0.0,2011-01,"Déprioriser, solder ou sortir du catalogue",0.0
20666,ECONOMY HOLIDAY PURSE,C,Dilemme,30.0,41.53,1.7123529411764706,1.7123529411764706,,Non calculable,0.0,2011-07,Tester visibilité ou promotion courte,0.0
72807c,SET/3 VANILLA SCENTED CANDLE IN BOX,C,Poids mort,5.0,41.449999999999996,8.29,8.29,,Non calculable,0.0,2011-11,"Déprioriser, solder ou sortir du catalogue",0.0
90059D,DIAMANTE HAIR GRIP PACK/2 PERIDOT,C,Dilemme,25.0,41.449999999999996,1.6605263157894736,1.6605263157894736,,Non calculable,0.24,2011-09,Vérifier qualité / description avant promotion,0.0
90059E,DIAMANTE HAIR GRIP PACK/2 RUBY,C,Dilemme,25.0,41.37,1.6553333333333333,1.6553333333333333,,Non calculable,0.24,2010-12,Vérifier qualité / description avant promotion,0.0
90039B,FIRE POLISHED GLASS BRACELET MONTAN,C,Poids mort,11.0,41.31,3.76,3.76,,Non calculable,0.0,2011-05,"Déprioriser, solder ou sortir du catalogue",0.0
90162C,ANT SILVER FUSCHIA BOUDICCA RING,C,Poids mort,14.0,41.300000000000004,2.95,2.95,,Non calculable,0.0,2011-10,"Déprioriser, solder ou sortir du catalogue",0.0
75013B,"STRING OF 8 BUTTERFLIES,PINK",C,Poids mort,25.0,41.25,1.65,1.65,,Non calculable,0.0,2011-01,"Déprioriser, solder ou sortir du catalogue",0.0
23448,CREAM BUNNY EASTER EGG BASKET,C,Poids mort,25.0,41.25,1.6499999999999997,1.6499999999999997,,Non calculable,0.0,2011-10,"Déprioriser, solder ou sortir du catalogue",0.0
84921,CREAM AND PINK FLOWERS PONY ,C,Poids mort,11.0,41.25,3.75,3.75,,Non calculable,0.0,2011-04,"Déprioriser, solder ou sortir du catalogue",0.0
90067A,PINK VINTAGE VICTORIAN EARRINGS,C,Dilemme,14.0,41.150000000000006,2.9285714285714284,2.9285714285714284,,Non calculable,0.0,2011-11,Tester visibilité ou promotion courte,0.0
90177E,DROP DIAMANTE EARRINGS GREEN,C,Dilemme,14.0,41.080000000000005,2.9255555555555555,2.9255555555555555,,Non calculable,0.42857142857142855,2011-09,Tester visibilité ou promotion courte,0.0
90177B,DROP DIAMANTE EARRINGS BLACK DIAMON,C,Dilemme,14.0,41.010000000000005,2.922857142857143,2.922857142857143,,Non calculable,0.0,2011-06,Tester visibilité ou promotion courte,0.0
90182C,BLACK 3 BEAD DROP EARRINGS,C,Dilemme,14.0,40.96,2.9122222222222223,2.9122222222222223,,Non calculable,0.42857142857142855,2011-09,Tester visibilité ou promotion courte,0.0
90130C,GREEN STONE/CRYSTAL EARRINGS,C,Dilemme,14.0,40.95,2.9223076923076925,2.9223076923076925,,Non calculable,0.0,2010-12,Tester visibilité ou promotion courte,0.0
90177A,CLASSIC DIAMANTE EARRINGS JET,C,Dilemme,14.0,40.900000000000006,2.9055555555555554,2.9055555555555554,,Non calculable,0.42857142857142855,2011-09,Tester visibilité ou promotion courte,0.0
90214G,"LETTER ""G"" BLING KEY RING",C,Dilemme,60.0,40.199999999999996,0.8353333333333333,0.8353333333333333,,Non calculable,0.0,2011-11,Tester visibilité ou promotion courte,0.0
85092,CANDY SPOT TEA COSY,C,Poids mort,27.0,40.05,2.3,2.3,,Non calculable,0.0,2011-02,"Déprioriser, solder ou sortir du catalogue",0.0
90187B,GREEN DROP EARRINGS W BEAD CLUSTER,C,Dilemme,12.0,40.03,3.3325,3.3325,,Non calculable,0.0,2011-06,Tester visibilité ou promotion courte,0.0
71495B,CD WALL TIDY RED FLOWERS,C,Dilemme,104.5,39.989999999999995,0.55125,0.55125,,Non calculable,0.0,2011-10,Tester visibilité ou promotion courte,0.0
90165A,PINK ROSEBUD PEARL EARRINGS,C,Dilemme,16.0,39.98,2.5,2.5,,Non calculable,0.0,2011-01,Tester visibilité ou promotion courte,0.0
72369A,PINK CLEAR GLASS CANDLE PLATE,C,Dilemme,30.0,39.92,1.6533333333333333,1.6533333333333333,,Non calculable,0.0,2011-10,Tester visibilité ou promotion courte,0.0
10120,DOGGY RUBBER,C,Dilemme,189.0,39.69,0.21,0.21,,Non calculable,0.0,2011-11,Tester visibilité ou promotion courte,0.0
90135,ORANGE/WHT/FUSCHIA STONES NECKLACE,C,Poids mort,8.0,39.660000000000004,4.965,4.965,,Non calculable,0.0,2011-04,"Déprioriser, solder ou sortir du catalogue",0.0
84725,FREESTYLE CANVAS ART PICTURE,C,Dilemme,41.0,39.65,1.2444444444444445,1.2444444444444445,,Non calculable,0.0,2011-09,Tester visibilité ou promotion courte,0.0
84596f,SMALL MARSHMALLOWS PINK BOWL,C,Poids mort,16.0,39.36,2.46,2.46,,Non calculable,0.0,2011-02,"Déprioriser, solder ou sortir du catalogue",0.0
84575A,PINK DOG CANNISTER,C,Poids mort,14.0,39.3,3.95,3.95,,Non calculable,0.07142857142857142,2011-04,"Déprioriser, solder ou sortir du catalogue",0.0
21307,SET/4 BUTTERFLY MIRROR MAGNETS,C,Dilemme,79.0,39.199999999999996,1.2646153846153847,1.2646153846153847,,Non calculable,0.0,2011-07,Tester visibilité ou promotion courte,0.0
35910A,MULTICOLOUR EASTER RABBIT ,C,Poids mort,20.0,39.0,1.95,1.95,,Non calculable,0.0,2011-02,"Déprioriser, solder ou sortir du catalogue",0.0
47341A,FUSCHIA TABLE RUN FLOWER ,C,Poids mort,27.0,38.75,1.75,1.75,,Non calculable,0.0,2011-05,"Déprioriser, solder ou sortir du catalogue",0.0
90064A,WHITE VINTAGE CRYSTAL EARRINGS,C,Poids mort,10.0,38.7,3.9500000000000006,3.9500000000000006,,Non calculable,0.0,2011-02,"Déprioriser, solder ou sortir du catalogue",0.0
21393,BLUE POLKADOT PUDDING BOWL,C,Poids mort,29.0,38.67,1.45875,1.45875,,Non calculable,0.0,2010-12,"Déprioriser, solder ou sortir du catalogue",0.0
85089,CANDY SPOT BUNNY,C,Dilemme,13.0,38.35,2.95,2.95,,Non calculable,0.0,2011-10,Tester visibilité ou promotion courte,0.0
84559b,3D SHEET OF CAT STICKERS,C,Poids mort,23.0,38.33,1.666,1.666,,Non calculable,0.0,2010-12,"Déprioriser, solder ou sortir du catalogue",0.0
84746,PINK EASTER HENS+FLOWER,C,Poids mort,14.0,38.31,2.6033333333333335,2.6033333333333335,,Non calculable,0.0,2011-07,"Déprioriser, solder ou sortir du catalogue",0.0
84925D,LA PALMIERA WALL THERMOMETER,C,Poids mort,15.0,38.25,2.55,2.55,,Non calculable,0.0,2011-06,"Déprioriser, solder ou sortir du catalogue",0.0
90190B,GOLD/AMBER DROP EARRINGS W LEAF,C,Dilemme,13.0,38.18,2.924285714285714,2.924285714285714,,Non calculable,0.0,2011-06,Tester visibilité ou promotion courte,0.0
84033,FLAG OF ST GEORGE ,C,Poids mort,23.0,37.95,1.65,1.65,,Non calculable,0.0,2011-04,"Déprioriser, solder ou sortir du catalogue",0.0
84809B,PINK CHRYSANTHEMUMS ART FLOWER,C,Poids mort,18.0,37.8,2.1,2.1,,Non calculable,0.0,2011-02,"Déprioriser, solder ou sortir du catalogue",0.0
90199D,5 STRAND GLASS NECKLACE AMBER,C,Poids mort,6.0,37.620000000000005,6.2700000000000005,6.2700000000000005,,Non calculable,0.0,2011-01,"Déprioriser, solder ou sortir du catalogue",0.0
90212B,JET BLACK LAS VEGAS BRACELET ROUND,C,Poids mort,10.0,37.62,3.765,3.765,,Non calculable,0.0,2010-12,"Déprioriser, solder ou sortir du catalogue",0.0
79191D,RETRO PLASTIC DAISY TRAY,C,Poids mort,35.0,37.61,1.2925,1.2925,,Non calculable,0.34285714285714286,2011-02,Vérifier qualité / description avant promotion,0.0
17084A,TRANQUILITY MASALA INCENSE,C,Poids mort,178.5,37.485,0.21,0.21,,Non calculable,0.0,2011-01,"Déprioriser, solder ou sortir du catalogue",0.0
72709,IVORY SCULPTED RND CANDLE ,C,Poids mort,44.0,37.39999999999999,0.85,0.85,,Non calculable,0.0,2010-12,"Déprioriser, solder ou sortir du catalogue",0.0
35809a,ENAMEL PINK TEA CONTAINER,C,Poids mort,9.0,37.33,4.147777777777778,4.147777777777778,,Non calculable,0.0,2010-12,"Déprioriser, solder ou sortir du catalogue",0.0
84509b,SET OF 4 FAIRY CAKE PLACEMATS,C,Dilemme,5.0,37.3,7.46,7.46,,Non calculable,0.0,2011-02,Tester visibilité ou promotion courte,0.0
84751B,BLACK MEDIUM GLASS CAKE STAND,C,Poids mort,17.0,37.11,1.9,1.9,,Non calculable,0.058823529411764705,2011-03,"Déprioriser, solder ou sortir du catalogue",0.0
84522,PINK PARTY SUNGLASSES,C,Poids mort,20.0,36.76,1.8166666666666667,1.8166666666666667,,Non calculable,0.0,2011-05,"Déprioriser, solder ou sortir du catalogue",0.0
90214H,"LETTER ""H"" BLING KEY RING",C,Dilemme,48.0,36.76,0.8546666666666667,0.8546666666666667,,Non calculable,0.0,2011-11,Tester visibilité ou promotion courte,0.0
90085,CRYSTAL STILETTO PHONE CHARM,C,Poids mort,34.0,36.76,1.48,1.48,,Non calculable,0.0,2011-05,"Déprioriser, solder ou sortir du catalogue",0.0
90014C,SILVER AND BLACK ORBIT NECKLACE,C,Dilemme,5.0,36.75,7.074999999999999,7.074999999999999,,Non calculable,0.0,2011-08,Tester visibilité ou promotion courte,0.0
71510,SQUARE METAL CANDLEHOLDER BASE,C,Poids mort,52.0,36.519999999999996,0.8099999999999999,0.8099999999999999,,Non calculable,0.0,2011-04,"Déprioriser, solder ou sortir du catalogue",0.0
84548,CROCHET BEAR RED/BLUE  KEYRING,C,Dilemme,22.0,36.3,1.65,1.65,,Non calculable,0.0,2011-07,Tester visibilité ou promotion courte,0.0
17090D,VANILLA INCENSE 40 CONES IN TIN,C,Poids mort,29.0,36.25,1.25,1.25,,Non calculable,0.0,2011-07,"Déprioriser, solder ou sortir du catalogue",0.0
85216,ASSORTED CAKES FRIDGE MAGNETS,C,Poids mort,55.0,35.75,0.65,0.65,,Non calculable,0.0,2011-01,"Déprioriser, solder ou sortir du catalogue",0.0
90094,NECKLACE+BRACELET SET FRUIT SALAD ,C,Dilemme,14.0,35.699999999999996,2.55,2.55,,Non calculable,0.0,2011-11,Tester visibilité ou promotion courte,0.0
35913B,WHITE/PINK CHICK EASTER DECORATION,C,Poids mort,36.0,35.48,1.0939999999999999,1.0939999999999999,,Non calculable,0.0,2011-03,"Déprioriser, solder ou sortir du catalogue",0.0
90179C,BLACK FINE BEAD NECKLACE W TASSEL,C,Dilemme,6.0,35.44,5.906666666666666,5.906666666666666,,Non calculable,0.0,2011-07,Tester visibilité ou promotion courte,0.0
90123D,WHITE HEART OF GLASS BRACELET,C,Poids mort,6.0,35.31,5.872,5.872,,Non calculable,0.0,2011-04,"Déprioriser, solder ou sortir du catalogue",0.0
90179A,AMBER FINE BEAD NECKLACE W TASSEL,C,Dilemme,6.0,35.31,5.872,5.872,,Non calculable,0.0,2011-11,Tester visibilité ou promotion courte,0.0
90011B,BLACK CRYSTAL DROP EARRINGS,C,Dilemme,12.0,35.27,2.9314285714285715,2.9314285714285715,,Non calculable,0.0,2011-09,Tester visibilité ou promotion courte,0.0
90060F,FIRE POLISHED GLASS NECKL GREEN,C,Poids mort,6.0,35.160000000000004,5.86,5.86,,Non calculable,0.0,2011-09,"Déprioriser, solder ou sortir du catalogue",0.0
90131,PINK/AMETHYST/GOLD NECKLACE,C,Poids mort,5.0,34.870000000000005,7.01,7.01,,Non calculable,0.0,2011-03,"Déprioriser, solder ou sortir du catalogue",0.0
90059F,DIAMANTE HAIR GRIP PACK/2 LT ROSE,C,Dilemme,21.0,34.69,1.6528571428571428,1.6528571428571428,,Non calculable,0.2857142857142857,2011-09,Vérifier qualité / description avant promotion,0.0
16049,TEATIME GEL PENS ASST,C,Poids mort,142.5,34.2,0.24,0.24,,Non calculable,0.0,2011-05,"Déprioriser, solder ou sortir du catalogue",0.0
gift_0001_50,Dotcomgiftshop Gift Voucher £50.00,C,Poids mort,4.0,33.8,8.45,8.45,,Non calculable,0.0,2011-06,"Déprioriser, solder ou sortir du catalogue",0.0
90074,BLACK DIAMOND CLUSTER NECKLACE,C,Dilemme,4.0,33.8,8.45,8.45,,Non calculable,0.0,2011-09,Tester visibilité ou promotion courte,0.0
84963A,PINK PAINTED KASHMIRI CHAIR,C,Poids mort,4.0,33.8,8.45,8.45,,Non calculable,0.0,2010-12,"Déprioriser, solder ou sortir du catalogue",0.0
90075,MONTANA DIAMOND CLUSTER NECKLACE,C,Poids mort,4.0,33.8,8.45,8.45,,Non calculable,0.0,2011-03,"Déprioriser, solder ou sortir du catalogue",0.0
20892,SET/3 TALL GLASS CANDLE HOLDER PINK,C,Poids mort,4.0,33.8,8.45,8.45,,Non calculable,0.0,2010-12,"Déprioriser, solder ou sortir du catalogue",0.0
90056,CHUNKY CRACKED GLAZE NECKLACE IVORY,C,Dilemme,4.0,33.8,8.45,8.45,,Non calculable,0.0,2011-12,Tester visibilité ou promotion courte,0.0
90038C,GLASS AND BEADS BRACELET IVORY,C,Poids mort,9.0,33.69,3.735,3.735,,Non calculable,0.0,2011-03,"Déprioriser, solder ou sortir du catalogue",0.0
90026C,GLASS BEAD HOOP NECKLACE GREEN,C,Dilemme,4.0,33.67,8.406666666666666,8.406666666666666,,Non calculable,0.0,2011-11,Tester visibilité ou promotion courte,0.0
90024C,NEW BAROQUE B'FLY NECKLACE GREEN,C,Poids mort,4.0,33.67,8.406666666666666,8.406666666666666,,Non calculable,0.0,2011-02,"Déprioriser, solder ou sortir du catalogue",0.0
72783,BLACK SIL'T SQU CANDLE PLATE ,C,Poids mort,16.0,33.6,2.1,2.1,,Non calculable,0.0,2011-11,"Déprioriser, solder ou sortir du catalogue",0.0
90129D,AMBER GLASS TASSLE BAG CHARM,C,Dilemme,14.0,33.440000000000005,2.0157142857142856,2.0157142857142856,,Non calculable,0.0,2011-10,Tester visibilité ou promotion courte,0.0
72807b,SET/3 OCEAN SCENT CANDLE JEWEL BOX,C,Poids mort,4.0,33.16,8.29,8.29,,Non calculable,0.0,2011-02,"Déprioriser, solder ou sortir du catalogue",0.0
84679,CLASSICAL ROSE TABLE LAMP,C,Poids mort,6.0,32.7,6.199999999999999,6.199999999999999,,Non calculable,0.0,2011-06,"Déprioriser, solder ou sortir du catalogue",0.0
84226,HEN HOUSE W FAMILY IN BARN & NEST,C,Dilemme,45.5,32.69,0.829,0.829,,Non calculable,0.0,2011-06,Tester visibilité ou promotion courte,0.0
35610C,WHITE CHRISTMAS FLOCK DROPLET ,C,Poids mort,25.0,32.51,1.88,1.88,,Non calculable,0.0,2010-12,"Déprioriser, solder ou sortir du catalogue",0.0
15030,FAN BLACK FRAME ,C,Dilemme,111.5,32.335,0.29,0.29,,Non calculable,0.0,2011-07,Tester visibilité ou promotion courte,0.0
90186A,AMETHYST HOOP EARRING FLORAL LEAF,C,Poids mort,11.0,32.16,2.9233333333333333,2.9233333333333333,,Non calculable,0.0,2010-12,"Déprioriser, solder ou sortir du catalogue",0.0
37468,HARDMAN MUG 3 ASSORTED,C,Dilemme,64.0,32.03,0.9338461538461539,0.9338461538461539,,Non calculable,0.0,2011-09,Tester visibilité ou promotion courte,0.0
90036B,"FLOWER GLASS GARLAND NECKL.36""GREEN",C,Poids mort,4.0,31.8,7.95,7.95,,Non calculable,0.0,2011-06,"Déprioriser, solder ou sortir du catalogue",0.0
90049,IVORY GOLD METAL BAG CHARM,C,Poids mort,5.0,31.75,7.283333333333332,7.283333333333332,,Non calculable,0.0,2011-07,"Déprioriser, solder ou sortir du catalogue",0.0
23632,SET 10 CARDS CHEERFUL ROBIN 17065,C,Poids mort,15.0,31.200000000000003,2.08,2.08,,Non calculable,0.0,2011-11,"Déprioriser, solder ou sortir du catalogue",0.0
85018D,YULETIDE IMAGES S/6 PAPER BOXES,C,Poids mort,12.0,30.6,2.55,2.55,,Non calculable,0.0,2010-12,"Déprioriser, solder ou sortir du catalogue",0.0
44228,CANNABIS LEAF BEAD CURTAIN,C,Poids mort,36.0,30.599999999999998,0.85,0.85,,Non calculable,0.0,2010-12,"Déprioriser, solder ou sortir du catalogue",0.0
37471,MULTICOLOUR POLKADOT PLATE,C,Poids mort,29.0,30.43,2.776666666666667,2.776666666666667,,Non calculable,0.0,2011-10,"Déprioriser, solder ou sortir du catalogue",0.0
90176B,DIAMANTE NECKLACE BLACK ,C,Dilemme,4.0,30.12,7.54,7.54,,Non calculable,0.0,2011-11,Tester visibilité ou promotion courte,0.0
20878,SET/9 CHRISTMAS T-LIGHTS SCENTED ,C,Poids mort,24.0,30.0,1.25,1.25,,Non calculable,0.0,2010-12,"Déprioriser, solder ou sortir du catalogue",0.0
35610B,BLACK CHRISTMAS FLOCK DROPLET ,C,Poids mort,24.0,30.0,1.25,1.25,,Non calculable,0.0,2010-12,"Déprioriser, solder ou sortir du catalogue",0.0
90176E,DIAMANTE NECKLACE GREEN,C,Poids mort,4.0,29.98,7.493333333333333,7.493333333333333,,Non calculable,0.0,2011-08,"Déprioriser, solder ou sortir du catalogue",0.0
90039A,FIRE POLISHED GLASS BRACELET RED,C,Poids mort,8.0,29.96,3.736666666666667,3.736666666666667,,Non calculable,0.0,2011-05,"Déprioriser, solder ou sortir du catalogue",0.0
90122B,JADE CRYSTAL+GLASS BRACELET,C,Poids mort,6.0,29.93,4.988333333333333,4.988333333333333,,Non calculable,0.0,2011-07,"Déprioriser, solder ou sortir du catalogue",0.0
84660a,WHITE STITCHED WALL CLOCK,C,Poids mort,4.0,29.84,7.46,7.46,,Non calculable,0.0,2011-06,"Déprioriser, solder ou sortir du catalogue",0.0
47420,ASSORTED COLOUR SUCTION CUP HOOK,C,Dilemme,157.0,29.830000000000002,0.19,0.19,,Non calculable,0.0,2011-09,Tester visibilité ou promotion courte,0.0
90159,COTE D'AZURE NECKLACE,C,Poids mort,6.0,29.790000000000003,4.968000000000001,4.968000000000001,,Non calculable,0.0,2011-04,"Déprioriser, solder ou sortir du catalogue",0.0
90120A,PINK MURANO TWIST BRACELET,C,Poids mort,7.0,29.73,4.243333333333333,4.243333333333333,,Non calculable,0.0,2011-01,"Déprioriser, solder ou sortir du catalogue",0.0
90001D,ANTIQUE OLIVE GREEN FLOWER EARRINGS,C,Dilemme,7.0,29.73,4.246,4.246,,Non calculable,0.0,2011-06,Tester visibilité ou promotion courte,0.0
21757,LIGHTHOUSE PRINTED METAL SIGN,C,Poids mort,6.0,29.700000000000003,4.95,4.95,,Non calculable,0.0,2011-01,"Déprioriser, solder ou sortir du catalogue",0.0
21040,MODERN VINTAGE COTTON SHOPPING BAG,C,Poids mort,22.0,29.7,1.67,1.67,,Non calculable,0.0,2011-03,"Déprioriser, solder ou sortir du catalogue",0.0
90214I,"LETTER ""I"" BLING KEY RING",C,Dilemme,38.0,29.62,0.7838461538461539,0.7838461538461539,,Non calculable,0.0,2011-07,Tester visibilité ou promotion courte,0.0
90162D,ANT SILVER PURPLE BOUDICCA RING,C,Poids mort,10.0,29.500000000000004,2.95,2.95,,Non calculable,0.0,2011-10,"Déprioriser, solder ou sortir du catalogue",0.0
17109D,FLOWER FAIRY INCENSE BOUQUET,C,Poids mort,53.5,29.5,0.9039999999999999,0.9039999999999999,,Non calculable,0.0,2011-04,"Déprioriser, solder ou sortir du catalogue",0.0
84465,15 PINK FLUFFY CHICKS IN BOX,C,Poids mort,10.0,29.5,2.95,2.95,,Non calculable,0.0,2011-03,"Déprioriser, solder ou sortir du catalogue",0.0
82605,OLD DOC RUSSEL METAL SIGN,C,Poids mort,14.0,29.4,2.1,2.1,,Non calculable,0.0,2010-12,"Déprioriser, solder ou sortir du catalogue",0.0
84558a,3D DOG PICTURE PLAYING CARDS,C,Poids mort,5.0,29.310000000000002,5.862,5.862,,Non calculable,0.0,2010-12,"Déprioriser, solder ou sortir du catalogue",0.0
85030,FRENCH CHATEAU OVAL PLATTER,C,Poids mort,15.0,29.25,1.95,1.95,,Non calculable,0.0,2011-04,"Déprioriser, solder ou sortir du catalogue",0.0
90214N,"LETTER ""N"" BLING KEY RING",C,Dilemme,41.0,29.23,0.8416666666666667,0.8416666666666667,,Non calculable,0.0,2011-12,Tester visibilité ou promotion courte,0.0
21011,GLITTER SNOW PEAR TREE DECORATION,C,Poids mort,20.0,28.999999999999996,1.45,1.45,,Non calculable,0.0,2010-12,"Déprioriser, solder ou sortir du catalogue",0.0
84199,GLOW IN DARK DOLPHINS,C,Dilemme,138.0,28.98,0.21,0.21,,Non calculable,0.0,2011-11,Tester visibilité ou promotion courte,0.0
46776f,WOVEN ROSE GARDEN CUSHION COVER ,C,Poids mort,7.0,28.91,4.13,4.13,,Non calculable,0.0,2011-10,"Déprioriser, solder ou sortir du catalogue",0.0
90152A,SILVER/NAT SHELL NECKLACE W PENDANT,C,Dilemme,5.0,28.76,5.752000000000001,5.752000000000001,,Non calculable,0.0,2011-02,Tester visibilité ou promotion courte,0.0
84803B,WHITE ALLIUM  ARTIFICIAL FLOWER,C,Poids mort,17.0,28.73,1.69,1.69,,Non calculable,0.0,2011-03,"Déprioriser, solder ou sortir du catalogue",0.0
84706D,CHERRY BLOSSOM TABLE CLOCK ,C,Poids mort,8.0,28.599999999999998,3.5749999999999997,3.5749999999999997,,Non calculable,0.0,2010-12,"Déprioriser, solder ou sortir du catalogue",0.0
79063C,"RETRO PILL BOX KEY CHAIN,THE KING",C,Dilemme,152.0,28.595,0.18928571428571428,0.18928571428571428,,Non calculable,0.0,2011-07,Tester visibilité ou promotion courte,0.0
90093,CLEAR CRYSTAL STAR PHONE CHARM,C,Dilemme,52.0,28.569999999999997,1.1889999999999998,1.1889999999999998,,Non calculable,0.0,2011-05,Tester visibilité ou promotion courte,0.0
90027D,GLASS BEAD HOOP EARRINGS AMETHYST,C,Dilemme,9.0,28.4,3.2583333333333333,3.2583333333333333,,Non calculable,0.0,2010-12,Tester visibilité ou promotion courte,0.0
17165D,ASS COL LARGE SAND FROG P'WEIGHT,C,Poids mort,27.0,28.35,1.05,1.05,,Non calculable,0.0,2010-12,"Déprioriser, solder ou sortir du catalogue",0.0
90195B,BLACK GEMSTONE BRACELET,C,Poids mort,4.0,28.299999999999997,7.074999999999999,7.074999999999999,,Non calculable,0.0,2010-12,"Déprioriser, solder ou sortir du catalogue",0.0
84798B,PURPLE FOXGLOVE ARTIIFCIAL FLOWER,C,Poids mort,11.0,28.05,2.55,2.55,,Non calculable,0.0,2011-03,"Déprioriser, solder ou sortir du catalogue",0.0
90005A,JADE GREEN ENAMEL HAIR COMB,C,Poids mort,14.0,28.02,2.022,2.022,,Non calculable,0.0,2010-12,"Déprioriser, solder ou sortir du catalogue",0.0
90214R,"LETTER ""R"" BLING KEY RING",C,Poids mort,41.0,28.009999999999998,0.8251999999999999,0.8251999999999999,,Non calculable,0.0,2011-01,"Déprioriser, solder ou sortir du catalogue",0.0
84613A,PINK NEW BAROQUE FLOCK CANDLESTICK,C,Poids mort,6.0,27.9,4.65,4.65,,Non calculable,0.0,2011-01,"Déprioriser, solder ou sortir du catalogue",0.0
79066k,RETRO MOD TRAY,C,Dilemme,17.0,27.77,1.636,1.636,,Non calculable,0.0,2011-08,Tester visibilité ou promotion courte,0.0
81950B,FLOWER BLUE CLOCK WITH SUCKER,C,Poids mort,94.5,27.404999999999998,0.29,0.29,,Non calculable,0.0,2011-07,"Déprioriser, solder ou sortir du catalogue",0.0
23637,SET 10 CARDS OUT OF ORDER 17216,C,Poids mort,11.0,27.39,2.49,2.49,,Non calculable,0.0,2011-10,"Déprioriser, solder ou sortir du catalogue",0.0
23613,SET 10 XMAS CARDS & BADGES 17070,C,Poids mort,11.0,27.39,2.49,2.49,,Non calculable,0.0,2011-11,"Déprioriser, solder ou sortir du catalogue",0.0
79323P,PINK CHERRY LIGHTS,C,Poids mort,4.0,27.0,6.75,6.75,,Non calculable,2.0,2011-01,"Déprioriser, solder ou sortir du catalogue",0.0
84993a,75 GREEN PETIT FOUR CASES,C,Poids mort,32.0,26.56,0.83,0.83,,Non calculable,0.0,2011-04,"Déprioriser, solder ou sortir du catalogue",0.0
35598A,DUSTY PINK CHRISTMAS TREE 60CM,C,Poids mort,9.0,26.550000000000004,2.95,2.95,,Non calculable,0.0,2011-11,"Déprioriser, solder ou sortir du catalogue",0.0
84675,FROG KING WATERING CAN,C,Poids mort,9.0,26.55,2.95,2.95,,Non calculable,0.0,2011-01,"Déprioriser, solder ou sortir du catalogue",0.0
90059B,DIAMANTE HAIR GRIP PACK/2 BLACK DIA,C,Dilemme,16.0,26.52,1.6619999999999997,1.6619999999999997,,Non calculable,0.375,2011-09,Tester visibilité ou promotion courte,0.0
21836,GINGHAM OVEN GLOVE RED HEART ,C,Poids mort,5.0,26.490000000000002,5.04,5.04,,Non calculable,0.0,2010-12,"Déprioriser, solder ou sortir du catalogue",0.0
72140E,BEST DAD CANDLE LETTERS,C,Poids mort,31.0,26.349999999999998,0.85,0.85,,Non calculable,0.03225806451612903,2011-05,"Déprioriser, solder ou sortir du catalogue",0.0
71495A,CD WALL TIDY BLUE OFFICE,C,Poids mort,64.0,26.34,0.71375,0.71375,,Non calculable,0.0,2011-04,"Déprioriser, solder ou sortir du catalogue",0.0
90212C,PURPLE LAS VEGAS BRACELET ROUND,C,Poids mort,7.0,26.25,3.75,3.75,,Non calculable,0.0,2010-12,"Déprioriser, solder ou sortir du catalogue",0.0
23636,SET 10 CARDS WISHING TREE 17116,C,Poids mort,9.0,26.19,2.91,2.91,,Non calculable,0.0,2011-12,"Déprioriser, solder ou sortir du catalogue",0.0
85017C,ENVELOPE 50 CURIOUS IMAGES,C,Poids mort,49.0,26.17,0.6154545454545454,0.6154545454545454,,Non calculable,0.0,2011-04,"Déprioriser, solder ou sortir du catalogue",0.0
90183C,BLACK DROP EARRINGS W LONG BEADS,C,Dilemme,9.0,26.15,2.9055555555555554,2.9055555555555554,,Non calculable,0.0,2011-11,Tester visibilité ou promotion courte,0.0
37423,WHITE WITH BLACK CATS PLATE,C,Poids mort,58.5,25.575,0.5433333333333333,0.5433333333333333,,Non calculable,0.0,2011-03,"Déprioriser, solder ou sortir du catalogue",0.0
84963B,BLUE PAINTED KASHMIRI CHAIR,C,Poids mort,3.0,25.35,8.45,8.45,,Non calculable,0.0,2011-08,"Déprioriser, solder ou sortir du catalogue",0.0
gift_0001_40,Dotcomgiftshop Gift Voucher £40.00,C,Poids mort,3.0,25.349999999999998,8.45,8.45,,Non calculable,0.0,2010-12,"Déprioriser, solder ou sortir du catalogue",0.0
90136,PALE PINK/AMETHYST STONE NECKLACE,C,Poids mort,3.0,25.349999999999998,8.45,8.45,,Non calculable,0.0,2011-04,"Déprioriser, solder ou sortir du catalogue",0.0
35910B,PINK FLOWERS RABBIT EASTER,C,Poids mort,13.0,25.349999999999998,1.95,1.95,,Non calculable,0.0,2011-03,"Déprioriser, solder ou sortir du catalogue",0.0
DCGS0076,SUNJAR LED NIGHT NIGHT LIGHT,C,Poids mort,3.0,25.349999999999998,8.45,8.45,,Non calculable,0.0,2010-12,"Déprioriser, solder ou sortir du catalogue",0.0
84617,NEW BAROQUE BLACK BOXES,C,Poids mort,3.0,25.349999999999998,8.45,8.45,,Non calculable,0.0,2011-01,"Déprioriser, solder ou sortir du catalogue",0.0
84968d,SET OF 16 VINTAGE RED CUTLERY,C,Dilemme,3.0,25.349999999999998,8.45,8.45,,Non calculable,0.0,2011-02,Tester visibilité ou promotion courte,0.0
90026D,GLASS BEAD HOOP NECKLACE AMETHYST,C,Poids mort,3.0,25.349999999999998,8.45,8.45,,Non calculable,0.0,2011-02,"Déprioriser, solder ou sortir du catalogue",0.0
90037B,TINY CRYSTAL BRACELET GREEN,C,Poids mort,10.0,25.28,2.506,2.506,,Non calculable,0.0,2011-02,"Déprioriser, solder ou sortir du catalogue",0.0
90026B,GLASS BEAD HOOP NECKLACE MONTANA,C,Poids mort,3.0,25.22,8.406666666666666,8.406666666666666,,Non calculable,0.0,2011-03,"Déprioriser, solder ou sortir du catalogue",0.0
90013D,PURPLE VINTAGE EARRINGS,C,Poids mort,6.0,25.17,4.180000000000001,4.180000000000001,,Non calculable,0.0,2010-12,"Déprioriser, solder ou sortir du catalogue",0.0
84596e,SMALL LICORICE DES PINK BOWL,C,Poids mort,10.0,25.099999999999998,2.51,2.51,,Non calculable,0.0,2010-12,"Déprioriser, solder ou sortir du catalogue",0.0
90033,IVORY SHELL HEART EARRINGS,C,Poids mort,10.0,25.07,2.502222222222222,2.502222222222222,,Non calculable,0.0,2011-05,"Déprioriser, solder ou sortir du catalogue",0.0
90016C,SILVER/BLACK PENDANT ORBIT NECKLACE,C,Dilemme,3.0,24.96,8.32,8.32,,Non calculable,0.0,2011-03,Tester visibilité ou promotion courte,0.0
23620,SET 10 CARDS PERFECT POST 17090,C,Poids mort,10.0,24.900000000000002,2.4899999999999998,2.4899999999999998,,Non calculable,0.0,2011-10,"Déprioriser, solder ou sortir du catalogue",0.0
85115B,S/4 BLACK DISCO PARTITION PANEL,C,Poids mort,3.0,24.87,8.29,8.29,,Non calculable,0.0,2011-10,"Déprioriser, solder ou sortir du catalogue",0.0
85132c,CHARLIE AND LOLA FIGURES TINS,C,Poids mort,3.0,24.869999999999997,8.29,8.29,,Non calculable,0.0,2011-04,"Déprioriser, solder ou sortir du catalogue",0.0
15060b,FAIRY CAKE DESIGN UMBRELLA,C,Poids mort,3.0,24.869999999999997,8.29,8.29,,Non calculable,0.0,2011-09,"Déprioriser, solder ou sortir du catalogue",0.0
85034a,3 GARDENIA MORRIS BOXED CANDLES,C,Dilemme,3.0,24.869999999999997,8.29,8.29,,Non calculable,0.0,2011-05,Tester visibilité ou promotion courte,0.0
90059C,DIAMANTE HAIR GRIP PACK/2 MONTANA,C,Dilemme,15.0,24.79,1.654,1.654,,Non calculable,0.4,2011-09,Tester visibilité ou promotion courte,0.0
90214B,"LETTER ""B"" BLING KEY RING",C,Poids mort,37.0,24.77,0.8281818181818181,0.8281818181818181,,Non calculable,0.0,2010-12,"Déprioriser, solder ou sortir du catalogue",0.0
20820,SILVER LOOKING MIRROR,C,Poids mort,5.0,24.75,4.95,4.95,,Non calculable,0.0,2010-12,"Déprioriser, solder ou sortir du catalogue",0.0
84854,GIRLY PINK TOOL SET,C,Poids mort,5.0,24.75,4.95,4.95,,Non calculable,0.0,2010-12,"Déprioriser, solder ou sortir du catalogue",0.0
20778,GARDEN PATH NOTEBOOK ,C,Poids mort,15.0,24.75,1.65,1.65,,Non calculable,0.0,2011-02,"Déprioriser, solder ou sortir du catalogue",0.0
90141E,ORANGE PENDANT TRIPLE SHELL NECKLAC,C,Poids mort,5.0,24.75,4.95,4.95,,Non calculable,0.0,2011-07,"Déprioriser, solder ou sortir du catalogue",0.0
79406,FROSTED WHITE BASE ,C,Dilemme,100.5,24.55,0.3725,0.3725,,Non calculable,0.0,2011-06,Tester visibilité ou promotion courte,0.0
81952B,ROUND BLUE CLOCK WITH SUCKER,C,Poids mort,128.5,24.415,0.19,0.19,,Non calculable,0.0,2011-07,"Déprioriser, solder ou sortir du catalogue",0.0
84993B,75 BLACK PETIT FOUR CASES,C,Poids mort,58.0,24.36,0.42,0.42,,Non calculable,0.0,2011-06,"Déprioriser, solder ou sortir du catalogue",0.0
17136A,BLUE STONES ON WIRE FOR CANDLE,C,Dilemme,284.5,24.189999999999998,0.10294117647058823,0.10294117647058823,,Non calculable,0.0,2011-09,Tester visibilité ou promotion courte,0.0
90076,MONTANA DIAMOND CLUSTER EARRINGS,C,Poids mort,9.0,24.12,2.8425,2.8425,,Non calculable,0.1111111111111111,2011-05,"Déprioriser, solder ou sortir du catalogue",0.0
21461,BLUE EASTER EGG HUNT START POST,C,Poids mort,10.0,23.86,2.6766666666666663,2.6766666666666663,,Non calculable,0.2,2011-03,"Déprioriser, solder ou sortir du catalogue",0.0
47503J,SET/3 FLORAL GARDEN TOOLS IN BAG,C,Poids mort,3.0,23.85,7.95,7.95,,Non calculable,0.0,2010-12,"Déprioriser, solder ou sortir du catalogue",0.0
84562A,PINK/WHITE RIBBED MELAMINE JUG,C,Poids mort,3.0,23.85,7.95,7.95,,Non calculable,0.0,2010-12,"Déprioriser, solder ou sortir du catalogue",0.0
21357,TOAST ITS - DINOSAUR,C,Poids mort,19.0,23.75,1.25,1.25,,Non calculable,0.0,2010-12,"Déprioriser, solder ou sortir du catalogue",0.0
35909B,PINK FLOWERS RABBIT EASTER,C,Poids mort,8.0,23.6,2.95,2.95,,Non calculable,0.0,2011-02,"Déprioriser, solder ou sortir du catalogue",0.0
35909A,RABBIT EASTER DECORATION,C,Poids mort,8.0,23.6,2.9500000000000006,2.9500000000000006,,Non calculable,0.0,2011-03,"Déprioriser, solder ou sortir du catalogue",0.0
90083,CRYSTAL CZECH CROSS PHONE CHARM,C,Dilemme,25.0,23.47,1.4699999999999998,1.4699999999999998,,Non calculable,0.0,2011-11,Tester visibilité ou promotion courte,0.0
90176C,DIAMANTE NECKLACE,C,Dilemme,3.0,23.32,7.91,7.91,,Non calculable,0.0,2011-08,Tester visibilité ou promotion courte,0.0
90043,COPPER AND BRASS BAG CHARM,C,Poids mort,4.0,23.299999999999997,6.699999999999999,6.699999999999999,,Non calculable,0.0,2011-07,"Déprioriser, solder ou sortir du catalogue",0.0
23623,SET 10 CARD CHRISTMAS WELCOME 17112,C,Poids mort,8.0,23.28,2.91,2.91,,Non calculable,0.0,2011-11,"Déprioriser, solder ou sortir du catalogue",0.0
90182A,AMBER 3 BEAD DROP EARRINGS,C,Poids mort,8.0,23.2,2.9,2.9,,Non calculable,0.0,2011-11,"Déprioriser, solder ou sortir du catalogue",0.0
90104,PURPLE FRANGIPANI HAIRCLIP,C,Poids mort,28.0,23.16,0.8291666666666666,0.8291666666666666,,Non calculable,0.0,2011-01,"Déprioriser, solder ou sortir du catalogue",0.0
85195,HANGING HEART BASKET,C,Poids mort,11.0,23.1,2.1,2.1,,Non calculable,0.0,2010-12,"Déprioriser, solder ou sortir du catalogue",0.0
85206B,PINK FELT EASTER EGG BASKET,C,Poids mort,14.0,23.099999999999998,1.65,1.65,,Non calculable,0.0,2011-01,"Déprioriser, solder ou sortir du catalogue",0.0
22351,DOTCOMGIFTSHOP TEA TOWEL,C,Poids mort,13.0,23.09,2.4699999999999998,2.4699999999999998,,Non calculable,0.0,2011-02,"Déprioriser, solder ou sortir du catalogue",0.0
21785,RAIN PONCHO ,C,Poids mort,32.5,22.735,0.9719999999999999,0.9719999999999999,,Non calculable,0.0,2011-02,"Déprioriser, solder ou sortir du catalogue",0.0
90054,CRACKED GLAZE EARRINGS RED,C,Dilemme,9.0,22.58,2.5088888888888885,2.5088888888888885,,Non calculable,0.0,2010-12,Tester visibilité ou promotion courte,0.0
90188,DROP EARRINGS W FLOWER & LEAF,C,Dilemme,9.0,22.58,2.5171428571428573,2.5171428571428573,,Non calculable,0.0,2011-12,Tester visibilité ou promotion courte,0.0
90039C,FIRE POLISHED GLASS BRACELET BLACK,C,Poids mort,6.0,22.48,3.7466666666666666,3.7466666666666666,,Non calculable,0.0,2011-11,"Déprioriser, solder ou sortir du catalogue",0.0
90176A,CLASSIC DIAMANTE NECKLACE JET,C,Dilemme,3.0,22.48,7.49,7.49,,Non calculable,0.3333333333333333,2011-11,Tester visibilité ou promotion courte,0.0
23640,SET 10 CARDS SCOTTIE DOG 17211,C,Poids mort,9.0,22.410000000000004,2.49,2.49,,Non calculable,0.0,2011-10,"Déprioriser, solder ou sortir du catalogue",0.0
23645,SET 10 CHRISTMAS CARDS HOHOHO 16956,C,Poids mort,9.0,22.410000000000004,2.49,2.49,,Non calculable,0.0,2011-11,"Déprioriser, solder ou sortir du catalogue",0.0
21018,BIRD BOX CHRISTMAS TREE DECORATION,C,Poids mort,24.0,22.06,1.087142857142857,1.087142857142857,,Non calculable,0.0,2010-12,"Déprioriser, solder ou sortir du catalogue",0.0
35816P,"ACRYLIC JEWEL ANGEL,PINK",C,Poids mort,57.0,21.66,0.38,0.38,,Non calculable,0.0,2011-08,"Déprioriser, solder ou sortir du catalogue",0.0
84551,CROCHET DOG KEYRING,C,Poids mort,13.0,21.45,1.65,1.65,,Non calculable,0.0,2011-10,"Déprioriser, solder ou sortir du catalogue",0.0
84387A,BIRD ON BRANCH CANVAS SCREEN,C,Poids mort,11.0,21.45,1.95,1.95,,Non calculable,0.0,2011-07,"Déprioriser, solder ou sortir du catalogue",0.0
20695,FLORAL BLUE MONSTER,C,Dilemme,5.0,21.25,4.25,4.25,,Non calculable,0.0,2011-09,Tester visibilité ou promotion courte,0.0
90001B,ANTIQUE MID BLUE FLOWER EARRINGS,C,Poids mort,5.0,21.15,4.216666666666667,4.216666666666667,,Non calculable,0.0,2011-06,"Déprioriser, solder ou sortir du catalogue",0.0
90001C,ANTIQUE OPAL WHITE FLOWER EARRINGS,C,Poids mort,5.0,21.130000000000003,4.226000000000001,4.226000000000001,,Non calculable,0.0,2011-04,"Déprioriser, solder ou sortir du catalogue",0.0
90125E,AMBER BERTIE GLASS BEAD BAG CHARM,C,Poids mort,11.0,21.05,1.9419999999999997,1.9419999999999997,,Non calculable,0.0,2011-01,"Déprioriser, solder ou sortir du catalogue",0.0
16169P,WRAP GREEN RUSSIAN FOLKART ,C,Poids mort,50.0,21.0,0.42,0.42,,Non calculable,0.0,2010-12,"Déprioriser, solder ou sortir du catalogue",0.0
23692,WRAP A PRETTY THANK YOU,C,Poids mort,50.0,21.0,0.42,0.42,,Non calculable,0.0,2011-11,"Déprioriser, solder ou sortir du catalogue",0.0
90001A,ANTIQUE RASPBERRY FLOWER EARRINGS,C,Dilemme,5.0,20.950000000000003,4.175000000000001,4.175000000000001,,Non calculable,0.0,2011-06,Tester visibilité ou promotion courte,0.0
47518f,ICON PLACEMAT POP ART ELVIS,C,Poids mort,5.0,20.73,4.146,4.146,,Non calculable,0.0,2011-10,"Déprioriser, solder ou sortir du catalogue",0.0
46776a,WOVEN BUBBLE GUM CUSHION COVER,C,Poids mort,5.0,20.65,4.13,4.13,,Non calculable,0.0,2011-10,"Déprioriser, solder ou sortir du catalogue",0.0
90141D,ROSE PENDANT TRIPLE SHELL NECKLACE,C,Dilemme,4.0,20.36,5.23,5.23,,Non calculable,0.0,2011-07,Tester visibilité ou promotion courte,0.0
90214P,"LETTER ""P"" BLING KEY RING",C,Poids mort,39.0,20.229999999999997,0.8125,0.8125,,Non calculable,0.0,2011-12,"Déprioriser, solder ou sortir du catalogue",0.0
79063D,"RETRO PILL BOX , REVOLUTIONARY",C,Dilemme,106.0,20.085,0.21,0.21,,Non calculable,0.0,2011-07,Tester visibilité ou promotion courte,0.0
84415B,BLUE FLOCK CUSHION COVER ,C,Poids mort,8.0,20.0,2.9166666666666665,2.9166666666666665,,Non calculable,0.0,2010-12,"Déprioriser, solder ou sortir du catalogue",0.0
23601,SET 10 CARDS SNOWY SNOWDROPS  17100,C,Poids mort,8.0,19.92,2.49,2.49,,Non calculable,0.0,2011-11,"Déprioriser, solder ou sortir du catalogue",0.0
23616,SET 10 CARDS JINGLE BELLS 17217,C,Poids mort,8.0,19.92,2.4899999999999998,2.4899999999999998,,Non calculable,0.0,2011-11,"Déprioriser, solder ou sortir du catalogue",0.0
23646,SET 10 CARDS JINGLE BELLS 16957,C,Poids mort,8.0,19.92,2.49,2.49,,Non calculable,0.0,2011-11,"Déprioriser, solder ou sortir du catalogue",0.0
35817P,PINK ACRYLIC JEWEL SNOWFLAKE,C,Poids mort,18.0,19.86,1.4649999999999999,1.4649999999999999,,Non calculable,0.0,2010-12,"Déprioriser, solder ou sortir du catalogue",0.0
37491A,YELLOW/PINK CERAMIC CANDLE HOLDER,C,Poids mort,6.0,19.81,3.3075,3.3075,,Non calculable,0.0,2011-02,"Déprioriser, solder ou sortir du catalogue",0.0
90156,RESIN BRACELET W PASTEL BEADS,C,Poids mort,4.0,19.8,4.95,4.95,,Non calculable,0.0,2011-01,"Déprioriser, solder ou sortir du catalogue",0.0
85024C,PINK SMALL JEWELLED PHOTOFRAME,C,Dilemme,12.0,19.799999999999997,1.65,1.65,,Non calculable,0.08333333333333333,2011-09,Tester visibilité ou promotion courte,0.0
85028L,FRENCH CHATEAU LARGE FRUIT BOWL ,C,Poids mort,10.0,19.5,1.95,1.95,,Non calculable,0.0,2011-04,"Déprioriser, solder ou sortir du catalogue",0.0
79062D,"RETRO TIN ASHTRAY,REVOLUTIONARY",C,Dilemme,52.0,19.4,0.38,0.38,,Non calculable,0.0,2011-07,Tester visibilité ou promotion courte,0.0
85047,WHITE BEADED GARLAND STRING 20LIGHT,C,Poids mort,3.0,19.049999999999997,6.35,6.35,,Non calculable,1.0,2011-01,"Déprioriser, solder ou sortir du catalogue",0.0
21538,DAIRY MAID  PUDDING BOWL,C,Poids mort,5.0,18.75,3.75,3.75,,Non calculable,0.0,2010-12,"Déprioriser, solder ou sortir du catalogue",0.0
21416,CLAM SHELL LARGE,C,Poids mort,5.0,18.75,3.75,3.75,,Non calculable,0.0,2011-01,"Déprioriser, solder ou sortir du catalogue",0.0
84856S,SMALL TAHITI BEACH BAG,C,Poids mort,4.0,18.6,4.65,4.65,,Non calculable,0.25,2011-03,"Déprioriser, solder ou sortir du catalogue",0.0
90041,PEARL AND CHERRY QUARTZ BRACLET,C,Poids mort,5.0,18.27,3.6925,3.6925,,Non calculable,0.0,2011-05,"Déprioriser, solder ou sortir du catalogue",0.0
35607B,BLACK FEATHER CHRISTMAS DECORATION,C,Dilemme,96.0,18.240000000000002,0.19,0.19,,Non calculable,0.0,2011-06,Tester visibilité ou promotion courte,0.0
72821,CUPID SCENTED CANDLE IN GLASS,C,Poids mort,11.0,18.15,1.65,1.65,,Non calculable,0.0,2011-02,"Déprioriser, solder ou sortir du catalogue",0.0
90060D,FIRE POLISHED GLASS NECKL BRONZE,C,Poids mort,3.0,17.85,5.95,5.95,,Non calculable,0.0,2010-12,"Déprioriser, solder ou sortir du catalogue",0.0
21661,VINTAGE GLASS TEA CADDY,C,Poids mort,3.0,17.85,5.95,5.95,,Non calculable,0.0,2011-02,"Déprioriser, solder ou sortir du catalogue",0.0
20935,ROUND CACTUS CANDLE,C,Poids mort,6.0,17.700000000000003,2.95,2.95,,Non calculable,0.0,2011-11,"Déprioriser, solder ou sortir du catalogue",0.0
90162A,ANT SILVER TURQUOISE BOUDICCA RING,C,Poids mort,6.0,17.700000000000003,2.95,2.95,,Non calculable,0.0,2011-11,"Déprioriser, solder ou sortir du catalogue",0.0
90027A,GLASS BEAD HOOP EARRINGS BLACK,C,Poids mort,6.0,17.66,2.936666666666667,2.936666666666667,,Non calculable,0.0,2010-12,"Déprioriser, solder ou sortir du catalogue",0.0
90179B,PURPLE FINE BEAD NECKLACE W TASSEL,C,Poids mort,3.0,17.59,5.863333333333333,5.863333333333333,,Non calculable,0.0,2011-12,"Déprioriser, solder ou sortir du catalogue",0.0
84596b,SMALL DOLLY MIX DESIGN ORANGE BOWL,C,Poids mort,7.0,17.57,2.51,2.51,,Non calculable,0.0,2010-12,"Déprioriser, solder ou sortir du catalogue",0.0
90011A,MIDNIGHT BLUE CRYSTAL DROP EARRINGS,C,Poids mort,6.0,17.509999999999998,2.918333333333333,2.918333333333333,,Non calculable,0.0,2011-11,"Déprioriser, solder ou sortir du catalogue",0.0
79331,PINK FLOCK GLASS CANDLEHOLDER,C,Poids mort,26.0,17.5,0.8033333333333333,0.8033333333333333,,Non calculable,0.0,2011-02,"Déprioriser, solder ou sortir du catalogue",0.0
90130A,WHITE STONE/CRYSTAL EARRINGS,C,Poids mort,6.0,17.5,2.9166666666666665,2.9166666666666665,,Non calculable,0.0,2011-11,"Déprioriser, solder ou sortir du catalogue",0.0
35597D,PINK/WHITE CHRISTMAS TREE 30CM,C,Poids mort,46.0,17.479999999999997,0.38,0.38,,Non calculable,0.0,2011-08,"Déprioriser, solder ou sortir du catalogue",0.0
23627,SET 10 CARDS XMAS GRAPHIC  17218,C,Poids mort,7.0,17.43,2.49,2.49,,Non calculable,0.0,2011-11,"Déprioriser, solder ou sortir du catalogue",0.0
20827,GOLD APERITIF GLASS,C,Poids mort,44.5,17.355,0.39,0.39,,Non calculable,0.0,2011-04,"Déprioriser, solder ou sortir du catalogue",0.0
90214Y,"LETTER ""Y"" BLING KEY RING",C,Dilemme,46.5,17.185,0.7525,0.7525,,Non calculable,0.0,2011-12,Tester visibilité ou promotion courte,0.0
37489D,PINK/GREEN FLOWER DESIGN BIG MUG,C,Dilemme,40.0,17.16,0.48176470588235293,0.48176470588235293,,Non calculable,0.0,2011-09,Tester visibilité ou promotion courte,0.0
35645,VINTAGE BEAD PINK JEWEL BOX,C,Poids mort,4.0,17.0,4.25,4.25,,Non calculable,0.0,2011-07,"Déprioriser, solder ou sortir du catalogue",0.0
47574B,ENGLISH ROSE SCENTED HANGING HEART,C,Poids mort,4.0,17.0,4.25,4.25,,Non calculable,0.0,2011-05,"Déprioriser, solder ou sortir du catalogue",0.0
44092C,PURPLE/COPPER HANGING LAMPSHADE,C,Dilemme,20.0,17.0,0.85,0.85,,Non calculable,0.0,2011-02,Tester visibilité ou promotion courte,0.0
85084,HOLLY TOP CHRISTMAS STOCKING,C,Poids mort,20.0,17.0,0.85,0.85,,Non calculable,0.0,2010-12,"Déprioriser, solder ou sortir du catalogue",0.0
85126,LARGE ROUND CUTGLASS CANDLESTICK,C,Poids mort,2.0,16.9,8.45,8.45,,Non calculable,0.5,2010-12,"Déprioriser, solder ou sortir du catalogue",0.0
84968B,SET OF 16 VINTAGE IVORY CUTLERY,C,Poids mort,2.0,16.9,8.45,8.45,,Non calculable,0.0,2011-03,"Déprioriser, solder ou sortir du catalogue",0.0
S,SAMPLES,C,Poids mort,2.0,16.9,8.45,8.45,,Non calculable,0.0,2011-04,"Déprioriser, solder ou sortir du catalogue",0.0
21595,Dad's Cab Electronic Meter,C,Poids mort,2.0,16.9,8.45,8.45,,Non calculable,0.0,2010-12,"Déprioriser, solder ou sortir du catalogue",0.0
20954,*USB Office Mirror Ball,C,Poids mort,2.0,16.9,8.45,8.45,,Non calculable,0.0,2010-12,"Déprioriser, solder ou sortir du catalogue",0.0
85035a,GARDENIA 3 WICK MORRIS BOXED CANDLE,C,Poids mort,2.0,16.9,8.45,8.45,,Non calculable,0.0,2010-12,"Déprioriser, solder ou sortir du catalogue",0.0
84873A,FUNKY FLOWER PICNIC BAG FOR 4,C,Poids mort,2.0,16.9,8.45,8.45,,Non calculable,0.0,2011-05,"Déprioriser, solder ou sortir du catalogue",0.0
90034,WHITE SILVER NECKLACE SHELL GLASS,C,Poids mort,2.0,16.9,8.45,8.45,,Non calculable,0.0,2010-12,"Déprioriser, solder ou sortir du catalogue",0.0
90026A,GLASS BEAD HOOP NECKLACE BLACK,C,Poids mort,2.0,16.9,8.45,8.45,,Non calculable,0.0,2011-06,"Déprioriser, solder ou sortir du catalogue",0.0
21681,GIANT MEDINA STAMPED METAL BOWL ,C,Poids mort,2.0,16.9,8.45,8.45,,Non calculable,0.0,2011-02,"Déprioriser, solder ou sortir du catalogue",0.0
21667,GLASS CAKE COVER AND PLATE,C,Poids mort,2.0,16.9,8.45,8.45,,Non calculable,1.0,2011-01,"Déprioriser, solder ou sortir du catalogue",0.0
84824,DANISH ROSE UMBRELLA STAND,C,Poids mort,2.0,16.9,8.45,8.45,,Non calculable,0.0,2011-06,"Déprioriser, solder ou sortir du catalogue",0.0
90035C,"PEARL & SHELL 42""NECKL. IVORY",C,Poids mort,2.0,16.9,8.45,8.45,,Non calculable,0.0,2011-05,"Déprioriser, solder ou sortir du catalogue",0.0
47570b,TEA TIME TABLE CLOTH,C,Poids mort,2.0,16.9,8.45,8.45,,Non calculable,0.0,2010-12,"Déprioriser, solder ou sortir du catalogue",0.0
21144,PINK POODLE HANGING DECORATION ,C,Poids mort,5.0,16.8,3.36,3.36,,Non calculable,2.4,2010-12,"Déprioriser, solder ou sortir du catalogue",0.0
37489B,BLUE/YELLOW FLOWER DESIGN BIG MUG,C,Poids mort,31.0,16.77,0.65,0.65,,Non calculable,0.0,2011-09,"Déprioriser, solder ou sortir du catalogue",0.0
90024D,NEW BAROQUE B'FLY NECKLACE PINK,C,Poids mort,2.0,16.77,8.385,8.385,,Non calculable,0.0,2011-04,"Déprioriser, solder ou sortir du catalogue",0.0
90024E,NEW BAROQUE B'FLY NECKLACE MONTANA,C,Poids mort,2.0,16.77,8.385,8.385,,Non calculable,0.0,2010-12,"Déprioriser, solder ou sortir du catalogue",0.0
23644,SET 10 CARDS CHRISTMAS TREE 16955,C,Poids mort,5.0,16.65,3.3299999999999996,3.3299999999999996,,Non calculable,0.0,2011-10,"Déprioriser, solder ou sortir du catalogue",0.0
85036a,GARDENIA 1 WICK MORRIS BOXED CANDLE,C,Poids mort,2.0,16.58,8.29,8.29,,Non calculable,0.0,2011-07,"Déprioriser, solder ou sortir du catalogue",0.0
90137,PINK COMBO MINI CRYSTALS NECKLACE,C,Poids mort,3.0,16.310000000000002,5.436666666666667,5.436666666666667,,Non calculable,0.0,2011-01,"Déprioriser, solder ou sortir du catalogue",0.0
35647,VINTAGE BEAD PINK SHADE ,C,Poids mort,13.0,16.25,1.25,1.25,,Non calculable,0.0,2011-01,"Déprioriser, solder ou sortir du catalogue",0.0
16248B,BLUE HOLE PUNCH,C,Dilemme,13.0,16.25,1.25,1.25,,Non calculable,0.0,2011-10,Tester visibilité ou promotion courte,0.0
90214V,"LETTER ""V"" BLING KEY RING",C,Dilemme,26.0,15.979999999999999,0.8542857142857142,0.8542857142857142,,Non calculable,0.0,2011-12,Tester visibilité ou promotion courte,0.0
72815,3 WICK CHRISTMAS BRIAR CANDLE ,C,Poids mort,3.0,15.95,6.1,6.1,,Non calculable,1.3333333333333333,2010-12,"Déprioriser, solder ou sortir du catalogue",0.0
85136B,BLUE SHARK HELICOPTER,C,Poids mort,2.0,15.9,7.95,7.95,,Non calculable,0.0,2010-12,"Déprioriser, solder ou sortir du catalogue",0.0
84795C,OCEAN STRIPE HAMMOCK ,C,Poids mort,2.0,15.9,7.95,7.95,,Non calculable,0.0,2011-01,"Déprioriser, solder ou sortir du catalogue",0.0
78034B,BLUE NETTING STORAGE HANGER,C,Dilemme,8.0,15.6,1.95,1.95,,Non calculable,0.0,2011-07,Tester visibilité ou promotion courte,0.0
20816,GOLD FLOWER CUSHION COVER ,C,Poids mort,8.0,15.6,1.95,1.95,,Non calculable,0.0,2011-04,"Déprioriser, solder ou sortir du catalogue",0.0
90214F,"LETTER ""F"" BLING KEY RING",C,Poids mort,27.0,15.429999999999998,0.7606666666666667,0.7606666666666667,,Non calculable,0.0,2011-12,"Déprioriser, solder ou sortir du catalogue",0.0
90132,LIGHT TOPAZ TEAL/AQUA COL NECKLACE,C,Poids mort,3.0,15.16,5.053333333333334,5.053333333333334,,Non calculable,0.0,2010-12,"Déprioriser, solder ou sortir du catalogue",0.0
72024U,LILAC VOTIVE CANDLE,C,Poids mort,72.0,15.120000000000001,0.21,0.21,,Non calculable,0.0,2011-04,"Déprioriser, solder ou sortir du catalogue",0.0
90140,PINK SWEETIE NECKLACE,C,Poids mort,2.0,15.120000000000001,7.5600000000000005,7.5600000000000005,,Non calculable,0.0,2010-12,"Déprioriser, solder ou sortir du catalogue",0.0
84660b,BLACK STITCHED WALL CLOCK,C,Poids mort,2.0,15.08,7.54,7.54,,Non calculable,0.0,2010-12,"Déprioriser, solder ou sortir du catalogue",0.0
35610A,PINK CHRISTMAS FLOCK DROPLET ,C,Poids mort,10.0,15.02,2.09,2.09,,Non calculable,0.0,2010-12,"Déprioriser, solder ou sortir du catalogue",0.0
90189A,SILVER 2 STRAND NECKLACE-LEAF CHARM,C,Poids mort,2.0,15.0,7.5,7.5,,Non calculable,0.0,2011-10,"Déprioriser, solder ou sortir du catalogue",0.0
90069,RUBY GLASS CLUSTER NECKLACE,C,Poids mort,2.0,15.0,7.5,7.5,,Non calculable,0.0,2011-11,"Déprioriser, solder ou sortir du catalogue",0.0
90078,PINK/WHITE GLASS DEMI CHOKER,C,Poids mort,2.0,15.0,7.5,7.5,,Non calculable,0.0,2010-12,"Déprioriser, solder ou sortir du catalogue",0.0
23449,SET OF 6 EASTER RAINBOW CHICKS,C,Poids mort,12.0,15.0,1.25,1.25,,Non calculable,0.0,2011-11,"Déprioriser, solder ou sortir du catalogue",0.0
84462,3 PINK HEN+CHICKS IN BASKET,C,Poids mort,12.0,15.0,1.25,1.25,,Non calculable,0.0,2011-01,"Déprioriser, solder ou sortir du catalogue",0.0
84705C,PINK FLOCK PHOTO FRAME ,C,Poids mort,12.0,15.0,1.25,1.25,,Non calculable,0.0,2011-05,"Déprioriser, solder ou sortir du catalogue",0.0
84415A,PINK FLOCK SUEDE CUSHION COVER ,C,Poids mort,12.0,15.0,1.25,1.25,,Non calculable,0.0,2011-06,"Déprioriser, solder ou sortir du catalogue",0.0
17191A,ROSE FLOWER CANDLE+INCENSE 16X16CM,C,Poids mort,4.0,15.0,3.75,3.75,,Non calculable,0.0,2011-11,"Déprioriser, solder ou sortir du catalogue",0.0
90025F,BAROQUE BUTTERFLY EARRINGS CRYSTAL,C,Poids mort,4.0,14.96,3.74,3.74,,Non calculable,0.0,2011-10,"Déprioriser, solder ou sortir du catalogue",0.0
23621,SET 10 CARDS DAVID'S MADONNA 17074,C,Poids mort,6.0,14.940000000000001,2.49,2.49,,Non calculable,0.0,2011-12,"Déprioriser, solder ou sortir du catalogue",0.0
84509g,SET OF 4 FAIRY CAKE PLACEMATS ,C,Poids mort,2.0,14.92,7.46,7.46,,Non calculable,0.0,2011-05,"Déprioriser, solder ou sortir du catalogue",0.0
90046,WHITE WITH METAL BAG CHARM,C,Poids mort,3.0,14.85,4.95,4.95,,Non calculable,0.0,2011-07,"Déprioriser, solder ou sortir du catalogue",0.0
85031C,CURIOUS IMAGES SCRAP BOOK SET,C,Poids mort,3.0,14.85,4.95,4.95,,Non calculable,0.0,2010-12,"Déprioriser, solder ou sortir du catalogue",0.0
90048,GREEN WITH METAL BAG CHARM,C,Poids mort,3.0,14.85,4.95,4.95,,Non calculable,0.0,2011-07,"Déprioriser, solder ou sortir du catalogue",0.0
84989A,75 GREEN FAIRY CAKE CASES,C,Poids mort,27.0,14.85,0.55,0.55,,Non calculable,0.0,2011-01,"Déprioriser, solder ou sortir du catalogue",0.0
84593,CROCHET ROSE DES CLOTHES HANGER,C,Poids mort,5.0,14.750000000000002,2.95,2.95,,Non calculable,0.0,2011-03,"Déprioriser, solder ou sortir du catalogue",0.0
23634,SET 10 CARDS XMAS CHOIR 17068,C,Poids mort,5.0,14.55,2.91,2.91,,Non calculable,0.0,2011-09,"Déprioriser, solder ou sortir du catalogue",0.0
90027C,GLASS BEAD HOOP EARRINGS GREEN,C,Poids mort,5.0,14.5,2.9,2.9,,Non calculable,0.0,2011-04,"Déprioriser, solder ou sortir du catalogue",0.0
90182B,AMETHYST 3 BEAD DROP EARRINGS,C,Dilemme,5.0,14.5,2.9,2.9,,Non calculable,0.0,2011-11,Tester visibilité ou promotion courte,0.0
16202B,PASTEL BLUE PHOTO ALBUM ,C,Poids mort,29.0,14.5,0.5,0.5,,Non calculable,0.0,2011-04,"Déprioriser, solder ou sortir du catalogue",0.0
23702,High Resolution Image,C,Poids mort,4.0,14.45,4.316666666666666,4.316666666666666,,Non calculable,0.0,2011-11,"Déprioriser, solder ou sortir du catalogue",0.0
37489A,YELLOW/PINK FLOWER DESIGN BIG MUG,C,Dilemme,33.0,14.43,0.494,0.494,,Non calculable,0.0,2011-09,Tester visibilité ou promotion courte,0.0
84856L,LARGE TAHITI BEACH BAG,C,Poids mort,2.0,14.399999999999999,7.199999999999999,7.199999999999999,,Non calculable,0.0,2010-12,"Déprioriser, solder ou sortir du catalogue",0.0
47593A,CAROUSEL PONIES BABY BIB,C,Poids mort,33.0,14.37,0.5853846153846154,0.5853846153846154,,Non calculable,0.0,2011-03,"Déprioriser, solder ou sortir du catalogue",0.0
90052,CRACKED GLAZE NECKLACE BROWN,C,Poids mort,2.0,14.14,7.07,7.07,,Non calculable,0.0,2011-08,"Déprioriser, solder ou sortir du catalogue",0.0
62043B,BLUE CHECK BAG W HANDLE 34X20CM,C,Poids mort,17.0,14.110000000000001,0.8299999999999998,0.8299999999999998,,Non calculable,0.058823529411764705,2011-05,"Déprioriser, solder ou sortir du catalogue",0.0
90089,PINK CRYSTAL SKULL PHONE CHARM,C,Dilemme,20.0,13.94,1.3166666666666667,1.3166666666666667,,Non calculable,0.0,2010-12,Tester visibilité ou promotion courte,0.0
16033,MINI HIGHLIGHTER PENS,C,Poids mort,114.0,13.68,0.12,0.12,,Non calculable,0.0,2010-12,"Déprioriser, solder ou sortir du catalogue",0.0
79336,LIGHT PINK FLOCK GLASS CANDLEHOLDER,C,Poids mort,36.0,13.679999999999998,0.38000000000000006,0.38000000000000006,,Non calculable,0.0,2011-08,"Déprioriser, solder ou sortir du catalogue",0.0
37489C,GREEN/BLUE FLOWER DESIGN BIG MUG,C,Poids mort,23.0,13.65,0.78,0.78,,Non calculable,0.0,2011-01,"Déprioriser, solder ou sortir du catalogue",0.0
85017A,ENVELOPE 50 ROMANTIC IMAGES,C,Poids mort,16.0,13.58,0.8477777777777777,0.8477777777777777,,Non calculable,0.0,2010-12,"Déprioriser, solder ou sortir du catalogue",0.0
90065B,BLACK VINT ART DEC CRYSTAL BRACELET,C,Poids mort,2.0,13.5,6.75,6.75,,Non calculable,0.0,2011-10,"Déprioriser, solder ou sortir du catalogue",0.0
90214T,"LETTER ""T"" BLING KEY RING",C,Dilemme,24.0,13.459999999999999,0.7827272727272727,0.7827272727272727,,Non calculable,0.0,2011-12,Tester visibilité ou promotion courte,0.0
84745A,PINK HANGING GINGHAM EASTER HEN,C,Poids mort,32.0,13.44,0.42000000000000004,0.42000000000000004,,Non calculable,0.0,2011-01,"Déprioriser, solder ou sortir du catalogue",0.0
84745B,BLUE HANGING GINGHAM EASTER HEN,C,Poids mort,32.0,13.44,0.42000000000000004,0.42000000000000004,,Non calculable,0.0,2011-01,"Déprioriser, solder ou sortir du catalogue",0.0
23639,SET 10 CARDS MAGICAL TREE 17086,C,Poids mort,4.0,13.32,3.33,3.33,,Non calculable,0.0,2011-11,"Déprioriser, solder ou sortir du catalogue",0.0
23607,SET 10 CARDS HATS & STOCKINGS 17081,C,Poids mort,8.0,13.28,1.66,1.66,,Non calculable,0.0,2011-11,"Déprioriser, solder ou sortir du catalogue",0.0
37491C,GREEN/BLUE CERAMIC CANDLE HOLDER,C,Poids mort,8.0,13.2,1.65,1.65,,Non calculable,0.0,2011-07,"Déprioriser, solder ou sortir du catalogue",0.0
84388,WISE MAN STAR SHAPE EGG PAN,C,Poids mort,24.0,13.139999999999999,1.02,1.02,,Non calculable,0.0,2011-04,"Déprioriser, solder ou sortir du catalogue",0.0
37462E,"PET MUG, GOLDFISH",C,Dilemme,36.0,13.1,0.6383333333333333,0.6383333333333333,,Non calculable,0.0,2010-12,Tester visibilité ou promotion courte,0.0
16162L,THE KING GIFT BAG,C,Dilemme,20.0,13.0,0.65,0.65,,Non calculable,0.0,2011-09,Tester visibilité ou promotion courte,0.0
47013C,WINE BOTTLE DRESSING DARK BLUE,C,Poids mort,52.0,12.97,0.43,0.43,,Non calculable,0.23076923076923078,2011-05,Vérifier qualité / description avant promotion,0.0
18097A,PINK TALL PORCELAIN T-LIGHT HOLDER ,C,Poids mort,5.0,12.75,2.55,2.55,,Non calculable,0.0,2011-03,"Déprioriser, solder ou sortir du catalogue",0.0
21895,POTTING SHED SOW 'N' GROW SET,C,Poids mort,2.0,12.7,6.35,6.35,,Non calculable,0.0,2010-12,"Déprioriser, solder ou sortir du catalogue",0.0
90042C,FRESHWATER PEARL BRACELET IVORY,C,Poids mort,5.0,12.7,2.54,2.54,,Non calculable,0.0,2011-01,"Déprioriser, solder ou sortir du catalogue",0.0
90055,CRACKED GLAZE EARRINGS BROWN,C,Dilemme,5.0,12.53,2.506,2.506,,Non calculable,0.0,2011-11,Tester visibilité ou promotion courte,0.0
90037C,TINY CRYSTAL BRACELET BLUE,C,Poids mort,5.0,12.52,2.504,2.504,,Non calculable,0.0,2011-01,"Déprioriser, solder ou sortir du catalogue",0.0
20671,BLUE TEATIME PRINT BOWL ,C,Poids mort,10.0,12.5,1.25,1.25,,Non calculable,0.0,2010-12,"Déprioriser, solder ou sortir du catalogue",0.0
23635,SET 10 CARDS CHRISTMAS HOLLY  17259,C,Poids mort,3.0,12.48,4.16,4.16,,Non calculable,0.0,2011-10,"Déprioriser, solder ou sortir du catalogue",0.0
23654,SET 10 CARD SNOWMAN 16965,C,Poids mort,5.0,12.450000000000001,2.49,2.49,,Non calculable,0.0,2011-11,"Déprioriser, solder ou sortir du catalogue",0.0
82613c,"METAL SIGN,CUPCAKE SINGLE HOOK",C,Dilemme,5.0,12.399999999999999,2.485,2.485,,Non calculable,0.0,2010-12,Tester visibilité ou promotion courte,0.0
79329,PINK FLOCK GLASS CANDLEHOLDER,C,Poids mort,12.0,12.18,1.015,1.015,,Non calculable,0.0,2010-12,"Déprioriser, solder ou sortir du catalogue",0.0
84016,FLAG OF ST GEORGE CAR FLAG,C,Dilemme,27.0,12.16,0.625,0.625,,Non calculable,0.0,2011-09,Tester visibilité ou promotion courte,0.0
84614A,PINK BAROQUE FLOCK CANDLE HOLDER,C,Poids mort,2.0,11.9,5.95,5.95,,Non calculable,0.0,2010-12,"Déprioriser, solder ou sortir du catalogue",0.0
84620,BLUE GINGHAM ROSE CUSHION COVER,C,Poids mort,2.0,11.9,5.95,5.95,,Non calculable,0.0,2010-12,"Déprioriser, solder ou sortir du catalogue",0.0
44092B,BLUE WHITE PLASTIC RINGS LAMPSHADE,C,Poids mort,14.0,11.899999999999999,0.85,0.85,,Non calculable,0.0,2011-02,"Déprioriser, solder ou sortir du catalogue",0.0
90214Z,"LETTER ""Z"" BLING KEY RING",C,Dilemme,22.0,11.84,0.7819999999999999,0.7819999999999999,,Non calculable,0.0,2011-12,Tester visibilité ou promotion courte,0.0
37444B,BLUE BREAKFAST CUP AND SAUCER ,C,Poids mort,4.0,11.8,2.9500000000000006,2.9500000000000006,,Non calculable,0.0,2010-12,"Déprioriser, solder ou sortir du catalogue",0.0
35818B,"ACRYLIC JEWEL ICICLE, BLUE",C,Poids mort,31.0,11.78,0.38000000000000006,0.38000000000000006,,Non calculable,0.0,2011-08,"Déprioriser, solder ou sortir du catalogue",0.0
16162M,THE KING GIFT BAG 25x24x12cm,C,Poids mort,28.0,11.76,0.42,0.42,,Non calculable,0.0,2011-09,"Déprioriser, solder ou sortir du catalogue",0.0
23605,SET 10 CARDS 12 DAYS OF XMAS 17059,C,Poids mort,4.0,11.64,2.91,2.91,,Non calculable,0.0,2011-10,"Déprioriser, solder ou sortir du catalogue",0.0
23608,SET 10 CARDS RUDOLPHS NOSE 17097,C,Poids mort,4.0,11.64,2.91,2.91,,Non calculable,0.0,2011-11,"Déprioriser, solder ou sortir du catalogue",0.0
85184c,SET 4 VALENTINE DECOUPAGE HEART BOX,C,Poids mort,2.0,11.58,5.79,5.79,,Non calculable,0.0,2011-08,"Déprioriser, solder ou sortir du catalogue",0.0
71050,SMALL SINGLE FLAME CANDLE HOLDER,C,Dilemme,33.0,11.55,0.3499999999999999,0.3499999999999999,,Non calculable,0.0,2011-11,Tester visibilité ou promotion courte,0.0
72798C,SET/4 GARDEN ROSE DINNER CANDLE,C,Poids mort,7.0,11.549999999999999,1.6499999999999997,1.6499999999999997,,Non calculable,0.0,2011-02,"Déprioriser, solder ou sortir du catalogue",0.0
90152B,BLUE/GREEN SHELL NECKLACE W PENDANT,C,Poids mort,2.0,11.46,5.73,5.73,,Non calculable,0.0,2010-12,"Déprioriser, solder ou sortir du catalogue",0.0
17164B,ASS COL SMALL SAND GECKO P'WEIGHT,C,Poids mort,27.0,11.34,0.42,0.42,,Non calculable,0.0,2011-01,"Déprioriser, solder ou sortir du catalogue",0.0
90025D,BAROQUE BUTTERFLY EARRINGS PINK,C,Poids mort,3.0,11.19,3.73,3.73,,Non calculable,0.0,2011-03,"Déprioriser, solder ou sortir du catalogue",0.0
84536a,ENGLISH ROSE NOTEBOOK A7 SIZE,C,Dilemme,14.0,11.060000000000002,0.79,0.79,,Non calculable,0.0,2011-11,Tester visibilité ou promotion courte,0.0
37488A,YELLOW PINK FLOWER DESIGN BIG BOWL,C,Poids mort,28.0,10.92,0.38999999999999996,0.38999999999999996,,Non calculable,0.0,2011-04,"Déprioriser, solder ou sortir du catalogue",0.0
79026B,"S/4 ICON COASTER,ELVIS LIVES",C,Poids mort,25.0,10.61,0.4855555555555556,0.4855555555555556,,Non calculable,0.0,2011-04,"Déprioriser, solder ou sortir du catalogue",0.0
37487B,YELLOW/ORANGE FLOWER DESIGN PLATE,C,Poids mort,36.5,10.584999999999999,0.29,0.29,,Non calculable,0.0,2011-04,"Déprioriser, solder ou sortir du catalogue",0.0
16169N,WRAP BLUE RUSSIAN FOLKART,C,Poids mort,25.0,10.5,0.42,0.42,,Non calculable,0.0,2010-12,"Déprioriser, solder ou sortir du catalogue",0.0
16161M,WRAP  PINK FLOCK,C,Poids mort,25.0,10.5,0.42,0.42,,Non calculable,0.0,2010-12,"Déprioriser, solder ou sortir du catalogue",0.0
35966,FOLKART CHRISTMAS TREE T-LIGHT HOLD,C,Poids mort,27.0,10.260000000000002,0.38,0.38,,Non calculable,0.0,2011-08,"Déprioriser, solder ou sortir du catalogue",0.0
40005B,BLUE ORGANDY ROUND LAMPSHADE W BEA,C,Dilemme,12.0,10.2,0.85,0.85,,Non calculable,0.0,2011-11,Tester visibilité ou promotion courte,0.0
85109,PINK BOUDOIR T-LIGHT HOLDER,C,Poids mort,12.0,10.2,0.85,0.85,,Non calculable,0.0,2010-12,"Déprioriser, solder ou sortir du catalogue",0.0
35958,FOLKART ZINC STAR CHRISTMAS DEC,C,Poids mort,12.0,10.2,0.85,0.85,,Non calculable,0.0,2010-12,"Déprioriser, solder ou sortir du catalogue",0.0
44089C,LILAC GAUZE BUTTERFLY LAMPSHADE,C,Dilemme,24.0,10.08,0.42,0.42,,Non calculable,0.0,2011-06,Tester visibilité ou promotion courte,0.0
90053,CRACKED GLAZE EARRINGS IVORY,C,Poids mort,4.0,9.99,2.4975,2.4975,,Non calculable,0.0,2010-12,"Déprioriser, solder ou sortir du catalogue",0.0
23615,SET 10 CARDS PRINTED GRAPHIC 17219,C,Poids mort,4.0,9.96,2.49,2.49,,Non calculable,0.0,2011-11,"Déprioriser, solder ou sortir du catalogue",0.0
23619,SET 10 CARDS POINSETTIA 17093,C,Poids mort,4.0,9.96,2.49,2.49,,Non calculable,0.0,2011-10,"Déprioriser, solder ou sortir du catalogue",0.0
23624,SET 10 CARD PERFECT NATIVITY 17089,C,Poids mort,4.0,9.96,2.49,2.49,,Non calculable,0.0,2011-11,"Déprioriser, solder ou sortir du catalogue",0.0
23650,SET 10 CARDS FILIGREE BAUBLE 16961,C,Poids mort,4.0,9.96,2.49,2.49,,Non calculable,0.0,2011-11,"Déprioriser, solder ou sortir du catalogue",0.0
84689,S/2 BEACH HUT TREASURE CHESTS,C,Poids mort,3.0,9.95,3.975,3.975,,Non calculable,0.0,2011-04,"Déprioriser, solder ou sortir du catalogue",0.0
DCGS0003,BOXED GLASS ASHTRAY,C,Poids mort,4.0,9.94,2.485,2.485,,Non calculable,0.0,2010-12,"Déprioriser, solder ou sortir du catalogue",0.0
82613b,"METAL SIGN,CUPCAKE SINGLE HOOK",C,Poids mort,4.0,9.94,2.485,2.485,,Non calculable,0.0,2010-12,"Déprioriser, solder ou sortir du catalogue",0.0
37491D,PURPLE/BLUE CERAMIC CANDLE HOLDER,C,Poids mort,4.0,9.879999999999999,2.4699999999999998,2.4699999999999998,,Non calculable,0.0,2011-02,"Déprioriser, solder ou sortir du catalogue",0.0
85231g,ORANGE SCENTED SET/9 T-LIGHTS,C,Poids mort,6.0,9.78,1.63,1.63,,Non calculable,0.0,2011-01,"Déprioriser, solder ou sortir du catalogue",0.0
44242A,LILAC FEATHERS CURTAIN,C,Poids mort,12.0,9.48,0.79,0.79,,Non calculable,0.0,2011-07,"Déprioriser, solder ou sortir du catalogue",0.0
23441,HAND PAINTED HANGING EASTER EGG,C,Poids mort,22.0,9.24,0.42,0.42,,Non calculable,0.0,2011-11,"Déprioriser, solder ou sortir du catalogue",0.0
35809B,ENAMEL BLUE RIM TEA CONTAINER,C,Poids mort,8.0,9.18,1.6766666666666667,1.6766666666666667,,Non calculable,0.0,2011-04,"Déprioriser, solder ou sortir du catalogue",0.0
37351,ORANGE FLOWER MUG ,C,Poids mort,10.0,9.06,0.8200000000000001,0.8200000000000001,,Non calculable,0.0,2011-01,"Déprioriser, solder ou sortir du catalogue",0.0
84773,RED ROSE AND LACE C/COVER,C,Poids mort,3.0,8.850000000000001,2.95,2.95,,Non calculable,0.0,2010-12,"Déprioriser, solder ou sortir du catalogue",0.0
20906,VINTAGE NOTEBOOK BEAUTY GIRL,C,Poids mort,3.0,8.850000000000001,2.95,2.95,,Non calculable,0.0,2011-04,"Déprioriser, solder ou sortir du catalogue",0.0
45013,FOLDING SHOE TIDY,C,Poids mort,3.0,8.850000000000001,2.95,2.95,,Non calculable,0.0,2011-02,"Déprioriser, solder ou sortir du catalogue",0.0
90077,BLACK DIAMOND CLUSTER EARRINGS,C,Poids mort,3.0,8.82,2.94,2.94,,Non calculable,0.0,2010-12,"Déprioriser, solder ou sortir du catalogue",0.0
90027B,GLASS BEAD HOOP EARRINGS MONTANA,C,Poids mort,3.0,8.76,2.92,2.92,,Non calculable,0.0,2010-12,"Déprioriser, solder ou sortir du catalogue",0.0
90011E,AMBER CRYSTAL DROP EARRINGS,C,Dilemme,3.0,8.76,2.92,2.92,,Non calculable,0.0,2011-01,Tester visibilité ou promotion courte,0.0
90011D,PURPLE CRYSTAL DROP EARRINGS,C,Poids mort,3.0,8.76,2.92,2.92,,Non calculable,0.0,2010-12,"Déprioriser, solder ou sortir du catalogue",0.0
16206B,RED PURSE WITH PINK HEART,C,Poids mort,7.0,8.75,1.25,1.25,,Non calculable,0.0,2011-01,"Déprioriser, solder ou sortir du catalogue",0.0
90130D,RED STONE/CRYSTAL EARRINGS,C,Dilemme,3.0,8.7,2.9,2.9,,Non calculable,0.0,2011-11,Tester visibilité ou promotion courte,0.0
81950V,FLOWER PURPLE CLOCK WITH SUCKER,C,Dilemme,20.0,8.6,0.57,0.57,,Non calculable,0.0,2011-07,Tester visibilité ou promotion courte,0.0
84732B,CUTE BIRD CEATURE SCREEN,C,Poids mort,22.0,8.58,0.39,0.39,,Non calculable,0.0,2011-08,"Déprioriser, solder ou sortir du catalogue",0.0
44265,M/COLOUR POM-POM CURTAIN,C,Poids mort,2.0,8.5,4.25,4.25,,Non calculable,0.0,2011-02,"Déprioriser, solder ou sortir du catalogue",0.0
90167,BEADED LOVE HEART JEWELLERY SET,C,Poids mort,10.0,8.5,0.85,0.85,,Non calculable,0.0,2010-12,"Déprioriser, solder ou sortir du catalogue",0.0
90102,WHITE FRANGIPANI HAIR CLIP,C,Poids mort,10.0,8.5,0.85,0.85,,Non calculable,0.0,2011-06,"Déprioriser, solder ou sortir du catalogue",0.0
90184c,BLACK CHUNKY BEAD BRACELET W STRAP,C,Poids mort,1.0,8.45,8.45,8.45,,Non calculable,0.0,2011-10,"Déprioriser, solder ou sortir du catalogue",0.0
21310,CAPIZ CHANDELIER,C,Poids mort,1.0,8.45,8.45,8.45,,Non calculable,0.0,2011-05,"Déprioriser, solder ou sortir du catalogue",0.0
90181C,BLACK GLASS/SHELL/PEARL NECKLACE,C,Poids mort,1.0,8.45,8.45,8.45,,Non calculable,0.0,2011-04,"Déprioriser, solder ou sortir du catalogue",0.0
B,Adjust bad debt,C,Poids mort,1.0,8.45,8.45,8.45,,Non calculable,0.0,2011-08,"Déprioriser, solder ou sortir du catalogue",0.0
85160a,WHITE BIRD GARDEN DESIGN MUG,C,Poids mort,1.0,8.45,8.45,8.45,,Non calculable,0.0,2010-12,"Déprioriser, solder ou sortir du catalogue",0.0
90020,FILIGREE DIAMANTE CHAIN,C,Poids mort,1.0,8.45,8.45,8.45,,Non calculable,0.0,2011-08,"Déprioriser, solder ou sortir du catalogue",0.0
84031b,CHARLIE LOLA BLUE HOT WATER BOTTLE ,C,Poids mort,1.0,8.45,8.45,8.45,,Non calculable,0.0,2011-10,"Déprioriser, solder ou sortir du catalogue",0.0
DCGS0004,HAYNES CAMPER SHOULDER BAG,C,Poids mort,1.0,8.45,8.45,8.45,,Non calculable,0.0,2011-04,"Déprioriser, solder ou sortir du catalogue",0.0
DCGS0070,CAMOUFLAGE DOG COLLAR,C,Poids mort,1.0,8.45,8.45,8.45,,Non calculable,0.0,2010-12,"Déprioriser, solder ou sortir du catalogue",0.0
DCGS0069,OOH LA LA DOGS COLLAR,C,Poids mort,1.0,8.45,8.45,8.45,,Non calculable,0.0,2011-01,"Déprioriser, solder ou sortir du catalogue",0.0
22016,Dotcomgiftshop Gift Voucher £100.00,C,Poids mort,1.0,8.45,8.45,8.45,,Non calculable,0.0,2011-08,"Déprioriser, solder ou sortir du catalogue",0.0
72803b,OCEAN SCENT CANDLE JEWELLED DRAWER,C,Poids mort,1.0,8.45,8.45,8.45,,Non calculable,0.0,2010-12,"Déprioriser, solder ou sortir du catalogue",0.0
84975,HEART SHAPED MIRROR,C,Poids mort,5.0,8.45,1.69,1.69,,Non calculable,0.0,2010-12,"Déprioriser, solder ou sortir du catalogue",0.0
84968f,SET OF 16 VINTAGE SKY BLUE CUTLERY,C,Poids mort,1.0,8.45,8.45,8.45,,Non calculable,0.0,2010-12,"Déprioriser, solder ou sortir du catalogue",0.0
21120,*Boombox Ipod Classic,C,Poids mort,1.0,8.45,8.45,8.45,,Non calculable,0.0,2010-12,"Déprioriser, solder ou sortir du catalogue",0.0
90178B,PURPLE CHUNKY GLASS+BEAD NECKLACE,C,Poids mort,1.0,8.45,8.45,8.45,,Non calculable,0.0,2010-12,"Déprioriser, solder ou sortir du catalogue",0.0
37474,SET/4 2 TONE EGG SHAPE MIXING BOWLS,C,Poids mort,1.0,8.45,8.45,8.45,,Non calculable,0.0,2010-12,"Déprioriser, solder ou sortir du catalogue",0.0
21410,COUNTRY COTTAGE  DOORSTOP GREEN,C,Poids mort,1.0,8.45,8.45,8.45,,Non calculable,0.0,2010-12,"Déprioriser, solder ou sortir du catalogue",0.0
90021,LASER CUT MULTI STRAND NECKLACE,C,Poids mort,1.0,8.45,8.45,8.45,,Non calculable,0.0,2011-04,"Déprioriser, solder ou sortir du catalogue",0.0
85035c,ROSE 3 WICK MORRIS BOX CANDLE,C,Poids mort,1.0,8.45,8.45,8.45,,Non calculable,0.0,2010-12,"Déprioriser, solder ou sortir du catalogue",0.0
85035b,CHOCOLATE 3 WICK MORRIS BOX CANDLE,C,Poids mort,1.0,8.45,8.45,8.45,,Non calculable,0.0,2010-12,"Déprioriser, solder ou sortir du catalogue",0.0
84031a,CHARLIE+LOLA RED HOT WATER BOTTLE ,C,Poids mort,1.0,8.45,8.45,8.45,,Non calculable,0.0,2011-10,"Déprioriser, solder ou sortir du catalogue",0.0
85036b,CHOCOLATE 1 WICK MORRIS BOX CANDLE,C,Poids mort,1.0,8.45,8.45,8.45,,Non calculable,0.0,2010-12,"Déprioriser, solder ou sortir du catalogue",0.0
20871,OPULENT VELVET SET/3 CANDLES,C,Poids mort,2.0,8.42,4.21,4.21,,Non calculable,0.0,2010-12,"Déprioriser, solder ou sortir du catalogue",0.0
21594,Dr. Jam's Arouzer Stress Ball,C,Poids mort,2.0,8.34,4.17,4.17,,Non calculable,0.0,2010-12,"Déprioriser, solder ou sortir du catalogue",0.0
23612,SET 10 MINICARDS CUTE SNOWMAN 17071,C,Poids mort,5.0,8.299999999999999,1.66,1.66,,Non calculable,0.0,2011-11,"Déprioriser, solder ou sortir du catalogue",0.0
72802c,VANILLA SCENT CANDLE JEWELLED BOX,C,Poids mort,1.0,8.29,8.29,8.29,,Non calculable,0.0,2011-11,"Déprioriser, solder ou sortir du catalogue",0.0
85034b,3 WHITE CHOC MORRIS BOXED CANDLES,C,Poids mort,1.0,8.29,8.29,8.29,,Non calculable,0.0,2011-11,"Déprioriser, solder ou sortir du catalogue",0.0
17001,HEAVENS SCENT FRAGRANCE OILS ASSTD,C,Poids mort,28.5,8.264999999999999,0.29,0.29,,Non calculable,0.0,2011-02,"Déprioriser, solder ou sortir du catalogue",0.0
84924F,PSYCHEDELIC METAL SIGN CALENDAR,C,Poids mort,10.0,7.9,0.79,0.79,,Non calculable,0.0,2011-07,"Déprioriser, solder ou sortir du catalogue",0.0
16244B,MAXWELL 2 TONE BLUE 60 PAGE PHOTO A,C,Poids mort,7.0,7.85,1.225,1.225,,Non calculable,0.0,2011-05,"Déprioriser, solder ou sortir du catalogue",0.0
35607A,PINK FLUFFY CHRISTMAS DECORATION,C,Poids mort,26.0,7.82,0.9099999999999999,0.9099999999999999,,Non calculable,0.0,2010-12,"Déprioriser, solder ou sortir du catalogue",0.0
90042A,FRESHWATER PEARL BRACELET GOLD,C,Poids mort,3.0,7.6499999999999995,2.55,2.55,,Non calculable,0.0,2011-04,"Déprioriser, solder ou sortir du catalogue",0.0
85189,HANGING BUTTERFLY  EGG,C,Poids mort,9.0,7.6499999999999995,0.85,0.85,,Non calculable,0.0,2011-01,"Déprioriser, solder ou sortir du catalogue",0.0
79149B,SILICON STAR BULB  BLUE,C,Dilemme,18.0,7.56,0.42,0.42,,Non calculable,0.0,2011-11,Tester visibilité ou promotion courte,0.0
90068,"RUBY GLASS NECKLACE 42""",C,Poids mort,1.0,7.5,7.5,7.5,,Non calculable,0.0,2011-03,"Déprioriser, solder ou sortir du catalogue",0.0
85160A,WHITE BIRD GARDEN DESIGN MUG,C,Poids mort,6.0,7.5,1.25,1.25,,Non calculable,0.0,2011-01,"Déprioriser, solder ou sortir du catalogue",0.0
90025A,BAROQUE BUTTERFLY EARRINGS BLACK,C,Poids mort,2.0,7.5,3.75,3.75,,Non calculable,0.0,2011-04,"Déprioriser, solder ou sortir du catalogue",0.0
21827,EIGHT PIECE CREEPY CRAWLIE SET,C,Poids mort,6.0,7.5,1.25,1.25,,Non calculable,0.0,2010-12,"Déprioriser, solder ou sortir du catalogue",0.0
37379A,PINK CHERRY BLOSSOM CUP & SAUCER,C,Poids mort,6.0,7.5,1.25,1.25,,Non calculable,0.0,2011-01,"Déprioriser, solder ou sortir du catalogue",0.0
16202E,BLACK PHOTO ALBUM ,C,Poids mort,15.0,7.5,0.5,0.5,,Non calculable,0.06666666666666667,2011-04,"Déprioriser, solder ou sortir du catalogue",0.0
23633,SET 10 CARDS WORLD CHILDREN 17067,C,Poids mort,3.0,7.470000000000001,2.49,2.49,,Non calculable,0.0,2011-11,"Déprioriser, solder ou sortir du catalogue",0.0
62097B,BLUE STRIPES SHOULDER BAG,C,Poids mort,9.0,7.470000000000001,0.83,0.83,,Non calculable,0.0,2011-04,"Déprioriser, solder ou sortir du catalogue",0.0
90128A,PINK LEAVES AND BEADS PHONE CHARM,C,Dilemme,3.0,7.43,2.485,2.485,,Non calculable,0.0,2011-07,Tester visibilité ou promotion courte,0.0
84596g,SMALL CHOCOLATES PINK BOWL,C,Poids mort,3.0,7.38,2.46,2.46,,Non calculable,0.0,2011-02,"Déprioriser, solder ou sortir du catalogue",0.0
71496B,A4 WALL TIDY RED FLOWERS,C,Dilemme,13.0,7.37,0.56,0.56,,Non calculable,0.0,2011-10,Tester visibilité ou promotion courte,0.0
10124G,ARMY CAMO BOOKCOVER TAPE,C,Poids mort,17.0,7.14,0.42,0.42,,Non calculable,0.0,2010-12,"Déprioriser, solder ou sortir du catalogue",0.0
90214O,"LETTER ""O"" BLING KEY RING",C,Dilemme,16.0,6.819999999999999,0.726,0.726,,Non calculable,0.0,2011-12,Tester visibilité ou promotion courte,0.0
90214W,"LETTER ""W"" BLING KEY RING",C,Dilemme,16.0,6.819999999999999,0.726,0.726,,Non calculable,0.0,2011-12,Tester visibilité ou promotion courte,0.0
35443,RASTA IN BATH W SPLIFF ASHTRAY,C,Dilemme,8.0,6.8,0.85,0.85,,Non calculable,0.0,2011-11,Tester visibilité ou promotion courte,0.0
84802B,PURPLE ANEMONE ARTIFICIAL FLOWER,C,Poids mort,4.0,6.76,1.69,1.69,,Non calculable,0.0,2011-03,"Déprioriser, solder ou sortir du catalogue",0.0
62074B,ELEPHANT CLIP W SUCTION CUP,C,Poids mort,16.0,6.72,0.42,0.42,,Non calculable,0.0,2011-01,"Déprioriser, solder ou sortir du catalogue",0.0
21186,WHITE DOVE HONEYCOMB PAPER GARLAND,C,Poids mort,2.0,6.72,3.36,3.36,,Non calculable,0.0,2010-12,"Déprioriser, solder ou sortir du catalogue",0.0
35833G,4 GOLD FLOCK CHRISTMAS BALLS,C,Poids mort,2.0,6.72,3.36,3.36,,Non calculable,0.0,2010-12,"Déprioriser, solder ou sortir du catalogue",0.0
10124A,SPOTS ON RED BOOKCOVER TAPE,C,Poids mort,16.0,6.72,0.42000000000000004,0.42000000000000004,,Non calculable,0.0,2011-03,"Déprioriser, solder ou sortir du catalogue",0.0
23604,SET 10 MINI SANTA & SNOWMAN  17087,C,Poids mort,4.0,6.640000000000001,1.66,1.66,,Non calculable,0.0,2011-10,"Déprioriser, solder ou sortir du catalogue",0.0
37491B,BLUE/YELLOW CERAMIC CANDLE HOLDER,C,Poids mort,4.0,6.6,1.65,1.65,,Non calculable,0.0,2011-07,"Déprioriser, solder ou sortir du catalogue",0.0
20678,LARGE BLACK DIAMANTE HAIRSLIDE,C,Poids mort,4.0,6.6,1.65,1.65,,Non calculable,0.0,2011-09,"Déprioriser, solder ou sortir du catalogue",0.0
90126C,AMBER BERTIE MOBILE PHONE CHARM,C,Poids mort,2.0,6.58,3.29,3.29,,Non calculable,0.0,2011-07,"Déprioriser, solder ou sortir du catalogue",0.0
85224,ASSORTED COLOUR SILK GLASSES CASE,C,Poids mort,3.0,6.300000000000001,2.1,2.1,,Non calculable,0.0,2011-03,"Déprioriser, solder ou sortir du catalogue",0.0
44089A,PINK GAUZE BUTTERFLY LAMPSHADE,C,Dilemme,15.0,6.3,0.42,0.42,,Non calculable,0.0,2011-11,Tester visibilité ou promotion courte,0.0
16043,POP ART PUSH DOWN RUBBER ,C,Poids mort,52.5,6.3,0.12,0.12,,Non calculable,0.0,2011-06,"Déprioriser, solder ou sortir du catalogue",0.0
85225,BLING KEY RING STAND,C,Dilemme,6.0,6.25,1.0833333333333333,1.0833333333333333,,Non calculable,0.0,2011-12,Tester visibilité ou promotion courte,0.0
21228,"POCKET MIRROR ""GLAMOROUS""",C,Poids mort,5.0,6.25,1.25,1.25,,Non calculable,0.0,2011-03,"Déprioriser, solder ou sortir du catalogue",0.0
35591T,TURQUOISE CHRISTMAS TREE ,C,Poids mort,5.0,6.25,1.25,1.25,,Non calculable,0.0,2010-12,"Déprioriser, solder ou sortir du catalogue",0.0
23610,SET 10 CARDS CHRISTMAS ROBIN 17095,C,Poids mort,3.0,6.24,2.08,2.08,,Non calculable,0.0,2011-09,"Déprioriser, solder ou sortir du catalogue",0.0
90060B,FIRE POLISHED GLASS NECKL GOLD,C,Poids mort,1.0,5.95,5.95,5.95,,Non calculable,0.0,2010-12,"Déprioriser, solder ou sortir du catalogue",0.0
90152C,BLUE/NAT SHELL NECKLACE W PENDANT,C,Poids mort,1.0,5.95,5.95,5.95,,Non calculable,0.0,2011-02,"Déprioriser, solder ou sortir du catalogue",0.0
84499,BLACK FLOWER CANDLE PLATE,C,Poids mort,7.0,5.949999999999999,0.85,0.85,,Non calculable,0.0,2011-01,"Déprioriser, solder ou sortir du catalogue",0.0
79161A,ST GEORGE SET OF 10 PARTY LIGHTS,C,Poids mort,2.0,5.9,2.95,2.95,,Non calculable,0.0,2011-11,"Déprioriser, solder ou sortir du catalogue",0.0
35598C,WHITE CHRISTMAS TREE 60CM,C,Poids mort,2.0,5.9,2.95,2.95,,Non calculable,0.0,2011-11,"Déprioriser, solder ou sortir du catalogue",0.0
23617,SET 10 CARDS SWIRLY XMAS TREE 17104,C,Poids mort,2.0,5.82,2.91,2.91,,Non calculable,0.0,2011-11,"Déprioriser, solder ou sortir du catalogue",0.0
23638,SET 10 CARDS ROBIN WATERPUMP  17096,C,Poids mort,2.0,5.82,2.91,2.91,,Non calculable,0.0,2011-09,"Déprioriser, solder ou sortir du catalogue",0.0
23652,SET 10 CARD CHRISTMAS STAMPS 16963,C,Poids mort,2.0,5.82,2.91,2.91,,Non calculable,0.0,2011-11,"Déprioriser, solder ou sortir du catalogue",0.0
90011C,GREEN CRYSTAL DROP EARRINGS,C,Poids mort,2.0,5.8,2.9,2.9,,Non calculable,0.0,2011-07,"Déprioriser, solder ou sortir du catalogue",0.0
90067B,BROWN VINTAGE VICTORIAN EARRINGS,C,Poids mort,2.0,5.8,2.9,2.9,,Non calculable,0.0,2011-07,"Déprioriser, solder ou sortir du catalogue",0.0
23630,SET 10 CARDS HANGING BAUBLES 17080,C,Poids mort,2.0,5.48,2.74,2.74,,Non calculable,0.5,2011-09,"Déprioriser, solder ou sortir du catalogue",0.0
35004P,SET OF 3 PINK FLYING DUCKS,C,Poids mort,1.0,5.45,5.45,5.45,,Non calculable,0.0,2010-12,"Déprioriser, solder ou sortir du catalogue",0.0
21839,MUMMY MOUSE RED GINGHAM RIBBON,C,Poids mort,1.0,5.45,5.45,5.45,,Non calculable,0.0,2011-03,"Déprioriser, solder ou sortir du catalogue",0.0
81953P,ROUND ARTICULATED PINK CLOCK W/SUCK,C,Poids mort,28.0,5.32,0.19000000000000003,0.19000000000000003,,Non calculable,0.0,2011-07,"Déprioriser, solder ou sortir du catalogue",0.0
37509,NEW ENGLAND MUG W GIFT BOX,C,Poids mort,2.0,5.1,2.55,2.55,,Non calculable,0.0,2010-12,"Déprioriser, solder ou sortir du catalogue",0.0
20964,POLYESTER FILLER PAD 60x40cm,C,Poids mort,2.0,5.1,2.55,2.55,,Non calculable,0.0,2011-05,"Déprioriser, solder ou sortir du catalogue",0.0
90142A,GREEN PENDANT SHELL NECKLACE,C,Poids mort,1.0,5.09,5.09,5.09,,Non calculable,0.0,2010-12,"Déprioriser, solder ou sortir du catalogue",0.0
84803A,PINK ALLIUM  ARTIFICIAL FLOWER,C,Poids mort,3.0,5.07,1.69,1.69,,Non calculable,0.0,2011-02,"Déprioriser, solder ou sortir du catalogue",0.0
22034,ROBIN CHRISTMAS CARD,C,Poids mort,10.0,5.02,0.625,0.625,,Non calculable,1.2,2010-12,"Déprioriser, solder ou sortir du catalogue",0.0
90135A,ORANGE/FUSCHIA STONES NECKLACE,C,Poids mort,1.0,4.98,4.98,4.98,,Non calculable,0.0,2011-04,"Déprioriser, solder ou sortir du catalogue",0.0
23649,SET 10 CARDS DECK THE HALLS 16960,C,Poids mort,2.0,4.98,2.49,2.49,,Non calculable,0.0,2011-11,"Déprioriser, solder ou sortir du catalogue",0.0
47593b,SCOTTIE DOGS BABY BIB,C,Poids mort,6.0,4.98,0.83,0.83,,Non calculable,0.0,2011-10,"Déprioriser, solder ou sortir du catalogue",0.0
90128C,GREEN LEAVES AND BEADS PHONE CHARM,C,Poids mort,2.0,4.97,2.485,2.485,,Non calculable,0.0,2010-12,"Déprioriser, solder ou sortir du catalogue",0.0
90128D,PURPLE LEAVES AND BEADS PHONE CHAR,C,Poids mort,2.0,4.97,2.485,2.485,,Non calculable,0.0,2010-12,"Déprioriser, solder ou sortir du catalogue",0.0
84661b,BLACK SQUARE TABLE CLOCK,C,Poids mort,1.0,4.96,4.96,4.96,,Non calculable,0.0,2011-10,"Déprioriser, solder ou sortir du catalogue",0.0
84661a,WHITE SQUARE TABLE CLOCK,C,Poids mort,1.0,4.96,4.96,4.96,,Non calculable,0.0,2011-05,"Déprioriser, solder ou sortir du catalogue",0.0
85031B,BLOSSOM IMAGES SCRAP BOOK SET,C,Poids mort,1.0,4.95,4.95,4.95,,Non calculable,0.0,2010-12,"Déprioriser, solder ou sortir du catalogue",0.0
35650,VINTAGE BEAD PINK JEWEL STAND,C,Poids mort,1.0,4.95,4.95,4.95,,Non calculable,0.0,2011-08,"Déprioriser, solder ou sortir du catalogue",0.0
90081B,LILY BROOCH WHITE/SILVER COLOUR,C,Poids mort,1.0,4.95,4.95,4.95,,Non calculable,0.0,2011-05,"Déprioriser, solder ou sortir du catalogue",0.0
85049d,BRIGHT BLUES RIBBONS ,C,Poids mort,2.0,4.92,2.46,2.46,,Non calculable,0.0,2011-03,"Déprioriser, solder ou sortir du catalogue",0.0
85231b,CINAMMON SET OF 9 T-LIGHTS,C,Poids mort,3.0,4.92,1.64,1.64,,Non calculable,0.0,2010-12,"Déprioriser, solder ou sortir du catalogue",0.0
90127A,PINK BEADS+HAND PHONE CHARM,C,Poids mort,2.0,4.92,2.46,2.46,,Non calculable,0.0,2011-07,"Déprioriser, solder ou sortir du catalogue",0.0
84971l,LARGE HEART FLOWERS HOOK   ,C,Poids mort,2.0,4.92,2.46,2.46,,Non calculable,0.0,2011-11,"Déprioriser, solder ou sortir du catalogue",0.0
85049b,LUSH GREENS RIBBONS,C,Poids mort,2.0,4.92,2.46,2.46,,Non calculable,0.0,2011-03,"Déprioriser, solder ou sortir du catalogue",0.0
84613C,BLUE NEW BAROQUE FLOCK CANDLESTICK,C,Poids mort,1.0,4.65,4.65,4.65,,Non calculable,0.0,2010-12,"Déprioriser, solder ou sortir du catalogue",0.0
79151B,"SILICON CUBE 25W, BLUE",C,Dilemme,11.0,4.62,0.42,0.42,,Non calculable,0.0,2011-11,Tester visibilité ou promotion courte,0.0
71215,METAL BASE FOR CANDLES,C,Poids mort,11.0,4.62,0.42,0.42,,Non calculable,0.0,2011-05,"Déprioriser, solder ou sortir du catalogue",0.0
84206A,3 BLACK CATS W HEARTS BLANK CARD,C,Poids mort,24.0,4.56,0.19000000000000003,0.19000000000000003,,Non calculable,0.0,2011-11,"Déprioriser, solder ou sortir du catalogue",0.0
84732D,CUTE RABBIT CEATURE SCREEN ,C,Poids mort,11.0,4.29,0.39,0.39,,Non calculable,0.0,2011-08,"Déprioriser, solder ou sortir du catalogue",0.0
20703,BLUE PADDED SOFT MOBILE,C,Poids mort,1.0,4.25,4.25,4.25,,Non calculable,7.0,2011-04,"Déprioriser, solder ou sortir du catalogue",0.0
22218,CAKE STAND LACE WHITE,C,Poids mort,1.0,4.25,4.25,4.25,,Non calculable,0.0,2010-12,"Déprioriser, solder ou sortir du catalogue",0.0
79157V,UBO-LIGHT TRIOBASE PURPLE,C,Poids mort,5.0,4.25,0.85,0.85,,Non calculable,0.0,2011-10,"Déprioriser, solder ou sortir du catalogue",0.0
47016,LIGHT DECORATION BATTERY OPERATED,C,Poids mort,2.0,4.2,2.1,2.1,,Non calculable,0.0,2011-11,"Déprioriser, solder ou sortir du catalogue",0.0
20861,GOLD COSMETIC BAG PINK STAR,C,Poids mort,2.0,4.2,2.1,2.1,,Non calculable,0.0,2010-12,"Déprioriser, solder ou sortir du catalogue",0.0
22206,"MUG , DOTCOMGIFTSHOP.COM ",C,Dilemme,5.0,4.17,0.834,0.834,,Non calculable,0.0,2010-12,Tester visibilité ou promotion courte,0.0
47591b,SCOTTIES CHILDRENS APRON,C,Poids mort,1.0,4.13,4.13,4.13,,Non calculable,0.0,2011-12,"Déprioriser, solder ou sortir du catalogue",0.0
46776b,WOVEN BERRIES CUSHION COVER ,C,Poids mort,1.0,4.13,4.13,4.13,,Non calculable,0.0,2011-10,"Déprioriser, solder ou sortir du catalogue",0.0
46776e,WOVEN CANDY CUSHION COVER ,C,Poids mort,1.0,4.13,4.13,4.13,,Non calculable,0.0,2011-10,"Déprioriser, solder ou sortir du catalogue",0.0
84536b,FAIRY CAKES NOTEBOOK A7 SIZE,C,Poids mort,5.0,4.050000000000001,0.81,0.81,,Non calculable,0.0,2010-12,"Déprioriser, solder ou sortir du catalogue",0.0
17174,ASSTD RASTA KEY-CHAINS,C,Dilemme,9.0,3.7800000000000002,0.42,0.42,,Non calculable,0.0,2011-11,Tester visibilité ou promotion courte,0.0
44091A,BLUE CRUSOE CHECK LAMPSHADE,C,Poids mort,9.0,3.78,0.42,0.42,,Non calculable,0.0,2011-01,"Déprioriser, solder ou sortir du catalogue",0.0
90128B,BLUE LEAVES AND BEADS PHONE CHARM,C,Poids mort,2.0,3.76,1.88,1.88,,Non calculable,0.0,2010-12,"Déprioriser, solder ou sortir du catalogue",0.0
79192A,RETRO PLASTIC 70'S TRAY,C,Poids mort,3.0,3.75,1.25,1.25,,Non calculable,0.0,2011-02,"Déprioriser, solder ou sortir du catalogue",0.0
37464,ROBOT MUG IN DISPLAY BOX,C,Poids mort,3.0,3.75,1.25,1.25,,Non calculable,0.0,2010-12,"Déprioriser, solder ou sortir du catalogue",0.0
90025E,BAROQUE BUTTERFLY EARRINGS MONTANA,C,Poids mort,1.0,3.73,3.73,3.73,,Non calculable,0.0,2011-06,"Déprioriser, solder ou sortir du catalogue",0.0
90025B,BAROQUE BUTTERFLY EARRINGS RED,C,Poids mort,1.0,3.73,3.73,3.73,,Non calculable,0.0,2011-04,"Déprioriser, solder ou sortir du catalogue",0.0
35271S,GOLD PRINT PAPER BAG,C,Poids mort,19.0,3.6100000000000003,0.19,0.19,,Non calculable,0.0,2010-12,"Déprioriser, solder ou sortir du catalogue",0.0
16010,FOLDING CAMPING SCISSOR W/KNIF & S,C,Poids mort,30.0,3.5999999999999996,0.12,0.12,,Non calculable,0.0,2010-12,"Déprioriser, solder ou sortir du catalogue",0.0
84270,ASSTD DESIGN BUBBLE GUM RING,C,Poids mort,17.0,3.5700000000000003,0.21,0.21,,Non calculable,0.0,2010-12,"Déprioriser, solder ou sortir du catalogue",0.0
16202A,PASTEL PINK PHOTO ALBUM ,C,Poids mort,7.0,3.5,0.5,0.5,,Non calculable,0.0,2011-04,"Déprioriser, solder ou sortir du catalogue",0.0
90214U,"LETTER ""U"" BLING KEY RING",C,Poids mort,12.0,3.4799999999999995,0.29,0.29,,Non calculable,0.0,2011-12,"Déprioriser, solder ou sortir du catalogue",0.0
79157B,UBO-LIGHT TRIOBASE BLUE,C,Poids mort,4.0,3.4,0.85,0.85,,Non calculable,0.0,2011-10,"Déprioriser, solder ou sortir du catalogue",0.0
84802A,WHITE ANEMONE ARTIFICIAL FLOWER,C,Poids mort,2.0,3.38,1.69,1.69,,Non calculable,0.0,2010-12,"Déprioriser, solder ou sortir du catalogue",0.0
22528,GARDENERS KNEELING PAD,C,Poids mort,1.0,3.36,3.36,3.36,,Non calculable,0.0,2010-12,"Déprioriser, solder ou sortir du catalogue",0.0
21160,KEEP OUT GIRLS DOOR HANGER ,C,Poids mort,1.0,3.36,3.36,3.36,,Non calculable,0.0,2010-12,"Déprioriser, solder ou sortir du catalogue",0.0
90126A,PINK BERTIE MOBILE PHONE CHARM,C,Poids mort,1.0,3.36,3.36,3.36,,Non calculable,0.0,2010-12,"Déprioriser, solder ou sortir du catalogue",0.0
85119,WATERING CAN SINGLE HOOK PISTACHIO,C,Poids mort,1.0,3.36,3.36,3.36,,Non calculable,0.0,2010-12,"Déprioriser, solder ou sortir du catalogue",0.0
23643,SET 10 CARDS CHRISTMAS BAUBLE 16954,C,Poids mort,1.0,3.33,3.33,3.33,,Non calculable,0.0,2011-10,"Déprioriser, solder ou sortir du catalogue",0.0
84534b,FAIRY CAKE NOTEBOOK A5 SIZE,C,Poids mort,2.0,3.32,1.66,1.66,,Non calculable,0.0,2010-12,"Déprioriser, solder ou sortir du catalogue",0.0
90187A,BLUE DROP EARRINGS W BEAD CLUSTER,C,Poids mort,1.0,3.32,3.32,3.32,,Non calculable,0.0,2011-02,"Déprioriser, solder ou sortir du catalogue",0.0
10123C,HEARTS WRAPPING TAPE ,C,Poids mort,5.0,3.25,0.65,0.65,,Non calculable,0.0,2011-03,"Déprioriser, solder ou sortir du catalogue",0.0
47013A,WINE BOTTLE DRESSING LT.BLUE,C,Poids mort,14.0,3.0399999999999996,0.205,0.205,,Non calculable,0.0,2011-03,"Déprioriser, solder ou sortir du catalogue",0.0
23609,SET 10 CARDS SNOWY ROBIN 17099,C,Poids mort,1.0,2.91,2.91,2.91,,Non calculable,0.0,2011-11,"Déprioriser, solder ou sortir du catalogue",0.0
23628,SET 10 CARDS TRIANGLE ICONS  17220,C,Poids mort,1.0,2.91,2.91,2.91,,Non calculable,0.0,2011-10,"Déprioriser, solder ou sortir du catalogue",0.0
23602,SET 10 CARDS 3 WISE MEN 17107,C,Poids mort,1.0,2.91,2.91,2.91,,Non calculable,0.0,2011-11,"Déprioriser, solder ou sortir du catalogue",0.0
90183c,BLACK DROP EARRINGS W LONG BEADS,C,Poids mort,1.0,2.9,2.9,2.9,,Non calculable,0.0,2011-10,"Déprioriser, solder ou sortir du catalogue",0.0
90100,NECKLACE+BRACELET SET PINK DAISY,C,Poids mort,1.0,2.55,2.55,2.55,,Non calculable,0.0,2011-02,"Déprioriser, solder ou sortir du catalogue",0.0
17028J,INCENSE BAZAAR PEACH,C,Poids mort,6.0,2.52,0.42,0.42,,Non calculable,0.0,2011-01,"Déprioriser, solder ou sortir du catalogue",0.0
35609A,PINK FEATHER CHRISTMAS DECORATION,C,Poids mort,1.0,2.51,2.51,2.51,,Non calculable,0.0,2010-12,"Déprioriser, solder ou sortir du catalogue",0.0
62096B,PURPLE/TURQ FLOWERS HANDBAG,C,Poids mort,2.0,2.5,1.25,1.25,,Non calculable,0.0,2011-03,"Déprioriser, solder ou sortir du catalogue",0.0
90037A,TINY CRYSTAL BRACELET RED,C,Poids mort,1.0,2.48,2.48,2.48,,Non calculable,0.0,2011-01,"Déprioriser, solder ou sortir du catalogue",0.0
84201B,HAPPY BIRTHDAY CARD STRIPEY TEDDY,C,Poids mort,13.0,2.4699999999999998,0.19,0.19,,Non calculable,0.0,2011-08,"Déprioriser, solder ou sortir du catalogue",0.0
85179a,GREEN BITTY LIGHT CHAIN,C,Poids mort,1.0,2.46,2.46,2.46,,Non calculable,0.0,2011-11,"Déprioriser, solder ou sortir du catalogue",0.0
85049c,ROMANTIC PINKS RIBBONS ,C,Poids mort,1.0,2.46,2.46,2.46,,Non calculable,0.0,2011-11,"Déprioriser, solder ou sortir du catalogue",0.0
82613a,"METAL SIGN,CUPCAKE SINGLE HOOK",C,Poids mort,1.0,2.46,2.46,2.46,,Non calculable,0.0,2011-06,"Déprioriser, solder ou sortir du catalogue",0.0
84510e,SET OF 4 GREEN CAROUSEL COASTERS,C,Poids mort,1.0,2.46,2.46,2.46,,Non calculable,0.0,2011-04,"Déprioriser, solder ou sortir du catalogue",0.0
84596l,BISCUITS SMALL BOWL LIGHT BLUE,C,Poids mort,1.0,2.46,2.46,2.46,,Non calculable,0.0,2011-05,"Déprioriser, solder ou sortir du catalogue",0.0
37330,BIG POLKADOT MUG,C,Poids mort,6.0,2.34,0.39,0.39,,Non calculable,0.0,2011-03,"Déprioriser, solder ou sortir du catalogue",0.0
46115B,GREEN POP ART MAO CUSHION COVER ,C,Poids mort,12.0,2.28,0.19,0.19,,Non calculable,0.0,2010-12,"Déprioriser, solder ou sortir du catalogue",0.0
77079,DOLPHIN WINDMILL,C,Poids mort,1.0,2.12,2.12,2.12,,Non calculable,0.0,2011-06,"Déprioriser, solder ou sortir du catalogue",0.0
47579,TEA TIME BREAKFAST BASKET,C,Poids mort,1.0,2.1,2.1,2.1,,Non calculable,0.0,2010-12,"Déprioriser, solder ou sortir du catalogue",0.0
20860,GOLD COSMETICS BAG WITH BUTTERFLY,C,Poids mort,1.0,2.1,2.1,2.1,,Non calculable,0.0,2010-12,"Déprioriser, solder ou sortir du catalogue",0.0
90112,PINK DOLLY HAIR CLIPS,C,Poids mort,2.0,2.1,1.05,1.05,,Non calculable,0.0,2010-12,"Déprioriser, solder ou sortir du catalogue",0.0
21414,SCALLOP SHELL SOAP DISH,C,Poids mort,1.0,2.1,2.1,2.1,,Non calculable,0.0,2011-02,"Déprioriser, solder ou sortir du catalogue",0.0
85170A,SET/6 IVORY BIRD T-LIGHT CANDLES,C,Poids mort,1.0,2.1,2.1,2.1,,Non calculable,0.0,2010-12,"Déprioriser, solder ou sortir du catalogue",0.0
81953B,ROUND BLUE CLOCK WITH SUCKER,C,Poids mort,11.0,2.09,0.19,0.19,,Non calculable,0.0,2011-07,"Déprioriser, solder ou sortir du catalogue",0.0
84731,3 BIRDS CANVAS SCREEN,C,Poids mort,2.0,2.04,1.02,1.02,,Non calculable,0.0,2011-04,"Déprioriser, solder ou sortir du catalogue",0.0
22323,PINK POLKADOT KIDS BAG,C,Poids mort,1.0,1.95,1.95,1.95,,Non calculable,0.0,2011-01,"Déprioriser, solder ou sortir du catalogue",0.0
21491,SET OF THREE VINTAGE GIFT WRAPS,C,Poids mort,1.0,1.95,1.95,1.95,,Non calculable,0.0,2010-12,"Déprioriser, solder ou sortir du catalogue",0.0
22146,EASTER CRAFT IVY WREATH WITH CHICK,C,Poids mort,1.0,1.95,1.95,1.95,,Non calculable,0.0,2011-01,"Déprioriser, solder ou sortir du catalogue",0.0
90092,BLUE CRYSTAL BOOT PHONE CHARM,C,Poids mort,1.0,1.66,1.66,1.66,,Non calculable,0.0,2011-01,"Déprioriser, solder ou sortir du catalogue",0.0
84550,CROCHET LILAC/RED BEAR KEYRING,C,Poids mort,1.0,1.65,1.65,1.65,,Non calculable,0.0,2011-11,"Déprioriser, solder ou sortir du catalogue",0.0
23664,FLOWER SHOP DESIGN MUG,C,Poids mort,1.0,1.65,1.65,1.65,,Non calculable,0.0,2011-11,"Déprioriser, solder ou sortir du catalogue",0.0
84206C,CHAMPAGNE TRAY BLANK CARD,C,Poids mort,8.0,1.52,0.19,0.19,,Non calculable,0.0,2011-06,"Déprioriser, solder ou sortir du catalogue",0.0
21009,ETCHED GLASS STAR TREE DECORATION,C,Poids mort,1.0,1.25,1.25,1.25,,Non calculable,0.0,2010-12,"Déprioriser, solder ou sortir du catalogue",0.0
35597B,BLACKCHRISTMAS TREE 30CM,C,Poids mort,1.0,1.25,1.25,1.25,,Non calculable,0.0,2010-12,"Déprioriser, solder ou sortir du catalogue",0.0
35597A,DUSTY PINK CHRISTMAS TREE 30CM,C,Poids mort,1.0,1.25,1.25,1.25,,Non calculable,0.0,2010-12,"Déprioriser, solder ou sortir du catalogue",0.0
84743C,ORANGE FELT VASE + FLOWERS,C,Poids mort,1.0,1.25,1.25,1.25,,Non calculable,0.0,2011-03,"Déprioriser, solder ou sortir du catalogue",0.0
37461,FUNKY MONKEY MUG,C,Poids mort,1.0,1.25,1.25,1.25,,Non calculable,0.0,2010-12,"Déprioriser, solder ou sortir du catalogue",0.0
84569C,PACK 4 FLOWER/BUTTERFLY PATCHES,C,Poids mort,1.0,1.25,1.25,1.25,,Non calculable,0.0,2011-03,"Déprioriser, solder ou sortir du catalogue",0.0
84977,WIRE FLOWER T-LIGHT HOLDER,C,Poids mort,1.0,1.25,1.25,1.25,,Non calculable,0.0,2011-03,"Déprioriser, solder ou sortir du catalogue",0.0
84990,60 GOLD AND SILVER FAIRY CAKE CASES,C,Poids mort,2.0,1.1,0.55,0.55,,Non calculable,0.0,2011-04,"Déprioriser, solder ou sortir du catalogue",0.0
84201C,HAPPY BIRTHDAY CARD TEDDY/CAKE,C,Poids mort,5.0,0.95,0.19,0.19,,Non calculable,0.0,2011-08,"Déprioriser, solder ou sortir du catalogue",0.0
84206B,CAT WITH SUNGLASSES BLANK CARD,C,Poids mort,5.0,0.95,0.19,0.19,,Non calculable,0.0,2011-11,"Déprioriser, solder ou sortir du catalogue",0.0
90084,PINK CRYSTAL GUITAR PHONE CHARM,C,Poids mort,1.0,0.85,0.85,0.85,,Non calculable,0.0,2011-03,"Déprioriser, solder ou sortir du catalogue",0.0
21268,VINTAGE BLUE TINSEL REEL,C,Poids mort,2.0,0.84,0.42,0.42,,Non calculable,0.0,2010-12,"Déprioriser, solder ou sortir du catalogue",0.0
51014c,"FEATHER PEN,COAL BLACK",C,Poids mort,1.0,0.83,0.83,0.83,,Non calculable,0.0,2011-10,"Déprioriser, solder ou sortir du catalogue",0.0
84227,HEN HOUSE W CHICK IN NEST,C,Poids mort,1.0,0.42,0.42,0.42,,Non calculable,0.0,2011-03,"Déprioriser, solder ou sortir du catalogue",0.0
PADS,PADS TO MATCH ALL CUSHIONS,C,Dilemme,3.0,0.003,0.001,0.001,,Non calculable,0.0,2011-04,Tester visibilité ou promotion courte,0.0
