Recency,Frequency,Monetary,R_score,F_score,M_score,RFM_Score,Segment,CLV
326,1,77183.6,1,1,5,115,At Risk,77183.6
2,7,4310.0,5,5,5,555,Champions,30170.0
75,4,1797.24,2,4,4,244,Loyal Customers,7188.96
19,1,1757.55,4,1,4,414,Recent Customers,1757.55
310,1,334.4,1,1,2,112,At Risk,334.4
36,8,2506.04,3,5,5,355,Loyal Customers,20048.32
204,1,89.0,1,1,1,111,At Risk,89.0
232,1,1079.4,1,1,4,114,At Risk,1079.4
214,1,459.4,1,1,2,112,At Risk,459.4
23,3,2811.43,4,3,5,435,Recent Customers,8434.289999999999
33,1,6207.67,4,1,5,415,Recent Customers,6207.67
2,2,1168.06,5,2,4,524,Recent Customers,2336.12
58,4,6310.03,3,4,5,345,Loyal Customers,25240.12
52,3,2662.06,3,3,5,335,Potential Loyalist,7986.18
287,1,189.9,1,1,1,111,At Risk,189.9
3,10,5226.23,5,5,5,555,Champions,52262.299999999996
110,2,552.0,2,2,3,223,At Risk,1104.0
8,4,1313.1,5,4,4,544,Champions,5252.4
291,2,641.38,1,2,3,123,At Risk,1282.76
4,1,168.9,5,1,1,511,Recent Customers,168.9
51,4,3541.94,3,4,5,345,Loyal Customers,14167.76
45,2,1887.96,3,2,4,324,Potential Loyalist,3775.92
72,3,1298.04,3,3,4,334,Potential Loyalist,3894.12
311,1,364.6,1,1,2,112,At Risk,364.6
25,1,742.9300000000001,4,1,3,413,Recent Customers,742.9300000000001
11,2,457.5,5,2,2,522,Recent Customers,915.0
315,2,1628.12,1,2,4,124,At Risk,3256.24
130,1,4008.62,2,1,5,215,At Risk,4008.62
82,2,852.24,2,2,3,223,At Risk,1704.48
22,4,2724.81,4,4,5,445,Champions,10899.24
5,5,1845.31,5,4,4,544,Champions,9226.55
185,5,1850.56,1,4,4,144,Loyal Customers,9252.8
29,2,585.27,4,2,3,423,Recent Customers,1170.54
338,2,401.9,1,2,2,122,At Risk,803.8
16,6,2780.66,4,4,5,445,Champions,16683.96
80,1,549.84,2,1,3,213,At Risk,549.84
22,1,439.66,4,1,2,412,Recent Customers,439.66
72,4,1582.6000000000001,3,4,4,344,Loyal Customers,6330.400000000001
64,2,1272.48,3,2,4,324,Potential Loyalist,2544.96
19,12,3018.63,4,5,5,455,Champions,36223.56
36,2,2409.9,3,2,5,325,Potential Loyalist,4819.8
46,1,1635.6599999999999,3,1,4,314,Potential Loyalist,1635.6599999999999
119,4,1108.65,2,4,4,244,Loyal Customers,4434.6
303,1,84.3,1,1,1,111,At Risk,84.3
323,1,225.6,1,1,1,111,At Risk,225.6
50,1,427.7,3,1,2,312,Potential Loyalist,427.7
149,1,1710.39,2,1,4,214,At Risk,1710.39
22,2,3415.3,4,2,5,425,Recent Customers,6830.6
50,5,1708.1200000000001,3,4,4,344,Loyal Customers,8540.6
33,5,2888.55,4,4,5,445,Champions,14442.75
79,3,11072.67,2,3,5,235,At Risk,33218.01
309,2,693.3299999999999,1,2,3,123,At Risk,1386.6599999999999
75,3,1226.88,2,3,4,234,At Risk,3680.6400000000003
67,3,758.1,3,3,3,333,Potential Loyalist,2274.3
217,3,562.41,1,3,3,133,At Risk,1687.23
24,21,124914.53,4,5,5,455,Champions,2623205.13
3,9,3649.1,5,5,5,555,Champions,32841.9
113,1,668.58,2,1,3,213,At Risk,668.58
64,1,600.39,3,1,3,313,Potential Loyalist,600.39
16,4,807.04,4,4,3,443,Champions,3228.16
96,3,803.5600000000001,2,3,3,233,At Risk,2410.6800000000003
1,8,1859.31,5,5,4,554,Champions,14874.48
163,2,1760.96,2,2,4,224,At Risk,3521.92
78,1,777.2,2,1,3,213,At Risk,777.2
195,1,582.73,1,1,3,113,At Risk,582.73
22,3,825.8,4,3,3,433,Recent Customers,2477.3999999999996
26,9,7956.46,4,5,5,455,Champions,71608.14
9,4,3750.4,5,4,5,545,Champions,15001.6
43,1,256.4,3,1,2,312,Potential Loyalist,256.4
36,15,6419.95,3,5,5,355,Loyal Customers,96299.25
43,5,5059.32,3,4,5,345,Loyal Customers,25296.6
1,7,13375.87,5,5,5,555,Champions,93631.09000000001
85,2,806.14,2,2,3,223,At Risk,1612.28
80,2,7829.89,2,2,5,225,At Risk,15659.78
100,1,509.01,2,1,3,213,At Risk,509.01
2,18,4951.41,5,5,5,555,Champions,89125.38
14,2,2906.85,4,2,5,425,Recent Customers,5813.7
367,1,173.55,1,1,1,111,At Risk,173.55
3,1,172.06,5,1,1,511,Recent Customers,172.06
21,5,5005.46,4,4,5,445,Champions,25027.3
22,1,133.4,4,1,1,411,Recent Customers,133.4
58,1,1002.3100000000001,3,1,4,314,Potential Loyalist,1002.3100000000001
243,1,476.49,1,1,2,112,At Risk,476.49
44,1,449.45,3,1,2,312,Potential Loyalist,449.45
22,4,4067.29,4,4,5,445,Champions,16269.16
156,2,197.88,2,2,1,221,At Risk,395.76
11,5,9035.52,5,4,5,545,Champions,45177.600000000006
17,2,430.57,4,2,2,422,Recent Customers,861.14
134,1,707.09,2,1,3,213,At Risk,707.09
56,1,3528.34,3,1,5,315,Potential Loyalist,3528.34
73,6,2466.86,2,4,5,245,Loyal Customers,14801.16
44,3,3181.04,3,3,5,335,Potential Loyalist,9543.119999999999
66,7,2363.23,3,5,5,355,Loyal Customers,16542.61
71,2,947.4,3,2,4,324,Potential Loyalist,1894.8
94,2,826.88,2,2,3,223,At Risk,1653.76
19,2,1189.59,4,2,4,424,Recent Customers,2379.18
53,4,1344.78,3,4,4,344,Loyal Customers,5379.12
10,8,1212.05,5,5,4,554,Champions,9696.4
17,2,742.1899999999999,4,2,3,423,Recent Customers,1484.3799999999999
188,2,729.5400000000001,1,2,3,123,At Risk,1459.0800000000002
2,30,19788.65,5,5,5,555,Champions,593659.5
32,7,6572.11,4,5,5,455,Champions,46004.77
29,5,3928.0499999999997,4,4,5,445,Champions,19640.25
17,18,7324.09,4,5,5,455,Champions,131833.62
54,1,723.38,3,1,3,313,Potential Loyalist,723.38
16,11,6816.42,4,5,5,455,Champions,74980.62
23,6,13219.74,4,4,5,445,Champions,79318.44
4,1,680.99,5,1,3,513,Recent Customers,680.99
11,1,527.2,5,1,3,513,Recent Customers,527.2
28,4,3281.63,4,4,5,445,Champions,13126.52
23,10,5579.82,4,5,5,455,Champions,55798.2
17,8,2484.98,4,5,5,455,Champions,19879.84
33,6,4527.32,4,4,5,445,Champions,27163.92
10,3,1298.66,5,3,4,534,Recent Customers,3895.9800000000005
336,1,334.93,1,1,2,112,At Risk,334.93
5,10,5417.93,5,5,5,555,Champions,54179.3
39,1,460.40000000000003,3,1,2,312,Potential Loyalist,460.40000000000003
63,2,263.21000000000004,3,2,2,322,Potential Loyalist,526.4200000000001
166,2,433.74,2,2,2,222,At Risk,867.48
16,7,1246.1000000000001,4,5,4,454,Champions,8722.7
82,1,1043.1,2,1,4,214,At Risk,1043.1
21,3,403.70000000000005,4,3,2,432,Recent Customers,1211.1000000000001
23,11,4257.82,4,5,5,455,Champions,46836.02
337,1,2169.39,1,1,5,115,At Risk,2169.39
96,5,3723.87,2,4,5,245,Loyal Customers,18619.35
18,2,482.04999999999995,4,2,2,422,Recent Customers,964.0999999999999
233,1,73.5,1,1,1,111,At Risk,73.5
134,3,1304.81,2,3,4,234,At Risk,3914.43
26,2,397.88,4,2,2,422,Recent Customers,795.76
284,1,176.5,1,1,1,111,At Risk,176.5
143,2,982.5699999999999,2,2,4,224,At Risk,1965.1399999999999
66,2,132.18,3,2,1,321,Potential Loyalist,264.36
113,1,612.29,2,1,3,213,At Risk,612.29
267,1,1017.68,1,1,4,114,At Risk,1017.68
353,1,383.7,1,1,2,112,At Risk,383.7
78,2,1312.06,2,2,4,224,At Risk,2624.12
28,5,2481.6,4,4,5,445,Champions,12408.0
1,5,2056.89,5,4,5,545,Champions,10284.449999999999
64,1,330.84,3,1,2,312,Potential Loyalist,330.84
79,5,2634.26,2,4,5,245,Loyal Customers,13171.300000000001
143,1,599.68,2,1,3,213,At Risk,599.68
39,2,192.72,3,2,1,321,Potential Loyalist,385.44
19,11,1789.77,4,5,4,454,Champions,19687.47
9,8,4485.72,5,5,5,555,Champions,35885.76
1,3,1316.66,5,3,4,534,Recent Customers,3949.9800000000005
82,3,348.71000000000004,2,3,2,232,At Risk,1046.13
9,6,1933.48,5,5,4,554,Champions,11600.880000000001
60,4,1662.28,3,4,4,344,Loyal Customers,6649.12
15,1,125.22,4,1,1,411,Recent Customers,125.22
30,1,349.83000000000004,4,1,2,412,Recent Customers,349.83000000000004
131,1,1089.18,2,1,4,214,At Risk,1089.18
92,2,716.35,2,2,3,223,At Risk,1432.7
43,3,12601.830000000002,3,3,5,335,Potential Loyalist,37805.490000000005
29,1,363.95,4,1,2,412,Recent Customers,363.95
22,4,5568.35,4,4,5,445,Champions,22273.4
20,17,13400.24,4,5,5,455,Champions,227804.08
30,3,981.18,4,3,4,434,Recent Customers,2943.54
36,1,372.7,3,1,2,312,Potential Loyalist,372.7
75,2,1000.39,2,2,4,224,At Risk,2000.78
47,2,1161.5,3,2,4,324,Potential Loyalist,2323.0
198,2,207.79999999999998,1,2,1,121,At Risk,415.59999999999997
166,1,95.19999999999999,2,1,1,211,At Risk,95.19999999999999
79,1,964.83,2,1,4,214,At Risk,964.83
358,1,168.0,1,1,1,111,At Risk,168.0
39,2,437.82,3,2,2,322,Potential Loyalist,875.64
8,10,3692.28,5,5,5,555,Champions,36922.8
50,2,599.56,3,2,3,323,Potential Loyalist,1199.12
16,5,11990.960000000001,4,4,5,445,Champions,59954.8
8,1,269.96,5,1,2,512,Recent Customers,269.96
311,2,561.71,1,2,3,123,At Risk,1123.42
5,3,2134.01,5,3,5,535,Recent Customers,6402.030000000001
303,1,238.85,1,1,1,111,At Risk,238.85
8,7,3781.7400000000002,5,5,5,555,Champions,26472.18
261,1,456.9,1,1,2,112,At Risk,456.9
289,1,145.92,1,1,1,111,At Risk,145.92
86,1,351.65,2,1,2,212,At Risk,351.65
23,10,9401.28,4,5,5,455,Champions,94012.8
2,32,4124.69,5,5,5,555,Champions,131990.08
40,2,519.61,3,2,3,323,Potential Loyalist,1039.22
9,2,1020.42,5,2,4,524,Recent Customers,2040.84
227,1,160.54000000000002,1,1,1,111,At Risk,160.54000000000002
316,1,218.45,1,1,1,111,At Risk,218.45
36,5,1315.83,3,4,4,344,Loyal Customers,6579.15
35,3,626.6,3,3,3,333,Potential Loyalist,1879.8000000000002
21,2,2794.51,4,2,5,425,Recent Customers,5589.02
78,1,440.42,2,1,2,212,At Risk,440.42
247,1,415.7,1,1,2,112,At Risk,415.7
40,1,197.71,3,1,1,311,Potential Loyalist,197.71
239,2,511.36,1,2,3,123,At Risk,1022.72
3,15,7281.38,5,5,5,555,Champions,109220.7
4,9,2338.15,5,5,5,555,Champions,21043.350000000002
234,2,2040.1,1,2,4,124,At Risk,4080.2
17,1,196.94000000000003,4,1,1,411,Recent Customers,196.94000000000003
8,1,144.0,5,1,1,511,Recent Customers,144.0
39,1,214.89999999999998,3,1,1,311,Potential Loyalist,214.89999999999998
29,2,646.68,4,2,3,423,Recent Customers,1293.36
211,2,9864.26,1,2,5,125,At Risk,19728.52
317,1,452.84999999999997,1,1,2,112,At Risk,452.84999999999997
92,2,437.6,2,2,2,222,At Risk,875.2
109,3,418.09999999999997,2,3,2,232,At Risk,1254.3
38,10,3338.2200000000003,3,5,5,355,Loyal Customers,33382.200000000004
51,2,618.27,3,2,3,323,Potential Loyalist,1236.54
19,4,3811.22,4,4,5,445,Champions,15244.88
10,8,3023.08,5,5,5,555,Champions,24184.64
29,7,1032.58,4,5,4,454,Champions,7228.0599999999995
29,10,2599.04,4,5,5,455,Champions,25990.4
190,5,577.0600000000001,1,4,3,143,Loyal Customers,2885.3
59,1,153.12,3,1,1,311,Potential Loyalist,153.12
22,1,739.1999999999999,4,1,3,413,Recent Customers,739.1999999999999
79,2,254.18,2,2,2,222,At Risk,508.36
60,1,1579.51,3,1,4,314,Potential Loyalist,1579.51
78,3,1126.85,2,3,4,234,At Risk,3380.5499999999997
23,5,2099.54,4,4,5,445,Champions,10497.7
52,1,1193.32,3,1,4,314,Potential Loyalist,1193.32
74,1,704.0400000000001,2,1,3,213,At Risk,704.0400000000001
57,5,3344.38,3,4,5,345,Loyal Customers,16721.9
278,1,315.6,1,1,2,112,At Risk,315.6
2,4,2291.19,5,4,5,545,Champions,9164.76
95,2,713.3,2,2,3,223,At Risk,1426.6
29,1,352.98,4,1,2,412,Recent Customers,352.98
22,1,177.31,4,1,1,411,Recent Customers,177.31
16,9,3641.24,4,5,5,455,Champions,32771.159999999996
15,3,1339.41,4,3,4,434,Recent Customers,4018.2300000000005
2,20,13689.67,5,5,5,555,Champions,273793.4
232,1,180.1,1,1,1,111,At Risk,180.1
276,1,305.1,1,1,2,112,At Risk,305.1
106,2,641.13,2,2,3,223,At Risk,1282.26
212,2,2683.82,1,2,5,125,At Risk,5367.64
23,9,6620.48,4,5,5,455,Champions,59584.31999999999
11,7,4478.53,5,5,5,555,Champions,31349.71
4,3,786.46,5,3,3,533,Recent Customers,2359.38
10,2,1270.88,5,2,4,524,Recent Customers,2541.76
57,1,640.5,3,1,3,313,Potential Loyalist,640.5
59,4,2163.98,3,4,5,345,Loyal Customers,8655.92
90,2,1689.18,2,2,4,224,At Risk,3378.36
67,8,6002.9,3,5,5,355,Loyal Customers,48023.2
33,1,671.69,4,1,3,413,Recent Customers,671.69
239,1,486.1,1,1,2,112,At Risk,486.1
24,3,1174.58,4,3,4,434,Recent Customers,3523.74
115,1,185.9,2,1,1,211,At Risk,185.9
25,3,1013.26,4,3,4,434,Recent Customers,3039.7799999999997
128,6,3344.64,2,5,5,255,Loyal Customers,20067.84
130,1,477.91,2,1,2,212,At Risk,477.91
34,4,1775.18,3,4,4,344,Loyal Customers,7100.72
5,2,1346.97,5,2,4,524,Recent Customers,2693.94
22,12,3722.82,4,5,5,455,Champions,44673.840000000004
155,1,318.05,2,1,2,212,At Risk,318.05
107,3,623.51,2,3,3,233,At Risk,1870.53
3,1,314.44,5,1,2,512,Recent Customers,314.44
335,1,114.0,1,1,1,111,At Risk,114.0
331,1,919.98,1,1,3,113,At Risk,919.98
149,2,2209.85,2,2,5,225,At Risk,4419.7
11,5,601.98,5,4,3,543,Champions,3009.9
17,5,4051.17,4,4,5,445,Champions,20255.85
11,4,1643.18,5,4,4,544,Champions,6572.72
19,1,686.05,4,1,3,413,Recent Customers,686.05
30,1,91.68,4,1,1,411,Recent Customers,91.68
11,1,245.1,5,1,1,511,Recent Customers,245.1
1,11,3849.78,5,5,5,555,Champions,42347.58
8,9,4881.88,5,5,5,555,Champions,43936.92
325,1,63.0,1,1,1,111,At Risk,63.0
58,1,620.13,3,1,3,313,Potential Loyalist,620.13
12,4,3807.15,5,4,5,545,Champions,15228.6
151,3,2744.0299999999997,2,3,5,235,At Risk,8232.09
10,5,2996.05,5,4,5,545,Champions,14980.25
330,1,225.89999999999998,1,1,1,111,At Risk,225.89999999999998
5,2,610.52,5,2,3,523,Recent Customers,1221.04
39,4,1970.6,3,4,4,344,Loyal Customers,7882.4
25,6,1331.39,4,5,4,454,Champions,7988.34
42,12,17628.46,3,5,5,355,Loyal Customers,211541.52
59,4,1113.02,3,4,4,344,Loyal Customers,4452.08
1,4,862.81,5,4,3,543,Champions,3451.24
15,22,13787.54,4,5,5,455,Champions,303325.88
4,31,12279.82,5,5,5,555,Champions,380674.42
4,15,8476.57,5,5,5,555,Champions,127148.54999999999
8,7,2283.63,5,5,5,555,Champions,15985.41
28,6,2863.08,4,5,5,455,Champions,17178.48
372,1,89.14,1,1,1,111,At Risk,89.14
114,1,4873.8099999999995,2,1,5,215,At Risk,4873.8099999999995
26,2,1247.61,4,2,4,424,Recent Customers,2495.22
206,1,389.01,1,1,2,112,At Risk,389.01
28,6,1035.8,4,5,4,454,Champions,6214.799999999999
127,4,855.91,2,4,3,243,Loyal Customers,3423.64
70,2,869.67,3,2,3,323,Potential Loyalist,1739.34
7,4,582.1,5,4,3,543,Champions,2328.4
29,3,957.59,4,3,4,434,Recent Customers,2872.77
8,4,4939.99,5,4,5,545,Champions,19759.96
80,2,797.71,2,2,3,223,At Risk,1595.42
20,1,219.0,4,1,1,411,Recent Customers,219.0
71,1,283.55,3,1,2,312,Potential Loyalist,283.55
7,8,2340.84,5,5,5,555,Champions,18726.72
15,9,6868.29,4,5,5,455,Champions,61814.61
292,1,603.42,1,1,3,113,At Risk,603.42
30,10,2712.91,4,5,5,455,Champions,27129.1
15,15,9706.52,4,5,5,455,Champions,145597.80000000002
97,3,1149.02,2,3,4,234,At Risk,3447.06
29,13,4396.13,4,5,5,455,Champions,57149.69
1,1,848.55,5,1,3,513,Recent Customers,848.55
9,5,4708.86,5,4,5,545,Champions,23544.3
106,1,343.36,2,1,2,212,At Risk,343.36
4,2,1053.49,5,2,4,524,Recent Customers,2106.98
151,2,1030.98,2,2,4,224,At Risk,2061.96
71,1,238.25,3,1,1,311,Potential Loyalist,238.25
5,2,644.95,5,2,3,523,Recent Customers,1289.9
3,25,5781.73,5,5,5,555,Champions,144543.25
32,6,2656.13,4,5,5,455,Champions,15936.78
85,4,997.63,2,4,4,244,Loyal Customers,3990.52
4,5,725.07,5,4,3,543,Champions,3625.3500000000004
5,4,1031.41,5,4,4,544,Champions,4125.64
371,1,427.8,1,1,2,112,At Risk,427.8
28,7,2609.1,4,5,5,455,Champions,18263.7
11,7,3980.7,5,5,5,555,Champions,27864.899999999998
71,4,836.33,3,4,3,343,Loyal Customers,3345.32
114,1,453.01,2,1,2,212,At Risk,453.01
24,12,18895.91,4,5,5,455,Champions,226750.91999999998
180,1,236.26000000000002,1,1,1,111,At Risk,236.26000000000002
234,1,383.95,1,1,2,112,At Risk,383.95
353,1,110.39999999999999,1,1,1,111,At Risk,110.39999999999999
315,2,779.5699999999999,1,2,3,123,At Risk,1559.1399999999999
333,1,234.0,1,1,1,111,At Risk,234.0
372,1,155.35,1,1,1,111,At Risk,155.35
78,2,1013.04,2,2,4,224,At Risk,2026.08
64,1,427.6,3,1,2,312,Potential Loyalist,427.6
134,2,540.13,2,2,3,223,At Risk,1080.26
52,7,21279.29,3,5,5,355,Loyal Customers,148955.03
2,11,4196.01,5,5,5,555,Champions,46156.11
1,209,33053.19,5,5,5,555,Champions,6908116.710000001
4,5,4090.88,5,4,5,545,Champions,20454.4
129,1,275.88,2,1,2,212,At Risk,275.88
81,1,4366.78,2,1,5,215,At Risk,4366.78
23,6,21429.39,4,5,5,455,Champions,128576.34
236,3,3010.74,1,3,5,135,At Risk,9032.22
281,2,3811.95,1,2,5,125,At Risk,7623.9
87,1,112.07999999999998,2,1,1,211,At Risk,112.07999999999998
16,13,7834.650000000001,4,5,5,455,Champions,101850.45000000001
117,2,2791.59,2,2,5,225,At Risk,5583.18
52,3,1531.44,3,3,4,334,Potential Loyalist,4594.32
8,2,1898.52,5,2,4,524,Recent Customers,3797.04
138,2,494.08,2,2,3,223,At Risk,988.16
317,1,1693.88,1,1,4,114,At Risk,1693.88
4,7,6989.63,5,5,5,555,Champions,48927.41
239,1,1143.6,1,1,4,114,At Risk,1143.6
211,1,1351.45,1,1,4,114,At Risk,1351.45
60,1,892.47,3,1,3,313,Potential Loyalist,892.47
17,5,1386.04,4,4,4,444,Champions,6930.2
20,6,822.23,4,5,3,453,Champions,4933.38
38,8,3981.36,3,5,5,355,Loyal Customers,31850.88
64,2,826.74,3,2,3,323,Potential Loyalist,1653.48
5,5,2330.92,5,4,5,545,Champions,11654.6
2,6,2225.91,5,5,5,555,Champions,13355.46
9,2,532.8199999999999,5,2,3,523,Recent Customers,1065.6399999999999
364,1,311.95,1,1,2,112,At Risk,311.95
10,3,463.66,5,3,2,532,Recent Customers,1390.98
65,1,91.85,3,1,1,311,Potential Loyalist,91.85
192,1,324.92,1,1,2,112,At Risk,324.92
374,1,192.60000000000002,1,1,1,111,At Risk,192.60000000000002
257,1,400.53999999999996,1,1,2,112,At Risk,400.53999999999996
335,2,545.48,1,2,3,123,At Risk,1090.96
53,2,860.41,3,2,3,323,Potential Loyalist,1720.82
19,1,430.48,4,1,2,412,Recent Customers,430.48
366,1,254.03,1,1,2,112,At Risk,254.03
10,3,6977.04,5,3,5,535,Recent Customers,20931.12
187,1,427.58,1,1,2,112,At Risk,427.58
37,3,483.65000000000003,3,3,2,332,Potential Loyalist,1450.95
178,1,489.31,2,1,3,213,At Risk,489.31
261,3,514.85,1,3,3,133,At Risk,1544.5500000000002
45,1,229.64000000000001,3,1,1,311,Potential Loyalist,229.64000000000001
102,1,125.92,2,1,1,211,At Risk,125.92
148,2,1063.46,2,2,4,224,At Risk,2126.92
96,2,572.2,2,2,3,223,At Risk,1144.4
281,1,166.04,1,1,1,111,At Risk,166.04
262,1,1542.08,1,1,4,114,At Risk,1542.08
3,4,942.34,5,4,4,544,Champions,3769.36
214,1,92.72,1,1,1,111,At Risk,92.72
71,2,948.88,3,2,4,324,Potential Loyalist,1897.76
75,5,1759.5,2,4,4,244,Loyal Customers,8797.5
60,1,397.12,3,1,2,312,Potential Loyalist,397.12
3,7,1474.72,5,5,4,554,Champions,10323.04
6,3,430.15000000000003,5,3,2,532,Recent Customers,1290.45
3,6,1018.71,5,5,4,554,Champions,6112.26
337,2,293.0,1,2,2,122,At Risk,586.0
38,6,6814.64,3,5,5,355,Loyal Customers,40887.840000000004
262,1,215.05,1,1,1,111,At Risk,215.05
32,2,383.03,4,2,2,422,Recent Customers,766.06
145,1,417.38,2,1,2,212,At Risk,417.38
283,1,312.38,1,1,2,112,At Risk,312.38
59,4,2610.36,3,4,5,345,Loyal Customers,10441.44
173,1,134.1,2,1,1,211,At Risk,134.1
34,2,671.95,3,2,3,323,Potential Loyalist,1343.9
3,14,5591.42,5,5,5,555,Champions,78279.88
144,4,2726.77,2,4,5,245,Loyal Customers,10907.08
5,25,3991.58,5,5,5,555,Champions,99789.5
70,2,1118.99,3,2,4,324,Potential Loyalist,2237.98
66,8,1702.26,3,5,4,354,Loyal Customers,13618.08
29,2,325.96000000000004,4,2,2,422,Recent Customers,651.9200000000001
267,4,354.09,1,4,2,142,Loyal Customers,1416.36
22,1,843.64,4,1,3,413,Recent Customers,843.64
31,2,1010.29,4,2,4,424,Recent Customers,2020.58
97,1,131.81,2,1,1,211,At Risk,131.81
295,1,311.55,1,1,2,112,At Risk,311.55
135,6,1957.1000000000001,2,5,4,254,Loyal Customers,11742.6
79,3,1316.25,2,3,4,234,At Risk,3948.75
373,1,38.1,1,1,1,111,At Risk,38.1
8,6,2170.78,5,5,5,555,Champions,13024.68
211,2,1106.4,1,2,4,124,At Risk,2212.8
52,1,521.2,3,1,3,313,Potential Loyalist,521.2
138,1,147.12,2,1,1,211,At Risk,147.12
26,2,1568.23,4,2,4,424,Recent Customers,3136.46
283,1,559.12,1,1,3,113,At Risk,559.12
26,7,4009.34,4,5,5,455,Champions,28065.38
186,6,1607.0600000000002,1,5,4,154,Loyal Customers,9642.36
84,2,380.64,2,2,2,222,At Risk,761.28
327,2,599.97,1,2,3,123,At Risk,1199.94
282,1,374.0,1,1,2,112,At Risk,374.0
143,2,343.2300000000001,2,2,2,222,At Risk,686.4600000000002
58,2,2218.02,3,2,5,325,Potential Loyalist,4436.04
4,12,1535.77,5,5,4,554,Champions,18429.239999999998
236,2,854.99,1,2,3,123,At Risk,1709.98
45,3,573.22,3,3,3,333,Potential Loyalist,1719.66
276,1,298.0,1,1,2,112,At Risk,298.0
9,2,1463.04,5,2,4,524,Recent Customers,2926.08
25,4,703.47,4,4,3,443,Champions,2813.88
88,1,309.05,2,1,2,212,At Risk,309.05
63,3,1175.22,3,3,4,334,Potential Loyalist,3525.66
68,2,1378.4,3,2,4,324,Potential Loyalist,2756.8
214,2,354.12,1,2,2,122,At Risk,708.24
24,1,376.71999999999997,4,1,2,412,Recent Customers,376.71999999999997
186,3,331.0,1,3,2,132,At Risk,993.0
31,1,176.55,4,1,1,411,Recent Customers,176.55
42,2,372.8,3,2,2,322,Potential Loyalist,745.6
205,2,216.5,1,2,1,121,At Risk,433.0
9,28,17654.54,5,5,5,555,Champions,494327.12
265,1,138.68,1,1,1,111,At Risk,138.68
18,2,496.06,4,2,3,423,Recent Customers,992.12
12,5,2919.81,5,4,5,545,Champions,14599.05
176,2,750.0,2,2,3,223,At Risk,1500.0
40,5,2178.67,3,4,5,345,Loyal Customers,10893.35
23,8,3075.04,4,5,5,455,Champions,24600.32
3,5,1662.3,5,4,4,544,Champions,8311.5
5,5,2483.63,5,4,5,545,Champions,12418.150000000001
149,2,363.65,2,2,2,222,At Risk,727.3
139,4,2944.95,2,4,5,245,Loyal Customers,11779.8
128,1,594.0,2,1,3,213,At Risk,594.0
8,6,1335.19,5,5,4,554,Champions,8011.14
17,1,162.78,4,1,1,411,Recent Customers,162.78
9,37,16587.09,5,5,5,555,Champions,613722.33
161,1,405.38,2,1,2,212,At Risk,405.38
64,1,172.82,3,1,1,311,Potential Loyalist,172.82
88,4,933.7,2,4,4,244,Loyal Customers,3734.8
5,2,694.05,5,2,3,523,Recent Customers,1388.1
35,5,2062.7000000000003,3,4,5,345,Loyal Customers,10313.500000000002
312,1,117.85,1,1,1,111,At Risk,117.85
78,2,415.8,2,2,2,222,At Risk,831.6
22,15,42055.96,4,5,5,455,Champions,630839.4
24,3,607.53,4,3,3,433,Recent Customers,1822.59
2,7,2160.7,5,5,5,555,Champions,15124.899999999998
17,4,1063.9,4,4,4,444,Champions,4255.6
15,4,1504.27,4,4,4,444,Champions,6017.08
26,1,114.14,4,1,1,411,Recent Customers,114.14
64,8,11581.8,3,5,5,355,Loyal Customers,92654.4
55,2,899.69,3,2,3,323,Potential Loyalist,1799.38
131,3,675.6,2,3,3,233,At Risk,2026.8000000000002
36,2,604.51,3,2,3,323,Potential Loyalist,1209.02
288,1,462.95,1,1,2,112,At Risk,462.95
144,6,1603.99,2,5,4,254,Loyal Customers,9623.94
16,7,2064.95,4,5,5,455,Champions,14454.649999999998
31,8,4167.22,4,5,5,455,Champions,33337.76
2,3,1843.0,5,3,4,534,Recent Customers,5529.0
9,6,1064.07,5,5,4,554,Champions,6384.42
6,4,1387.79,5,4,4,544,Champions,5551.16
10,1,329.85,5,1,2,512,Recent Customers,329.85
1,11,4757.16,5,5,5,555,Champions,52328.759999999995
306,1,108.07,1,1,1,111,At Risk,108.07
10,8,4017.54,5,5,5,555,Champions,32140.32
7,2,266.39,5,2,2,522,Recent Customers,532.78
8,8,1856.63,5,5,4,554,Champions,14853.04
89,1,769.8100000000001,2,1,3,213,At Risk,769.8100000000001
10,1,160.18,5,1,1,511,Recent Customers,160.18
358,2,1660.9,1,2,4,124,At Risk,3321.8
112,1,135.95,2,1,1,211,At Risk,135.95
7,4,405.47,5,4,2,542,Champions,1621.88
4,86,11189.91,5,5,5,555,Champions,962332.26
198,1,144.8,1,1,1,111,At Risk,144.8
212,1,738.6,1,1,3,113,At Risk,738.6
156,1,39.239999999999995,2,1,1,211,At Risk,39.239999999999995
158,9,7374.900000000001,2,5,5,255,Loyal Customers,66374.1
30,2,372.21999999999997,4,2,2,422,Recent Customers,744.4399999999999
243,1,390.54,1,1,2,112,At Risk,390.54
19,1,97.5,4,1,1,411,Recent Customers,97.5
1,2,1239.38,5,2,4,524,Recent Customers,2478.76
74,2,558.7,2,2,3,223,At Risk,1117.4
292,1,505.82,1,1,3,113,At Risk,505.82
3,15,6924.110000000001,5,5,5,555,Champions,103861.65000000001
31,3,409.5,4,3,2,432,Recent Customers,1228.5
23,2,503.76,4,2,3,423,Recent Customers,1007.52
23,4,414.76,4,4,2,442,Champions,1659.04
4,3,974.4200000000001,5,3,4,534,Recent Customers,2923.26
85,1,211.32,2,1,1,211,At Risk,211.32
22,4,1226.89,4,4,4,444,Champions,4907.56
196,3,455.88,1,3,2,132,At Risk,1367.6399999999999
107,3,534.85,2,3,3,233,At Risk,1604.5500000000002
4,13,9785.970000000001,5,5,5,555,Champions,127217.61000000002
318,1,120.94999999999999,1,1,1,111,At Risk,120.94999999999999
106,3,149.05,2,3,1,231,At Risk,447.15000000000003
12,18,5655.91,5,5,5,555,Champions,101806.38
174,2,513.7,2,2,3,223,At Risk,1027.4
56,1,81.57,3,1,1,311,Potential Loyalist,81.57
323,1,229.46999999999997,1,1,1,111,At Risk,229.46999999999997
372,1,50.550000000000004,1,1,1,111,At Risk,50.550000000000004
9,8,1646.8400000000001,5,5,4,554,Champions,13174.720000000001
1,13,4810.9400000000005,5,5,5,555,Champions,62542.22000000001
11,10,3466.2799999999997,5,5,5,555,Champions,34662.799999999996
53,5,3339.64,3,4,5,345,Loyal Customers,16698.2
73,3,789.89,2,3,3,233,At Risk,2369.67
7,1,204.0,5,1,1,511,Recent Customers,204.0
16,28,7277.7,4,5,5,455,Champions,203775.6
4,9,2616.38,5,5,5,555,Champions,23547.420000000002
64,2,689.9,3,2,3,323,Potential Loyalist,1379.8
1,5,975.36,5,4,4,544,Champions,4876.8
114,6,6912.0,2,5,5,255,Loyal Customers,41472.0
23,2,661.3199999999999,4,2,3,423,Recent Customers,1322.6399999999999
31,3,1247.5,4,3,4,434,Recent Customers,3742.5
11,2,752.4399999999999,5,2,3,523,Recent Customers,1504.8799999999999
52,2,1010.18,3,2,4,324,Potential Loyalist,2020.36
357,1,190.55,1,1,1,111,At Risk,190.55
55,2,642.77,3,2,3,323,Potential Loyalist,1285.54
74,2,921.88,2,2,3,223,At Risk,1843.76
138,3,881.07,2,3,3,233,At Risk,2643.21
80,3,908.46,2,3,3,233,At Risk,2725.38
9,2,676.99,5,2,3,523,Recent Customers,1353.98
273,1,516.42,1,1,3,113,At Risk,516.42
291,1,560.47,1,1,3,113,At Risk,560.47
99,1,305.28000000000003,2,1,2,212,At Risk,305.28000000000003
31,2,629.31,4,2,3,423,Recent Customers,1258.62
32,10,3237.54,4,5,5,455,Champions,32375.4
14,4,1819.41,4,4,4,444,Champions,7277.64
64,2,656.6800000000001,3,2,3,323,Potential Loyalist,1313.3600000000001
15,17,5836.86,4,5,5,455,Champions,99226.62
212,1,348.15000000000003,1,1,2,112,At Risk,348.15000000000003
78,3,1214.41,2,3,4,234,At Risk,3643.2300000000005
25,3,271.40000000000003,4,3,2,432,Recent Customers,814.2
250,1,183.4,1,1,1,111,At Risk,183.4
254,1,307.53,1,1,2,112,At Risk,307.53
72,1,248.61,3,1,1,311,Potential Loyalist,248.61
191,1,346.98,1,1,2,112,At Risk,346.98
13,4,1105.59,5,4,4,544,Champions,4422.36
373,1,205.86,1,1,1,111,At Risk,205.86
24,2,470.8,4,2,2,422,Recent Customers,941.6
82,1,115.46000000000001,2,1,1,211,At Risk,115.46000000000001
10,2,344.0,5,2,2,522,Recent Customers,688.0
1,24,4431.44,5,5,5,555,Champions,106354.56
192,1,228.8,1,1,1,111,At Risk,228.8
267,1,177.15,1,1,1,111,At Risk,177.15
130,1,919.61,2,1,3,213,At Risk,919.61
1,4,728.02,5,4,3,543,Champions,2912.08
3,26,12627.94,5,5,5,555,Champions,328326.44
4,5,220.10000000000002,5,4,1,541,Champions,1100.5
179,1,58.08,2,1,1,211,At Risk,58.08
12,11,28337.38,5,5,5,555,Champions,311711.18
126,9,3613.63,2,5,5,255,Loyal Customers,32522.670000000002
4,2,303.75,5,2,2,522,Recent Customers,607.5
158,2,416.08000000000004,2,2,2,222,At Risk,832.1600000000001
3,97,58762.08,5,5,5,555,Champions,5699921.76
9,14,8910.82,5,5,5,555,Champions,124751.48
28,1,345.82,4,1,2,412,Recent Customers,345.82
71,5,477.83,3,4,2,342,Loyal Customers,2389.15
276,8,7832.47,1,5,5,155,Loyal Customers,62659.76
21,12,1927.3200000000002,4,5,4,454,Champions,23127.840000000004
71,1,74.39999999999999,3,1,1,311,Potential Loyalist,74.39999999999999
33,10,6003.22,4,5,5,455,Champions,60032.200000000004
1,28,28882.44,5,5,5,555,Champions,808708.32
99,1,207.35999999999999,2,1,1,211,At Risk,207.35999999999999
234,1,101.19,1,1,1,111,At Risk,101.19
1,24,6424.09,5,5,5,555,Champions,154178.16
40,1,243.94,3,1,1,311,Potential Loyalist,243.94
3,6,1098.48,5,5,4,554,Champions,6590.88
133,1,76.5,2,1,1,211,At Risk,76.5
44,4,1531.6200000000001,3,4,4,344,Loyal Customers,6126.4800000000005
373,1,350.06,1,1,2,112,At Risk,350.06
60,2,786.54,3,2,3,323,Potential Loyalist,1573.08
31,7,1488.67,4,5,4,454,Champions,10420.69
1,24,12245.960000000001,5,5,5,555,Champions,293903.04000000004
12,4,2294.78,5,4,5,545,Champions,9179.12
138,1,501.14,2,1,3,213,At Risk,501.14
22,8,984.91,4,5,4,454,Champions,7879.28
20,5,1197.81,4,4,4,444,Champions,5989.049999999999
239,1,30.599999999999998,1,1,1,111,At Risk,30.599999999999998
269,1,283.73,1,1,2,112,At Risk,283.73
94,2,922.39,2,2,3,223,At Risk,1844.78
90,3,3756.33,2,3,5,235,At Risk,11268.99
5,8,2099.64,5,5,5,555,Champions,16797.12
78,1,259.17,2,1,2,212,At Risk,259.17
94,1,64.0,2,1,1,211,At Risk,64.0
23,3,1073.3,4,3,4,434,Recent Customers,3219.8999999999996
262,1,77.3,1,1,1,111,At Risk,77.3
274,2,109.8,1,2,1,121,At Risk,219.6
86,4,1793.58,2,4,4,244,Loyal Customers,7174.32
197,1,3096.0,1,1,5,115,At Risk,3096.0
56,5,2607.61,3,4,5,345,Loyal Customers,13038.050000000001
11,8,3603.29,5,5,5,555,Champions,28826.32
22,6,962.39,4,5,4,454,Champions,5774.34
16,7,5064.94,4,5,5,455,Champions,35454.579999999994
108,3,422.47,2,3,2,232,At Risk,1267.41
85,5,2388.75,2,4,5,245,Loyal Customers,11943.75
19,1,307.09,4,1,2,412,Recent Customers,307.09
333,1,110.95,1,1,1,111,At Risk,110.95
40,4,618.52,3,4,3,343,Loyal Customers,2474.08
26,1,228.91,4,1,1,411,Recent Customers,228.91
10,4,712.8000000000001,5,4,3,543,Champions,2851.2000000000003
29,12,3683.26,4,5,5,455,Champions,44199.12
14,4,1676.06,4,4,4,444,Champions,6704.24
296,1,1257.8700000000001,1,1,4,114,At Risk,1257.8700000000001
6,1,486.22,5,1,2,512,Recent Customers,486.22
33,4,971.76,4,4,4,444,Champions,3887.04
49,4,1741.22,3,4,4,344,Loyal Customers,6964.88
95,4,1201.06,2,4,4,244,Loyal Customers,4804.24
9,4,1429.35,5,4,4,544,Champions,5717.4
22,1,91.8,4,1,1,411,Recent Customers,91.8
313,1,112.75,1,1,1,111,At Risk,112.75
122,4,1688.29,2,4,4,244,Loyal Customers,6753.16
46,2,1021.48,3,2,4,324,Potential Loyalist,2042.96
283,1,417.2,1,1,2,112,At Risk,417.2
19,4,791.33,4,4,3,443,Champions,3165.32
36,4,1299.59,3,4,4,344,Loyal Customers,5198.36
64,2,712.88,3,2,3,323,Potential Loyalist,1425.76
27,1,108.81,4,1,1,411,Recent Customers,108.81
22,3,468.41,4,3,2,432,Recent Customers,1405.23
4,2,353.65,5,2,2,522,Recent Customers,707.3
16,3,2742.82,4,3,5,435,Recent Customers,8228.460000000001
46,1,481.49,3,1,2,312,Potential Loyalist,481.49
65,1,282.45,3,1,2,312,Potential Loyalist,282.45
26,11,5725.47,4,5,5,455,Champions,62980.170000000006
45,1,121.18,3,1,1,311,Potential Loyalist,121.18
8,9,3957.78,5,5,5,555,Champions,35620.020000000004
15,10,1668.95,4,5,4,454,Champions,16689.5
268,1,71.4,1,1,1,111,At Risk,71.4
40,3,1575.89,3,3,4,334,Potential Loyalist,4727.67
337,1,236.02,1,1,1,111,At Risk,236.02
11,1,114.60000000000001,5,1,1,511,Recent Customers,114.60000000000001
19,2,260.68,4,2,2,422,Recent Customers,521.36
95,2,911.94,2,2,3,223,At Risk,1823.88
61,1,112.08,3,1,1,311,Potential Loyalist,112.08
136,1,60.7,2,1,1,211,At Risk,60.7
11,4,1797.78,5,4,4,544,Champions,7191.12
10,6,3401.2400000000002,5,5,5,555,Champions,20407.440000000002
4,38,9817.12,5,5,5,555,Champions,373050.56000000006
19,4,870.09,4,4,3,443,Champions,3480.36
10,4,869.46,5,4,3,543,Champions,3477.84
15,2,250.26000000000002,4,2,2,422,Recent Customers,500.52000000000004
59,6,1217.65,3,5,4,354,Loyal Customers,7305.900000000001
30,8,5891.61,4,5,5,455,Champions,47132.88
94,1,353.48,2,1,2,212,At Risk,353.48
10,3,1095.42,5,3,4,534,Recent Customers,3286.26
20,3,786.83,4,3,3,433,Recent Customers,2360.4900000000002
57,5,1520.58,3,4,4,344,Loyal Customers,7602.9
268,1,333.74,1,1,2,112,At Risk,333.74
122,3,533.98,2,3,3,233,At Risk,1601.94
127,1,62.63999999999999,2,1,1,211,At Risk,62.63999999999999
78,4,819.2900000000001,2,4,3,243,Loyal Customers,3277.1600000000003
240,2,847.41,1,2,3,123,At Risk,1694.82
200,2,163.20000000000002,1,2,1,121,At Risk,326.40000000000003
60,2,2155.95,3,2,5,325,Potential Loyalist,4311.9
3,7,6463.84,5,5,5,555,Champions,45246.880000000005
273,1,108.21000000000001,1,1,1,111,At Risk,108.21000000000001
202,1,257.7,1,1,2,112,At Risk,257.7
81,1,358.0,2,1,2,212,At Risk,358.0
226,1,160.95,1,1,1,111,At Risk,160.95
4,14,2755.63,5,5,5,555,Champions,38578.82
13,7,1328.35,5,5,4,554,Champions,9298.449999999999
74,2,605.12,2,2,3,223,At Risk,1210.24
212,1,1031.07,1,1,4,114,At Risk,1031.07
25,2,744.85,4,2,3,423,Recent Customers,1489.7
17,4,700.73,4,4,3,443,Champions,2802.92
262,1,329.56,1,1,2,112,At Risk,329.56
96,4,663.65,2,4,3,243,Loyal Customers,2654.6
112,3,270.40000000000003,2,3,2,232,At Risk,811.2
203,1,585.12,1,1,3,113,At Risk,585.12
93,1,121.74000000000001,2,1,1,211,At Risk,121.74000000000001
51,1,430.5,3,1,2,312,Potential Loyalist,430.5
18,6,1961.52,4,5,4,454,Champions,11769.119999999999
18,4,501.12,4,4,3,443,Champions,2004.48
125,2,465.68,2,2,2,222,At Risk,931.36
92,3,711.41,2,3,3,233,At Risk,2134.23
157,2,1030.4,2,2,4,224,At Risk,2060.8
9,2,399.51,5,2,2,522,Recent Customers,799.02
12,3,672.83,5,3,3,533,Recent Customers,2018.4900000000002
62,1,283.18,3,1,2,312,Potential Loyalist,283.18
61,1,557.62,3,1,3,313,Potential Loyalist,557.62
269,2,944.1,1,2,4,124,At Risk,1888.2
263,1,200.29,1,1,1,111,At Risk,200.29
1,35,7436.93,5,5,5,555,Champions,260292.55000000002
53,5,2092.66,3,4,5,345,Loyal Customers,10463.3
11,12,3834.2599999999998,5,5,5,555,Champions,46011.119999999995
3,19,4521.49,5,5,5,555,Champions,85908.31
18,11,3174.75,4,5,5,455,Champions,34922.25
1,15,5343.28,5,5,5,555,Champions,80149.2
366,1,590.0,1,1,3,113,At Risk,590.0
37,1,211.49,3,1,1,311,Potential Loyalist,211.49
31,2,276.56,4,2,2,422,Recent Customers,553.12
113,1,138.98,2,1,1,211,At Risk,138.98
64,2,590.9300000000001,3,2,3,323,Potential Loyalist,1181.8600000000001
16,4,258.4,4,4,2,442,Champions,1033.6
41,1,542.73,3,1,3,313,Potential Loyalist,542.73
78,1,137.75,2,1,1,211,At Risk,137.75
122,3,798.46,2,3,3,233,At Risk,2395.38
18,3,1132.14,4,3,4,434,Recent Customers,3396.42
60,2,93.66,3,2,1,321,Potential Loyalist,187.32
331,1,201.19,1,1,1,111,At Risk,201.19
23,4,2709.12,4,4,5,445,Champions,10836.48
156,1,361.11,2,1,2,212,At Risk,361.11
39,2,578.9399999999999,3,2,3,323,Potential Loyalist,1157.8799999999999
190,2,873.74,1,2,3,123,At Risk,1747.48
360,1,201.20000000000002,1,1,1,111,At Risk,201.20000000000002
137,1,87.4,2,1,1,211,At Risk,87.4
8,4,2089.85,5,4,5,545,Champions,8359.4
1,1,360.0,5,1,2,512,Recent Customers,360.0
268,1,142.5,1,1,1,111,At Risk,142.5
169,1,371.89,2,1,2,212,At Risk,371.89
104,4,618.09,2,4,3,243,Loyal Customers,2472.36
155,1,63.75,2,1,1,211,At Risk,63.75
351,1,300.42,1,1,2,112,At Risk,300.42
4,10,2000.86,5,5,4,554,Champions,20008.6
120,1,15.0,2,1,1,211,At Risk,15.0
23,3,1385.51,4,3,4,434,Recent Customers,4156.53
7,5,1456.79,5,4,4,544,Champions,7283.95
28,3,1132.03,4,3,4,434,Recent Customers,3396.09
4,2,598.57,5,2,3,523,Recent Customers,1197.14
22,5,1555.32,4,4,4,444,Champions,7776.599999999999
2,3,775.94,5,3,3,533,Recent Customers,2327.82
37,4,5732.93,3,4,5,345,Loyal Customers,22931.72
66,6,2273.68,3,5,5,355,Loyal Customers,13642.079999999998
1,3,640.76,5,3,3,533,Recent Customers,1922.28
5,26,10845.550000000001,5,5,5,555,Champions,281984.30000000005
78,4,1532.2,2,4,4,244,Loyal Customers,6128.8
72,2,567.36,3,2,3,323,Potential Loyalist,1134.72
17,1,199.48000000000002,4,1,1,411,Recent Customers,199.48000000000002
3,5,787.85,5,4,3,543,Champions,3939.25
36,10,7121.95,3,5,5,355,Loyal Customers,71219.5
82,1,675.3,2,1,3,213,At Risk,675.3
39,8,3627.77,3,5,5,355,Loyal Customers,29022.16
316,1,1308.48,1,1,4,114,At Risk,1308.48
32,2,789.0,4,2,3,423,Recent Customers,1578.0
93,3,1140.93,2,3,4,234,At Risk,3422.79
14,1,350.9,4,1,2,412,Recent Customers,350.9
82,3,3502.32,2,3,5,235,At Risk,10506.960000000001
77,1,795.12,2,1,3,213,At Risk,795.12
158,1,487.02,2,1,2,212,At Risk,487.02
201,1,860.12,1,1,3,113,At Risk,860.12
45,7,10736.48,3,5,5,355,Loyal Customers,75155.36
261,1,775.85,1,1,3,113,At Risk,775.85
178,1,353.43,2,1,2,212,At Risk,353.43
68,3,2511.69,3,3,5,335,Potential Loyalist,7535.07
288,1,389.5,1,1,2,112,At Risk,389.5
70,1,341.36,3,1,2,312,Potential Loyalist,341.36
64,1,233.76,3,1,1,311,Potential Loyalist,233.76
11,1,247.32,5,1,1,511,Recent Customers,247.32
16,2,979.12,4,2,4,424,Recent Customers,1958.24
66,1,373.94,3,1,2,312,Potential Loyalist,373.94
60,1,397.97999999999996,3,1,2,312,Potential Loyalist,397.97999999999996
71,1,743.53,3,1,3,313,Potential Loyalist,743.53
122,1,674.7,2,1,3,213,At Risk,674.7
80,1,768.24,2,1,3,213,At Risk,768.24
257,1,609.4,1,1,3,113,At Risk,609.4
269,1,439.03,1,1,2,112,At Risk,439.03
64,1,439.56,3,1,2,312,Potential Loyalist,439.56
9,4,3090.7400000000002,5,4,5,545,Champions,12362.960000000001
18,2,992.5,4,2,4,424,Recent Customers,1985.0
71,1,134.95999999999998,3,1,1,311,Potential Loyalist,134.95999999999998
34,2,2225.37,3,2,5,325,Potential Loyalist,4450.74
50,1,56.160000000000004,3,1,1,311,Potential Loyalist,56.160000000000004
257,2,623.4,1,2,3,123,At Risk,1246.8
366,1,308.28000000000003,1,1,2,112,At Risk,308.28000000000003
372,1,754.87,1,1,3,113,At Risk,754.87
90,1,378.64,2,1,2,212,At Risk,378.64
61,3,3312.25,3,3,5,335,Potential Loyalist,9936.75
89,1,778.65,2,1,3,213,At Risk,778.65
99,3,1019.76,2,3,4,234,At Risk,3059.2799999999997
26,3,572.56,4,3,3,433,Recent Customers,1717.6799999999998
32,6,3639.31,4,5,5,455,Champions,21835.86
281,1,222.99,1,1,1,111,At Risk,222.99
31,7,4151.93,4,5,5,455,Champions,29063.510000000002
330,1,534.57,1,1,3,113,At Risk,534.57
131,2,677.1,2,2,3,223,At Risk,1354.2
11,3,797.96,5,3,3,533,Recent Customers,2393.88
75,1,544.08,2,1,3,213,At Risk,544.08
204,1,59.8,1,1,1,111,At Risk,59.8
2,8,2520.02,5,5,5,555,Champions,20160.16
185,1,307.72,1,1,2,112,At Risk,307.72
29,2,1360.99,4,2,4,424,Recent Customers,2721.98
73,5,1544.13,2,4,4,244,Loyal Customers,7720.650000000001
192,1,457.34,1,1,2,112,At Risk,457.34
127,2,621.23,2,2,3,223,At Risk,1242.46
18,1,75.0,4,1,1,411,Recent Customers,75.0
1,2,252.49,5,2,2,522,Recent Customers,504.98
74,3,572.451,2,3,3,233,At Risk,1717.353
2,62,28117.04,5,5,5,555,Champions,1743256.48
24,5,1003.06,4,4,4,444,Champions,5015.299999999999
107,1,213.55,2,1,1,211,At Risk,213.55
134,3,1390.5,2,3,4,234,At Risk,4171.5
44,2,712.5,3,2,3,323,Potential Loyalist,1425.0
5,2,640.83,5,2,3,523,Recent Customers,1281.66
12,18,6127.43,5,5,5,555,Champions,110293.74
64,1,221.06,3,1,1,311,Potential Loyalist,221.06
150,2,159.85,2,2,1,221,At Risk,319.7
40,2,1833.71,3,2,4,324,Potential Loyalist,3667.42
64,1,2626.3,3,1,5,315,Potential Loyalist,2626.3
108,3,1624.21,2,3,4,234,At Risk,4872.63
1,10,3641.32,5,5,5,555,Champions,36413.200000000004
19,3,582.6,4,3,3,433,Recent Customers,1747.8000000000002
10,1,201.78,5,1,1,511,Recent Customers,201.78
11,4,1006.8,5,4,4,544,Champions,4027.2
19,2,679.45,4,2,3,423,Recent Customers,1358.9
67,2,1269.1,3,2,4,324,Potential Loyalist,2538.2
74,2,534.24,2,2,3,223,At Risk,1068.48
5,7,3809.8900000000003,5,5,5,555,Champions,26669.230000000003
2,1,196.89,5,1,1,511,Recent Customers,196.89
14,7,3408.06,4,5,5,455,Champions,23856.42
255,1,283.71,1,1,2,112,At Risk,283.71
92,1,296.64,2,1,2,212,At Risk,296.64
23,3,1129.14,4,3,4,434,Recent Customers,3387.42
17,6,3534.69,4,5,5,455,Champions,21208.14
24,1,291.88,4,1,2,412,Recent Customers,291.88
27,6,2043.7199999999998,4,5,4,454,Champions,12262.32
26,5,2898.2599999999998,4,4,5,445,Champions,14491.3
259,2,590.0,1,2,3,123,At Risk,1180.0
166,2,356.97999999999996,2,2,2,222,At Risk,713.9599999999999
25,2,1058.34,4,2,4,424,Recent Customers,2116.68
18,6,1766.72,4,5,4,454,Champions,10600.32
7,14,9646.57,5,5,5,555,Champions,135051.97999999998
29,2,183.44,4,2,1,421,Recent Customers,366.88
39,3,1445.0,3,3,4,334,Potential Loyalist,4335.0
253,1,151.5,1,1,1,111,At Risk,151.5
58,1,674.68,3,1,3,313,Potential Loyalist,674.68
184,1,307.9,1,1,2,112,At Risk,307.9
11,2,1071.91,5,2,4,524,Recent Customers,2143.82
2,37,5704.97,5,5,5,555,Champions,211083.89
99,2,165.0,2,2,1,221,At Risk,330.0
1,4,2501.84,5,4,5,545,Champions,10007.36
61,2,422.64,3,2,2,322,Potential Loyalist,845.28
236,1,226.84,1,1,1,111,At Risk,226.84
191,4,1431.78,1,4,4,144,Loyal Customers,5727.12
179,2,1238.47,2,2,4,224,At Risk,2476.94
38,6,1454.58,3,5,4,354,Loyal Customers,8727.48
201,2,300.95,1,2,2,122,At Risk,601.9
46,5,1804.56,3,4,4,344,Loyal Customers,9022.8
232,1,184.64,1,1,1,111,At Risk,184.64
66,1,140.34,3,1,1,311,Potential Loyalist,140.34
241,1,313.8,1,1,2,112,At Risk,313.8
233,1,454.24,1,1,2,112,At Risk,454.24
78,3,1122.41,2,3,4,234,At Risk,3367.2300000000005
58,3,575.4,3,3,3,333,Potential Loyalist,1726.1999999999998
17,13,8968.31,4,5,5,455,Champions,116588.03
105,4,449.52,2,4,2,242,Loyal Customers,1798.08
52,10,1215.82,3,5,4,354,Loyal Customers,12158.199999999999
136,3,1269.84,2,3,4,234,At Risk,3809.5199999999995
275,2,618.63,1,2,3,123,At Risk,1237.26
312,1,316.26000000000005,1,1,2,112,At Risk,316.26000000000005
8,5,2044.8700000000001,5,4,4,544,Champions,10224.35
11,2,653.33,5,2,3,523,Recent Customers,1306.66
283,2,348.05,1,2,2,122,At Risk,696.1
18,5,1159.11,4,4,4,444,Champions,5795.549999999999
23,3,1166.77,4,3,4,434,Recent Customers,3500.31
288,1,1340.32,1,1,4,114,At Risk,1340.32
17,3,292.0,4,3,2,432,Recent Customers,876.0
71,1,216.85,3,1,1,311,Potential Loyalist,216.85
64,1,295.93,3,1,2,312,Potential Loyalist,295.93
73,4,4393.63,2,4,5,245,Loyal Customers,17574.52
316,2,458.52,1,2,2,122,At Risk,917.04
3,4,2479.16,5,4,5,545,Champions,9916.64
244,1,110.97,1,1,1,111,At Risk,110.97
9,7,979.72,5,5,4,554,Champions,6858.04
1,4,1791.56,5,4,4,544,Champions,7166.24
261,1,251.21,1,1,2,112,At Risk,251.21
127,1,205.1,2,1,1,211,At Risk,205.1
74,1,152.20000000000002,2,1,1,211,At Risk,152.20000000000002
73,4,891.12,2,4,3,243,Loyal Customers,3564.48
21,3,1389.41,4,3,4,434,Recent Customers,4168.2300000000005
60,3,2128.42,3,3,5,335,Potential Loyalist,6385.26
86,1,627.16,2,1,3,213,At Risk,627.16
78,1,122.75,2,1,1,211,At Risk,122.75
59,6,3624.35,3,5,5,355,Loyal Customers,21746.1
1,3,1071.73,5,3,4,534,Recent Customers,3215.19
30,1,125.80000000000001,4,1,1,411,Recent Customers,125.80000000000001
33,5,3964.88,4,4,5,445,Champions,19824.4
41,5,680.1800000000001,3,4,3,343,Loyal Customers,3400.9000000000005
15,2,628.78,4,2,3,423,Recent Customers,1257.56
34,7,2242.36,3,5,5,355,Loyal Customers,15696.52
79,2,307.76,2,2,2,222,At Risk,615.52
205,2,483.8,1,2,2,122,At Risk,967.6
34,1,210.31,3,1,1,311,Potential Loyalist,210.31
183,3,269.09,1,3,2,132,At Risk,807.27
2,25,5870.08,5,5,5,555,Champions,146752.0
1,7,3444.39,5,5,5,555,Champions,24110.73
43,7,1280.85,3,5,4,354,Loyal Customers,8965.949999999999
86,3,631.34,2,3,3,233,At Risk,1894.02
40,2,276.06,3,2,2,322,Potential Loyalist,552.12
12,3,621.09,5,3,3,533,Recent Customers,1863.27
96,2,678.16,2,2,3,223,At Risk,1356.32
26,7,918.2,4,5,3,453,Champions,6427.400000000001
319,1,91.80000000000001,1,1,1,111,At Risk,91.80000000000001
66,12,3740.07,3,5,5,355,Loyal Customers,44880.840000000004
74,4,4098.88,2,4,5,245,Loyal Customers,16395.52
28,2,584.06,4,2,3,423,Recent Customers,1168.12
6,4,594.52,5,4,3,543,Champions,2378.08
7,1,171.42000000000002,5,1,1,511,Recent Customers,171.42000000000002
216,1,141.85999999999999,1,1,1,111,At Risk,141.85999999999999
82,3,1799.33,2,3,4,234,At Risk,5397.99
84,2,777.53,2,2,3,223,At Risk,1555.06
144,3,1724.67,2,3,4,234,At Risk,5174.01
19,2,240.22,4,2,1,421,Recent Customers,480.44
41,2,856.84,3,2,3,323,Potential Loyalist,1713.68
173,1,187.05,2,1,1,211,At Risk,187.05
17,2,338.62,4,2,2,422,Recent Customers,677.24
243,1,239.49,1,1,1,111,At Risk,239.49
13,12,2088.94,5,5,5,555,Champions,25067.28
206,1,1384.25,1,1,4,114,At Risk,1384.25
50,2,290.25,3,2,2,322,Potential Loyalist,580.5
23,5,732.0699999999999,4,4,3,443,Champions,3660.3499999999995
10,18,6717.34,5,5,5,555,Champions,120912.12
25,4,1687.6000000000001,4,4,4,444,Champions,6750.400000000001
15,2,467.04,4,2,2,422,Recent Customers,934.08
309,1,118.0,1,1,1,111,At Risk,118.0
156,1,781.03,2,1,3,213,At Risk,781.03
307,1,142.4,1,1,1,111,At Risk,142.4
64,1,712.4,3,1,3,313,Potential Loyalist,712.4
16,9,2478.95,4,5,5,455,Champions,22310.55
15,2,379.65,4,2,2,422,Recent Customers,759.3
11,6,1981.92,5,5,4,554,Champions,11891.52
65,3,1117.13,3,3,4,334,Potential Loyalist,3351.3900000000003
36,4,247.95999999999998,3,4,1,341,Loyal Customers,991.8399999999999
108,5,2011.88,2,4,4,244,Loyal Customers,10059.400000000001
53,1,396.97,3,1,2,312,Potential Loyalist,396.97
6,2,664.11,5,2,3,523,Recent Customers,1328.22
47,1,160.04,3,1,1,311,Potential Loyalist,160.04
1,21,5149.92,5,5,5,555,Champions,108148.32
312,1,219.52,1,1,1,111,At Risk,219.52
45,2,693.32,3,2,3,323,Potential Loyalist,1386.64
65,1,428.89,3,1,2,312,Potential Loyalist,428.89
26,1,164.34,4,1,1,411,Recent Customers,164.34
29,3,276.75,4,3,2,432,Recent Customers,830.25
40,1,675.51,3,1,3,313,Potential Loyalist,675.51
12,7,1082.33,5,5,4,554,Champions,7576.3099999999995
89,3,1154.4,2,3,4,234,At Risk,3463.2000000000003
24,4,1585.46,4,4,4,444,Champions,6341.84
319,1,417.69,1,1,2,112,At Risk,417.69
40,3,544.18,3,3,3,333,Potential Loyalist,1632.54
174,1,177.34,2,1,1,211,At Risk,177.34
117,1,213.85,2,1,1,211,At Risk,213.85
31,5,727.74,4,4,3,443,Champions,3638.7
253,1,257.23,1,1,2,112,At Risk,257.23
59,5,1638.47,3,4,4,344,Loyal Customers,8192.35
23,11,7792.36,4,5,5,455,Champions,85715.95999999999
5,7,2031.78,5,5,4,554,Champions,14222.46
100,11,3070.42,2,5,5,255,Loyal Customers,33774.62
25,5,2118.93,4,4,5,445,Champions,10594.65
33,5,1547.3600000000001,4,4,4,444,Champions,7736.800000000001
68,1,1071.03,3,1,4,314,Potential Loyalist,1071.03
37,5,949.12,3,4,4,344,Loyal Customers,4745.6
52,3,804.3,3,3,3,333,Potential Loyalist,2412.8999999999996
16,1,122.64,4,1,1,411,Recent Customers,122.64
74,1,1033.34,2,1,4,214,At Risk,1033.34
216,1,312.28,1,1,2,112,At Risk,312.28
31,3,519.44,4,3,3,433,Recent Customers,1558.3200000000002
16,4,2624.26,4,4,5,445,Champions,10497.04
120,1,252.1,2,1,2,212,At Risk,252.1
10,4,1648.1200000000001,5,4,4,544,Champions,6592.4800000000005
257,2,346.6,1,2,2,122,At Risk,693.2
17,6,1836.34,4,5,4,454,Champions,11018.039999999999
35,2,94.2,3,2,1,321,Potential Loyalist,188.4
46,3,1095.08,3,3,4,334,Potential Loyalist,3285.24
43,6,2707.33,3,5,5,355,Loyal Customers,16243.98
114,2,932.97,2,2,3,223,At Risk,1865.94
165,2,379.65,2,2,2,222,At Risk,759.3
11,2,382.14,5,2,2,522,Recent Customers,764.28
10,5,2639.17,5,4,5,545,Champions,13195.85
206,2,1563.0,1,2,4,124,At Risk,3126.0
86,3,881.26,2,3,3,233,At Risk,2643.7799999999997
179,1,189.47,2,1,1,211,At Risk,189.47
60,3,84.65,3,3,1,331,Potential Loyalist,253.95000000000002
149,1,299.05,2,1,2,212,At Risk,299.05
3,21,6309.83,5,5,5,555,Champions,132506.43
51,2,218.55,3,2,1,321,Potential Loyalist,437.1
75,1,349.7,2,1,2,212,At Risk,349.7
301,2,186.39000000000001,1,2,1,121,At Risk,372.78000000000003
19,2,387.44,4,2,2,422,Recent Customers,774.88
151,2,486.82000000000005,2,2,2,222,At Risk,973.6400000000001
152,1,232.6,2,1,1,211,At Risk,232.6
1,4,3719.12,5,4,5,545,Champions,14876.48
18,4,827.83,4,4,3,443,Champions,3311.32
187,1,59.5,1,1,1,111,At Risk,59.5
286,1,65.13,1,1,1,111,At Risk,65.13
3,7,3119.44,5,5,5,555,Champions,21836.08
183,1,72.0,1,1,1,111,At Risk,72.0
63,1,910.0,3,1,3,313,Potential Loyalist,910.0
59,1,172.25,3,1,1,311,Potential Loyalist,172.25
25,3,1488.32,4,3,4,434,Recent Customers,4464.96
4,50,65039.62,5,5,5,555,Champions,3251981.0
31,15,2504.13,4,5,5,455,Champions,37561.950000000004
39,1,151.29999999999998,3,1,1,311,Potential Loyalist,151.29999999999998
155,1,308.58000000000004,2,1,2,212,At Risk,308.58000000000004
26,10,2248.63,4,5,5,455,Champions,22486.300000000003
318,1,99.5,1,1,1,111,At Risk,99.5
5,9,2308.06,5,5,5,555,Champions,20772.54
8,3,711.86,5,3,3,533,Recent Customers,2135.58
303,1,330.79,1,1,2,112,At Risk,330.79
267,2,806.41,1,2,3,123,At Risk,1612.82
271,1,285.33,1,1,2,112,At Risk,285.33
4,13,6307.650000000001,5,5,5,555,Champions,81999.45000000001
32,1,180.48,4,1,1,411,Recent Customers,180.48
219,2,252.06,1,2,2,122,At Risk,504.12
247,1,228.84,1,1,1,111,At Risk,228.84
281,5,1077.39,1,4,4,144,Loyal Customers,5386.950000000001
269,1,138.28,1,1,1,111,At Risk,138.28
32,6,1445.01,4,5,4,454,Champions,8670.06
246,2,306.55,1,2,2,122,At Risk,613.1
15,5,1041.68,4,4,4,444,Champions,5208.400000000001
117,4,799.9,2,4,3,243,Loyal Customers,3199.6
36,1,524.14,3,1,3,313,Potential Loyalist,524.14
132,3,2375.41,2,3,5,235,At Risk,7126.23
217,1,199.85000000000002,1,1,1,111,At Risk,199.85000000000002
50,8,1980.56,3,5,4,354,Loyal Customers,15844.48
39,2,1079.6599999999999,3,2,4,324,Potential Loyalist,2159.3199999999997
29,2,333.48,4,2,2,422,Recent Customers,666.96
37,6,1016.14,3,5,4,354,Loyal Customers,6096.84
136,2,752.6,2,2,3,223,At Risk,1505.2
219,2,610.59,1,2,3,123,At Risk,1221.18
28,1,491.86,4,1,3,413,Recent Customers,491.86
25,4,2883.54,4,4,5,445,Champions,11534.16
5,2,729.8,5,2,3,523,Recent Customers,1459.6
200,1,339.59999999999997,1,1,2,112,At Risk,339.59999999999997
18,1,216.9,4,1,1,411,Recent Customers,216.9
241,1,350.75,1,1,2,112,At Risk,350.75
72,3,668.4300000000001,3,3,3,333,Potential Loyalist,2005.2900000000002
17,12,3107.87,4,5,5,455,Champions,37294.44
3,7,1341.6,5,5,4,554,Champions,9391.199999999999
95,2,1080.52,2,2,4,224,At Risk,2161.04
162,1,300.04,2,1,2,212,At Risk,300.04
374,1,79.6,1,1,1,111,At Risk,79.6
96,5,948.25,2,4,4,244,Loyal Customers,4741.25
54,5,1647.26,3,4,4,344,Loyal Customers,8236.3
288,1,296.25,1,1,2,112,At Risk,296.25
124,6,1175.38,2,5,4,254,Loyal Customers,7052.280000000001
288,1,741.26,1,1,3,113,At Risk,741.26
152,2,282.59999999999997,2,2,2,222,At Risk,565.1999999999999
4,9,2108.06,5,5,5,555,Champions,18972.54
2,14,5189.52,5,5,5,555,Champions,72653.28
12,7,3190.55,5,5,5,555,Champions,22333.850000000002
33,2,659.4100000000001,4,2,3,423,Recent Customers,1318.8200000000002
54,2,286.79,3,2,2,322,Potential Loyalist,573.58
50,2,1070.65,3,2,4,324,Potential Loyalist,2141.3
219,1,306.72,1,1,2,112,At Risk,306.72
63,1,1714.96,3,1,4,314,Potential Loyalist,1714.96
71,3,1519.42,3,3,4,334,Potential Loyalist,4558.26
2,37,17220.36,5,5,5,555,Champions,637153.3200000001
2,10,2796.51,5,5,5,555,Champions,27965.100000000002
64,4,2634.45,3,4,5,345,Loyal Customers,10537.8
34,3,1122.63,3,3,4,334,Potential Loyalist,3367.8900000000003
82,1,345.0,2,1,2,212,At Risk,345.0
1,33,25977.16,5,5,5,555,Champions,857246.28
103,1,178.7,2,1,1,211,At Risk,178.7
7,2,360.01,5,2,2,522,Recent Customers,720.02
251,1,127.84,1,1,1,111,At Risk,127.84
13,6,908.86,5,5,3,553,Champions,5453.16
10,11,2462.79,5,5,5,555,Champions,27090.69
367,1,230.39999999999998,1,1,1,111,At Risk,230.39999999999998
76,2,309.04,2,2,2,222,At Risk,618.08
4,1,348.8,5,1,2,512,Recent Customers,348.8
128,2,1516.0,2,2,4,224,At Risk,3032.0
66,2,195.55,3,2,1,321,Potential Loyalist,391.1
1,57,37153.85,5,5,5,555,Champions,2117769.4499999997
117,2,688.86,2,2,3,223,At Risk,1377.72
310,1,558.32,1,1,3,113,At Risk,558.32
67,1,324.8,3,1,2,312,Potential Loyalist,324.8
139,3,4599.42,2,3,5,235,At Risk,13798.26
255,1,277.07,1,1,2,112,At Risk,277.07
31,7,2588.39,4,5,5,455,Champions,18118.73
52,2,924.6,3,2,3,323,Potential Loyalist,1849.2
64,1,256.38,3,1,2,312,Potential Loyalist,256.38
367,1,112.6,1,1,1,111,At Risk,112.6
6,5,1747.66,5,4,4,544,Champions,8738.300000000001
305,1,155.05,1,1,1,111,At Risk,155.05
29,3,1499.01,4,3,4,434,Recent Customers,4497.03
184,3,814.5,1,3,3,133,At Risk,2443.5
42,3,539.0,3,3,3,333,Potential Loyalist,1617.0
40,4,1366.8600000000001,3,4,4,344,Loyal Customers,5467.4400000000005
92,2,1579.12,2,2,4,224,At Risk,3158.24
22,4,4027.36,4,4,5,445,Champions,16109.44
24,2,571.6700000000001,4,2,3,423,Recent Customers,1143.3400000000001
29,2,382.98,4,2,2,422,Recent Customers,765.96
302,3,1140.35,1,3,4,134,At Risk,3421.0499999999997
145,2,385.64,2,2,2,222,At Risk,771.28
6,2,632.0,5,2,3,523,Recent Customers,1264.0
19,2,957.66,4,2,4,424,Recent Customers,1915.32
33,5,1698.94,4,4,4,444,Champions,8494.7
176,1,189.5,2,1,1,211,At Risk,189.5
58,3,409.8,3,3,2,332,Potential Loyalist,1229.4
22,1,209.49,4,1,1,411,Recent Customers,209.49
16,6,2198.45,4,5,5,455,Champions,13190.699999999999
19,1,52.199999999999996,4,1,1,411,Recent Customers,52.199999999999996
159,1,383.85,2,1,2,212,At Risk,383.85
25,4,834.57,4,4,3,443,Champions,3338.28
212,2,266.59000000000003,1,2,2,122,At Risk,533.1800000000001
6,4,674.82,5,4,3,543,Champions,2699.28
253,1,85.0,1,1,1,111,At Risk,85.0
59,9,3385.62,3,5,5,355,Loyal Customers,30470.579999999998
11,1,361.62,5,1,2,512,Recent Customers,361.62
65,1,312.98,3,1,2,312,Potential Loyalist,312.98
25,3,865.0600000000001,4,3,3,433,Recent Customers,2595.1800000000003
92,3,1255.0,2,3,4,234,At Risk,3765.0
52,2,1537.95,3,2,4,324,Potential Loyalist,3075.9
129,1,1595.48,2,1,4,214,At Risk,1595.48
96,3,2651.46,2,3,5,235,At Risk,7954.38
57,1,1090.14,3,1,4,314,Potential Loyalist,1090.14
9,25,8109.5199999999995,5,5,5,555,Champions,202738.0
169,3,388.5,2,3,2,232,At Risk,1165.5
57,1,216.17,3,1,1,311,Potential Loyalist,216.17
326,1,201.16,1,1,1,111,At Risk,201.16
1,5,1245.9,5,4,4,544,Champions,6229.5
18,8,2209.36,4,5,5,455,Champions,17674.88
248,1,305.78,1,1,2,112,At Risk,305.78
58,4,501.56,3,4,3,343,Loyal Customers,2006.24
74,1,145.67000000000002,2,1,1,211,At Risk,145.67000000000002
31,3,1005.09,4,3,4,434,Recent Customers,3015.27
7,2,3192.54,5,2,5,525,Recent Customers,6385.08
123,4,3083.65,2,4,5,245,Loyal Customers,12334.6
2,8,2770.94,5,5,5,555,Champions,22167.52
23,13,6403.25,4,5,5,455,Champions,83242.25
120,3,389.6,2,3,2,232,At Risk,1168.8000000000002
358,1,540.45,1,1,3,113,At Risk,540.45
54,5,1786.79,3,4,4,344,Loyal Customers,8933.95
64,1,122.7,3,1,1,311,Potential Loyalist,122.7
86,1,117.24,2,1,1,211,At Risk,117.24
55,1,1271.57,3,1,4,314,Potential Loyalist,1271.57
21,13,3219.77,4,5,5,455,Champions,41857.01
4,20,17159.52,5,5,5,555,Champions,343190.4
3,5,1191.13,5,4,4,544,Champions,5955.650000000001
11,5,2674.48,5,4,5,545,Champions,13372.4
7,5,787.6,5,4,3,543,Champions,3938.0
189,2,506.8,1,2,3,123,At Risk,1013.6
71,1,243.56,3,1,1,311,Potential Loyalist,243.56
204,1,349.55,1,1,2,112,At Risk,349.55
120,2,595.67,2,2,3,223,At Risk,1191.34
93,1,416.90000000000003,2,1,2,212,At Risk,416.90000000000003
1,10,1883.8100000000002,5,5,4,554,Champions,18838.100000000002
27,4,632.97,4,4,3,443,Champions,2531.88
298,1,821.1,1,1,3,113,At Risk,821.1
24,3,564.62,4,3,3,433,Recent Customers,1693.8600000000001
28,4,2593.07,4,4,5,445,Champions,10372.28
50,1,311.16,3,1,2,312,Potential Loyalist,311.16
326,1,155.93,1,1,1,111,At Risk,155.93
16,2,388.52,4,2,2,422,Recent Customers,777.04
183,3,740.95,1,3,3,133,At Risk,2222.8500000000004
72,5,2867.2,3,4,5,345,Loyal Customers,14336.0
37,2,332.64,3,2,2,322,Potential Loyalist,665.28
80,4,2369.55,2,4,5,245,Loyal Customers,9478.2
57,9,2580.91,3,5,5,355,Loyal Customers,23228.19
12,2,626.45,5,2,3,523,Recent Customers,1252.9
50,2,272.04,3,2,2,322,Potential Loyalist,544.08
50,2,1212.8400000000001,3,2,4,324,Potential Loyalist,2425.6800000000003
59,2,384.81,3,2,2,322,Potential Loyalist,769.62
352,1,172.25,1,1,1,111,At Risk,172.25
54,1,351.13,3,1,2,312,Potential Loyalist,351.13
2,6,1838.8500000000001,5,5,4,554,Champions,11033.1
93,4,678.25,2,4,3,243,Loyal Customers,2713.0
23,1,223.85000000000002,4,1,1,411,Recent Customers,223.85000000000002
75,1,348.99,2,1,2,212,At Risk,348.99
11,4,464.57,5,4,2,542,Champions,1858.28
169,2,842.65,2,2,3,223,At Risk,1685.3
58,2,337.34,3,2,2,322,Potential Loyalist,674.68
96,2,1237.53,2,2,4,224,At Risk,2475.06
295,1,307.4,1,1,2,112,At Risk,307.4
109,2,608.7900000000001,2,2,3,223,At Risk,1217.5800000000002
264,1,922.1,1,1,3,113,At Risk,922.1
180,1,376.58,1,1,2,112,At Risk,376.58
169,1,158.85,2,1,1,211,At Risk,158.85
35,1,71.66,3,1,1,311,Potential Loyalist,71.66
23,3,568.55,4,3,3,433,Recent Customers,1705.6499999999999
17,4,839.14,4,4,3,443,Champions,3356.56
22,5,5112.96,4,4,5,445,Champions,25564.8
79,3,561.5699999999999,2,3,3,233,At Risk,1684.7099999999998
65,1,90.6,3,1,1,311,Potential Loyalist,90.6
361,1,102.0,1,1,1,111,At Risk,102.0
3,6,2427.32,5,5,5,555,Champions,14563.920000000002
11,4,745.06,5,4,3,543,Champions,2980.24
176,3,674.45,2,3,3,233,At Risk,2023.3500000000001
218,2,3251.071,1,2,5,125,At Risk,6502.142
7,7,3515.68,5,5,5,555,Champions,24609.76
2,2,439.92,5,3,2,532,Recent Customers,879.84
154,2,322.96,2,3,2,232,At Risk,645.92
5,5,1019.27,5,4,4,544,Champions,5096.35
79,3,594.04,2,3,3,233,At Risk,1782.12
21,2,230.22,4,3,1,431,Recent Customers,460.44
22,2,169.55,4,3,1,431,Recent Customers,339.1
308,4,664.54,1,4,3,143,Loyal Customers,2658.16
146,1,80.7,2,1,1,211,At Risk,80.7
7,18,9024.17,5,5,5,555,Champions,162435.06
19,8,2758.26,4,5,5,455,Champions,22066.08
71,2,190.25,3,3,1,331,Potential Loyalist,380.5
287,1,264.7,1,1,2,112,At Risk,264.7
49,1,413.59000000000003,3,1,2,312,Potential Loyalist,413.59000000000003
31,6,2461.2400000000002,4,5,5,455,Champions,14767.440000000002
207,1,357.98,1,1,2,112,At Risk,357.98
15,2,196.79000000000002,4,3,1,431,Recent Customers,393.58000000000004
73,1,869.87,2,1,3,213,At Risk,869.87
60,1,200.14,3,1,1,311,Potential Loyalist,200.14
39,4,1871.81,3,4,4,344,Loyal Customers,7487.24
30,12,2603.43,4,5,5,455,Champions,31241.159999999996
27,5,920.51,4,4,3,443,Champions,4602.55
4,15,7060.13,5,5,5,555,Champions,105901.95
17,1,320.46,4,1,2,412,Recent Customers,320.46
20,6,4147.96,4,5,5,455,Champions,24887.760000000002
66,2,1266.08,3,3,4,334,Potential Loyalist,2532.16
213,1,311.3,1,1,2,112,At Risk,311.3
12,6,852.88,5,5,3,553,Champions,5117.28
30,1,76.8,4,1,1,411,Recent Customers,76.8
43,9,3466.36,3,5,5,355,Loyal Customers,31197.24
4,6,2274.14,5,5,5,555,Champions,13644.84
15,5,1393.69,4,4,4,444,Champions,6968.450000000001
10,12,3901.81,5,5,5,555,Champions,46821.72
211,1,635.66,1,1,3,113,At Risk,635.66
46,3,2043.0800000000002,3,3,4,334,Potential Loyalist,6129.240000000001
134,2,529.73,2,3,3,233,At Risk,1059.46
43,7,4582.64,3,5,5,355,Loyal Customers,32078.480000000003
10,5,2874.72,5,4,5,545,Champions,14373.599999999999
116,3,962.19,2,3,4,234,At Risk,2886.57
198,2,695.61,1,3,3,133,At Risk,1391.22
278,1,328.8,1,1,2,112,At Risk,328.8
110,3,473.02,2,3,2,232,At Risk,1419.06
77,1,505.18,2,1,3,213,At Risk,505.18
53,1,917.34,3,1,3,313,Potential Loyalist,917.34
162,4,4341.21,2,4,5,245,Loyal Customers,17364.84
47,3,1421.61,3,3,4,334,Potential Loyalist,4264.83
17,2,642.8,4,3,3,433,Recent Customers,1285.6
155,3,631.9,2,3,3,233,At Risk,1895.6999999999998
225,1,440.0,1,1,2,112,At Risk,440.0
7,2,584.07,5,3,3,533,Recent Customers,1168.14
122,2,327.7,2,3,2,232,At Risk,655.4
61,1,104.82,3,1,1,311,Potential Loyalist,104.82
63,2,467.66,3,3,2,332,Potential Loyalist,935.32
18,8,2358.84,4,5,5,455,Champions,18870.72
7,19,17286.86,5,5,5,555,Champions,328450.34
2,11,2975.59,5,5,5,555,Champions,32731.49
22,3,648.89,4,3,3,433,Recent Customers,1946.67
29,5,1428.02,4,4,4,444,Champions,7140.1
285,1,626.65,1,1,3,113,At Risk,626.65
176,2,147.20000000000002,2,3,1,231,At Risk,294.40000000000003
78,3,1560.38,2,3,4,234,At Risk,4681.14
33,1,152.2,4,1,1,411,Recent Customers,152.2
41,12,3560.32,3,5,5,355,Loyal Customers,42723.840000000004
266,1,141.41,1,1,1,111,At Risk,141.41
27,4,646.42,4,4,3,443,Champions,2585.68
109,4,1659.75,2,4,4,244,Loyal Customers,6639.0
284,1,154.99,1,1,1,111,At Risk,154.99
9,5,1308.6100000000001,5,4,4,544,Champions,6543.050000000001
305,1,409.93,1,1,2,112,At Risk,409.93
17,4,5578.72,4,4,5,445,Champions,22314.88
32,2,746.36,4,3,3,433,Recent Customers,1492.72
1,23,15610.390000000001,5,5,5,555,Champions,359038.97000000003
20,1,225.36,4,1,1,411,Recent Customers,225.36
124,2,260.25,2,3,2,232,At Risk,520.5
65,1,92.46,3,1,1,311,Potential Loyalist,92.46
106,1,725.6400000000001,2,1,3,213,At Risk,725.6400000000001
1,23,8152.71,5,5,5,555,Champions,187512.33
24,17,6211.66,4,5,5,455,Champions,105598.22
267,1,183.6,1,1,1,111,At Risk,183.6
5,19,6140.42,5,5,5,555,Champions,116667.98
10,12,10464.85,5,5,5,555,Champions,125578.20000000001
29,5,1334.34,4,4,4,444,Champions,6671.7
267,1,152.55,1,1,1,111,At Risk,152.55
64,2,374.7,3,3,2,332,Potential Loyalist,749.4
320,1,265.85,1,1,2,112,At Risk,265.85
4,8,1437.57,5,5,4,554,Champions,11500.56
32,1,151.04,4,1,1,411,Recent Customers,151.04
5,3,942.26,5,3,4,534,Recent Customers,2826.7799999999997
129,1,118.67,2,1,1,211,At Risk,118.67
41,5,499.41999999999996,3,4,3,343,Loyal Customers,2497.1
102,6,1049.37,2,5,4,254,Loyal Customers,6296.219999999999
125,1,375.1,2,1,2,212,At Risk,375.1
33,1,45.599999999999994,4,1,1,411,Recent Customers,45.599999999999994
302,2,921.62,1,3,3,133,At Risk,1843.24
365,1,182.25,1,1,1,111,At Risk,182.25
4,9,1002.9,5,5,4,554,Champions,9026.1
2,18,4421.29,5,5,5,555,Champions,79583.22
3,1,191.47,5,1,1,511,Recent Customers,191.47
10,13,50491.81,5,5,5,555,Champions,656393.53
57,1,158.75,3,1,1,311,Potential Loyalist,158.75
325,1,76.32000000000001,1,1,1,111,At Risk,76.32000000000001
8,14,4076.91,5,5,5,555,Champions,57076.74
12,1,433.86,5,1,2,512,Recent Customers,433.86
4,17,65164.79,5,5,5,555,Champions,1107801.43
37,1,147.35,3,1,1,311,Potential Loyalist,147.35
16,11,3104.17,4,5,5,455,Champions,34145.87
138,1,191.95000000000002,2,1,1,211,At Risk,191.95000000000002
74,6,5976.79,2,5,5,255,Loyal Customers,35860.74
5,5,1105.8799999999999,5,4,4,544,Champions,5529.4
155,2,216.20999999999998,2,3,1,231,At Risk,432.41999999999996
239,1,1266.23,1,1,4,114,At Risk,1266.23
52,7,2703.23,3,5,5,355,Loyal Customers,18922.61
31,2,597.91,4,3,3,433,Recent Customers,1195.82
73,1,144.2,2,1,1,211,At Risk,144.2
4,12,5683.15,5,5,5,555,Champions,68197.79999999999
14,4,692.85,4,4,3,443,Champions,2771.4
23,7,2915.15,4,5,5,455,Champions,20406.05
4,4,1840.42,5,4,4,544,Champions,7361.68
274,2,386.53,1,3,2,132,At Risk,773.06
20,5,1382.74,4,4,4,444,Champions,6913.7
144,1,90.0,2,1,1,211,At Risk,90.0
4,4,2780.15,5,4,5,545,Champions,11120.6
84,1,419.58000000000004,2,1,2,212,At Risk,419.58000000000004
11,3,2720.63,5,3,5,535,Recent Customers,8161.89
8,3,706.1300000000001,5,3,3,533,Recent Customers,2118.3900000000003
123,3,709.71,2,3,3,233,At Risk,2129.13
61,2,637.5,3,3,3,333,Potential Loyalist,1275.0
2,5,1123.8600000000001,5,4,4,544,Champions,5619.300000000001
319,1,480.91,1,1,2,112,At Risk,480.91
2,11,3586.0299999999997,5,5,5,555,Champions,39446.329999999994
130,3,605.64,2,3,3,233,At Risk,1816.92
2,15,4690.31,5,5,5,555,Champions,70354.65000000001
2,2,965.8800000000001,5,3,4,534,Recent Customers,1931.7600000000002
46,1,415.82,3,1,2,312,Potential Loyalist,415.82
4,2,935.05,5,3,4,534,Recent Customers,1870.1
3,4,915.13,5,4,3,543,Champions,3660.52
373,1,311.81,1,1,2,112,At Risk,311.81
134,1,115.8,2,1,1,211,At Risk,115.8
47,4,3742.2,3,4,5,345,Loyal Customers,14968.8
9,5,4191.0,5,4,5,545,Champions,20955.0
78,2,483.4,2,3,2,232,At Risk,966.8
234,1,157.2,1,1,1,111,At Risk,157.2
221,1,446.62,1,1,2,112,At Risk,446.62
36,2,658.64,3,3,3,333,Potential Loyalist,1317.28
75,2,621.29,2,3,3,233,At Risk,1242.58
239,2,1345.62,1,3,4,134,At Risk,2691.24
266,1,118.75,1,1,1,111,At Risk,118.75
10,55,117210.08,5,5,5,555,Champions,6446554.4
20,2,424.89000000000004,4,3,2,432,Recent Customers,849.7800000000001
40,1,507.66,3,1,3,313,Potential Loyalist,507.66
20,11,4630.35,4,5,5,455,Champions,50933.850000000006
216,3,1097.6200000000001,1,3,4,134,At Risk,3292.8600000000006
174,2,289.36,2,3,2,232,At Risk,578.72
87,4,2445.91,2,4,5,245,Loyal Customers,9783.64
71,2,1631.77,3,3,4,334,Potential Loyalist,3263.54
276,1,120.44,1,1,1,111,At Risk,120.44
39,4,562.59,3,4,3,343,Loyal Customers,2250.36
98,1,363.79,2,1,2,212,At Risk,363.79
11,4,450.84,5,4,2,542,Champions,1803.36
33,1,134.46,4,1,1,411,Recent Customers,134.46
60,3,3222.3,3,3,5,335,Potential Loyalist,9666.900000000001
297,4,576.9000000000001,1,4,3,143,Loyal Customers,2307.6000000000004
86,4,549.46,2,4,3,243,Loyal Customers,2197.84
9,7,1600.26,5,5,4,554,Champions,11201.82
41,2,701.57,3,3,3,333,Potential Loyalist,1403.14
11,25,4748.52,5,5,5,555,Champions,118713.00000000001
67,1,452.89,3,1,2,312,Potential Loyalist,452.89
331,1,197.65,1,1,1,111,At Risk,197.65
31,6,2054.36,4,5,4,454,Champions,12326.16
2,15,4654.08,5,5,5,555,Champions,69811.2
2,13,4684.76,5,5,5,555,Champions,60901.880000000005
68,2,853.39,3,3,3,333,Potential Loyalist,1706.78
5,21,11349.52,5,5,5,555,Champions,238339.92
202,2,1012.0,1,3,4,134,At Risk,2024.0
107,1,335.52,2,1,2,212,At Risk,335.52
18,4,701.4,4,4,3,443,Champions,2805.6
218,1,185.39999999999998,1,1,1,111,At Risk,185.39999999999998
60,7,747.44,3,5,3,353,Loyal Customers,5232.08
2,1,150.61,5,1,1,511,Recent Customers,150.61
17,2,466.7,4,3,2,432,Recent Customers,933.4
239,1,328.15999999999997,1,1,2,112,At Risk,328.15999999999997
95,1,151.74,2,1,1,211,At Risk,151.74
11,6,2073.43,5,5,5,555,Champions,12440.579999999998
106,6,1905.8400000000001,2,5,4,254,Loyal Customers,11435.04
53,9,2241.1,3,5,5,355,Loyal Customers,20169.899999999998
90,1,1070.48,2,1,4,214,At Risk,1070.48
31,5,1004.38,4,4,4,444,Champions,5021.9
12,6,1789.72,5,5,4,554,Champions,10738.32
3,4,1839.3,5,4,4,544,Champions,7357.2
2,17,2004.98,5,5,4,554,Champions,34084.66
43,1,169.48000000000002,3,1,1,311,Potential Loyalist,169.48000000000002
4,1,89.94,5,1,1,511,Recent Customers,89.94
247,2,632.4,1,3,3,133,At Risk,1264.8
42,9,3432.8,3,5,5,355,Loyal Customers,30895.2
177,1,683.17,2,1,3,213,At Risk,683.17
92,3,991.13,2,3,4,234,At Risk,2973.39
110,4,1009.73,2,4,4,244,Loyal Customers,4038.92
29,5,2214.79,4,4,5,445,Champions,11073.95
26,10,3350.96,4,5,5,455,Champions,33509.6
52,3,1547.2,3,3,4,334,Potential Loyalist,4641.6
184,3,925.71,1,3,3,133,At Risk,2777.13
43,5,2048.07,3,4,4,344,Loyal Customers,10240.35
49,4,1462.72,3,4,4,344,Loyal Customers,5850.88
22,4,754.12,4,4,3,443,Champions,3016.48
75,5,3144.86,2,4,5,245,Loyal Customers,15724.300000000001
81,2,490.86,2,3,3,233,At Risk,981.72
373,1,161.0,1,1,1,111,At Risk,161.0
326,1,146.85,1,1,1,111,At Risk,146.85
43,11,2380.85,3,5,5,355,Loyal Customers,26189.35
30,2,890.34,4,3,3,433,Recent Customers,1780.68
184,1,213.70000000000002,1,1,1,111,At Risk,213.70000000000002
235,2,280.55,1,3,2,132,At Risk,561.1
9,10,2588.77,5,5,5,555,Champions,25887.7
220,2,1693.45,1,3,4,134,At Risk,3386.9
111,3,1474.06,2,3,4,234,At Risk,4422.18
278,1,136.76999999999998,1,1,1,111,At Risk,136.76999999999998
318,1,302.58,1,1,2,112,At Risk,302.58
7,3,1904.05,5,3,4,534,Recent Customers,5712.15
2,5,2879.7000000000003,5,4,5,545,Champions,14398.500000000002
260,2,969.0600000000001,1,3,4,134,At Risk,1938.1200000000001
64,5,3099.7200000000003,3,4,5,345,Loyal Customers,15498.600000000002
9,9,12669.98,5,5,5,555,Champions,114029.81999999999
142,1,120.0,2,1,1,211,At Risk,120.0
51,2,1163.45,3,3,4,334,Potential Loyalist,2326.9
8,8,2618.23,5,5,5,555,Champions,20945.84
155,2,333.97,2,3,2,232,At Risk,667.94
109,2,530.18,2,3,3,233,At Risk,1060.36
163,3,1516.24,2,3,4,234,At Risk,4548.72
332,1,492.65000000000003,1,1,3,113,At Risk,492.65000000000003
226,1,112.32,1,1,1,111,At Risk,112.32
74,2,437.96,2,3,2,232,At Risk,875.92
51,4,559.97,3,4,3,343,Loyal Customers,2239.88
99,3,1119.74,2,3,4,234,At Risk,3359.2200000000003
15,3,4188.0,4,3,5,435,Recent Customers,12564.0
197,1,134.04,1,1,1,111,At Risk,134.04
3,15,3701.44,5,5,5,555,Champions,55521.6
31,2,595.25,4,3,3,433,Recent Customers,1190.5
21,4,1910.01,4,4,4,444,Champions,7640.04
24,3,4628.75,4,3,5,435,Recent Customers,13886.25
8,3,176.63,5,3,1,531,Recent Customers,529.89
213,1,426.6,1,1,2,112,At Risk,426.6
9,6,911.26,5,5,3,553,Champions,5467.5599999999995
11,5,2314.65,5,4,5,545,Champions,11573.25
2,11,3883.25,5,5,5,555,Champions,42715.75
8,9,4871.93,5,5,5,555,Champions,43847.37
3,4,1046.56,5,4,4,544,Champions,4186.24
40,1,166.20000000000002,3,1,1,311,Potential Loyalist,166.20000000000002
18,4,1305.33,4,4,4,444,Champions,5221.32
8,44,51527.3,5,5,5,555,Champions,2267201.2
8,9,3965.62,5,5,5,555,Champions,35690.58
19,1,43.2,4,1,1,411,Recent Customers,43.2
117,1,640.14,2,1,3,213,At Risk,640.14
223,1,383.45,1,1,2,112,At Risk,383.45
71,3,1858.96,3,3,4,334,Potential Loyalist,5576.88
51,2,2093.32,3,3,5,335,Potential Loyalist,4186.64
89,6,2995.72,2,5,5,255,Loyal Customers,17974.32
8,9,2352.53,5,5,5,555,Champions,21172.77
243,1,310.26,1,1,2,112,At Risk,310.26
47,6,1611.59,3,5,4,354,Loyal Customers,9669.539999999999
107,1,120.0,2,1,1,211,At Risk,120.0
45,6,2481.13,3,5,5,355,Loyal Customers,14886.78
65,1,508.58000000000004,3,1,3,313,Potential Loyalist,508.58000000000004
207,2,477.79,1,3,2,132,At Risk,955.58
11,5,1530.75,5,4,4,544,Champions,7653.75
115,2,605.0600000000001,2,3,3,233,At Risk,1210.1200000000001
242,1,183.85,1,1,1,111,At Risk,183.85
163,1,311.65,2,1,2,212,At Risk,311.65
17,7,4975.24,4,5,5,455,Champions,34826.68
124,2,462.65999999999997,2,3,2,232,At Risk,925.3199999999999
23,3,840.21,4,3,3,433,Recent Customers,2520.63
68,1,415.2,3,1,2,312,Potential Loyalist,415.2
17,8,2552.21,4,5,5,455,Champions,20417.68
16,2,454.86,4,3,2,432,Recent Customers,909.72
17,4,1614.91,4,4,4,444,Champions,6459.64
161,2,588.22,2,3,3,233,At Risk,1176.44
243,1,309.52,1,1,2,112,At Risk,309.52
219,1,134.7,1,1,1,111,At Risk,134.7
45,8,2166.98,3,5,5,355,Loyal Customers,17335.84
21,4,668.5600000000001,4,4,3,443,Champions,2674.2400000000002
127,8,889.9300000000001,2,5,3,253,Loyal Customers,7119.4400000000005
39,1,108.97999999999999,3,1,1,311,Potential Loyalist,108.97999999999999
121,2,1021.58,2,3,4,234,At Risk,2043.16
260,1,409.57,1,1,2,112,At Risk,409.57
10,1,133.5,5,1,1,511,Recent Customers,133.5
274,1,282.93,1,1,2,112,At Risk,282.93
165,1,51.0,2,1,1,211,At Risk,51.0
157,4,1078.96,2,4,4,244,Loyal Customers,4315.84
215,1,90.6,1,1,1,111,At Risk,90.6
6,2,163.62,5,3,1,531,Recent Customers,327.24
366,1,174.4,1,1,1,111,At Risk,174.4
80,2,701.23,2,3,3,233,At Risk,1402.46
43,1,225.12,3,1,1,311,Potential Loyalist,225.12
19,3,912.18,4,3,3,433,Recent Customers,2736.54
32,4,2118.03,4,4,5,445,Champions,8472.12
22,1,151.5,4,1,1,411,Recent Customers,151.5
109,8,3717.35,2,5,5,255,Loyal Customers,29738.8
8,16,9227.82,5,5,5,555,Champions,147645.12
320,1,155.0,1,1,1,111,At Risk,155.0
295,1,100.5,1,1,1,111,At Risk,100.5
358,1,76.55,1,1,1,111,At Risk,76.55
185,1,235.56,1,1,1,111,At Risk,235.56
191,2,617.05,1,3,3,133,At Risk,1234.1
44,2,348.1,3,3,2,332,Potential Loyalist,696.2
52,1,202.68,3,1,1,311,Potential Loyalist,202.68
26,1,615.49,4,1,3,413,Recent Customers,615.49
38,3,1247.69,3,3,4,334,Potential Loyalist,3743.07
9,3,202.11,5,3,1,531,Recent Customers,606.33
297,1,142.4,1,1,1,111,At Risk,142.4
33,3,1727.6,4,3,4,434,Recent Customers,5182.799999999999
10,8,3212.84,5,5,5,555,Champions,25702.72
65,2,1043.46,3,3,4,334,Potential Loyalist,2086.92
10,9,4642.57,5,5,5,555,Champions,41783.13
218,1,67.95,1,1,1,111,At Risk,67.95
2,9,3479.91,5,5,5,555,Champions,31319.19
65,2,487.99,3,3,3,333,Potential Loyalist,975.98
3,19,2612.96,5,5,5,555,Champions,49646.24
149,1,574.7,2,1,3,213,At Risk,574.7
4,13,4051.48,5,5,5,555,Champions,52669.24
130,4,1475.81,2,4,4,244,Loyal Customers,5903.24
34,6,1449.32,3,5,4,354,Loyal Customers,8695.92
119,1,156.75,2,1,1,211,At Risk,156.75
107,6,2157.73,2,5,5,255,Loyal Customers,12946.380000000001
11,7,2599.03,5,5,5,555,Champions,18193.210000000003
71,6,2059.4500000000003,3,5,5,355,Loyal Customers,12356.7
92,9,1100.27,2,5,4,254,Loyal Customers,9902.43
311,1,1063.0,1,1,4,114,At Risk,1063.0
43,2,770.03,3,3,3,333,Potential Loyalist,1540.06
362,1,121.05,1,1,1,111,At Risk,121.05
92,7,1496.98,2,5,4,254,Loyal Customers,10478.86
1,13,5855.57,5,5,5,555,Champions,76122.41
22,2,490.22,4,3,3,433,Recent Customers,980.44
4,3,1937.25,5,3,4,534,Recent Customers,5811.75
11,6,1051.79,5,5,4,554,Champions,6310.74
99,1,387.52,2,1,2,212,At Risk,387.52
57,2,813.11,3,3,3,333,Potential Loyalist,1626.22
1,6,4263.64,5,5,5,555,Champions,25581.840000000004
218,1,265.2,1,1,2,112,At Risk,265.2
18,1,322.08,4,1,2,412,Recent Customers,322.08
24,10,4481.67,4,5,5,455,Champions,44816.7
50,2,363.34000000000003,3,3,2,332,Potential Loyalist,726.6800000000001
7,5,1224.06,5,4,4,544,Champions,6120.299999999999
303,1,470.36,1,1,2,112,At Risk,470.36
10,6,2248.5,5,5,5,555,Champions,13491.0
22,6,1372.8,4,5,4,454,Champions,8236.8
99,1,89.06,2,1,1,211,At Risk,89.06
366,1,63.0,1,1,1,111,At Risk,63.0
306,1,131.9,1,1,1,111,At Risk,131.9
320,1,2661.24,1,1,5,115,At Risk,2661.24
8,5,2357.6800000000003,5,4,5,545,Champions,11788.400000000001
1,4,1712.89,5,4,4,544,Champions,6851.56
205,2,1589.82,1,3,4,134,At Risk,3179.64
54,4,1420.2,3,4,4,344,Loyal Customers,5680.8
1,4,1010.35,5,4,4,544,Champions,4041.4
19,5,1163.23,4,4,4,444,Champions,5816.15
9,2,375.35,5,3,2,532,Recent Customers,750.7
19,4,885.8,4,4,3,443,Champions,3543.2
181,3,483.25,1,3,2,132,At Risk,1449.75
60,2,643.9,3,3,3,333,Potential Loyalist,1287.8
11,2,259.05,5,3,2,532,Recent Customers,518.1
190,1,119.93,1,1,1,111,At Risk,119.93
5,9,3017.28,5,5,5,555,Champions,27155.52
311,1,113.64,1,1,1,111,At Risk,113.64
155,1,1837.92,2,1,4,214,At Risk,1837.92
110,3,434.34,2,3,2,232,At Risk,1303.02
148,3,2103.06,2,3,5,235,At Risk,6309.18
66,11,1980.57,3,5,4,354,Loyal Customers,21786.27
98,3,529.62,2,3,3,233,At Risk,1588.8600000000001
247,3,1038.44,1,3,4,134,At Risk,3115.32
29,7,2272.4,4,5,5,455,Champions,15906.800000000001
18,4,596.26,4,4,3,443,Champions,2385.04
12,2,461.19,5,3,2,532,Recent Customers,922.38
104,8,1852.67,2,5,4,254,Loyal Customers,14821.36
74,2,234.34000000000003,2,3,1,231,At Risk,468.68000000000006
46,1,547.66,3,1,3,313,Potential Loyalist,547.66
72,3,925.85,3,3,3,333,Potential Loyalist,2777.55
257,1,193.0,1,1,1,111,At Risk,193.0
20,4,1309.6,4,4,4,444,Champions,5238.4
254,2,316.25,1,3,2,132,At Risk,632.5
11,1,279.05,5,1,2,512,Recent Customers,279.05
165,2,636.51,2,3,3,233,At Risk,1273.02
18,6,2022.81,4,5,4,454,Champions,12136.86
282,1,137.1,1,1,1,111,At Risk,137.1
50,1,321.92,3,1,2,312,Potential Loyalist,321.92
39,1,162.8,3,1,1,311,Potential Loyalist,162.8
27,6,1165.48,4,5,4,454,Champions,6992.88
68,1,1064.28,3,1,4,314,Potential Loyalist,1064.28
207,1,463.38,1,1,2,112,At Risk,463.38
175,2,340.93,2,3,2,232,At Risk,681.86
7,5,2383.2400000000002,5,4,5,545,Champions,11916.2
26,1,139.56,4,1,1,411,Recent Customers,139.56
51,2,123.8,3,3,1,331,Potential Loyalist,247.6
312,2,538.8100000000001,1,3,3,133,At Risk,1077.6200000000001
309,1,475.37,1,1,2,112,At Risk,475.37
43,5,1957.32,3,4,4,344,Loyal Customers,9786.6
26,3,808.44,4,3,3,433,Recent Customers,2425.32
88,3,356.85,2,3,2,232,At Risk,1070.5500000000002
184,2,251.21,1,3,2,132,At Risk,502.42
20,11,2429.83,4,5,5,455,Champions,26728.129999999997
3,6,3543.26,5,5,5,555,Champions,21259.56
47,4,673.26,3,4,3,343,Loyal Customers,2693.04
17,8,5859.43,4,5,5,455,Champions,46875.44
17,5,1960.65,4,4,4,444,Champions,9803.25
24,6,1367.88,4,5,4,454,Champions,8207.28
22,2,268.05,4,3,2,432,Recent Customers,536.1
11,5,1314.81,5,4,4,544,Champions,6574.049999999999
188,2,275.28,1,3,2,132,At Risk,550.56
101,3,455.59000000000003,2,3,2,232,At Risk,1366.77
61,3,990.2,3,3,4,334,Potential Loyalist,2970.6000000000004
18,6,2076.89,4,5,5,455,Champions,12461.34
33,2,330.45,4,3,2,432,Recent Customers,660.9
64,1,174.37,3,1,1,311,Potential Loyalist,174.37
2,2,270.6,5,3,2,532,Recent Customers,541.2
24,4,974.54,4,4,4,444,Champions,3898.16
108,1,241.09,2,1,1,211,At Risk,241.09
32,9,1843.83,4,5,4,454,Champions,16594.47
20,9,4215.9,4,5,5,455,Champions,37943.1
3,55,8507.13,5,5,5,555,Champions,467892.14999999997
37,1,364.21999999999997,3,1,2,312,Potential Loyalist,364.21999999999997
60,3,578.61,3,3,3,333,Potential Loyalist,1735.83
26,6,2862.11,4,5,5,455,Champions,17172.66
236,4,932.85,1,4,3,143,Loyal Customers,3731.4
25,7,1949.72,4,5,4,454,Champions,13648.04
3,18,4397.3,5,5,5,555,Champions,79151.40000000001
60,3,2854.84,3,3,5,335,Potential Loyalist,8564.52
260,1,170.95,1,1,1,111,At Risk,170.95
58,1,355.56,3,1,2,312,Potential Loyalist,355.56
65,2,388.25,3,3,2,332,Potential Loyalist,776.5
16,2,537.48,4,3,3,433,Recent Customers,1074.96
10,3,952.66,5,3,4,534,Recent Customers,2857.98
59,8,1453.35,3,5,4,354,Loyal Customers,11626.8
186,1,103.25,1,1,1,111,At Risk,103.25
29,16,3599.73,4,5,5,455,Champions,57595.68
24,2,2004.3,4,3,4,434,Recent Customers,4008.6
5,5,2573.93,5,4,5,545,Champions,12869.65
4,8,3974.75,5,5,5,555,Champions,31798.0
151,2,652.8,2,3,3,233,At Risk,1305.6
311,1,289.24,1,1,2,112,At Risk,289.24
11,2,757.37,5,3,3,533,Recent Customers,1514.74
18,2,186.23,4,3,1,431,Recent Customers,372.46
152,1,164.22,2,1,1,211,At Risk,164.22
19,5,859.27,4,4,3,443,Champions,4296.35
10,4,2279.4900000000002,5,4,5,545,Champions,9117.960000000001
57,2,312.54,3,3,2,332,Potential Loyalist,625.08
85,1,788.38,2,1,3,213,At Risk,788.38
7,22,2237.77,5,5,5,555,Champions,49230.94
76,3,1080.76,2,3,4,234,At Risk,3242.2799999999997
4,18,5006.77,5,5,5,555,Champions,90121.86000000002
96,4,3099.12,2,4,5,245,Loyal Customers,12396.48
111,1,1432.0,2,1,4,214,At Risk,1432.0
57,2,1530.3600000000001,3,3,4,334,Potential Loyalist,3060.7200000000003
1,1,227.39,5,1,1,511,Recent Customers,227.39
281,2,218.06,1,3,1,131,At Risk,436.12
3,7,2804.54,5,5,5,555,Champions,19631.78
180,9,1639.82,1,5,4,154,Loyal Customers,14758.38
372,1,35.400000000000006,1,1,1,111,At Risk,35.400000000000006
13,4,859.71,5,4,3,543,Champions,3438.84
3,1,168.63,5,1,1,511,Recent Customers,168.63
17,1,138.6,4,1,1,411,Recent Customers,138.6
41,1,114.11,3,1,1,311,Potential Loyalist,114.11
6,5,986.96,5,4,4,544,Champions,4934.8
169,4,1033.06,2,4,4,244,Loyal Customers,4132.24
50,1,157.05,3,1,1,311,Potential Loyalist,157.05
277,1,237.36,1,1,1,111,At Risk,237.36
19,9,1580.29,4,5,4,454,Champions,14222.61
372,1,39.75,1,1,1,111,At Risk,39.75
15,4,1320.21,4,4,4,444,Champions,5280.84
35,3,557.94,3,3,3,333,Potential Loyalist,1673.8200000000002
22,3,617.15,4,3,3,433,Recent Customers,1851.4499999999998
7,2,363.33,5,3,2,532,Recent Customers,726.66
20,6,1740.6,4,5,4,454,Champions,10443.599999999999
11,2,866.24,5,3,3,533,Recent Customers,1732.48
44,1,221.97,3,1,1,311,Potential Loyalist,221.97
306,1,393.33000000000004,1,1,2,112,At Risk,393.33000000000004
11,1,213.96,5,1,1,511,Recent Customers,213.96
275,1,660.0,1,1,3,113,At Risk,660.0
1,93,12076.15,5,5,5,555,Champions,1123081.95
16,14,16209.5,4,5,5,455,Champions,226933.0
4,4,1785.15,5,4,4,544,Champions,7140.6
72,4,601.56,3,4,3,343,Loyal Customers,2406.24
243,3,406.08000000000004,1,3,2,132,At Risk,1218.2400000000002
9,3,553.44,5,3,3,533,Recent Customers,1660.3200000000002
246,1,394.44,1,1,2,112,At Risk,394.44
206,2,412.78000000000003,1,3,2,132,At Risk,825.5600000000001
1,5,1788.3600000000001,5,4,4,544,Champions,8941.800000000001
185,1,320.58000000000004,1,1,2,112,At Risk,320.58000000000004
32,5,886.7,4,4,3,443,Champions,4433.5
57,2,225.85,3,3,1,331,Potential Loyalist,451.7
196,2,899.63,1,3,3,133,At Risk,1799.26
24,4,2791.27,4,4,5,445,Champions,11165.08
91,2,671.96,2,3,3,233,At Risk,1343.92
4,2,955.26,5,3,4,534,Recent Customers,1910.52
51,3,1006.98,3,3,4,334,Potential Loyalist,3020.94
263,1,114.56,1,1,1,111,At Risk,114.56
266,1,344.90000000000003,1,1,2,112,At Risk,344.90000000000003
36,2,609.85,3,3,3,333,Potential Loyalist,1219.7
51,1,443.6,3,1,2,312,Potential Loyalist,443.6
52,6,2984.49,3,5,5,355,Loyal Customers,17906.94
24,6,2107.38,4,5,5,455,Champions,12644.28
22,1,110.46,4,1,1,411,Recent Customers,110.46
59,1,96.12,3,1,1,311,Potential Loyalist,96.12
170,2,693.8100000000001,2,3,3,233,At Risk,1387.6200000000001
68,2,830.76,3,3,3,333,Potential Loyalist,1661.52
157,2,597.09,2,3,3,233,At Risk,1194.18
2,73,280206.02,5,5,5,555,Champions,20455039.46
201,1,236.04000000000002,1,1,1,111,At Risk,236.04000000000002
5,4,1402.59,5,4,4,544,Champions,5610.36
67,2,653.75,3,3,3,333,Potential Loyalist,1307.5
77,1,114.18,2,1,1,211,At Risk,114.18
1,7,1926.65,5,5,4,554,Champions,13486.550000000001
8,4,1932.23,5,4,4,544,Champions,7728.92
169,2,291.05,2,3,2,232,At Risk,582.1
18,4,848.22,4,4,3,443,Champions,3392.88
5,2,247.15,5,3,1,531,Recent Customers,494.3
9,9,2529.93,5,5,5,555,Champions,22769.37
87,2,285.74,2,3,2,232,At Risk,571.48
27,1,107.95,4,1,1,411,Recent Customers,107.95
29,4,741.37,4,4,3,443,Champions,2965.48
20,2,636.24,4,3,3,433,Recent Customers,1272.48
61,5,1835.7,3,4,4,344,Loyal Customers,9178.5
24,1,195.25,4,1,1,411,Recent Customers,195.25
11,25,9175.04,5,5,5,555,Champions,229376.00000000003
242,3,1259.24,1,3,4,134,At Risk,3777.7200000000003
280,2,392.86,1,3,2,132,At Risk,785.72
235,2,765.55,1,3,3,133,At Risk,1531.1
3,5,1736.4,5,4,4,544,Champions,8682.0
16,1,596.36,4,1,3,413,Recent Customers,596.36
31,6,2548.2400000000002,4,5,5,455,Champions,15289.440000000002
25,16,28754.11,4,5,5,455,Champions,460065.76
71,3,498.95,3,3,3,333,Potential Loyalist,1496.85
188,2,52.0,1,3,1,131,At Risk,104.0
26,5,1201.51,4,4,4,444,Champions,6007.55
107,1,628.38,2,1,3,213,At Risk,628.38
8,21,5579.1,5,5,5,555,Champions,117161.1
209,1,112.8,1,1,1,111,At Risk,112.8
44,2,355.05,3,3,2,332,Potential Loyalist,710.1
31,5,2114.33,4,4,5,445,Champions,10571.65
137,4,591.55,2,4,3,243,Loyal Customers,2366.2
265,1,172.9,1,1,1,111,At Risk,172.9
4,7,2078.95,5,5,5,555,Champions,14552.649999999998
218,2,188.60999999999999,1,3,1,131,At Risk,377.21999999999997
2,5,1217.27,5,4,4,544,Champions,6086.35
214,1,109.13000000000001,1,1,1,111,At Risk,109.13000000000001
32,3,2195.1,4,3,5,435,Recent Customers,6585.299999999999
11,9,2526.09,5,5,5,555,Champions,22734.81
1,17,3251.79,5,5,5,555,Champions,55280.43
15,1,318.17,4,1,2,412,Recent Customers,318.17
11,9,1493.96,5,5,4,554,Champions,13445.64
199,1,179.0,1,1,1,111,At Risk,179.0
3,3,1126.37,5,3,4,534,Recent Customers,3379.1099999999997
15,13,4921.04,4,5,5,455,Champions,63973.52
14,4,599.48,4,4,3,443,Champions,2397.92
10,11,2839.62,5,5,5,555,Champions,31235.82
29,3,917.07,4,3,3,433,Recent Customers,2751.21
9,11,2662.2,5,5,5,555,Champions,29284.199999999997
24,1,160.19,4,1,1,411,Recent Customers,160.19
25,4,867.38,4,4,3,443,Champions,3469.52
43,2,307.51,3,3,2,332,Potential Loyalist,615.02
2,5,1581.84,5,4,4,544,Champions,7909.2
6,3,663.81,5,3,3,533,Recent Customers,1991.4299999999998
147,1,180.42000000000002,2,1,1,211,At Risk,180.42000000000002
10,6,1122.3600000000001,5,5,4,554,Champions,6734.160000000001
25,1,655.58,4,1,3,413,Recent Customers,655.58
274,1,268.58,1,1,2,112,At Risk,268.58
374,1,313.49,1,1,2,112,At Risk,313.49
1,8,1897.57,5,5,4,554,Champions,15180.56
47,3,380.02,3,3,2,332,Potential Loyalist,1140.06
8,8,2702.4900000000002,5,5,5,555,Champions,21619.920000000002
16,12,9585.91,4,5,5,455,Champions,115030.92
4,32,6065.69,5,5,5,555,Champions,194102.08
4,3,1164.55,5,3,4,534,Recent Customers,3493.6499999999996
43,7,1314.45,3,5,4,354,Loyal Customers,9201.15
4,7,3902.28,5,5,5,555,Champions,27315.960000000003
197,3,1448.21,1,3,4,134,At Risk,4344.63
12,6,1400.34,5,5,4,554,Champions,8402.039999999999
16,7,1099.98,4,5,4,454,Champions,7699.860000000001
113,5,1220.26,2,4,4,244,Loyal Customers,6101.3
249,1,328.2,1,1,2,112,At Risk,328.2
29,5,1415.75,4,4,4,444,Champions,7078.75
44,1,389.64,3,1,2,312,Potential Loyalist,389.64
87,1,563.15,2,1,3,213,At Risk,563.15
45,2,638.05,3,3,3,333,Potential Loyalist,1276.1
10,11,5010.28,5,5,5,555,Champions,55113.079999999994
15,1,738.96,4,1,3,413,Recent Customers,738.96
75,1,420.5,2,1,2,212,At Risk,420.5
145,4,1484.06,2,4,4,244,Loyal Customers,5936.24
5,3,1625.97,5,3,4,534,Recent Customers,4877.91
297,1,89.2,1,1,1,111,At Risk,89.2
59,2,255.9,3,3,2,332,Potential Loyalist,511.8
264,1,300.52,1,1,2,112,At Risk,300.52
47,1,278.3,3,1,2,312,Potential Loyalist,278.3
29,3,254.11,4,3,2,432,Recent Customers,762.33
8,6,2473.37,5,5,5,555,Champions,14840.22
17,2,192.60000000000002,4,3,1,431,Recent Customers,385.20000000000005
3,8,10416.98,5,5,5,555,Champions,83335.84
232,2,876.42,1,3,3,133,At Risk,1752.84
112,1,139.26,2,1,1,211,At Risk,139.26
58,3,1011.9,3,3,4,334,Potential Loyalist,3035.7
51,11,2538.3,3,5,5,355,Loyal Customers,27921.300000000003
127,2,730.86,2,3,3,233,At Risk,1461.72
281,3,386.15,1,3,2,132,At Risk,1158.4499999999998
55,2,447.68,3,3,2,332,Potential Loyalist,895.36
320,1,200.10000000000002,1,1,1,111,At Risk,200.10000000000002
26,2,289.99,4,3,2,432,Recent Customers,579.98
10,2,77.4,5,3,1,531,Recent Customers,154.8
7,2,679.4399999999999,5,3,3,533,Recent Customers,1358.8799999999999
29,1,197.64,4,1,1,411,Recent Customers,197.64
17,4,745.06,4,4,3,443,Champions,2980.24
64,1,6.2,3,1,1,311,Potential Loyalist,6.2
21,1,228.99,4,1,1,411,Recent Customers,228.99
3,7,1319.91,5,5,4,554,Champions,9239.37
166,1,131.45000000000002,2,1,1,211,At Risk,131.45000000000002
1,17,7975.49,5,5,5,555,Champions,135583.33
53,3,173.74,3,3,1,331,Potential Loyalist,521.22
51,1,157.7,3,1,1,311,Potential Loyalist,157.7
48,12,4331.79,3,5,5,355,Loyal Customers,51981.479999999996
61,1,189.34,3,1,1,311,Potential Loyalist,189.34
162,3,845.55,2,3,3,233,At Risk,2536.6499999999996
9,1,353.27,5,1,2,512,Recent Customers,353.27
15,4,546.4,4,4,3,443,Champions,2185.6
75,1,193.39000000000001,2,1,1,211,At Risk,193.39000000000001
40,8,2718.6,3,5,5,355,Loyal Customers,21748.8
41,11,2085.33,3,5,5,355,Loyal Customers,22938.629999999997
370,2,152.88,1,3,1,131,At Risk,305.76
37,2,778.5,3,3,3,333,Potential Loyalist,1557.0
197,1,271.85,1,1,2,112,At Risk,271.85
200,2,1110.34,1,3,4,134,At Risk,2220.68
74,3,657.8,2,3,3,233,At Risk,1973.3999999999999
64,2,272.07,3,3,2,332,Potential Loyalist,544.14
21,4,507.29,4,4,3,443,Champions,2029.16
367,1,48.800000000000004,1,1,1,111,At Risk,48.800000000000004
180,3,321.43,1,3,2,132,At Risk,964.29
10,4,1127.71,5,4,4,544,Champions,4510.84
4,12,2221.01,5,5,5,555,Champions,26652.120000000003
197,3,2139.76,1,3,5,135,At Risk,6419.280000000001
29,4,697.55,4,4,3,443,Champions,2790.2
53,1,188.88,3,1,1,311,Potential Loyalist,188.88
18,6,1720.3,4,5,4,454,Champions,10321.8
10,3,102.44999999999999,5,3,1,531,Recent Customers,307.34999999999997
90,4,1649.5,2,4,4,244,Loyal Customers,6598.0
268,1,62.85,1,1,1,111,At Risk,62.85
53,6,3295.76,3,5,5,355,Loyal Customers,19774.56
44,4,2824.69,3,4,5,345,Loyal Customers,11298.76
64,4,3189.81,3,4,5,345,Loyal Customers,12759.24
149,1,309.4,2,1,2,212,At Risk,309.4
22,25,7930.54,4,5,5,455,Champions,198263.5
312,1,325.75,1,1,2,112,At Risk,325.75
23,2,511.35,4,3,3,433,Recent Customers,1022.7
58,6,2836.69,3,5,5,355,Loyal Customers,17020.14
24,2,475.8,4,3,2,432,Recent Customers,951.6
78,7,2740.03,2,5,5,255,Loyal Customers,19180.210000000003
119,2,645.65,2,3,3,233,At Risk,1291.3
36,3,1290.53,3,3,4,334,Potential Loyalist,3871.59
60,2,1173.12,3,3,4,334,Potential Loyalist,2346.24
13,4,1353.74,5,4,4,544,Champions,5414.96
19,1,170.32,4,1,1,411,Recent Customers,170.32
52,1,125.79,3,1,1,311,Potential Loyalist,125.79
26,2,841.1999999999999,4,3,3,433,Recent Customers,1682.3999999999999
29,1,266.76,4,1,2,412,Recent Customers,266.76
7,2,52.2,5,3,1,531,Recent Customers,104.4
11,12,14389.9,5,5,5,555,Champions,172678.8
186,3,710.28,1,3,3,133,At Risk,2130.84
3,8,2953.59,5,5,5,555,Champions,23628.72
9,2,721.45,5,3,3,533,Recent Customers,1442.9
262,1,327.25,1,1,2,112,At Risk,327.25
3,4,501.28000000000003,5,4,3,543,Champions,2005.1200000000001
210,1,519.68,1,1,3,113,At Risk,519.68
108,2,1465.3200000000002,2,3,4,234,At Risk,2930.6400000000003
13,9,1476.09,5,5,4,554,Champions,13284.81
77,3,690.59,2,3,3,233,At Risk,2071.77
20,1,255.4,4,1,2,412,Recent Customers,255.4
27,2,589.7,4,3,3,433,Recent Customers,1179.4
19,6,761.59,4,5,3,453,Champions,4569.54
132,1,765.3199999999999,2,1,3,213,At Risk,765.3199999999999
253,1,364.8,1,1,2,112,At Risk,364.8
79,1,1862.0,2,1,4,214,At Risk,1862.0
207,1,369.2,1,1,2,112,At Risk,369.2
336,1,135.9,1,1,1,111,At Risk,135.9
254,1,125.65,1,1,1,111,At Risk,125.65
148,2,554.38,2,3,3,233,At Risk,1108.76
10,2,1237.8500000000001,5,3,4,534,Recent Customers,2475.7000000000003
85,1,655.75,2,1,3,213,At Risk,655.75
8,20,11138.710000000001,5,5,5,555,Champions,222774.2
205,2,468.77000000000004,1,3,2,132,At Risk,937.5400000000001
8,4,1366.38,5,4,4,544,Champions,5465.52
23,6,1269.31,4,5,4,454,Champions,7615.86
11,9,1421.29,5,5,4,554,Champions,12791.61
26,1,332.66,4,1,2,412,Recent Customers,332.66
21,5,2795.33,4,4,5,445,Champions,13976.65
2,2,1025.44,5,3,4,534,Recent Customers,2050.88
158,2,616.15,2,3,3,233,At Risk,1232.3
3,7,3501.1,5,5,5,555,Champions,24507.7
74,1,277.8,2,1,2,212,At Risk,277.8
3,4,434.35,5,4,2,542,Champions,1737.4
1,201,143711.17,5,5,5,555,Champions,28885945.17
17,2,867.85,4,3,3,433,Recent Customers,1735.7
36,4,1227.43,3,4,4,344,Loyal Customers,4909.72
91,2,307.48,2,3,2,232,At Risk,614.96
71,4,1268.98,3,4,4,344,Loyal Customers,5075.92
116,2,1610.15,2,3,4,234,At Risk,3220.3
213,2,977.77,1,3,4,134,At Risk,1955.54
30,2,1316.07,4,3,4,434,Recent Customers,2632.14
51,1,749.1,3,1,3,313,Potential Loyalist,749.1
246,1,310.05,1,1,2,112,At Risk,310.05
32,1,223.88,4,1,1,411,Recent Customers,223.88
109,3,2362.96,2,3,5,235,At Risk,7088.88
5,5,1257.68,5,4,4,544,Champions,6288.400000000001
366,1,363.53,1,1,2,112,At Risk,363.53
82,2,1890.94,2,3,4,234,At Risk,3781.88
297,1,1784.71,1,1,4,114,At Risk,1784.71
34,8,8137.02,3,5,5,355,Loyal Customers,65096.16
57,3,1621.88,3,3,4,334,Potential Loyalist,4865.64
30,12,5900.25,4,5,5,455,Champions,70803.0
14,1,100.9,4,1,1,411,Recent Customers,100.9
72,2,290.82,3,3,2,332,Potential Loyalist,581.64
23,6,1101.97,4,5,4,454,Champions,6611.82
19,1,371.2,4,1,2,412,Recent Customers,371.2
79,1,311.69,2,1,2,212,At Risk,311.69
60,11,8099.49,3,5,5,355,Loyal Customers,89094.39
25,1,285.67,4,1,2,412,Recent Customers,285.67
12,1,294.85,5,1,2,512,Recent Customers,294.85
253,1,58.49,1,1,1,111,At Risk,58.49
147,3,483.72999999999996,2,3,2,232,At Risk,1451.1899999999998
64,4,695.42,3,4,3,343,Loyal Customers,2781.68
8,2,221.27,5,3,1,531,Recent Customers,442.54
11,9,7044.68,5,5,5,555,Champions,63402.12
271,1,126.7,1,1,1,111,At Risk,126.7
10,5,1472.34,5,4,4,544,Champions,7361.7
247,1,206.21,1,1,1,111,At Risk,206.21
96,2,596.09,2,3,3,233,At Risk,1192.18
15,1,183.02,4,1,1,411,Recent Customers,183.02
50,1,463.8,3,1,2,312,Potential Loyalist,463.8
30,1,147.59,4,1,1,411,Recent Customers,147.59
68,4,1592.06,3,4,4,344,Loyal Customers,6368.24
35,3,1097.98,3,3,4,334,Potential Loyalist,3293.94
128,1,114.77,2,1,1,211,At Risk,114.77
107,3,1314.45,2,3,4,234,At Risk,3943.3500000000004
37,1,89.94,3,1,1,311,Potential Loyalist,89.94
57,1,279.94,3,1,2,312,Potential Loyalist,279.94
57,7,790.86,3,5,3,353,Loyal Customers,5536.02
72,5,1921.3700000000001,3,4,4,344,Loyal Customers,9606.85
246,1,102.12,1,1,1,111,At Risk,102.12
19,2,202.37,4,3,1,431,Recent Customers,404.74
198,2,292.01,1,3,2,132,At Risk,584.02
16,2,326.4,4,3,2,432,Recent Customers,652.8
212,1,334.54,1,1,2,112,At Risk,334.54
39,2,231.98000000000002,3,3,1,331,Potential Loyalist,463.96000000000004
46,3,546.1999999999999,3,3,3,333,Potential Loyalist,1638.6
170,2,414.87,2,3,2,232,At Risk,829.74
48,1,490.52,3,1,3,313,Potential Loyalist,490.52
116,4,1641.76,2,4,4,244,Loyal Customers,6567.04
147,1,1220.77,2,1,4,214,At Risk,1220.77
16,28,6295.37,4,5,5,455,Champions,176270.36
51,1,480.38,3,1,2,312,Potential Loyalist,480.38
159,1,156.91,2,1,1,211,At Risk,156.91
12,3,1259.43,5,3,4,534,Recent Customers,3778.29
36,1,308.94,3,1,2,312,Potential Loyalist,308.94
54,2,405.04,3,3,2,332,Potential Loyalist,810.08
43,2,257.67,3,3,2,332,Potential Loyalist,515.34
173,1,170.04,2,1,1,211,At Risk,170.04
34,1,125.58,3,1,1,311,Potential Loyalist,125.58
39,3,496.21000000000004,3,3,3,333,Potential Loyalist,1488.63
267,1,252.81,1,1,2,112,At Risk,252.81
9,9,1871.77,5,5,4,554,Champions,16845.93
12,4,852.39,5,4,3,543,Champions,3409.56
3,11,6720.41,5,5,5,555,Champions,73924.51
10,10,1636.43,5,5,4,554,Champions,16364.300000000001
33,1,361.96,4,1,2,412,Recent Customers,361.96
80,3,469.0,2,3,2,232,At Risk,1407.0
31,4,1066.1499999999999,4,4,4,444,Champions,4264.599999999999
8,4,627.13,5,4,3,543,Champions,2508.52
72,2,518.28,3,3,3,333,Potential Loyalist,1036.56
4,4,653.19,5,4,3,543,Champions,2612.76
256,3,4959.1,1,3,5,135,At Risk,14877.300000000001
5,10,2557.18,5,5,5,555,Champions,25571.8
16,8,4274.16,4,5,5,455,Champions,34193.28
90,1,252.73000000000002,2,1,2,212,At Risk,252.73000000000002
72,3,429.56,3,3,2,332,Potential Loyalist,1288.68
59,6,685.74,3,5,3,353,Loyal Customers,4114.4400000000005
10,47,19766.59,5,5,5,555,Champions,929029.73
170,1,179.93,2,1,1,211,At Risk,179.93
199,1,135.93,1,1,1,111,At Risk,135.93
31,1,537.0,4,1,3,413,Recent Customers,537.0
19,17,7634.7300000000005,4,5,5,455,Champions,129790.41
152,2,735.66,2,3,3,233,At Risk,1471.32
9,15,5090.42,5,5,5,555,Champions,76356.3
270,1,343.62,1,1,2,112,At Risk,343.62
65,4,381.0,3,4,2,342,Loyal Customers,1524.0
274,1,121.17000000000002,1,1,1,111,At Risk,121.17000000000002
25,3,1737.69,4,3,4,434,Recent Customers,5213.07
23,3,1383.3600000000001,4,3,4,434,Recent Customers,4150.08
319,1,207.73000000000002,1,1,1,111,At Risk,207.73000000000002
5,3,693.95,5,3,3,533,Recent Customers,2081.8500000000004
12,2,302.1,5,3,2,532,Recent Customers,604.2
275,2,1489.5,1,3,4,134,At Risk,2979.0
25,11,2102.54,4,5,5,455,Champions,23127.94
41,9,1337.72,3,5,4,354,Loyal Customers,12039.48
8,4,294.25,5,4,2,542,Champions,1177.0
4,48,54534.14,5,5,5,555,Champions,2617638.7199999997
71,4,987.86,3,4,4,344,Loyal Customers,3951.44
213,1,370.79999999999995,1,1,2,112,At Risk,370.79999999999995
38,4,3158.13,3,4,5,345,Loyal Customers,12632.52
53,1,893.59,3,1,3,313,Potential Loyalist,893.59
78,3,1744.76,2,3,4,234,At Risk,5234.28
46,2,553.36,3,3,3,333,Potential Loyalist,1106.72
179,1,1109.53,2,1,4,214,At Risk,1109.53
373,1,106.2,1,1,1,111,At Risk,106.2
94,2,982.07,2,3,4,234,At Risk,1964.14
10,3,1043.41,5,3,4,534,Recent Customers,3130.2300000000005
105,1,735.67,2,1,3,213,At Risk,735.67
78,1,773.03,2,1,3,213,At Risk,773.03
173,1,880.85,2,1,3,213,At Risk,880.85
7,32,9743.11,5,5,5,555,Champions,311779.52
213,4,895.61,1,4,3,143,Loyal Customers,3582.44
22,5,504.8,4,4,3,443,Champions,2524.0
257,1,88.2,1,1,1,111,At Risk,88.2
282,1,306.94,1,1,2,112,At Risk,306.94
21,2,1160.07,4,3,4,434,Recent Customers,2320.14
10,6,2420.84,5,5,5,555,Champions,14525.04
308,1,381.32,1,1,2,112,At Risk,381.32
68,1,480.71,3,1,2,312,Potential Loyalist,480.71
215,2,457.81,1,3,2,132,At Risk,915.62
18,6,4597.02,4,5,5,455,Champions,27582.120000000003
104,4,1370.6,2,4,4,244,Loyal Customers,5482.4
43,1,219.39000000000001,3,1,1,311,Potential Loyalist,219.39000000000001
4,1,248.08,5,1,1,511,Recent Customers,248.08
182,3,39916.5,1,3,5,135,At Risk,119749.5
84,1,410.48,2,1,2,212,At Risk,410.48
334,3,876.0,1,3,3,133,At Risk,2628.0
9,2,317.53,5,3,2,532,Recent Customers,635.06
31,2,703.36,4,3,3,433,Recent Customers,1406.72
197,2,993.54,1,3,4,134,At Risk,1987.08
18,7,2298.93,4,5,5,455,Champions,16092.509999999998
18,5,1422.52,4,4,4,444,Champions,7112.6
311,6,319.5,1,5,2,152,Loyal Customers,1917.0
142,4,1300.25,2,4,4,244,Loyal Customers,5201.0
246,1,484.95,1,1,2,112,At Risk,484.95
24,4,996.1,4,4,4,444,Champions,3984.4
29,3,1567.48,4,3,4,434,Recent Customers,4702.4400000000005
10,3,3509.43,5,3,5,535,Recent Customers,10528.289999999999
30,10,2760.56,4,5,5,455,Champions,27605.6
18,1,340.11,4,1,2,412,Recent Customers,340.11
18,4,1352.75,4,4,4,444,Champions,5411.0
15,5,1551.78,4,4,4,444,Champions,7758.9
134,1,244.8,2,1,1,211,At Risk,244.8
246,1,266.4,1,1,2,112,At Risk,266.4
134,1,358.82,2,1,2,212,At Risk,358.82
50,2,457.72,3,3,2,332,Potential Loyalist,915.44
114,3,1633.78,2,3,4,234,At Risk,4901.34
7,2,2199.31,5,3,5,535,Recent Customers,4398.62
23,2,184.19,4,3,1,431,Recent Customers,368.38
25,15,11528.48,4,5,5,455,Champions,172927.19999999998
66,1,406.53,3,1,2,312,Potential Loyalist,406.53
60,4,1471.0,3,4,4,344,Loyal Customers,5884.0
50,11,3447.4,3,5,5,355,Loyal Customers,37921.4
170,1,330.11,2,1,2,212,At Risk,330.11
18,5,977.9300000000001,4,4,4,444,Champions,4889.650000000001
128,3,982.42,2,3,4,234,At Risk,2947.2599999999998
15,8,1387.99,4,5,4,454,Champions,11103.92
239,1,139.05,1,1,1,111,At Risk,139.05
3,4,1286.7,5,4,4,544,Champions,5146.8
240,2,178.96,1,3,1,131,At Risk,357.92
52,7,2354.25,3,5,5,355,Loyal Customers,16479.75
46,1,498.74,3,1,3,313,Potential Loyalist,498.74
226,1,259.45,1,1,2,112,At Risk,259.45
8,17,6580.44,5,5,5,555,Champions,111867.48
4,4,1194.73,5,4,4,544,Champions,4778.92
165,2,1327.16,2,3,4,234,At Risk,2654.32
240,1,623.5,1,1,3,113,At Risk,623.5
11,1,301.29,5,1,2,512,Recent Customers,301.29
134,1,520.8000000000001,2,1,3,213,At Risk,520.8000000000001
17,10,5291.33,4,5,5,455,Champions,52913.3
10,13,4745.69,5,5,5,555,Champions,61693.969999999994
31,1,329.25,4,1,2,412,Recent Customers,329.25
75,1,254.28,2,1,2,212,At Risk,254.28
1,3,961.49,5,3,4,534,Recent Customers,2884.4700000000003
4,3,1936.07,5,3,4,534,Recent Customers,5808.21
45,1,401.40000000000003,3,1,2,312,Potential Loyalist,401.40000000000003
2,30,18641.010000000002,5,5,5,555,Champions,559230.3
357,1,158.16,1,1,1,111,At Risk,158.16
18,2,304.47,4,3,2,432,Recent Customers,608.94
69,3,824.58,3,3,3,333,Potential Loyalist,2473.7400000000002
373,1,487.75,1,1,3,113,At Risk,487.75
321,1,158.8,1,1,1,111,At Risk,158.8
26,1,106.56,4,1,1,411,Recent Customers,106.56
331,1,1289.5,1,1,4,114,At Risk,1289.5
9,5,1624.05,5,4,4,544,Champions,8120.25
323,1,135.75,1,1,1,111,At Risk,135.75
72,1,224.14,3,1,1,311,Potential Loyalist,224.14
260,1,40.5,1,1,1,111,At Risk,40.5
18,5,2206.95,4,4,5,445,Champions,11034.75
367,1,87.5,1,1,1,111,At Risk,87.5
66,3,689.4799999999999,3,3,3,333,Potential Loyalist,2068.4399999999996
154,2,622.85,2,3,3,233,At Risk,1245.7
29,2,402.2,4,3,2,432,Recent Customers,804.4
70,1,310.62,3,1,2,312,Potential Loyalist,310.62
14,2,411.41,4,3,2,432,Recent Customers,822.82
2,16,4777.18,5,5,5,555,Champions,76434.88
1,41,16225.39,5,5,5,555,Champions,665240.99
120,3,1044.32,2,3,4,234,At Risk,3132.96
61,1,499.32,3,1,3,313,Potential Loyalist,499.32
3,15,7616.53,5,5,5,555,Champions,114247.95
3,1,3861.0,5,1,5,515,Recent Customers,3861.0
11,3,1079.6100000000001,5,3,4,534,Recent Customers,3238.8300000000004
92,2,193.64,2,3,1,231,At Risk,387.28
59,4,1268.7,3,4,4,344,Loyal Customers,5074.8
87,5,1236.54,2,4,4,244,Loyal Customers,6182.7
26,6,1827.8,4,5,4,454,Champions,10966.8
357,1,316.58,1,1,2,112,At Risk,316.58
85,2,653.24,2,3,3,233,At Risk,1306.48
10,4,420.29999999999995,5,4,2,542,Champions,1681.1999999999998
1,5,870.12,5,4,3,543,Champions,4350.6
225,1,331.18,1,1,2,112,At Risk,331.18
60,2,894.4100000000001,3,3,3,333,Potential Loyalist,1788.8200000000002
241,1,101.8,1,1,1,111,At Risk,101.8
319,2,328.35,1,3,2,132,At Risk,656.7
2,8,1661.44,5,5,4,554,Champions,13291.52
47,3,734.94,3,3,3,333,Potential Loyalist,2204.82
88,1,96.6,2,1,1,211,At Risk,96.6
11,11,5756.89,5,5,5,555,Champions,63325.79
176,1,305.75,2,1,2,212,At Risk,305.75
52,6,1778.96,3,5,4,354,Loyal Customers,10673.76
366,1,403.25,1,1,2,112,At Risk,403.25
319,1,585.0,1,1,3,113,At Risk,585.0
226,2,755.75,1,3,3,133,At Risk,1511.5
358,2,322.08,1,3,2,132,At Risk,644.16
234,1,409.40000000000003,1,1,2,112,At Risk,409.40000000000003
311,1,154.41,1,1,1,111,At Risk,154.41
37,5,1219.4,3,4,4,344,Loyal Customers,6097.0
66,4,3386.71,3,4,5,345,Loyal Customers,13546.84
239,2,429.6,1,3,2,132,At Risk,859.2
113,2,612.06,2,3,3,233,At Risk,1224.12
277,1,197.0,1,1,1,111,At Risk,197.0
218,12,2247.51,1,5,5,155,Loyal Customers,26970.120000000003
299,1,321.05,1,1,2,112,At Risk,321.05
2,4,1412.32,5,4,4,544,Champions,5649.28
29,3,1071.99,4,3,4,434,Recent Customers,3215.9700000000003
10,2,780.59,5,3,3,533,Recent Customers,1561.18
45,5,1706.57,3,4,4,344,Loyal Customers,8532.85
67,8,1756.44,3,5,4,354,Loyal Customers,14051.52
74,1,316.68,2,1,2,212,At Risk,316.68
65,2,631.57,3,3,3,333,Potential Loyalist,1263.14
134,3,2515.84,2,3,5,235,At Risk,7547.52
238,2,514.15,1,3,3,133,At Risk,1028.3
122,1,356.0,2,1,2,212,At Risk,356.0
32,13,6688.46,4,5,5,455,Champions,86949.98
9,11,10484.99,5,5,5,555,Champions,115334.89
36,2,740.78,3,3,3,333,Potential Loyalist,1481.56
16,5,918.1999999999999,4,4,3,443,Champions,4591.0
127,1,300.36,2,1,2,212,At Risk,300.36
67,1,890.85,3,1,3,313,Potential Loyalist,890.85
149,1,98.45,2,1,1,211,At Risk,98.45
283,1,317.15,1,1,2,112,At Risk,317.15
169,2,623.16,2,3,3,233,At Risk,1246.32
100,7,1810.77,2,5,4,254,Loyal Customers,12675.39
135,1,254.82,2,1,2,212,At Risk,254.82
324,1,178.95000000000002,1,1,1,111,At Risk,178.95000000000002
107,1,156.51,2,1,1,211,At Risk,156.51
64,1,393.74,3,1,2,312,Potential Loyalist,393.74
151,2,1506.1200000000001,2,3,4,234,At Risk,3012.2400000000002
338,1,119.3,1,1,1,111,At Risk,119.3
22,5,1717.36,4,4,4,444,Champions,8586.8
24,1,408.8,4,1,2,412,Recent Customers,408.8
16,7,2379.49,4,5,5,455,Champions,16656.43
7,15,2493.34,5,5,5,555,Champions,37400.100000000006
57,2,721.94,3,3,3,333,Potential Loyalist,1443.88
4,2,716.57,5,3,3,533,Recent Customers,1433.14
38,1,615.14,3,1,3,313,Potential Loyalist,615.14
66,1,128.63,3,1,1,311,Potential Loyalist,128.63
47,1,255.89999999999998,3,1,2,312,Potential Loyalist,255.89999999999998
355,1,290.51,1,1,2,112,At Risk,290.51
172,1,113.12,2,1,1,211,At Risk,113.12
59,9,2332.15,3,5,5,355,Loyal Customers,20989.350000000002
50,1,240.55,3,1,1,311,Potential Loyalist,240.55
22,2,486.69,4,3,2,432,Recent Customers,973.38
43,5,2306.52,3,4,5,345,Loyal Customers,11532.6
29,3,939.78,4,3,4,434,Recent Customers,2819.34
5,18,7943.22,5,5,5,555,Champions,142977.96
26,15,4668.3,4,5,5,455,Champions,70024.5
201,1,178.39,1,1,1,111,At Risk,178.39
51,6,3672.86,3,5,5,355,Loyal Customers,22037.16
10,3,641.94,5,3,3,533,Recent Customers,1925.8200000000002
2,12,4799.9,5,5,5,555,Champions,57598.799999999996
67,7,4507.01,3,5,5,355,Loyal Customers,31549.07
64,1,496.44,3,1,3,313,Potential Loyalist,496.44
51,12,5049.95,3,5,5,355,Loyal Customers,60599.399999999994
290,1,574.02,1,1,3,113,At Risk,574.02
61,8,694.4000000000001,3,5,3,353,Loyal Customers,5555.200000000001
64,3,1174.35,3,3,4,334,Potential Loyalist,3523.0499999999997
96,1,205.3,2,1,1,211,At Risk,205.3
274,1,310.47,1,1,2,112,At Risk,310.47
1,91,60632.75,5,5,5,555,Champions,5517580.25
75,4,924.85,2,4,3,243,Loyal Customers,3699.4
110,1,52.0,2,1,1,211,At Risk,52.0
199,1,327.97,1,1,2,112,At Risk,327.97
64,2,570.5,3,3,3,333,Potential Loyalist,1141.0
327,1,165.0,1,1,1,111,At Risk,165.0
4,1,312.62,5,1,2,512,Recent Customers,312.62
284,1,204.5,1,1,1,111,At Risk,204.5
44,1,267.13,3,1,2,312,Potential Loyalist,267.13
71,3,2748.31,3,3,5,335,Potential Loyalist,8244.93
86,1,679.68,2,1,3,213,At Risk,679.68
104,1,161.74,2,1,1,211,At Risk,161.74
334,1,311.71,1,1,2,112,At Risk,311.71
53,1,208.75,3,1,1,311,Potential Loyalist,208.75
39,3,1049.7,3,3,4,334,Potential Loyalist,3149.1000000000004
32,2,714.96,4,3,3,433,Recent Customers,1429.92
366,4,1661.06,1,4,4,144,Loyal Customers,6644.24
208,1,1028.56,1,1,4,114,At Risk,1028.56
157,3,350.82,2,3,2,232,At Risk,1052.46
54,1,170.22,3,1,1,311,Potential Loyalist,170.22
66,2,574.07,3,3,3,333,Potential Loyalist,1148.14
81,1,2020.52,2,1,4,214,At Risk,2020.52
130,1,406.09,2,1,2,212,At Risk,406.09
87,1,364.5,2,1,2,212,At Risk,364.5
1,3,563.94,5,3,3,533,Recent Customers,1691.8200000000002
46,1,393.54,3,1,2,312,Potential Loyalist,393.54
333,1,252.42000000000002,1,1,2,112,At Risk,252.42000000000002
366,1,201.60000000000002,1,1,1,111,At Risk,201.60000000000002
72,1,158.04,3,1,1,311,Potential Loyalist,158.04
158,2,463.90999999999997,2,3,2,232,At Risk,927.8199999999999
373,1,115.65,1,1,1,111,At Risk,115.65
12,7,1934.66,5,5,4,554,Champions,13542.62
255,2,770.12,1,3,3,133,At Risk,1540.24
29,2,277.05,4,3,2,432,Recent Customers,554.1
31,10,2718.03,4,5,5,455,Champions,27180.300000000003
5,22,8347.2,5,5,5,555,Champions,183638.40000000002
40,1,427.93,3,1,2,312,Potential Loyalist,427.93
362,1,418.92,1,1,2,112,At Risk,418.92
373,1,326.0,1,1,2,112,At Risk,326.0
96,2,913.19,2,3,3,233,At Risk,1826.38
26,7,2314.32,4,5,5,455,Champions,16200.240000000002
75,2,602.51,2,3,3,233,At Risk,1205.02
57,4,1877.59,3,4,4,344,Loyal Customers,7510.36
21,1,446.94000000000005,4,1,2,412,Recent Customers,446.94000000000005
41,7,2386.05,3,5,5,355,Loyal Customers,16702.350000000002
137,1,2007.3999999999999,2,1,4,214,At Risk,2007.3999999999999
8,12,2415.91,5,5,5,555,Champions,28990.92
129,1,168.0,2,1,1,211,At Risk,168.0
40,3,1221.56,3,3,4,334,Potential Loyalist,3664.68
169,7,3703.29,2,5,5,255,Loyal Customers,25923.03
9,5,1690.2600000000002,5,4,4,544,Champions,8451.300000000001
214,2,596.85,1,3,3,133,At Risk,1193.7
15,6,5955.71,4,5,5,455,Champions,35734.26
170,2,642.41,2,3,3,233,At Risk,1284.82
40,1,316.88,3,1,2,312,Potential Loyalist,316.88
186,1,394.14,1,1,2,112,At Risk,394.14
270,1,140.54,1,1,1,111,At Risk,140.54
172,1,500.0,2,1,3,213,At Risk,500.0
5,4,1535.53,5,4,4,544,Champions,6142.12
16,2,231.86,4,3,1,431,Recent Customers,463.72
10,4,2183.54,5,4,5,545,Champions,8734.16
326,1,107.45,1,1,1,111,At Risk,107.45
113,1,288.18,2,1,2,212,At Risk,288.18
290,1,94.0,1,1,1,111,At Risk,94.0
16,2,1345.53,4,3,4,434,Recent Customers,2691.06
1,3,815.77,5,3,3,533,Recent Customers,2447.31
92,5,716.2,2,4,3,243,Loyal Customers,3581.0
149,2,626.77,2,3,3,233,At Risk,1253.54
189,1,349.1,1,1,2,112,At Risk,349.1
31,2,510.71000000000004,4,3,3,433,Recent Customers,1021.4200000000001
34,4,1046.74,3,4,4,344,Loyal Customers,4186.96
264,1,267.18,1,1,2,112,At Risk,267.18
84,8,3450.84,2,5,5,255,Loyal Customers,27606.72
26,4,1348.93,4,4,4,444,Champions,5395.72
171,1,190.53,2,1,1,211,At Risk,190.53
10,3,774.9000000000001,5,3,3,533,Recent Customers,2324.7000000000003
313,1,559.61,1,1,3,113,At Risk,559.61
65,4,3984.32,3,4,5,345,Loyal Customers,15937.28
85,1,508.8,2,1,3,213,At Risk,508.8
25,1,135.86,4,1,1,411,Recent Customers,135.86
59,4,950.36,3,4,4,344,Loyal Customers,3801.44
323,2,97.7,1,3,1,131,At Risk,195.4
38,1,43.5,3,1,1,311,Potential Loyalist,43.5
254,2,383.34,1,3,2,132,At Risk,766.68
19,5,1404.07,4,4,4,444,Champions,7020.349999999999
33,3,1430.54,4,3,4,434,Recent Customers,4291.62
15,1,93.78,4,1,1,411,Recent Customers,93.78
27,2,397.35,4,3,2,432,Recent Customers,794.7
23,1,171.19,4,1,1,411,Recent Customers,171.19
214,2,533.3,1,3,3,133,At Risk,1066.6
8,5,1041.48,5,4,4,544,Champions,5207.4
22,1,149.29,4,1,1,411,Recent Customers,149.29
12,3,1067.75,5,3,4,534,Recent Customers,3203.25
262,1,200.16,1,1,1,111,At Risk,200.16
131,1,156.57999999999998,2,1,1,211,At Risk,156.57999999999998
55,3,383.68,3,3,2,332,Potential Loyalist,1151.04
249,1,594.0,1,1,3,113,At Risk,594.0
2,7,3213.59,5,5,5,555,Champions,22495.13
9,2,1411.21,5,3,4,534,Recent Customers,2822.42
264,1,113.5,1,1,1,111,At Risk,113.5
331,1,155.17,1,1,1,111,At Risk,155.17
313,1,494.64,1,1,3,113,At Risk,494.64
26,3,974.52,4,3,4,434,Recent Customers,2923.56
30,1,429.84,4,1,2,412,Recent Customers,429.84
30,3,528.48,4,3,3,433,Recent Customers,1585.44
2,7,1371.77,5,5,4,554,Champions,9602.39
362,1,179.1,1,1,1,111,At Risk,179.1
283,3,434.59000000000003,1,3,2,132,At Risk,1303.77
262,1,237.07,1,1,1,111,At Risk,237.07
25,1,161.64,4,1,1,411,Recent Customers,161.64
354,1,214.26,1,1,1,111,At Risk,214.26
94,3,234.6,2,3,1,231,At Risk,703.8
29,1,126.14,4,1,1,411,Recent Customers,126.14
338,1,1044.65,1,1,4,114,At Risk,1044.65
20,18,7354.62,4,5,5,455,Champions,132383.16
85,1,334.53,2,1,2,212,At Risk,334.53
9,3,524.88,5,3,3,533,Recent Customers,1574.6399999999999
51,2,467.51,3,3,2,332,Potential Loyalist,935.02
50,2,538.55,3,3,3,333,Potential Loyalist,1077.1
2,1,454.48,5,1,2,512,Recent Customers,454.48
113,1,371.56,2,1,2,212,At Risk,371.56
14,7,1771.2,4,5,4,454,Champions,12398.4
77,1,454.10999999999996,2,1,2,212,At Risk,454.10999999999996
40,2,1399.92,3,3,4,334,Potential Loyalist,2799.84
116,1,905.5,2,1,3,213,At Risk,905.5
16,12,10879.76,4,5,5,455,Champions,130557.12
161,4,225.26,2,4,1,241,Loyal Customers,901.04
1,4,3590.41,5,4,5,545,Champions,14361.64
30,3,2564.5,4,3,5,435,Recent Customers,7693.5
93,1,91.32000000000001,2,1,1,211,At Risk,91.32000000000001
23,3,1134.28,4,3,4,434,Recent Customers,3402.84
95,6,3100.09,2,5,5,255,Loyal Customers,18600.54
28,2,659.4599999999999,4,3,3,433,Recent Customers,1318.9199999999998
33,5,1953.41,4,4,4,444,Champions,9767.050000000001
21,2,1280.58,4,3,4,434,Recent Customers,2561.16
18,2,1262.2,4,3,4,434,Recent Customers,2524.4
3,27,13316.4,5,5,5,555,Champions,359542.8
8,4,1131.56,5,4,4,544,Champions,4526.24
16,12,10384.93,4,5,5,455,Champions,124619.16
363,1,141.04,1,1,1,111,At Risk,141.04
81,1,52.83,2,1,1,211,At Risk,52.83
53,5,3610.96,3,4,5,345,Loyal Customers,18054.8
23,3,972.08,4,3,4,434,Recent Customers,2916.2400000000002
172,1,475.86,2,1,2,212,At Risk,475.86
189,6,1000.27,1,5,4,154,Loyal Customers,6001.62
331,1,250.0,1,1,2,112,At Risk,250.0
12,5,900.53,5,4,3,543,Champions,4502.65
156,2,121.0,2,3,1,231,At Risk,242.0
33,19,14758.220000000001,4,5,5,455,Champions,280406.18000000005
12,11,4023.7200000000003,5,5,5,555,Champions,44260.920000000006
45,3,62.43,3,3,1,331,Potential Loyalist,187.29
233,1,267.03,1,1,2,112,At Risk,267.03
64,8,1921.55,3,5,4,354,Loyal Customers,15372.4
2,1,343.5,5,1,2,512,Recent Customers,343.5
40,8,3000.2,3,5,5,355,Loyal Customers,24001.6
33,2,397.99,4,3,2,432,Recent Customers,795.98
84,1,412.01000000000005,2,1,2,212,At Risk,412.01000000000005
25,1,440.0,4,1,2,412,Recent Customers,440.0
2,3,734.37,5,3,3,533,Recent Customers,2203.11
33,2,148.44,4,3,1,431,Recent Customers,296.88
19,8,2428.53,4,5,5,455,Champions,19428.24
254,1,229.33,1,1,1,111,At Risk,229.33
23,11,3962.6,4,5,5,455,Champions,43588.6
22,4,1497.31,4,4,4,444,Champions,5989.24
8,2,1972.39,5,3,4,534,Recent Customers,3944.78
25,4,1564.73,4,4,4,444,Champions,6258.92
19,3,807.57,4,3,3,433,Recent Customers,2422.71
173,4,502.9,2,4,3,243,Loyal Customers,2011.6
163,1,110.92,2,1,1,211,At Risk,110.92
7,1,538.46,5,1,3,513,Recent Customers,538.46
11,1,213.3,5,1,1,511,Recent Customers,213.3
114,1,85.13000000000001,2,1,1,211,At Risk,85.13000000000001
288,1,127.86,1,1,1,111,At Risk,127.86
9,9,3546.71,5,5,5,555,Champions,31920.39
54,2,288.96999999999997,3,3,2,332,Potential Loyalist,577.9399999999999
7,14,4910.6,5,5,5,555,Champions,68748.40000000001
77,3,1681.46,2,3,4,234,At Risk,5044.38
4,4,575.63,5,4,3,543,Champions,2302.52
37,1,436.06,3,1,2,312,Potential Loyalist,436.06
217,1,90.12,1,1,1,111,At Risk,90.12
60,1,428.93,3,1,2,312,Potential Loyalist,428.93
278,1,217.2,1,1,1,111,At Risk,217.2
12,16,4794.86,5,5,5,555,Champions,76717.76
24,1,279.77,4,1,2,412,Recent Customers,279.77
29,1,468.91,4,1,2,412,Recent Customers,468.91
12,4,800.59,5,4,3,543,Champions,3202.36
352,1,134.55,1,1,1,111,At Risk,134.55
22,4,1400.44,4,4,4,444,Champions,5601.76
50,2,173.16,3,3,1,331,Potential Loyalist,346.32
19,1,186.01,4,1,1,411,Recent Customers,186.01
3,3,758.29,5,3,3,533,Recent Customers,2274.87
104,5,1375.71,2,4,4,244,Loyal Customers,6878.55
7,12,4148.82,5,5,5,555,Champions,49785.84
12,4,650.4300000000001,5,4,3,543,Champions,2601.7200000000003
5,7,2533.42,5,5,5,555,Champions,17733.940000000002
32,2,591.1899999999999,4,3,3,433,Recent Customers,1182.3799999999999
178,4,675.64,2,4,3,243,Loyal Customers,2702.56
38,1,921.37,3,1,3,313,Potential Loyalist,921.37
151,3,258.88,2,3,2,232,At Risk,776.64
162,1,127.1,2,1,1,211,At Risk,127.1
69,2,327.6,3,3,2,332,Potential Loyalist,655.2
121,13,3675.77,2,5,5,255,Loyal Customers,47785.01
25,3,682.9100000000001,4,3,3,433,Recent Customers,2048.7300000000005
24,4,720.86,4,4,3,443,Champions,2883.44
177,1,455.3,2,1,2,212,At Risk,455.3
50,4,913.6800000000001,3,4,3,343,Loyal Customers,3654.7200000000003
256,3,478.53000000000003,1,3,2,132,At Risk,1435.5900000000001
47,1,388.58,3,1,2,312,Potential Loyalist,388.58
71,1,199.8,3,1,1,311,Potential Loyalist,199.8
16,5,1771.78,4,4,4,444,Champions,8858.9
101,5,1406.59,2,4,4,244,Loyal Customers,7032.95
35,1,324.57,3,1,2,312,Potential Loyalist,324.57
53,1,240.68,3,1,1,311,Potential Loyalist,240.68
27,2,761.74,4,3,3,433,Recent Customers,1523.48
11,14,6776.56,5,5,5,555,Champions,94871.84000000001
8,9,1297.8700000000001,5,5,4,554,Champions,11680.830000000002
79,1,48.480000000000004,2,1,1,211,At Risk,48.480000000000004
52,1,216.39,3,1,1,311,Potential Loyalist,216.39
36,5,1198.23,3,4,4,344,Loyal Customers,5991.15
61,9,2920.16,3,5,5,355,Loyal Customers,26281.44
337,1,104.76,1,1,1,111,At Risk,104.76
28,4,1093.68,4,4,4,444,Champions,4374.72
184,1,298.48,1,1,2,112,At Risk,298.48
52,1,112.46000000000001,3,1,1,311,Potential Loyalist,112.46000000000001
10,13,1591.45,5,5,4,554,Champions,20688.850000000002
36,2,195.15,3,3,1,331,Potential Loyalist,390.3
10,23,10399.74,5,5,5,555,Champions,239194.02
33,4,776.851,4,4,3,443,Champions,3107.404
11,1,336.40000000000003,5,1,2,512,Recent Customers,336.40000000000003
57,3,1553.18,3,3,4,334,Potential Loyalist,4659.54
4,4,1293.03,5,4,4,544,Champions,5172.12
43,9,3709.56,3,5,5,355,Loyal Customers,33386.04
141,1,301.03,2,1,2,212,At Risk,301.03
117,4,588.13,2,4,3,243,Loyal Customers,2352.52
104,4,1534.26,2,4,4,244,Loyal Customers,6137.04
75,2,675.8,2,3,3,233,At Risk,1351.6
5,9,2870.2400000000002,5,5,5,555,Champions,25832.160000000003
45,2,1186.35,3,3,4,334,Potential Loyalist,2372.7
16,8,3285.31,4,5,5,455,Champions,26282.48
17,1,243.55,4,1,1,411,Recent Customers,243.55
90,2,724.76,2,3,3,233,At Risk,1449.52
53,1,223.36,3,1,1,311,Potential Loyalist,223.36
134,1,425.32,2,1,2,212,At Risk,425.32
4,15,12416.11,5,5,5,555,Champions,186241.65000000002
105,4,1887.2,2,4,4,244,Loyal Customers,7548.8
192,3,664.0,1,3,3,133,At Risk,1992.0
166,4,803.54,2,4,3,243,Loyal Customers,3214.16
19,1,612.01,4,1,3,413,Recent Customers,612.01
158,3,447.64000000000004,2,3,2,232,At Risk,1342.92
204,2,639.5,1,3,3,133,At Risk,1279.0
336,2,816.0,1,3,3,133,At Risk,1632.0
37,3,646.3,3,3,3,333,Potential Loyalist,1938.8999999999999
91,1,337.74,2,1,2,212,At Risk,337.74
93,2,877.4399999999999,2,3,3,233,At Risk,1754.8799999999999
9,2,922.53,5,3,3,533,Recent Customers,1845.06
243,1,560.67,1,1,3,113,At Risk,560.67
45,4,748.5,3,4,3,343,Loyal Customers,2994.0
23,1,30.0,4,1,1,411,Recent Customers,30.0
190,5,1024.1000000000001,1,4,4,144,Loyal Customers,5120.500000000001
44,1,306.45,3,1,2,312,Potential Loyalist,306.45
25,9,1600.86,4,5,4,454,Champions,14407.74
317,2,309.8,1,3,2,132,At Risk,619.6
106,1,138.14,2,1,1,211,At Risk,138.14
51,1,386.43,3,1,2,312,Potential Loyalist,386.43
168,2,2222.21,2,3,5,235,At Risk,4444.42
40,1,301.32,3,1,2,312,Potential Loyalist,301.32
218,1,76.32000000000001,1,1,1,111,At Risk,76.32000000000001
40,4,684.34,3,4,3,343,Loyal Customers,2737.36
297,1,173.05,1,1,1,111,At Risk,173.05
19,7,2657.13,4,5,5,455,Champions,18599.91
88,4,2726.23,2,4,5,245,Loyal Customers,10904.92
73,5,2446.6,2,4,5,245,Loyal Customers,12233.0
81,3,323.69,2,3,2,232,At Risk,971.0699999999999
19,3,3435.76,4,3,5,435,Recent Customers,10307.28
49,1,657.23,3,1,3,313,Potential Loyalist,657.23
53,1,352.7,3,1,2,312,Potential Loyalist,352.7
24,4,781.28,4,4,3,443,Champions,3125.12
9,3,1333.68,5,3,4,534,Recent Customers,4001.04
25,5,1426.16,4,4,4,444,Champions,7130.8
117,1,193.75,2,1,1,211,At Risk,193.75
9,9,2993.1,5,5,5,555,Champions,26937.899999999998
120,2,254.1,2,3,2,232,At Risk,508.2
4,2,239.76,5,3,1,531,Recent Customers,479.52
252,1,136.8,1,1,1,111,At Risk,136.8
28,1,191.04,4,1,1,411,Recent Customers,191.04
1,14,6479.4,5,5,5,555,Champions,90711.59999999999
267,2,409.98,1,3,2,132,At Risk,819.96
33,8,2711.11,4,5,5,455,Champions,21688.88
18,1,309.65,4,1,2,412,Recent Customers,309.65
172,2,696.68,2,3,3,233,At Risk,1393.36
2,4,1529.0,5,4,4,544,Champions,6116.0
265,1,211.5,1,1,1,111,At Risk,211.5
140,4,2293.62,2,4,5,245,Loyal Customers,9174.48
201,1,143.1,1,1,1,111,At Risk,143.1
64,4,1060.56,3,4,4,344,Loyal Customers,4242.24
35,4,916.98,3,4,3,343,Loyal Customers,3667.92
41,7,3235.25,3,5,5,355,Loyal Customers,22646.75
284,1,133.25,1,1,1,111,At Risk,133.25
9,5,1072.3600000000001,5,4,4,544,Champions,5361.800000000001
143,2,356.7,2,3,2,232,At Risk,713.4
12,2,330.03000000000003,5,3,2,532,Recent Customers,660.0600000000001
146,4,1101.1100000000001,2,4,4,244,Loyal Customers,4404.4400000000005
234,1,150.3,1,1,1,111,At Risk,150.3
33,13,5030.07,4,5,5,455,Champions,65390.909999999996
24,1,598.73,4,1,3,413,Recent Customers,598.73
12,1,471.40000000000003,5,1,2,512,Recent Customers,471.40000000000003
36,5,2211.21,3,4,5,345,Loyal Customers,11056.05
365,1,190.7,1,1,1,111,At Risk,190.7
201,2,218.25,1,3,1,131,At Risk,436.5
15,1,415.25,4,1,2,412,Recent Customers,415.25
17,7,5159.06,4,5,5,455,Champions,36113.420000000006
213,1,85.0,1,1,1,111,At Risk,85.0
66,3,1120.88,3,3,4,334,Potential Loyalist,3362.6400000000003
212,2,294.12,1,3,2,132,At Risk,588.24
283,1,162.3,1,1,1,111,At Risk,162.3
115,2,1339.45,2,3,4,234,At Risk,2678.9
15,8,1188.1200000000001,4,5,4,454,Champions,9504.960000000001
19,16,4812.42,4,5,5,455,Champions,76998.72
66,1,449.12,3,1,2,312,Potential Loyalist,449.12
49,1,154.88,3,1,1,311,Potential Loyalist,154.88
16,4,775.96,4,4,3,443,Champions,3103.84
78,1,34.8,2,1,1,211,At Risk,34.8
19,4,1094.59,4,4,4,444,Champions,4378.36
134,1,196.88,2,1,1,211,At Risk,196.88
13,3,946.64,5,3,4,534,Recent Customers,2839.92
40,1,144.36,3,1,1,311,Potential Loyalist,144.36
235,3,44534.3,1,3,5,135,At Risk,133602.90000000002
3,8,2463.05,5,5,5,555,Champions,19704.4
40,7,2626.6,3,5,5,355,Loyal Customers,18386.2
305,1,79.2,1,1,1,111,At Risk,79.2
51,3,458.57,3,3,2,332,Potential Loyalist,1375.71
10,6,2364.25,5,5,5,555,Champions,14185.5
61,4,528.01,3,4,3,343,Loyal Customers,2112.04
66,2,714.42,3,3,3,333,Potential Loyalist,1428.84
25,1,205.25,4,2,1,421,Recent Customers,205.25
218,3,253.04,1,3,2,132,At Risk,759.12
65,2,583.75,3,3,3,333,Potential Loyalist,1167.5
32,2,1086.92,4,3,4,434,Recent Customers,2173.84
88,6,3279.97,2,5,5,255,Loyal Customers,19679.82
64,1,315.06,3,2,2,322,Potential Loyalist,315.06
116,3,621.8299999999999,2,4,3,243,Loyal Customers,1865.4899999999998
7,26,56252.72,5,5,5,555,Champions,1462570.72
6,1,635.6800000000001,5,2,3,523,Recent Customers,635.6800000000001
69,1,270.8,3,2,2,322,Potential Loyalist,270.8
245,1,104.9,1,2,1,121,At Risk,104.9
133,1,241.62,2,2,1,221,At Risk,241.62
241,4,1047.11,1,4,4,144,Loyal Customers,4188.44
184,3,475.28000000000003,1,4,2,142,Loyal Customers,1425.8400000000001
25,3,345.46,4,4,2,442,Champions,1036.3799999999999
10,3,2614.7400000000002,5,4,5,545,Champions,7844.220000000001
11,1,246.3,5,2,1,521,Recent Customers,246.3
33,5,2328.9700000000003,4,4,5,445,Champions,11644.850000000002
46,3,4919.0,3,4,5,345,Loyal Customers,14757.0
26,3,933.26,4,4,3,443,Champions,2799.7799999999997
358,1,351.3,1,2,2,122,At Risk,351.3
10,1,218.75,5,2,1,521,Recent Customers,218.75
44,2,1612.69,3,3,4,334,Potential Loyalist,3225.38
15,3,965.61,4,4,4,444,Champions,2896.83
150,1,610.01,2,2,3,223,At Risk,610.01
1,8,2708.61,5,5,5,555,Champions,21668.88
113,4,2207.4,2,4,5,245,Loyal Customers,8829.6
76,3,884.14,2,4,3,243,Loyal Customers,2652.42
107,2,696.89,2,3,3,233,At Risk,1393.78
46,3,1063.95,3,4,4,344,Loyal Customers,3191.8500000000004
143,1,451.42,2,2,2,222,At Risk,451.42
51,1,415.82000000000005,3,2,2,322,Potential Loyalist,415.82000000000005
1,13,4206.39,5,5,5,555,Champions,54683.07000000001
23,17,5488.18,4,5,5,455,Champions,93299.06
46,3,784.58,3,4,3,343,Loyal Customers,2353.7400000000002
50,3,903.9,3,4,3,343,Loyal Customers,2711.7
306,4,3651.27,1,4,5,145,Loyal Customers,14605.08
36,5,515.77,3,4,3,343,Loyal Customers,2578.85
79,4,1391.98,2,4,4,244,Loyal Customers,5567.92
22,6,2218.62,4,5,5,455,Champions,13311.72
107,5,1801.14,2,4,4,244,Loyal Customers,9005.7
208,2,1303.9099999999999,1,3,4,134,At Risk,2607.8199999999997
17,4,1945.33,4,4,4,444,Champions,7781.32
64,5,2100.6,3,4,5,345,Loyal Customers,10503.0
49,4,1905.45,3,4,4,344,Loyal Customers,7621.8
320,1,206.98,1,2,1,121,At Risk,206.98
44,2,570.96,3,3,3,333,Potential Loyalist,1141.92
3,2,885.47,5,3,3,533,Recent Customers,1770.94
372,1,15.0,1,2,1,121,At Risk,15.0
172,1,532.94,2,2,3,223,At Risk,532.94
56,3,1654.31,3,4,4,344,Loyal Customers,4962.93
73,14,1836.0900000000001,2,5,4,254,Loyal Customers,25705.260000000002
99,2,636.14,2,3,3,233,At Risk,1272.28
38,1,576.0,3,2,3,323,Potential Loyalist,576.0
58,3,794.64,3,4,3,343,Loyal Customers,2383.92
254,1,836.79,1,2,3,123,At Risk,836.79
70,4,2225.15,3,4,5,345,Loyal Customers,8900.6
44,4,954.09,3,4,4,344,Loyal Customers,3816.36
50,1,137.37,3,2,1,321,Potential Loyalist,137.37
65,1,391.98,3,2,2,322,Potential Loyalist,391.98
11,19,33643.08,5,5,5,555,Champions,639218.52
33,3,1048.49,4,4,4,444,Champions,3145.4700000000003
59,2,355.56,3,3,2,332,Potential Loyalist,711.12
73,4,1224.06,2,4,4,244,Loyal Customers,4896.24
304,1,118.95000000000002,1,2,1,121,At Risk,118.95000000000002
46,1,130.73999999999998,3,2,1,321,Potential Loyalist,130.73999999999998
18,8,3711.77,4,5,5,455,Champions,29694.16
38,2,389.27,3,3,2,332,Potential Loyalist,778.54
19,2,234.88,4,3,1,431,Recent Customers,469.76
187,2,160.71,1,3,1,131,At Risk,321.42
52,1,110.8,3,2,1,321,Potential Loyalist,110.8
4,12,2969.12,5,5,5,555,Champions,35629.44
137,5,712.24,2,4,3,243,Loyal Customers,3561.2
4,27,16143.64,5,5,5,555,Champions,435878.27999999997
19,1,297.0,4,2,2,422,Recent Customers,297.0
16,5,1427.57,4,4,4,444,Champions,7137.849999999999
41,8,965.16,3,5,4,354,Loyal Customers,7721.28
12,8,3146.92,5,5,5,555,Champions,25175.36
8,4,832.88,5,4,3,543,Champions,3331.52
26,2,68.84,4,3,1,431,Recent Customers,137.68
22,6,1936.3200000000002,4,5,4,454,Champions,11617.920000000002
41,3,895.13,3,4,3,343,Loyal Customers,2685.39
101,1,211.89,2,2,1,221,At Risk,211.89
5,15,3810.14,5,5,5,555,Champions,57152.1
277,2,149.64,1,3,1,131,At Risk,299.28
33,1,351.44,4,2,2,422,Recent Customers,351.44
15,2,316.25,4,3,2,432,Recent Customers,632.5
64,7,4405.88,3,5,5,355,Loyal Customers,30841.16
2,2,490.33,5,3,3,533,Recent Customers,980.66
369,1,329.03000000000003,1,2,2,122,At Risk,329.03000000000003
312,5,501.39000000000004,1,4,3,143,Loyal Customers,2506.9500000000003
199,4,516.36,1,4,3,143,Loyal Customers,2065.44
2,2,396.48,5,3,2,532,Recent Customers,792.96
93,3,379.35,2,4,2,242,Loyal Customers,1138.0500000000002
60,1,181.09,3,2,1,321,Potential Loyalist,181.09
81,1,168.31,2,2,1,221,At Risk,168.31
157,2,420.07,2,3,2,232,At Risk,840.14
227,1,511.68,1,2,3,123,At Risk,511.68
253,2,258.25,1,3,2,132,At Risk,516.5
150,1,179.17,2,2,1,221,At Risk,179.17
194,2,208.59,1,3,1,131,At Risk,417.18
1,5,1383.83,5,4,4,544,Champions,6919.15
369,1,56.25,1,2,1,121,At Risk,56.25
24,1,337.28,4,2,2,422,Recent Customers,337.28
17,3,351.73,4,4,2,442,Champions,1055.19
10,7,5126.76,5,5,5,555,Champions,35887.32
8,1,164.68,5,2,1,521,Recent Customers,164.68
20,7,1567.69,4,5,4,454,Champions,10973.83
4,3,882.72,5,4,3,543,Champions,2648.16
174,1,191.94,2,2,1,221,At Risk,191.94
1,8,1228.88,5,5,4,554,Champions,9831.04
178,2,264.62,2,3,2,232,At Risk,529.24
16,8,1502.8600000000001,4,5,4,454,Champions,12022.880000000001
248,1,123.1,1,2,1,121,At Risk,123.1
191,2,334.23,1,3,2,132,At Risk,668.46
20,2,525.69,4,3,3,433,Recent Customers,1051.38
154,4,167.5,2,4,1,241,Loyal Customers,670.0
173,1,323.03000000000003,2,2,2,222,At Risk,323.03000000000003
373,1,369.5,1,2,2,122,At Risk,369.5
373,1,127.08,1,2,1,121,At Risk,127.08
194,1,207.15,1,2,1,121,At Risk,207.15
67,1,426.63,3,2,2,322,Potential Loyalist,426.63
4,8,2495.87,5,5,5,555,Champions,19966.96
21,3,1107.46,4,4,4,444,Champions,3322.38
239,2,416.86,1,3,2,132,At Risk,833.72
64,1,145.35,3,2,1,321,Potential Loyalist,145.35
112,5,404.58,2,4,2,242,Loyal Customers,2022.8999999999999
90,15,6115.01,2,5,5,255,Loyal Customers,91725.15000000001
311,1,35.8,1,2,1,121,At Risk,35.8
134,1,337.44,2,2,2,222,At Risk,337.44
277,1,325.1,1,2,2,122,At Risk,325.1
365,1,181.0,1,2,1,121,At Risk,181.0
83,1,1708.24,2,2,4,224,At Risk,1708.24
8,2,955.24,5,3,4,534,Recent Customers,1910.48
17,2,364.72,4,3,2,432,Recent Customers,729.44
32,4,1744.71,4,4,4,444,Champions,6978.84
9,2,708.22,5,3,3,533,Recent Customers,1416.44
34,4,781.91,3,4,3,343,Loyal Customers,3127.64
15,8,1657.28,4,5,4,454,Champions,13258.24
24,14,4416.26,4,5,5,455,Champions,61827.64
32,1,428.89,4,2,2,422,Recent Customers,428.89
74,1,104.35,2,2,1,221,At Risk,104.35
20,2,470.76,4,3,2,432,Recent Customers,941.52
17,4,808.87,4,4,3,443,Champions,3235.48
23,2,397.68,4,3,2,432,Recent Customers,795.36
3,3,666.1,5,4,3,543,Champions,1998.3000000000002
304,1,314.1,1,2,2,122,At Risk,314.1
18,12,4199.85,4,5,5,455,Champions,50398.200000000004
367,1,307.82000000000005,1,2,2,122,At Risk,307.82000000000005
39,7,3442.15,3,5,5,355,Loyal Customers,24095.05
84,1,371.01,2,2,2,222,At Risk,371.01
165,2,427.64,2,3,2,232,At Risk,855.28
17,2,1054.73,4,3,4,434,Recent Customers,2109.46
77,1,1098.78,2,2,4,224,At Risk,1098.78
89,3,2398.86,2,4,5,245,Loyal Customers,7196.58
25,8,3408.48,4,5,5,455,Champions,27267.84
22,4,1465.12,4,4,4,444,Champions,5860.48
3,10,2780.63,5,5,5,555,Champions,27806.300000000003
123,2,1142.42,2,3,4,234,At Risk,2284.84
30,1,168.12,4,2,1,421,Recent Customers,168.12
12,7,1432.77,5,5,4,554,Champions,10029.39
19,1,156.78,4,2,1,421,Recent Customers,156.78
44,2,792.11,3,3,3,333,Potential Loyalist,1584.22
4,1,41.989999999999995,5,2,1,521,Recent Customers,41.989999999999995
9,7,2777.67,5,5,5,555,Champions,19443.690000000002
55,1,414.27,3,2,2,322,Potential Loyalist,414.27
88,6,1032.58,2,5,4,254,Loyal Customers,6195.48
37,5,3080.22,3,4,5,345,Loyal Customers,15401.099999999999
3,3,12393.7,5,4,5,545,Champions,37181.100000000006
30,5,2735.37,4,4,5,445,Champions,13676.849999999999
12,4,578.71,5,4,3,543,Champions,2314.84
211,1,101.4,1,2,1,121,At Risk,101.4
48,4,1693.81,3,4,4,344,Loyal Customers,6775.24
24,3,478.78,4,4,2,442,Champions,1436.34
22,4,972.11,4,4,4,444,Champions,3888.44
246,3,392.4,1,4,2,142,Loyal Customers,1177.1999999999998
8,16,3352.96,5,5,5,555,Champions,53647.36
35,3,1415.29,3,4,4,344,Loyal Customers,4245.87
4,47,37130.6,5,5,5,555,Champions,1745138.2
38,3,646.83,3,4,3,343,Loyal Customers,1940.4900000000002
4,3,704.55,5,4,3,543,Champions,2113.6499999999996
3,8,1465.51,5,5,4,554,Champions,11724.08
47,1,211.88,3,2,1,321,Potential Loyalist,211.88
39,2,408.90000000000003,3,3,2,332,Potential Loyalist,817.8000000000001
47,9,3786.2400000000002,3,5,5,355,Loyal Customers,34076.16
17,3,851.01,4,4,3,443,Champions,2553.0299999999997
260,1,602.63,1,2,3,123,At Risk,602.63
46,3,719.81,3,4,3,343,Loyal Customers,2159.43
12,1,251.03,5,2,2,522,Recent Customers,251.03
30,1,439.65999999999997,4,2,2,422,Recent Customers,439.65999999999997
43,1,236.09,3,2,1,321,Potential Loyalist,236.09
92,6,934.62,2,5,4,254,Loyal Customers,5607.72
39,63,80850.84,3,5,5,355,Loyal Customers,5093602.92
310,1,331.24,1,2,2,122,At Risk,331.24
92,2,547.9,2,3,3,233,At Risk,1095.8
6,20,8778.82,5,5,5,555,Champions,175576.4
196,3,437.7,1,4,2,142,Loyal Customers,1313.1
87,2,758.92,2,3,3,233,At Risk,1517.84
270,3,855.02,1,4,3,143,Loyal Customers,2565.06
8,3,471.78000000000003,5,4,2,542,Champions,1415.3400000000001
65,3,1313.55,3,4,4,344,Loyal Customers,3940.6499999999996
31,3,3166.4,4,4,5,445,Champions,9499.2
22,5,1177.47,4,4,4,444,Champions,5887.35
38,4,773.99,3,4,3,343,Loyal Customers,3095.96
120,4,1340.7,2,4,4,244,Loyal Customers,5362.8
373,2,256.44,1,3,2,132,At Risk,512.88
40,3,1074.81,3,4,4,344,Loyal Customers,3224.43
174,1,137.9,2,2,1,221,At Risk,137.9
54,1,362.06,3,2,2,322,Potential Loyalist,362.06
33,2,1511.95,4,3,4,434,Recent Customers,3023.9
145,1,783.9,2,2,3,223,At Risk,783.9
221,1,134.8,1,2,1,121,At Risk,134.8
45,1,650.75,3,2,3,323,Potential Loyalist,650.75
16,7,2263.12,4,5,5,455,Champions,15841.84
66,6,1453.16,3,5,4,354,Loyal Customers,8718.960000000001
10,4,1153.62,5,4,4,544,Champions,4614.48
260,1,335.32,1,2,2,122,At Risk,335.32
365,1,367.14,1,2,2,122,At Risk,367.14
17,5,1521.04,4,4,4,444,Champions,7605.2
22,2,852.15,4,3,3,433,Recent Customers,1704.3
45,1,326.24,3,2,2,322,Potential Loyalist,326.24
288,1,584.3199999999999,1,2,3,123,At Risk,584.3199999999999
297,1,122.39999999999999,1,2,1,121,At Risk,122.39999999999999
3,10,2234.73,5,5,5,555,Champions,22347.3
284,1,79.2,1,2,1,121,At Risk,79.2
17,3,1352.0,4,4,4,444,Champions,4056.0
82,2,217.16,2,3,1,231,At Risk,434.32
56,5,2799.42,3,4,5,345,Loyal Customers,13997.1
101,2,1317.62,2,3,4,234,At Risk,2635.24
299,1,436.18,1,2,2,122,At Risk,436.18
23,5,981.51,4,4,4,444,Champions,4907.55
59,5,1121.39,3,4,4,344,Loyal Customers,5606.950000000001
155,2,315.06,2,3,2,232,At Risk,630.12
115,3,817.86,2,4,3,243,Loyal Customers,2453.58
107,1,17.0,2,2,1,221,At Risk,17.0
12,4,1078.23,5,4,4,544,Champions,4312.92
264,1,320.62,1,2,2,122,At Risk,320.62
240,1,185.04999999999998,1,2,1,121,At Risk,185.04999999999998
88,7,2005.63,2,5,4,254,Loyal Customers,14039.41
50,3,731.9,3,4,3,343,Loyal Customers,2195.7
71,1,1290.7,3,2,4,324,Potential Loyalist,1290.7
42,3,1842.14,3,4,4,344,Loyal Customers,5526.42
7,6,1429.64,5,5,4,554,Champions,8577.84
62,1,298.21,3,2,2,322,Potential Loyalist,298.21
249,1,336.96,1,2,2,122,At Risk,336.96
66,1,108.38,3,2,1,321,Potential Loyalist,108.38
18,7,3204.1600000000003,4,5,5,455,Champions,22429.120000000003
85,1,842.5,2,2,3,223,At Risk,842.5
219,2,611.88,1,3,3,133,At Risk,1223.76
45,3,1320.95,3,4,4,344,Loyal Customers,3962.8500000000004
143,4,195.73999999999998,2,4,1,241,Loyal Customers,782.9599999999999
183,1,161.38,1,2,1,121,At Risk,161.38
171,1,135.75000000000003,2,2,1,221,At Risk,135.75000000000003
10,8,1660.8799999999999,5,5,4,554,Champions,13287.039999999999
212,1,612.78,1,2,3,123,At Risk,612.78
190,1,232.21,1,2,1,121,At Risk,232.21
8,2,423.36,5,3,2,532,Recent Customers,846.72
59,4,1309.14,3,4,4,344,Loyal Customers,5236.56
57,2,854.66,3,3,3,333,Potential Loyalist,1709.32
73,4,684.4200000000001,2,4,3,243,Loyal Customers,2737.6800000000003
52,1,307.78,3,2,2,322,Potential Loyalist,307.78
317,1,249.0,1,2,1,121,At Risk,249.0
367,1,289.35,1,2,2,122,At Risk,289.35
29,4,6287.77,4,4,5,445,Champions,25151.08
39,1,656.25,3,2,3,323,Potential Loyalist,656.25
18,5,1880.22,4,4,4,444,Champions,9401.1
52,6,3506.54,3,5,5,355,Loyal Customers,21039.239999999998
4,33,14589.04,5,5,5,555,Champions,481438.32
22,2,618.09,4,3,3,433,Recent Customers,1236.18
263,1,517.55,1,2,3,123,At Risk,517.55
60,3,709.38,3,4,3,343,Loyal Customers,2128.14
19,3,635.41,4,4,3,443,Champions,1906.23
66,2,725.18,3,3,3,333,Potential Loyalist,1450.36
88,1,620.4,2,2,3,223,At Risk,620.4
250,1,535.34,1,2,3,123,At Risk,535.34
3,6,2424.94,5,5,5,555,Champions,14549.64
247,1,175.2,1,2,1,121,At Risk,175.2
9,11,3799.4900000000002,5,5,5,555,Champions,41794.39
157,3,734.13,2,4,3,243,Loyal Customers,2202.39
134,1,375.0,2,2,2,222,At Risk,375.0
296,1,76.32000000000001,1,2,1,121,At Risk,76.32000000000001
5,2,280.52,5,3,2,532,Recent Customers,561.04
43,5,2053.02,3,4,4,344,Loyal Customers,10265.1
269,1,1829.04,1,2,4,124,At Risk,1829.04
50,5,1824.23,3,4,4,344,Loyal Customers,9121.15
9,9,3092.04,5,5,5,555,Champions,27828.36
16,3,656.69,4,4,3,443,Champions,1970.0700000000002
282,1,348.2,1,2,2,122,At Risk,348.2
65,2,1025.44,3,3,4,334,Potential Loyalist,2050.88
2,19,5533.67,5,5,5,555,Champions,105139.73
252,1,37.4,1,2,1,121,At Risk,37.4
232,2,856.6,1,3,3,133,At Risk,1713.2
17,3,822.48,4,4,3,443,Champions,2467.44
11,27,3787.6,5,5,5,555,Champions,102265.2
8,4,1822.97,5,4,4,544,Champions,7291.88
51,6,1885.05,3,5,4,354,Loyal Customers,11310.3
59,1,73.2,3,2,1,321,Potential Loyalist,73.2
95,5,1140.21,2,4,4,244,Loyal Customers,5701.05
16,6,1418.32,4,5,4,454,Champions,8509.92
126,3,1009.5500000000001,2,4,4,244,Loyal Customers,3028.65
94,4,1037.59,2,4,4,244,Loyal Customers,4150.36
50,1,331.95,3,2,2,322,Potential Loyalist,331.95
138,1,197.9,2,2,1,221,At Risk,197.9
61,1,215.83,3,2,1,321,Potential Loyalist,215.83
100,8,10254.18,2,5,5,255,Loyal Customers,82033.44
73,1,305.54,2,2,2,222,At Risk,305.54
72,4,6617.65,3,4,5,345,Loyal Customers,26470.6
67,1,338.71000000000004,3,2,2,322,Potential Loyalist,338.71000000000004
64,6,1158.79,3,5,4,354,Loyal Customers,6952.74
17,2,529.41,4,3,3,433,Recent Customers,1058.82
23,12,4006.94,4,5,5,455,Champions,48083.28
32,15,6911.4400000000005,4,5,5,455,Champions,103671.6
45,4,981.86,3,4,4,344,Loyal Customers,3927.44
16,2,215.48,4,3,1,431,Recent Customers,430.96
40,1,215.08,3,2,1,321,Potential Loyalist,215.08
3,13,5180.52,5,5,5,555,Champions,67346.76000000001
237,1,314.45,1,2,2,122,At Risk,314.45
75,1,400.68100000000004,2,2,2,222,At Risk,400.68100000000004
4,2,1068.8700000000001,5,3,4,534,Recent Customers,2137.7400000000002
3,4,1863.47,5,4,4,544,Champions,7453.88
361,1,365.27,1,2,2,122,At Risk,365.27
59,4,592.9,3,4,3,343,Loyal Customers,2371.6
23,1,384.18,4,2,2,422,Recent Customers,384.18
31,4,757.63,4,4,3,443,Champions,3030.52
55,4,537.0600000000001,3,4,3,343,Loyal Customers,2148.2400000000002
25,1,394.38,4,2,2,422,Recent Customers,394.38
45,2,664.26,3,3,3,333,Potential Loyalist,1328.52
89,5,2262.62,2,4,5,245,Loyal Customers,11313.099999999999
2,18,21086.3,5,5,5,555,Champions,379553.39999999997
89,1,547.02,2,2,3,223,At Risk,547.02
19,2,690.34,4,3,3,433,Recent Customers,1380.68
79,1,159.0,2,2,1,221,At Risk,159.0
171,3,1062.75,2,4,4,244,Loyal Customers,3188.25
81,1,242.35,2,2,1,221,At Risk,242.35
267,1,914.9300000000001,1,2,3,123,At Risk,914.9300000000001
235,2,304.25,1,3,2,132,At Risk,608.5
30,7,3084.68,4,5,5,455,Champions,21592.76
37,3,860.86,3,4,3,343,Loyal Customers,2582.58
318,1,773.5500000000001,1,2,3,123,At Risk,773.5500000000001
57,4,1295.3,3,4,4,344,Loyal Customers,5181.2
45,5,1096.32,3,4,4,344,Loyal Customers,5481.599999999999
203,3,255.12,1,4,2,142,Loyal Customers,765.36
225,1,314.22,1,2,2,122,At Risk,314.22
87,2,1010.6,2,3,4,234,At Risk,2021.2
190,2,542.03,1,3,3,133,At Risk,1084.06
44,4,990.88,3,4,4,344,Loyal Customers,3963.52
71,3,536.6800000000001,3,4,3,343,Loyal Customers,1610.0400000000002
41,5,867.31,3,4,3,343,Loyal Customers,4336.549999999999
78,1,432.2,2,2,2,222,At Risk,432.2
57,2,414.2,3,3,2,332,Potential Loyalist,828.4
24,2,3718.8,4,3,5,435,Recent Customers,7437.6
10,13,2590.31,5,5,5,555,Champions,33674.03
8,7,3579.86,5,5,5,555,Champions,25059.02
34,2,409.1,3,3,2,332,Potential Loyalist,818.2
212,2,1522.75,1,3,4,134,At Risk,3045.5
24,3,1413.66,4,4,4,444,Champions,4240.9800000000005
170,1,114.56,2,2,1,221,At Risk,114.56
62,1,152.94,3,2,1,321,Potential Loyalist,152.94
53,5,1800.07,3,4,4,344,Loyal Customers,9000.35
261,2,389.44,1,3,2,132,At Risk,778.88
67,2,3683.86,3,3,5,335,Potential Loyalist,7367.72
17,8,2619.91,4,5,5,455,Champions,20959.28
267,1,752.4300000000001,1,2,3,123,At Risk,752.4300000000001
177,1,46.95,2,2,1,221,At Risk,46.95
45,5,5203.51,3,4,5,345,Loyal Customers,26017.550000000003
51,1,1035.45,3,2,4,324,Potential Loyalist,1035.45
17,4,728.54,4,4,3,443,Champions,2914.16
9,9,5447.0,5,5,5,555,Champions,49023.0
74,7,861.89,2,5,3,253,Loyal Customers,6033.23
71,2,667.65,3,3,3,333,Potential Loyalist,1335.3
353,1,1141.24,1,2,4,124,At Risk,1141.24
3,5,1404.64,5,4,4,544,Champions,7023.200000000001
117,1,411.7,2,2,2,222,At Risk,411.7
373,1,351.75,1,2,2,122,At Risk,351.75
197,1,559.87,1,2,3,123,At Risk,559.87
177,1,810.6000000000001,2,2,3,223,At Risk,810.6000000000001
100,1,566.38,2,2,3,223,At Risk,566.38
21,3,1502.78,4,4,4,444,Champions,4508.34
72,1,2062.06,3,2,5,325,Potential Loyalist,2062.06
340,1,168.3,1,2,1,121,At Risk,168.3
6,5,1570.81,5,4,4,544,Champions,7854.049999999999
31,2,812.68,4,3,3,433,Recent Customers,1625.36
170,1,142.5,2,2,1,221,At Risk,142.5
122,1,302.25,2,2,2,222,At Risk,302.25
22,10,2248.9900000000002,4,5,5,455,Champions,22489.9
10,4,1328.55,5,4,4,544,Champions,5314.2
269,1,301.9,1,2,2,122,At Risk,301.9
23,3,598.2,4,4,3,443,Champions,1794.6000000000001
127,1,233.22,2,2,1,221,At Risk,233.22
26,3,5360.63,4,4,5,445,Champions,16081.89
139,1,361.21999999999997,2,2,2,222,At Risk,361.21999999999997
214,6,632.27,1,5,3,153,Loyal Customers,3793.62
38,4,2560.0,3,4,5,345,Loyal Customers,10240.0
106,2,706.57,2,3,3,233,At Risk,1413.14
18,2,616.26,4,3,3,433,Recent Customers,1232.52
3,2,274.15000000000003,5,3,2,532,Recent Customers,548.3000000000001
331,1,226.37,1,2,1,121,At Risk,226.37
64,8,2938.91,3,5,5,355,Loyal Customers,23511.28
120,3,1341.65,2,4,4,244,Loyal Customers,4024.9500000000003
35,1,328.15,3,2,2,322,Potential Loyalist,328.15
218,1,404.40000000000003,1,2,2,122,At Risk,404.40000000000003
172,2,1038.46,2,3,4,234,At Risk,2076.92
72,5,373.65000000000003,3,4,2,342,Loyal Customers,1868.2500000000002
1,2,326.75,5,3,2,532,Recent Customers,653.5
196,1,207.50000000000003,1,2,1,121,At Risk,207.50000000000003
128,3,408.59000000000003,2,4,2,242,Loyal Customers,1225.77
47,3,594.24,3,4,3,343,Loyal Customers,1782.72
6,14,3039.2200000000003,5,5,5,555,Champions,42549.08
14,6,3820.27,4,5,5,455,Champions,22921.62
18,3,251.91,4,4,2,442,Champions,755.73
28,7,1582.8,4,5,4,454,Champions,11079.6
8,22,26626.8,5,5,5,555,Champions,585789.6
37,1,151.05,3,2,1,321,Potential Loyalist,151.05
157,1,214.79999999999998,2,2,1,221,At Risk,214.79999999999998
284,1,94.05,1,2,1,121,At Risk,94.05
107,1,534.31,2,2,3,223,At Risk,534.31
25,4,1971.87,4,4,4,444,Champions,7887.48
75,4,322.41,2,4,2,242,Loyal Customers,1289.64
16,2,328.58,4,3,2,432,Recent Customers,657.16
158,1,101.10000000000001,2,2,1,221,At Risk,101.10000000000001
44,1,565.46,3,2,3,323,Potential Loyalist,565.46
11,2,847.45,5,3,3,533,Recent Customers,1694.9
32,7,1415.65,4,5,4,454,Champions,9909.550000000001
291,1,53.5,1,2,1,121,At Risk,53.5
21,4,1116.47,4,4,4,444,Champions,4465.88
333,1,153.9,1,2,1,121,At Risk,153.9
18,2,494.44,4,3,3,433,Recent Customers,988.88
4,23,6675.71,5,5,5,555,Champions,153541.33
63,2,395.8,3,3,2,332,Potential Loyalist,791.6
198,3,211.77,1,4,1,141,Loyal Customers,635.3100000000001
33,3,658.88,4,4,3,443,Champions,1976.6399999999999
1,4,2027.5,5,4,4,544,Champions,8110.0
7,9,1750.92,5,5,4,554,Champions,15758.28
5,6,3450.41,5,5,5,555,Champions,20702.46
10,4,891.21,5,4,3,543,Champions,3564.84
32,5,709.99,4,4,3,443,Champions,3549.95
53,1,109.36000000000001,3,2,1,321,Potential Loyalist,109.36000000000001
12,2,705.79,5,3,3,533,Recent Customers,1411.58
18,9,1540.42,4,5,4,454,Champions,13863.78
19,1,327.3,4,2,2,422,Recent Customers,327.3
37,2,800.67,3,3,3,333,Potential Loyalist,1601.34
2,2,479.91,5,3,2,532,Recent Customers,959.82
18,3,1545.41,4,4,4,444,Champions,4636.2300000000005
82,4,1301.91,2,4,4,244,Loyal Customers,5207.64
33,2,355.73,4,3,2,432,Recent Customers,711.46
66,2,466.73,3,3,2,332,Potential Loyalist,933.46
9,2,974.96,5,3,4,534,Recent Customers,1949.92
267,1,676.2,1,2,3,123,At Risk,676.2
247,3,362.95,1,4,2,142,Loyal Customers,1088.85
4,4,2157.4,5,4,5,545,Champions,8629.6
61,1,1743.1499999999999,3,2,4,324,Potential Loyalist,1743.1499999999999
75,2,643.76,2,3,3,233,At Risk,1287.52
90,2,584.5,2,3,3,233,At Risk,1169.0
60,3,554.86,3,4,3,343,Loyal Customers,1664.58
29,2,302.57,4,3,2,432,Recent Customers,605.14
323,1,94.36,1,2,1,121,At Risk,94.36
53,4,1382.07,3,4,4,344,Loyal Customers,5528.28
270,1,217.89,1,2,1,121,At Risk,217.89
2,13,3040.96,5,5,5,555,Champions,39532.48
57,5,1555.34,3,4,4,344,Loyal Customers,7776.7
61,5,1482.06,3,4,4,344,Loyal Customers,7410.299999999999
154,2,1705.8,2,3,4,234,At Risk,3411.6
19,2,408.02,4,3,2,432,Recent Customers,816.04
95,1,303.93,2,2,2,222,At Risk,303.93
1,12,4098.32,5,5,5,555,Champions,49179.84
265,2,293.45,1,3,2,132,At Risk,586.9
312,1,177.5,1,2,1,121,At Risk,177.5
70,1,443.05,3,2,2,322,Potential Loyalist,443.05
302,2,167.25,1,3,1,131,At Risk,334.5
19,1,154.35,4,2,1,421,Recent Customers,154.35
13,10,2079.68,5,5,5,555,Champions,20796.8
36,5,2022.98,3,4,4,344,Loyal Customers,10114.9
19,2,211.7,4,3,1,431,Recent Customers,423.4
54,1,135.99,3,2,1,321,Potential Loyalist,135.99
57,1,262.2,3,2,2,322,Potential Loyalist,262.2
22,2,126.25,4,3,1,431,Recent Customers,252.5
44,1,200.27,3,2,1,321,Potential Loyalist,200.27
27,3,1051.4,4,4,4,444,Champions,3154.2000000000003
45,3,631.12,3,4,3,343,Loyal Customers,1893.3600000000001
113,6,958.71,2,5,4,254,Loyal Customers,5752.26
17,51,34684.4,4,5,5,455,Champions,1768904.4000000001
25,1,346.12,4,2,2,422,Recent Customers,346.12
191,1,133.56,1,2,1,121,At Risk,133.56
302,1,302.7,1,2,2,122,At Risk,302.7
2,10,1863.76,5,5,4,554,Champions,18637.6
263,2,241.06,1,3,1,131,At Risk,482.12
106,1,284.55,2,2,2,222,At Risk,284.55
57,1,300.85,3,2,2,322,Potential Loyalist,300.85
213,3,623.28,1,4,3,143,Loyal Customers,1869.84
64,1,287.4,3,2,2,322,Potential Loyalist,287.4
28,1,184.26,4,2,1,421,Recent Customers,184.26
29,7,1511.8,4,5,4,454,Champions,10582.6
6,5,798.35,5,4,3,543,Champions,3991.75
8,5,3640.67,5,4,5,545,Champions,18203.35
67,2,381.2,3,3,2,332,Potential Loyalist,762.4
2,3,609.3,5,4,3,543,Champions,1827.8999999999999
46,4,654.67,3,4,3,343,Loyal Customers,2618.68
34,1,230.51,3,2,1,321,Potential Loyalist,230.51
1,2,168472.5,5,3,5,535,Recent Customers,336945.0
136,1,255.91,2,2,2,222,At Risk,255.91
198,1,182.99,1,2,1,121,At Risk,182.99
198,2,707.69,1,3,3,133,At Risk,1415.38
150,1,311.92,2,2,2,222,At Risk,311.92
88,1,266.97,2,2,2,222,At Risk,266.97
45,2,6.9,3,3,1,331,Potential Loyalist,13.8
64,7,1841.18,3,5,4,354,Loyal Customers,12888.26
99,5,2158.18,2,4,5,245,Loyal Customers,10790.9
218,1,208.36,1,2,1,121,At Risk,208.36
3,18,3482.7400000000002,5,5,5,555,Champions,62689.32000000001
28,3,811.23,4,4,3,443,Champions,2433.69
178,1,142.92,2,2,1,221,At Risk,142.92
74,3,136.0,2,4,1,241,Loyal Customers,408.0
21,4,1422.4,4,4,4,444,Champions,5689.6
20,3,1298.66,4,4,4,444,Champions,3895.9800000000005
34,7,1595.96,3,5,4,354,Loyal Customers,11171.720000000001
74,1,74.9,2,2,1,221,At Risk,74.9
24,4,625.42,4,4,3,443,Champions,2501.68
52,4,752.77,3,4,3,343,Loyal Customers,3011.08
275,1,223.95000000000002,1,2,1,121,At Risk,223.95000000000002
165,3,316.11,2,4,2,242,Loyal Customers,948.33
7,7,1810.65,5,5,4,554,Champions,12674.550000000001
88,4,544.3,2,4,3,243,Loyal Customers,2177.2
64,7,2494.46,3,5,5,355,Loyal Customers,17461.22
25,3,331.0,4,4,2,442,Champions,993.0
10,2,300.83,5,3,2,532,Recent Customers,601.66
76,1,769.29,2,2,3,223,At Risk,769.29
16,1,220.62,4,2,1,421,Recent Customers,220.62
192,1,139.35,1,2,1,121,At Risk,139.35
174,2,404.3,2,3,2,232,At Risk,808.6
77,1,363.65,2,2,2,222,At Risk,363.65
33,3,498.8,4,4,3,443,Champions,1496.4
47,1,731.5,3,2,3,323,Potential Loyalist,731.5
80,4,1351.63,2,4,4,244,Loyal Customers,5406.52
297,1,826.53,1,2,3,123,At Risk,826.53
3,3,648.26,5,4,3,543,Champions,1944.78
9,3,1599.52,5,4,4,544,Champions,4798.5599999999995
50,6,2965.69,3,5,5,355,Loyal Customers,17794.14
161,2,100.97,2,3,1,231,At Risk,201.94
360,2,365.45,1,3,2,132,At Risk,730.9
5,6,400.86,5,5,2,552,Champions,2405.16
107,4,1431.93,2,4,4,244,Loyal Customers,5727.72
25,1,465.88,4,2,2,422,Recent Customers,465.88
32,1,777.6,4,2,3,423,Recent Customers,777.6
20,2,90.30000000000001,4,3,1,431,Recent Customers,180.60000000000002
297,1,363.7,1,2,2,122,At Risk,363.7
372,1,248.1,1,2,1,121,At Risk,248.1
22,3,918.33,4,4,3,443,Champions,2754.9900000000002
5,4,874.59,5,4,3,543,Champions,3498.36
52,5,1624.14,3,4,4,344,Loyal Customers,8120.700000000001
30,1,101.69999999999999,4,2,1,421,Recent Customers,101.69999999999999
277,1,162.7,1,2,1,121,At Risk,162.7
61,2,484.32,3,3,2,332,Potential Loyalist,968.64
25,2,215.07999999999998,4,3,1,431,Recent Customers,430.15999999999997
186,3,1046.57,1,4,4,144,Loyal Customers,3139.71
2,21,9418.470000000001,5,5,5,555,Champions,197787.87000000002
2,26,13027.45,5,5,5,555,Champions,338713.7
172,1,290.36,2,2,2,222,At Risk,290.36
81,1,228.06,2,2,1,221,At Risk,228.06
4,1,244.41,5,2,1,521,Recent Customers,244.41
190,1,455.25,1,2,2,122,At Risk,455.25
22,7,1244.59,4,5,4,454,Champions,8712.13
18,3,6748.8,4,4,5,445,Champions,20246.4
19,3,1082.81,4,4,4,444,Champions,3248.43
5,1,593.75,5,2,3,523,Recent Customers,593.75
110,1,548.12,2,2,3,223,At Risk,548.12
3,4,1388.81,5,4,4,544,Champions,5555.24
54,1,119.62,3,2,1,321,Potential Loyalist,119.62
165,1,339.3,2,2,2,222,At Risk,339.3
291,2,787.15,1,3,3,133,At Risk,1574.3
10,10,4034.9,5,5,5,555,Champions,40349.0
109,5,2298.97,2,4,5,245,Loyal Customers,11494.849999999999
96,3,922.12,2,4,3,243,Loyal Customers,2766.36
243,2,379.73,1,3,2,132,At Risk,759.46
163,12,5719.82,2,5,5,255,Loyal Customers,68637.84
42,3,837.1,3,4,3,343,Loyal Customers,2511.3
35,2,285.89,3,3,2,332,Potential Loyalist,571.78
67,7,3313.79,3,5,5,355,Loyal Customers,23196.53
24,2,281.85,4,3,2,432,Recent Customers,563.7
1,20,8338.49,5,5,5,555,Champions,166769.8
27,2,841.41,4,3,3,433,Recent Customers,1682.82
6,2,511.12,5,3,3,533,Recent Customers,1022.24
54,1,1077.74,3,2,4,324,Potential Loyalist,1077.74
364,1,173.7,1,2,1,121,At Risk,173.7
15,5,614.66,4,4,3,443,Champions,3073.2999999999997
194,2,865.6,1,3,3,133,At Risk,1731.2
3,1,124.2,5,2,1,521,Recent Customers,124.2
15,10,3738.4,4,5,5,455,Champions,37384.0
27,3,1421.69,4,4,4,444,Champions,4265.07
127,3,1009.6,2,4,4,244,Loyal Customers,3028.8
85,2,663.61,2,3,3,233,At Risk,1327.22
71,1,451.44,3,2,2,322,Potential Loyalist,451.44
183,1,105.84,1,2,1,121,At Risk,105.84
113,1,313.62,2,2,2,222,At Risk,313.62
374,1,233.45,1,2,1,121,At Risk,233.45
80,2,936.08,2,3,4,234,At Risk,1872.16
249,1,463.95,1,2,2,122,At Risk,463.95
232,1,225.15,1,2,1,121,At Risk,225.15
71,3,459.24,3,4,2,342,Loyal Customers,1377.72
69,1,213.5,3,2,1,321,Potential Loyalist,213.5
4,16,4113.68,5,5,5,555,Champions,65818.88
51,3,330.03,3,4,2,342,Loyal Customers,990.0899999999999
75,1,181.09,2,2,1,221,At Risk,181.09
61,1,360.16,3,2,2,322,Potential Loyalist,360.16
16,2,250.15,4,3,2,432,Recent Customers,500.3
4,1,90.04,5,2,1,521,Recent Customers,90.04
286,1,145.04999999999998,1,2,1,121,At Risk,145.04999999999998
4,6,813.52,5,5,3,553,Champions,4881.12
41,1,242.7,3,2,1,321,Potential Loyalist,242.7
36,1,528.08,3,2,3,323,Potential Loyalist,528.08
75,2,482.47,2,3,2,232,At Risk,964.94
18,14,3347.71,4,5,5,455,Champions,46867.94
15,7,5493.46,4,5,5,455,Champions,38454.22
219,1,75.66,1,2,1,121,At Risk,75.66
186,1,129.49,1,2,1,121,At Risk,129.49
33,4,1187.66,4,4,4,444,Champions,4750.64
70,1,618.59,3,2,3,323,Potential Loyalist,618.59
183,1,506.19,1,2,3,123,At Risk,506.19
15,2,500.42,4,3,3,433,Recent Customers,1000.84
236,1,151.85,1,2,1,121,At Risk,151.85
31,5,2647.59,4,4,5,445,Champions,13237.95
264,1,226.21,1,2,1,121,At Risk,226.21
4,2,178.96,5,3,1,531,Recent Customers,357.92
52,4,813.48,3,4,3,343,Loyal Customers,3253.92
246,1,129.45,1,2,1,121,At Risk,129.45
81,2,810.5699999999999,2,3,3,233,At Risk,1621.1399999999999
275,1,333.08,1,2,2,122,At Risk,333.08
1,17,4413.1,5,5,5,555,Champions,75022.70000000001
79,1,322.8,2,2,2,222,At Risk,322.8
30,5,2188.05,4,4,5,445,Champions,10940.25
74,2,408.63,2,3,2,232,At Risk,817.26
17,6,2883.1,4,5,5,455,Champions,17298.6
223,2,217.9,1,3,1,131,At Risk,435.8
32,4,1154.47,4,4,4,444,Champions,4617.88
23,10,1680.72,4,5,4,454,Champions,16807.2
31,3,1257.51,4,4,4,444,Champions,3772.5299999999997
106,1,231.10000000000002,2,2,1,221,At Risk,231.10000000000002
5,2,688.33,5,3,3,533,Recent Customers,1376.66
246,1,487.51,1,2,3,123,At Risk,487.51
178,2,833.78,2,3,3,233,At Risk,1667.56
170,2,214.06,2,3,1,231,At Risk,428.12
43,1,290.65999999999997,3,2,2,322,Potential Loyalist,290.65999999999997
72,1,518.42,3,2,3,323,Potential Loyalist,518.42
59,7,6773.97,3,5,5,355,Loyal Customers,47417.79
16,2,1212.66,4,3,4,434,Recent Customers,2425.32
141,4,601.27,2,4,3,243,Loyal Customers,2405.08
18,6,3789.52,4,5,5,455,Champions,22737.12
22,15,8625.8,4,5,5,455,Champions,129386.99999999999
10,4,874.43,5,4,3,543,Champions,3497.72
368,1,123.24,1,2,1,121,At Risk,123.24
189,1,39.12,1,2,1,121,At Risk,39.12
16,4,1267.6499999999999,4,4,4,444,Champions,5070.599999999999
362,1,135.39999999999998,1,2,1,121,At Risk,135.39999999999998
19,1,118.98,4,2,1,421,Recent Customers,118.98
68,2,567.1800000000001,3,3,3,333,Potential Loyalist,1134.3600000000001
15,6,306.71999999999997,4,5,2,452,Champions,1840.3199999999997
24,3,1348.88,4,4,4,444,Champions,4046.6400000000003
17,11,4095.9,4,5,5,455,Champions,45054.9
28,3,1692.27,4,4,4,444,Champions,5076.8099999999995
2,20,8134.9400000000005,5,5,5,555,Champions,162698.80000000002
55,2,304.24,3,3,2,332,Potential Loyalist,608.48
34,4,1592.1200000000001,3,4,4,344,Loyal Customers,6368.4800000000005
3,12,3109.99,5,5,5,555,Champions,37319.88
366,1,129.75,1,2,1,121,At Risk,129.75
43,1,183.7,3,2,1,321,Potential Loyalist,183.7
73,6,1770.34,2,5,4,254,Loyal Customers,10622.039999999999
5,5,1028.0,5,4,4,544,Champions,5140.0
4,28,66653.56,5,5,5,555,Champions,1866299.68
61,2,324.24,3,3,2,332,Potential Loyalist,648.48
47,7,2959.88,3,5,5,355,Loyal Customers,20719.16
1,4,1260.86,5,4,4,544,Champions,5043.44
76,2,422.59999999999997,2,3,2,232,At Risk,845.1999999999999
72,2,225.57999999999998,3,3,1,331,Potential Loyalist,451.15999999999997
256,2,1276.0,1,3,4,134,At Risk,2552.0
69,2,477.86,3,3,2,332,Potential Loyalist,955.72
135,4,657.9000000000001,2,4,3,243,Loyal Customers,2631.6000000000004
241,1,112.75,1,2,1,121,At Risk,112.75
227,2,1998.0,1,3,4,134,At Risk,3996.0
9,13,5076.55,5,5,5,555,Champions,65995.15000000001
9,13,5398.3,5,5,5,555,Champions,70177.90000000001
1,20,14034.99,5,5,5,555,Champions,280699.8
37,3,531.35,3,4,3,343,Loyal Customers,1594.0500000000002
46,1,656.63,3,2,3,323,Potential Loyalist,656.63
85,5,3029.87,2,4,5,245,Loyal Customers,15149.349999999999
19,10,2467.99,4,5,5,455,Champions,24679.899999999998
3,5,1651.03,5,4,4,544,Champions,8255.15
9,11,3611.31,5,5,5,555,Champions,39724.409999999996
19,15,6910.78,4,5,5,455,Champions,103661.7
219,3,1129.06,1,4,4,144,Loyal Customers,3387.18
78,1,301.71999999999997,2,2,2,222,At Risk,301.71999999999997
267,2,901.2,1,3,3,133,At Risk,1802.4
24,6,3843.08,4,5,5,455,Champions,23058.48
369,1,606.0500000000001,1,2,3,123,At Risk,606.0500000000001
15,7,1770.22,4,5,4,454,Champions,12391.54
26,1,152.95,4,2,1,421,Recent Customers,152.95
262,1,292.47,1,2,2,122,At Risk,292.47
17,13,4730.81,4,5,5,455,Champions,61500.530000000006
91,2,576.4,2,3,3,233,At Risk,1152.8
302,7,758.27,1,5,3,153,Loyal Customers,5307.889999999999
26,5,1358.74,4,4,4,444,Champions,6793.7
364,1,256.32,1,2,2,122,At Risk,256.32
46,4,1048.28,3,4,4,344,Loyal Customers,4193.12
38,21,7205.33,3,5,5,355,Loyal Customers,151311.93
52,3,743.11,3,4,3,343,Loyal Customers,2229.33
32,1,603.75,4,2,3,423,Recent Customers,603.75
52,3,646.76,3,4,3,343,Loyal Customers,1940.28
79,5,2247.41,2,4,5,245,Loyal Customers,11237.05
53,1,417.59999999999997,3,2,2,322,Potential Loyalist,417.59999999999997
298,1,3.75,1,2,1,121,At Risk,3.75
177,1,323.0,2,2,2,222,At Risk,323.0
47,1,464.9,3,2,2,322,Potential Loyalist,464.9
29,7,2213.13,4,5,5,455,Champions,15491.91
11,7,1291.91,5,5,4,554,Champions,9043.37
87,17,7180.7,2,5,5,255,Loyal Customers,122071.9
5,18,6680.11,5,5,5,555,Champions,120241.98
38,2,836.06,3,3,3,333,Potential Loyalist,1672.12
18,5,1515.9,4,4,4,444,Champions,7579.5
45,5,623.93,3,4,3,343,Loyal Customers,3119.6499999999996
31,1,1764.72,4,2,4,424,Recent Customers,1764.72
373,1,207.5,1,2,1,121,At Risk,207.5
58,1,223.92000000000002,3,2,1,321,Potential Loyalist,223.92000000000002
372,1,2002.4,1,2,4,124,At Risk,2002.4
114,3,1475.43,2,4,4,244,Loyal Customers,4426.29
215,1,239.4,1,2,1,121,At Risk,239.4
319,1,106.83000000000001,1,2,1,121,At Risk,106.83000000000001
65,1,369.34000000000003,3,2,2,322,Potential Loyalist,369.34000000000003
8,3,789.79,5,4,3,543,Champions,2369.37
97,1,316.62,2,2,2,222,At Risk,316.62
20,3,1207.24,4,4,4,444,Champions,3621.7200000000003
199,1,611.85,1,2,3,123,At Risk,611.85
4,13,2790.9500000000003,5,5,5,555,Champions,36282.350000000006
294,1,34.0,1,2,1,121,At Risk,34.0
273,2,1145.6,1,3,4,134,At Risk,2291.2
31,11,5575.56,4,5,5,455,Champions,61331.16
48,3,478.09000000000003,3,4,2,342,Loyal Customers,1434.27
260,1,361.54,1,2,2,122,At Risk,361.54
58,5,757.1,3,4,3,343,Loyal Customers,3785.5
33,5,2242.61,4,4,5,445,Champions,11213.050000000001
57,1,171.59,3,2,1,321,Potential Loyalist,171.59
68,4,661.52,3,4,3,343,Loyal Customers,2646.08
10,11,1691.51,5,5,4,554,Champions,18606.61
60,1,371.54,3,2,2,322,Potential Loyalist,371.54
80,2,222.62,2,3,1,231,At Risk,445.24
74,2,245.94,2,3,1,231,At Risk,491.88
2,22,10611.720000000001,5,5,5,555,Champions,233457.84000000003
100,2,422.24,2,3,2,232,At Risk,844.48
372,1,311.25,1,2,2,122,At Risk,311.25
10,13,2267.9500000000003,5,5,5,555,Champions,29483.350000000002
20,1,107.6,4,2,1,421,Recent Customers,107.6
123,2,594.39,2,3,3,233,At Risk,1188.78
8,1,80.8,5,2,1,521,Recent Customers,80.8
4,6,1545.6200000000001,5,5,4,554,Champions,9273.720000000001
29,7,1705.78,4,5,4,454,Champions,11940.46
282,2,110.38000000000001,1,3,1,131,At Risk,220.76000000000002
57,1,243.84,3,2,1,321,Potential Loyalist,243.84
1,10,1196.5,5,5,4,554,Champions,11965.0
365,1,414.88,1,2,2,122,At Risk,414.88
89,1,305.62,2,2,2,222,At Risk,305.62
11,1,1162.65,5,2,4,524,Recent Customers,1162.65
163,4,1594.23,2,4,4,244,Loyal Customers,6376.92
65,1,332.3,3,2,2,322,Potential Loyalist,332.3
23,3,536.99,4,4,3,443,Champions,1610.97
174,2,460.59,2,3,2,232,At Risk,921.18
103,4,762.16,2,4,3,243,Loyal Customers,3048.64
143,3,1121.59,2,4,4,244,Loyal Customers,3364.7699999999995
99,2,288.42,2,3,2,232,At Risk,576.84
23,5,914.69,4,4,3,443,Champions,4573.450000000001
192,1,309.54,1,2,2,122,At Risk,309.54
5,2,547.07,5,3,3,533,Recent Customers,1094.14
361,1,479.35,1,2,2,122,At Risk,479.35
8,10,1652.18,5,5,4,554,Champions,16521.8
14,21,6416.7,4,5,5,455,Champions,134750.69999999998
103,4,417.06,2,4,2,242,Loyal Customers,1668.24
3,9,1604.75,5,5,4,554,Champions,14442.75
11,11,3349.57,5,5,5,555,Champions,36845.270000000004
96,1,497.61,2,2,3,223,At Risk,497.61
227,1,358.38,1,2,2,122,At Risk,358.38
16,2,460.64,4,3,2,432,Recent Customers,921.28
39,2,775.1800000000001,3,3,3,333,Potential Loyalist,1550.3600000000001
51,1,341.7,3,2,2,322,Potential Loyalist,341.7
93,2,128.5,2,3,1,231,At Risk,257.0
157,1,197.22,2,2,1,221,At Risk,197.22
39,1,325.91,3,2,2,322,Potential Loyalist,325.91
184,3,199.15,1,4,1,141,Loyal Customers,597.45
1,4,1106.53,5,4,4,544,Champions,4426.12
228,1,413.46,1,2,2,122,At Risk,413.46
128,2,180.85,2,3,1,231,At Risk,361.7
40,2,251.87,3,3,2,332,Potential Loyalist,503.74
31,11,3170.98,4,5,5,455,Champions,34880.78
197,2,588.85,1,3,3,133,At Risk,1177.7
9,34,16594.35,5,5,5,555,Champions,564207.8999999999
37,6,1869.82,3,5,4,354,Loyal Customers,11218.92
101,3,1264.19,2,4,4,244,Loyal Customers,3792.57
43,16,10196.57,3,5,5,355,Loyal Customers,163145.12
50,1,214.32,3,2,1,321,Potential Loyalist,214.32
43,1,193.44,3,2,1,321,Potential Loyalist,193.44
53,1,281.42,3,2,2,322,Potential Loyalist,281.42
187,1,124.57,1,2,1,121,At Risk,124.57
334,1,332.41,1,2,2,122,At Risk,332.41
4,3,342.45,5,4,2,542,Champions,1027.35
10,2,144.91000000000003,5,3,1,531,Recent Customers,289.82000000000005
24,2,328.4,4,3,2,432,Recent Customers,656.8
15,1,35.400000000000006,4,2,1,421,Recent Customers,35.400000000000006
369,1,375.69000000000005,1,2,2,122,At Risk,375.69000000000005
145,2,747.81,2,3,3,233,At Risk,1495.62
60,2,173.76,3,3,1,331,Potential Loyalist,347.52
31,2,502.8,4,3,3,433,Recent Customers,1005.6
141,3,207.73999999999998,2,4,1,241,Loyal Customers,623.2199999999999
23,4,817.12,4,4,3,443,Champions,3268.48
22,6,2812.34,4,5,5,455,Champions,16874.04
77,3,680.02,2,4,3,243,Loyal Customers,2040.06
5,6,7123.62,5,5,5,555,Champions,42741.72
67,5,2095.53,3,4,5,345,Loyal Customers,10477.650000000001
12,6,846.62,5,5,3,553,Champions,5079.72
84,1,13.3,2,2,1,221,At Risk,13.3
31,7,1491.43,4,5,4,454,Champions,10440.01
67,1,432.0,3,2,2,322,Potential Loyalist,432.0
67,3,705.12,3,4,3,343,Loyal Customers,2115.36
187,2,272.48,1,3,2,132,At Risk,544.96
38,2,429.84000000000003,3,3,2,332,Potential Loyalist,859.6800000000001
15,3,450.41,4,4,2,442,Champions,1351.23
35,1,192.32999999999998,3,2,1,321,Potential Loyalist,192.32999999999998
195,3,1578.67,1,4,4,144,Loyal Customers,4736.01
2,5,742.43,5,4,3,543,Champions,3712.1499999999996
1,5,518.19,5,4,3,543,Champions,2590.9500000000003
367,1,145.93,1,2,1,121,At Risk,145.93
65,1,202.27,3,2,1,321,Potential Loyalist,202.27
299,2,289.78,1,3,2,132,At Risk,579.56
26,3,501.03,4,4,3,443,Champions,1503.09
8,6,1271.06,5,5,4,554,Champions,7626.36
17,3,887.11,4,4,3,443,Champions,2661.33
116,1,1706.88,2,2,4,224,At Risk,1706.88
29,1,363.2,4,2,2,422,Recent Customers,363.2
4,16,3653.75,5,5,5,555,Champions,58460.0
5,7,3037.6,5,5,5,555,Champions,21263.2
82,4,559.59,2,4,3,243,Loyal Customers,2238.36
29,5,928.76,4,4,3,443,Champions,4643.8
72,1,379.14,3,2,2,322,Potential Loyalist,379.14
4,8,1508.96,5,5,4,554,Champions,12071.68
29,11,2555.58,4,5,5,455,Champions,28111.379999999997
290,1,113.44,1,2,1,121,At Risk,113.44
36,1,183.76,3,2,1,321,Potential Loyalist,183.76
9,6,621.6800000000001,5,5,3,553,Champions,3730.0800000000004
24,2,562.41,4,3,3,433,Recent Customers,1124.82
277,1,391.52,1,2,2,122,At Risk,391.52
50,6,1068.82,3,5,4,354,Loyal Customers,6412.92
156,11,2592.25,2,5,5,255,Loyal Customers,28514.75
61,1,154.18,3,2,1,321,Potential Loyalist,154.18
12,19,7069.08,5,5,5,555,Champions,134312.52
21,3,829.89,4,4,3,443,Champions,2489.67
371,1,230.25,1,2,1,121,At Risk,230.25
116,3,543.05,2,4,3,243,Loyal Customers,1629.1499999999999
80,17,2814.7,2,5,5,255,Loyal Customers,47849.899999999994
4,7,1295.39,5,5,4,554,Champions,9067.730000000001
26,3,378.89,4,4,2,442,Champions,1136.67
5,21,4554.87,5,5,5,555,Champions,95652.27
53,1,150.23000000000002,3,2,1,321,Potential Loyalist,150.23000000000002
1,2,563.23,5,3,3,533,Recent Customers,1126.46
55,2,931.03,3,3,3,333,Potential Loyalist,1862.06
26,1,261.9,4,2,2,422,Recent Customers,261.9
9,4,2711.6800000000003,5,4,5,545,Champions,10846.720000000001
52,3,3049.88,3,4,5,345,Loyal Customers,9149.64
13,9,1904.99,5,5,4,554,Champions,17144.91
212,3,816.73,1,4,3,143,Loyal Customers,2450.19
22,19,4345.5,4,5,5,455,Champions,82564.5
236,1,406.48,1,2,2,122,At Risk,406.48
139,3,435.02,2,4,2,242,Loyal Customers,1305.06
4,6,1286.27,5,5,4,554,Champions,7717.62
57,3,1178.56,3,4,4,344,Loyal Customers,3535.68
135,3,1277.75,2,4,4,244,Loyal Customers,3833.25
109,2,167.61,2,3,1,231,At Risk,335.22
30,1,20.8,4,2,1,421,Recent Customers,20.8
1,9,2085.08,5,5,5,555,Champions,18765.72
185,4,518.67,1,4,3,143,Loyal Customers,2074.68
18,1,308.74,4,2,2,422,Recent Customers,308.74
239,2,416.64,1,3,2,132,At Risk,833.28
87,1,117.35000000000001,2,2,1,221,At Risk,117.35000000000001
39,3,507.05,3,4,3,343,Loyal Customers,1521.15
116,1,234.17,2,2,1,221,At Risk,234.17
187,1,110.55000000000001,1,2,1,121,At Risk,110.55000000000001
227,1,201.19,1,2,1,121,At Risk,201.19
8,7,2154.97,5,5,5,555,Champions,15084.789999999999
189,1,319.02,1,2,2,122,At Risk,319.02
4,2,439.43,5,3,2,532,Recent Customers,878.86
39,3,650.41,3,4,3,343,Loyal Customers,1951.23
38,1,357.21,3,2,2,322,Potential Loyalist,357.21
267,1,251.51999999999998,1,2,2,122,At Risk,251.51999999999998
78,1,344.33,2,2,2,222,At Risk,344.33
4,6,1852.0,5,5,4,554,Champions,11112.0
255,2,1028.46,1,3,4,134,At Risk,2056.92
61,1,384.06,3,2,2,322,Potential Loyalist,384.06
13,7,1905.87,5,5,4,554,Champions,13341.09
88,2,4459.52,2,3,5,235,At Risk,8919.04
17,10,5464.12,4,5,5,455,Champions,54641.2
30,2,1873.2,4,3,4,434,Recent Customers,3746.4
3,7,1616.8,5,5,4,554,Champions,11317.6
5,1,126.12,5,2,1,521,Recent Customers,126.12
7,6,1133.25,5,5,4,554,Champions,6799.5
219,1,179.0,1,2,1,121,At Risk,179.0
11,5,1614.31,5,4,4,544,Champions,8071.549999999999
30,6,1456.96,4,5,4,454,Champions,8741.76
288,3,702.0,1,4,3,143,Loyal Customers,2106.0
150,4,295.0,2,4,2,242,Loyal Customers,1180.0
23,2,484.82,4,3,2,432,Recent Customers,969.64
1,11,3989.57,5,5,5,555,Champions,43885.270000000004
86,3,1493.73,2,4,4,244,Loyal Customers,4481.1900000000005
46,2,1312.1399999999999,3,3,4,334,Potential Loyalist,2624.2799999999997
5,4,781.78,5,4,3,543,Champions,3127.12
51,6,889.9300000000001,3,5,3,353,Loyal Customers,5339.58
18,1,195.36,4,2,1,421,Recent Customers,195.36
30,1,270.9,4,2,2,422,Recent Customers,270.9
8,3,583.4300000000001,5,4,3,543,Champions,1750.2900000000002
29,3,1838.6100000000001,4,4,4,444,Champions,5515.83
3,20,8694.26,5,5,5,555,Champions,173885.2
41,2,920.1,3,3,3,333,Potential Loyalist,1840.2
11,4,1258.08,5,4,4,544,Champions,5032.32
31,1,71.0,4,2,1,421,Recent Customers,71.0
45,3,95.85,3,4,1,341,Loyal Customers,287.54999999999995
61,3,357.77,3,4,2,342,Loyal Customers,1073.31
185,2,154.82999999999998,1,3,1,131,At Risk,309.65999999999997
79,6,877.5600000000001,2,5,3,253,Loyal Customers,5265.360000000001
111,2,716.0,2,3,3,233,At Risk,1432.0
64,1,146.87,3,2,1,321,Potential Loyalist,146.87
12,2,380.35,5,3,2,532,Recent Customers,760.7
86,3,1030.14,2,4,4,244,Loyal Customers,3090.42
16,3,745.52,4,4,3,443,Champions,2236.56
246,2,433.53000000000003,1,3,2,132,At Risk,867.0600000000001
88,1,1267.32,2,2,4,224,At Risk,1267.32
30,1,112.4,4,2,1,421,Recent Customers,112.4
138,1,449.73,2,2,2,222,At Risk,449.73
27,3,1071.49,4,4,4,444,Champions,3214.4700000000003
3,5,1036.58,5,4,4,544,Champions,5182.9
32,4,1735.18,4,4,4,444,Champions,6940.72
25,1,948.48,4,2,4,424,Recent Customers,948.48
113,3,339.44,2,4,2,242,Loyal Customers,1018.3199999999999
157,1,642.02,2,2,3,223,At Risk,642.02
85,3,1100.9,2,4,4,244,Loyal Customers,3302.7000000000003
118,3,925.35,2,4,3,243,Loyal Customers,2776.05
3,9,5655.03,5,5,5,555,Champions,50895.27
96,6,3185.64,2,5,5,255,Loyal Customers,19113.84
194,1,240.89000000000001,1,2,1,121,At Risk,240.89000000000001
28,1,399.09,4,2,2,422,Recent Customers,399.09
131,1,498.48,2,2,3,223,At Risk,498.48
28,5,1356.33,4,4,4,444,Champions,6781.65
82,3,1179.89,2,4,4,244,Loyal Customers,3539.67
30,5,3080.39,4,4,5,445,Champions,15401.949999999999
266,1,234.24,1,2,1,121,At Risk,234.24
74,11,5232.2300000000005,2,5,5,255,Loyal Customers,57554.530000000006
314,4,533.33,1,4,3,143,Loyal Customers,2133.32
21,7,1461.14,4,5,4,454,Champions,10227.980000000001
59,3,855.45,3,4,3,343,Loyal Customers,2566.3500000000004
12,21,4552.14,5,5,5,555,Champions,95594.94
28,9,2709.7000000000003,4,5,5,455,Champions,24387.300000000003
114,1,304.24,2,2,2,222,At Risk,304.24
28,9,2429.03,4,5,5,455,Champions,21861.27
18,4,1446.09,4,4,4,444,Champions,5784.36
18,4,834.12,4,4,3,443,Champions,3336.48
36,3,841.0799999999999,3,4,3,343,Loyal Customers,2523.24
36,2,378.2,3,3,2,332,Potential Loyalist,756.4
78,1,118.80000000000001,2,2,1,221,At Risk,118.80000000000001
22,2,287.62,4,3,2,432,Recent Customers,575.24
25,2,288.91,4,3,2,432,Recent Customers,577.82
33,2,2003.85,4,3,4,434,Recent Customers,4007.7
109,3,1405.78,2,4,4,244,Loyal Customers,4217.34
35,2,2747.9900000000002,3,3,5,335,Potential Loyalist,5495.9800000000005
123,5,1562.4,2,4,4,244,Loyal Customers,7812.0
7,6,2050.08,5,5,4,554,Champions,12300.48
28,4,1991.01,4,4,4,444,Champions,7964.04
4,7,1974.65,5,5,4,554,Champions,13822.550000000001
3,9,3827.76,5,5,5,555,Champions,34449.840000000004
50,4,1774.03,3,4,4,344,Loyal Customers,7096.12
322,1,302.0,1,2,2,122,At Risk,302.0
23,3,1324.16,4,4,4,444,Champions,3972.4800000000005
15,4,1022.13,4,4,4,444,Champions,4088.52
2,8,954.42,5,5,4,554,Champions,7635.36
18,2,971.74,4,3,4,434,Recent Customers,1943.48
10,4,1621.73,5,4,4,544,Champions,6486.92
262,1,25.5,1,2,1,121,At Risk,25.5
159,2,665.78,2,3,3,233,At Risk,1331.56
33,6,10797.48,4,5,5,455,Champions,64784.88
29,6,881.29,4,5,3,453,Champions,5287.74
165,1,163.29999999999998,2,2,1,221,At Risk,163.29999999999998
47,1,231.61,3,2,1,321,Potential Loyalist,231.61
6,8,801.12,5,5,3,553,Champions,6408.96
8,3,837.5,5,4,3,543,Champions,2512.5
288,1,116.19999999999999,1,2,1,121,At Risk,116.19999999999999
318,1,157.02,1,2,1,121,At Risk,157.02
3,2,606.91,5,3,3,533,Recent Customers,1213.82
233,1,307.46,1,2,2,122,At Risk,307.46
119,1,138.32,2,2,1,221,At Risk,138.32
162,1,345.29999999999995,2,2,2,222,At Risk,345.29999999999995
185,1,294.24,1,2,2,122,At Risk,294.24
50,1,230.5,3,2,1,321,Potential Loyalist,230.5
152,5,989.45,2,4,4,244,Loyal Customers,4947.25
335,1,157.09,1,2,1,121,At Risk,157.09
5,5,2463.17,5,4,5,545,Champions,12315.85
16,7,4892.240000000001,4,5,5,455,Champions,34245.68000000001
107,2,413.2,2,3,2,232,At Risk,826.4
16,7,1139.73,4,5,4,454,Champions,7978.110000000001
276,1,380.5,1,2,2,122,At Risk,380.5
16,12,10650.77,4,5,5,455,Champions,127809.24
247,1,454.12,1,2,2,122,At Risk,454.12
239,1,579.0,1,2,3,123,At Risk,579.0
1,2,984.57,5,3,4,534,Recent Customers,1969.14
106,3,749.78,2,4,3,243,Loyal Customers,2249.34
23,4,1714.59,4,4,4,444,Champions,6858.36
52,1,124.88,3,2,1,321,Potential Loyalist,124.88
195,3,1689.5,1,4,4,144,Loyal Customers,5068.5
24,1,213.78,4,2,1,421,Recent Customers,213.78
75,1,329.34,2,2,2,222,At Risk,329.34
18,2,251.70000000000002,4,3,2,432,Recent Customers,503.40000000000003
8,2,319.0,5,3,2,532,Recent Customers,638.0
32,3,1266.97,4,4,4,444,Champions,3800.91
22,3,1538.88,4,4,4,444,Champions,4616.64
31,6,3518.03,4,5,5,455,Champions,21108.18
29,10,1715.46,4,5,4,454,Champions,17154.6
22,2,293.1,4,3,2,432,Recent Customers,586.2
33,7,2467.35,4,5,5,455,Champions,17271.45
284,1,158.68,1,2,1,121,At Risk,158.68
39,2,206.34,3,3,1,331,Potential Loyalist,412.68
58,2,835.78,3,3,3,333,Potential Loyalist,1671.56
289,1,224.91,1,2,1,121,At Risk,224.91
79,1,317.76,2,2,2,222,At Risk,317.76
5,8,3766.6,5,5,5,555,Champions,30132.8
218,1,59.9,1,2,1,121,At Risk,59.9
44,4,1443.69,3,4,4,344,Loyal Customers,5774.76
202,1,306.13,1,2,2,122,At Risk,306.13
178,3,711.79,2,4,3,243,Loyal Customers,2135.37
56,4,783.97,3,4,3,343,Loyal Customers,3135.88
57,2,239.92000000000002,3,3,1,331,Potential Loyalist,479.84000000000003
8,6,3347.31,5,5,5,555,Champions,20083.86
47,2,144.0,3,3,1,331,Potential Loyalist,288.0
227,1,203.95,1,2,1,121,At Risk,203.95
11,7,2474.23,5,5,5,555,Champions,17319.61
106,2,383.75,2,3,2,232,At Risk,767.5
59,2,444.74,3,3,2,332,Potential Loyalist,889.48
28,7,2093.68,4,5,5,455,Champions,14655.759999999998
36,7,1699.3000000000002,3,5,4,354,Loyal Customers,11895.100000000002
274,2,262.62,1,3,2,132,At Risk,525.24
30,1,1013.01,4,2,4,424,Recent Customers,1013.01
24,3,692.22,4,4,3,443,Champions,2076.66
54,1,289.78,3,2,2,322,Potential Loyalist,289.78
36,6,3560.08,3,5,5,355,Loyal Customers,21360.48
175,4,1564.56,2,4,4,244,Loyal Customers,6258.24
54,1,384.08,3,2,2,322,Potential Loyalist,384.08
53,1,204.24,3,2,1,321,Potential Loyalist,204.24
27,8,2317.2200000000003,4,5,5,455,Champions,18537.760000000002
253,1,226.85,1,2,1,121,At Risk,226.85
40,7,2781.23,3,5,5,355,Loyal Customers,19468.61
60,6,1059.1200000000001,3,5,4,354,Loyal Customers,6354.720000000001
234,1,113.5,1,2,1,121,At Risk,113.5
4,10,1951.97,5,5,4,554,Champions,19519.7
32,1,114.23,4,2,1,421,Recent Customers,114.23
24,14,3187.55,4,5,5,455,Champions,44625.700000000004
7,2,334.48,5,3,2,532,Recent Customers,668.96
65,1,328.65,3,2,2,322,Potential Loyalist,328.65
310,2,416.89,1,3,2,132,At Risk,833.78
309,1,393.49,1,2,2,122,At Risk,393.49
19,6,939.32,4,5,4,454,Champions,5635.92
16,8,1906.09,4,5,4,454,Champions,15248.72
96,2,318.76,2,3,2,232,At Risk,637.52
264,8,3638.41,1,5,5,155,Loyal Customers,29107.28
12,10,3124.72,5,5,5,555,Champions,31247.199999999997
3,2,417.77,5,3,2,532,Recent Customers,835.54
35,1,190.88,3,2,1,321,Potential Loyalist,190.88
183,1,149.89000000000001,1,2,1,121,At Risk,149.89000000000001
25,2,550.06,4,3,3,433,Recent Customers,1100.12
13,6,916.13,5,5,3,553,Champions,5496.78
11,2,314.69,5,3,2,532,Recent Customers,629.38
3,17,3719.1,5,5,5,555,Champions,63224.7
313,1,382.5,1,2,2,122,At Risk,382.5
108,2,1135.04,2,3,4,234,At Risk,2270.08
1,26,8540.05,5,5,5,555,Champions,222041.3
53,1,954.9,3,2,4,324,Potential Loyalist,954.9
205,1,171.45,1,2,1,121,At Risk,171.45
15,1,280.09000000000003,4,2,2,422,Recent Customers,280.09000000000003
120,1,318.65,2,2,2,222,At Risk,318.65
4,2,381.97,5,3,2,532,Recent Customers,763.94
363,1,269.83,1,2,2,122,At Risk,269.83
117,2,348.91,2,3,2,232,At Risk,697.82
18,1,178.26,4,2,1,421,Recent Customers,178.26
5,2,271.19,5,3,2,532,Recent Customers,542.38
41,2,291.48,3,3,2,332,Potential Loyalist,582.96
107,2,240.0,2,3,1,231,At Risk,480.0
148,2,581.23,2,3,3,233,At Risk,1162.46
52,5,1253.3600000000001,3,4,4,344,Loyal Customers,6266.800000000001
208,1,63.440000000000005,1,2,1,121,At Risk,63.440000000000005
139,2,550.01,2,3,3,233,At Risk,1100.02
2,3,296.58,5,4,2,542,Champions,889.74
127,2,317.2,2,3,2,232,At Risk,634.4
108,4,763.64,2,4,3,243,Loyal Customers,3054.56
42,4,2148.63,3,4,5,345,Loyal Customers,8594.52
35,1,107.82,3,2,1,321,Potential Loyalist,107.82
228,2,1065.3500000000001,1,3,4,134,At Risk,2130.7000000000003
241,1,246.04,1,2,1,121,At Risk,246.04
58,1,187.82999999999998,3,2,1,321,Potential Loyalist,187.82999999999998
130,3,1685.46,2,4,4,244,Loyal Customers,5056.38
60,6,1647.48,3,5,4,354,Loyal Customers,9884.880000000001
22,1,151.37,4,2,1,421,Recent Customers,151.37
26,7,1049.06,4,5,4,454,Champions,7343.42
9,7,1417.63,5,5,4,554,Champions,9923.41
32,3,931.02,4,4,3,443,Champions,2793.06
4,2,513.01,5,3,3,533,Recent Customers,1026.02
308,1,550.8000000000001,1,2,3,123,At Risk,550.8000000000001
8,9,1854.06,5,5,4,554,Champions,16686.54
29,3,547.0,4,4,3,443,Champions,1641.0
17,1,128.18,4,2,1,421,Recent Customers,128.18
101,2,498.42,2,3,3,233,At Risk,996.84
12,4,656.61,5,4,3,543,Champions,2626.44
21,1,163.24,4,2,1,421,Recent Customers,163.24
15,5,1135.63,4,4,4,444,Champions,5678.150000000001
361,1,250.04,1,2,2,122,At Risk,250.04
11,19,8631.31,5,5,5,555,Champions,163994.88999999998
95,1,82.75,2,2,1,221,At Risk,82.75
78,2,1384.85,2,3,4,234,At Risk,2769.7
139,3,644.3,2,4,3,243,Loyal Customers,1932.8999999999999
31,1,2328.84,4,2,5,425,Recent Customers,2328.84
25,8,2527.92,4,5,5,455,Champions,20223.36
2,38,6281.23,5,5,5,555,Champions,238686.74
46,3,2600.34,3,4,5,345,Loyal Customers,7801.02
100,3,1200.6200000000001,2,4,4,244,Loyal Customers,3601.8600000000006
8,2,657.16,5,3,3,533,Recent Customers,1314.32
15,7,906.52,4,5,3,453,Champions,6345.639999999999
18,4,986.48,4,4,4,444,Champions,3945.92
280,1,96.8,1,2,1,121,At Risk,96.8
14,2,523.11,4,3,3,433,Recent Customers,1046.22
23,2,363.9,4,3,2,432,Recent Customers,727.8
124,1,175.2,2,2,1,221,At Risk,175.2
86,1,494.25,2,2,3,223,At Risk,494.25
302,2,307.02,1,3,2,132,At Risk,614.04
151,4,1981.06,2,4,4,244,Loyal Customers,7924.24
17,8,6493.54,4,5,5,455,Champions,51948.32
94,2,243.36,2,3,1,231,At Risk,486.72
30,11,12353.29,4,5,5,455,Champions,135886.19
157,3,682.29,2,4,3,243,Loyal Customers,2046.87
355,1,193.64,1,2,1,121,At Risk,193.64
46,1,157.62,3,2,1,321,Potential Loyalist,157.62
15,4,519.6899999999999,4,4,3,443,Champions,2078.7599999999998
4,15,2622.88,5,5,5,555,Champions,39343.200000000004
86,1,228.96,2,2,1,221,At Risk,228.96
15,5,1156.6,4,4,4,444,Champions,5783.0
179,1,98.25,2,2,1,221,At Risk,98.25
8,4,1281.32,5,4,4,544,Champions,5125.28
36,3,587.15,3,4,3,343,Loyal Customers,1761.4499999999998
129,2,1740.0,2,3,4,234,At Risk,3480.0
51,1,1393.06,3,2,4,324,Potential Loyalist,1393.06
312,1,178.22,1,2,1,121,At Risk,178.22
24,2,384.39,4,3,2,432,Recent Customers,768.78
303,2,360.81,1,3,2,132,At Risk,721.62
11,1,127.86,5,2,1,521,Recent Customers,127.86
17,3,568.24,4,4,3,443,Champions,1704.72
49,3,488.2,3,4,3,343,Loyal Customers,1464.6
239,2,312.23,1,3,2,132,At Risk,624.46
1,11,4462.68,5,5,5,555,Champions,49089.48
13,8,4767.36,5,5,5,555,Champions,38138.88
238,1,167.55,1,2,1,121,At Risk,167.55
23,8,1878.87,4,5,4,454,Champions,15030.96
73,4,446.18,2,4,2,242,Loyal Customers,1784.72
17,3,418.4,4,4,2,442,Champions,1255.1999999999998
41,8,1337.18,3,5,4,354,Loyal Customers,10697.44
40,4,646.92,3,4,3,343,Loyal Customers,2587.68
219,2,495.77,1,3,3,133,At Risk,991.54
199,3,400.1,1,4,2,142,Loyal Customers,1200.3000000000002
71,2,203.2,3,3,1,331,Potential Loyalist,406.4
24,20,4058.32,4,5,5,455,Champions,81166.40000000001
11,1,389.71999999999997,5,2,2,522,Recent Customers,389.71999999999997
9,29,20275.61,5,5,5,555,Champions,587992.6900000001
65,1,65.4,3,2,1,321,Potential Loyalist,65.4
4,1,193.39000000000001,5,2,1,521,Recent Customers,193.39000000000001
19,2,336.4,4,3,2,432,Recent Customers,672.8
15,1,256.11,4,2,2,422,Recent Customers,256.11
8,6,2686.42,5,5,5,555,Champions,16118.52
20,2,746.81,4,3,3,433,Recent Customers,1493.62
78,4,1259.56,2,4,4,244,Loyal Customers,5038.24
1,34,31833.68,5,5,5,555,Champions,1082345.12
164,2,508.8,2,3,3,233,At Risk,1017.6
307,2,417.27,1,3,2,132,At Risk,834.54
219,1,203.86999999999998,1,2,1,121,At Risk,203.86999999999998
39,8,7330.8,3,5,5,355,Loyal Customers,58646.4
22,2,681.41,4,3,3,433,Recent Customers,1362.82
115,3,653.38,2,4,3,243,Loyal Customers,1960.1399999999999
126,5,2097.84,2,4,5,245,Loyal Customers,10489.2
5,13,2633.85,5,5,5,555,Champions,34240.049999999996
36,1,263.92,3,2,2,322,Potential Loyalist,263.92
4,15,31906.82,5,5,5,555,Champions,478602.3
1,3,1031.41,5,4,4,544,Champions,3094.2300000000005
333,3,2184.42,1,4,5,145,Loyal Customers,6553.26
163,1,32.65,2,2,1,221,At Risk,32.65
185,2,771.85,1,3,3,133,At Risk,1543.7
16,5,1214.72,4,4,4,444,Champions,6073.6
12,3,778.94,5,4,3,543,Champions,2336.82
3,7,1258.06,5,5,4,554,Champions,8806.42
44,2,778.0,3,3,3,333,Potential Loyalist,1556.0
80,1,507.84,2,2,3,223,At Risk,507.84
30,7,6893.42,4,5,5,455,Champions,48253.94
42,2,463.46000000000004,3,3,2,332,Potential Loyalist,926.9200000000001
11,12,4226.57,5,5,5,555,Champions,50718.84
50,3,598.83,3,4,3,343,Loyal Customers,1796.4900000000002
16,6,1979.37,4,5,4,454,Champions,11876.22
46,2,698.41,3,3,3,333,Potential Loyalist,1396.82
19,2,759.17,4,3,3,433,Recent Customers,1518.34
8,6,5037.26,5,5,5,555,Champions,30223.56
72,1,100.8,3,2,1,321,Potential Loyalist,100.8
1,28,17256.85,5,5,5,555,Champions,483191.79999999993
128,3,524.9200000000001,2,4,3,243,Loyal Customers,1574.7600000000002
33,2,265.76,4,3,2,432,Recent Customers,531.52
313,1,403.3,1,2,2,122,At Risk,403.3
18,2,365.76,4,3,2,432,Recent Customers,731.52
88,1,303.15999999999997,2,2,2,222,At Risk,303.15999999999997
2,7,2373.82,5,5,5,555,Champions,16616.74
2,2,216.29999999999998,5,3,1,531,Recent Customers,432.59999999999997
254,1,388.45000000000005,1,2,2,122,At Risk,388.45000000000005
157,3,186.42000000000002,2,4,1,241,Loyal Customers,559.26
37,6,2248.56,3,5,5,355,Loyal Customers,13491.36
220,1,534.24,1,2,3,123,At Risk,534.24
148,3,2940.04,2,4,5,245,Loyal Customers,8820.119999999999
177,2,120.9,2,3,1,231,At Risk,241.8
40,2,541.53,3,3,3,333,Potential Loyalist,1083.06
2,7,2519.21,5,5,5,555,Champions,17634.47
8,46,194390.79,5,5,5,555,Champions,8941976.34
1,7,1721.4,5,5,4,554,Champions,12049.800000000001
18,2,486.71999999999997,4,3,2,432,Recent Customers,973.4399999999999
192,4,517.53,1,4,3,143,Loyal Customers,2070.12
204,1,131.7,1,2,1,121,At Risk,131.7
365,1,249.86,1,2,2,122,At Risk,249.86
127,5,1737.7,2,4,4,244,Loyal Customers,8688.5
15,1,316.5,4,2,2,422,Recent Customers,316.5
43,2,657.3,3,3,3,333,Potential Loyalist,1314.6
94,6,622.4300000000001,2,5,3,253,Loyal Customers,3734.5800000000004
23,3,735.82,4,4,3,443,Champions,2207.46
60,2,675.69,3,3,3,333,Potential Loyalist,1351.38
16,5,1875.86,4,4,4,444,Champions,9379.3
158,1,289.96000000000004,2,2,2,222,At Risk,289.96000000000004
10,2,763.28,5,3,3,533,Recent Customers,1526.56
10,2,137.0,5,3,1,531,Recent Customers,274.0
16,5,1870.97,4,4,4,444,Champions,9354.85
45,5,1125.07,3,4,4,344,Loyal Customers,5625.349999999999
191,3,697.54,1,4,3,143,Loyal Customers,2092.62
79,1,194.37,2,2,1,221,At Risk,194.37
78,1,511.82,2,2,3,223,At Risk,511.82
4,4,1255.59,5,4,4,544,Champions,5022.36
65,3,414.04,3,4,2,342,Loyal Customers,1242.1200000000001
261,1,396.87,1,2,2,122,At Risk,396.87
59,2,376.64,3,3,2,332,Potential Loyalist,753.28
1,7,2092.32,5,5,5,555,Champions,14646.240000000002
1,10,3558.87,5,5,5,555,Champions,35588.7
248,1,374.57,1,2,2,122,At Risk,374.57
8,2,497.56,5,3,3,533,Recent Customers,995.12
359,1,271.05,1,2,2,122,At Risk,271.05
76,1,272.22,2,2,2,222,At Risk,272.22
290,1,622.88,1,2,3,123,At Risk,622.88
17,3,1138.0,4,4,4,444,Champions,3414.0
221,2,288.6,1,3,2,132,At Risk,577.2
9,4,689.1,5,4,3,543,Champions,2756.4
3,2,558.96,5,3,3,533,Recent Customers,1117.92
206,9,2997.0299999999997,1,5,5,155,Loyal Customers,26973.269999999997
162,2,1145.84,2,3,4,234,At Risk,2291.68
76,1,302.2,2,2,2,222,At Risk,302.2
262,2,605.58,1,3,3,133,At Risk,1211.16
281,1,387.31,1,2,2,122,At Risk,387.31
58,8,6083.64,3,5,5,355,Loyal Customers,48669.12
25,1,308.48,4,2,2,422,Recent Customers,308.48
3,31,91062.38,5,5,5,555,Champions,2822933.7800000003
29,10,2924.9900000000002,4,5,5,455,Champions,29249.9
72,1,513.2,3,2,3,323,Potential Loyalist,513.2
128,1,208.65,2,2,1,221,At Risk,208.65
31,4,639.02,4,4,3,443,Champions,2556.08
15,5,764.88,4,4,3,443,Champions,3824.4
309,1,153.94,1,2,1,121,At Risk,153.94
17,6,1844.02,4,5,4,454,Champions,11064.119999999999
54,1,546.81,3,2,3,323,Potential Loyalist,546.81
30,3,723.2099999999999,4,4,3,443,Champions,2169.6299999999997
2,5,1070.71,5,4,4,544,Champions,5353.55
11,4,652.74,5,4,3,543,Champions,2610.96
361,1,145.0,1,2,1,121,At Risk,145.0
360,1,422.70000000000005,1,2,2,122,At Risk,422.70000000000005
5,4,1195.8999999999999,5,4,4,544,Champions,4783.599999999999
54,4,939.37,3,4,4,344,Loyal Customers,3757.48
1,8,3628.5,5,5,5,555,Champions,29028.0
1,10,2367.12,5,5,5,555,Champions,23671.199999999997
190,1,296.7,1,2,2,122,At Risk,296.7
54,1,223.36,3,2,1,321,Potential Loyalist,223.36
280,1,164.4,1,2,1,121,At Risk,164.4
177,1,76.5,2,2,1,221,At Risk,76.5
30,2,887.67,4,3,3,433,Recent Customers,1775.34
26,1,98.42,4,2,1,421,Recent Customers,98.42
25,2,578.9,4,3,3,433,Recent Customers,1157.8
270,1,170.75,1,2,1,121,At Risk,170.75
43,3,642.32,3,4,3,343,Loyal Customers,1926.96
234,1,103.3,1,2,1,121,At Risk,103.3
24,2,148.86,4,3,1,431,Recent Customers,297.72
197,3,267.16,1,4,2,142,Loyal Customers,801.48
359,1,290.34,1,2,2,122,At Risk,290.34
60,4,930.41,3,4,3,343,Loyal Customers,3721.64
130,1,1487.6,2,2,4,224,At Risk,1487.6
1,5,1952.45,5,4,4,544,Champions,9762.25
20,2,480.31,4,3,2,432,Recent Customers,960.62
206,1,157.9,1,2,1,121,At Risk,157.9
14,3,541.46,4,4,3,443,Champions,1624.38
95,4,854.95,2,4,3,243,Loyal Customers,3419.8
19,1,165.12,4,2,1,421,Recent Customers,165.12
14,7,1122.38,4,5,4,454,Champions,7856.660000000001
24,3,454.01,4,4,2,442,Champions,1362.03
8,2,869.77,5,3,3,533,Recent Customers,1739.54
7,8,4331.48,5,5,5,555,Champions,34651.84
332,1,344.14,1,2,2,122,At Risk,344.14
50,4,1425.67,3,4,4,344,Loyal Customers,5702.68
71,4,226.75000000000003,3,4,1,341,Loyal Customers,907.0000000000001
29,3,380.6,4,4,2,442,Champions,1141.8000000000002
243,1,185.65,1,2,1,121,At Risk,185.65
8,19,3564.83,5,5,5,555,Champions,67731.77
218,1,143.45999999999998,1,2,1,121,At Risk,143.45999999999998
5,3,448.90000000000003,5,4,2,542,Champions,1346.7
253,3,215.72,1,4,1,141,Loyal Customers,647.16
1,25,11025.24,5,5,5,555,Champions,275631.0
236,1,175.27,1,2,1,121,At Risk,175.27
7,2,1242.3,5,3,4,534,Recent Customers,2484.6
109,4,1116.68,2,4,4,244,Loyal Customers,4466.72
100,3,1240.2,2,4,4,244,Loyal Customers,3720.6000000000004
60,4,2404.17,3,4,5,345,Loyal Customers,9616.68
2,3,1468.02,5,4,4,544,Champions,4404.0599999999995
73,7,2203.67,2,5,5,255,Loyal Customers,15425.69
4,5,3923.86,5,4,5,545,Champions,19619.3
85,2,993.18,2,3,4,234,At Risk,1986.36
12,2,386.69,5,3,2,532,Recent Customers,773.38
23,7,2806.69,4,5,5,455,Champions,19646.83
214,1,2044.3700000000001,1,2,4,124,At Risk,2044.3700000000001
18,1,161.67000000000002,4,2,1,421,Recent Customers,161.67000000000002
239,1,116.00999999999999,1,2,1,121,At Risk,116.00999999999999
2,6,5054.42,5,5,5,555,Champions,30326.52
78,1,394.72,2,2,2,222,At Risk,394.72
217,2,309.36,1,3,2,132,At Risk,618.72
33,2,191.99,4,3,1,431,Recent Customers,383.98
41,5,1105.78,3,4,4,344,Loyal Customers,5528.9
7,15,3961.12,5,5,5,555,Champions,59416.799999999996
53,6,2048.45,3,5,4,354,Loyal Customers,12290.699999999999
23,14,4544.55,4,5,5,455,Champions,63623.700000000004
57,1,386.32,3,2,2,322,Potential Loyalist,386.32
130,3,329.6,2,4,2,242,Loyal Customers,988.8000000000001
174,3,571.1999999999999,2,4,3,243,Loyal Customers,1713.6
6,3,930.28,5,4,3,543,Champions,2790.84
312,1,214.37,1,2,1,121,At Risk,214.37
60,1,81.44,3,2,1,321,Potential Loyalist,81.44
21,3,1379.9,4,4,4,444,Champions,4139.700000000001
33,1,527.0500000000001,4,2,3,423,Recent Customers,527.0500000000001
15,2,843.48,4,3,3,433,Recent Customers,1686.96
18,4,2020.4,4,4,4,444,Champions,8081.6
81,1,75.75,2,2,1,221,At Risk,75.75
6,8,1814.12,5,5,4,554,Champions,14512.96
170,2,503.59999999999997,2,3,3,233,At Risk,1007.1999999999999
2,3,528.33,5,4,3,543,Champions,1584.9900000000002
31,4,1324.84,4,4,4,444,Champions,5299.36
36,9,2358.59,3,5,5,355,Loyal Customers,21227.31
19,1,285.56,4,2,2,422,Recent Customers,285.56
31,2,547.0600000000001,4,3,3,433,Recent Customers,1094.1200000000001
276,1,108.5,1,2,1,121,At Risk,108.5
87,1,621.66,2,2,3,223,At Risk,621.66
120,2,712.29,2,3,3,233,At Risk,1424.58
373,1,101.55,1,2,1,121,At Risk,101.55
1,11,2895.64,5,5,5,555,Champions,31852.039999999997
219,3,1008.39,1,4,4,144,Loyal Customers,3025.17
65,1,133.06,3,2,1,321,Potential Loyalist,133.06
61,4,1797.5,3,4,4,344,Loyal Customers,7190.0
138,1,868.49,2,2,3,223,At Risk,868.49
21,1,166.08,4,2,1,421,Recent Customers,166.08
12,10,3945.0,5,5,5,555,Champions,39450.0
25,12,4867.72,4,5,5,455,Champions,58412.64
37,4,1207.56,3,4,4,344,Loyal Customers,4830.24
277,1,117.55,1,2,1,121,At Risk,117.55
11,7,2638.94,5,5,5,555,Champions,18472.58
73,5,1674.69,2,4,4,244,Loyal Customers,8373.45
26,2,595.42,4,3,3,433,Recent Customers,1190.84
17,12,2999.46,4,5,5,455,Champions,35993.520000000004
141,1,178.75,2,2,1,221,At Risk,178.75
26,7,1802.91,4,5,4,454,Champions,12620.37
19,2,604.64,4,3,3,433,Recent Customers,1209.28
4,2,728.16,5,3,3,533,Recent Customers,1456.32
66,5,2055.51,3,4,5,345,Loyal Customers,10277.550000000001
1,2,347.75,5,3,2,532,Recent Customers,695.5
43,7,3406.7200000000003,3,5,5,355,Loyal Customers,23847.04
228,1,205.7,1,2,1,121,At Risk,205.7
16,4,1572.71,4,4,4,444,Champions,6290.84
50,2,3178.17,3,3,5,335,Potential Loyalist,6356.34
2,6,1594.97,5,5,4,554,Champions,9569.82
74,2,551.04,2,3,3,233,At Risk,1102.08
1,31,20374.28,5,5,5,555,Champions,631602.6799999999
4,6,1371.18,5,5,4,554,Champions,8227.08
2,30,16345.38,5,5,5,555,Champions,490361.39999999997
264,1,298.11,1,2,2,122,At Risk,298.11
53,2,1992.1100000000001,3,3,4,334,Potential Loyalist,3984.2200000000003
24,1,184.4,4,2,1,421,Recent Customers,184.4
10,6,2474.33,5,5,5,555,Champions,14845.98
44,1,239.41,3,2,1,321,Potential Loyalist,239.41
17,7,3155.83,4,5,5,455,Champions,22090.809999999998
7,7,5739.46,5,5,5,555,Champions,40176.22
30,15,4726.8,4,5,5,455,Champions,70902.0
358,2,290.40000000000003,1,3,2,132,At Risk,580.8000000000001
127,4,740.9399999999999,2,4,3,243,Loyal Customers,2963.7599999999998
137,1,200.47,2,2,1,221,At Risk,200.47
142,1,283.12,2,2,2,222,At Risk,283.12
132,2,765.34,2,3,3,233,At Risk,1530.68
38,8,2285.71,3,5,5,355,Loyal Customers,18285.68
236,1,338.95,1,2,2,122,At Risk,338.95
261,1,154.95,1,2,1,121,At Risk,154.95
17,4,2534.64,4,4,5,445,Champions,10138.56
253,1,417.95,1,2,2,122,At Risk,417.95
30,4,1824.37,4,4,4,444,Champions,7297.48
35,3,798.74,3,4,3,343,Loyal Customers,2396.2200000000003
169,2,885.19,2,3,3,233,At Risk,1770.38
3,9,1823.52,5,5,4,554,Champions,16411.68
4,17,10504.49,5,5,5,555,Champions,178576.33
185,2,152.4,1,3,1,131,At Risk,304.8
188,2,263.33,1,3,2,132,At Risk,526.66
170,1,137.45,2,2,1,221,At Risk,137.45
11,2,385.1,5,3,2,532,Recent Customers,770.2
45,1,522.91,3,2,3,323,Potential Loyalist,522.91
321,1,153.0,1,2,1,121,At Risk,153.0
201,1,326.4,1,2,2,122,At Risk,326.4
23,11,5655.99,4,5,5,455,Champions,62215.89
232,1,139.35,1,2,1,121,At Risk,139.35
38,15,5396.04,3,5,5,355,Loyal Customers,80940.6
26,4,1195.94,4,4,4,444,Champions,4783.76
96,4,2424.04,2,4,5,245,Loyal Customers,9696.16
127,6,3276.4000000000005,2,5,5,255,Loyal Customers,19658.4
71,3,1033.0,3,4,4,344,Loyal Customers,3099.0
16,11,3439.08,4,5,5,455,Champions,37829.88
15,1,1060.25,4,2,4,424,Recent Customers,1060.25
4,3,2876.01,5,4,5,545,Champions,8628.03
3,13,5298.4800000000005,5,5,5,555,Champions,68880.24
79,4,1240.11,2,4,4,244,Loyal Customers,4960.44
373,1,303.97,1,2,2,122,At Risk,303.97
39,2,692.19,3,3,3,333,Potential Loyalist,1384.38
54,3,700.63,3,4,3,343,Loyal Customers,2101.89
2,19,13110.02,5,5,5,555,Champions,249090.38
9,3,377.44,5,4,2,542,Champions,1132.32
9,2,168.24,5,3,1,531,Recent Customers,336.48
19,4,1879.05,4,4,4,444,Champions,7516.2
12,7,2791.35,5,5,5,555,Champions,19539.45
113,2,355.11,2,3,2,232,At Risk,710.22
4,6,2322.4,5,5,5,555,Champions,13934.400000000001
240,1,110.25,1,2,1,121,At Risk,110.25
113,1,71.4,2,2,1,221,At Risk,71.4
178,2,674.52,2,3,3,233,At Risk,1349.04
5,9,1710.45,5,5,4,554,Champions,15394.050000000001
359,1,80.64,1,2,1,121,At Risk,80.64
1,5,1664.65,5,4,4,544,Champions,8323.25
1,30,5593.39,5,5,5,555,Champions,167801.7
19,8,3408.2000000000003,4,5,5,455,Champions,27265.600000000002
17,3,819.96,4,4,3,443,Champions,2459.88
22,2,287.59,4,3,2,432,Recent Customers,575.18
33,1,712.78,4,2,3,423,Recent Customers,712.78
263,1,15.0,1,2,1,121,At Risk,15.0
51,2,772.55,3,3,3,333,Potential Loyalist,1545.1
159,3,367.63,2,4,2,242,Loyal Customers,1102.8899999999999
15,1,271.2,4,2,2,422,Recent Customers,271.2
8,3,2081.9,5,4,5,545,Champions,6245.700000000001
13,10,3957.43,5,5,5,555,Champions,39574.299999999996
199,5,1143.27,1,4,4,144,Loyal Customers,5716.35
57,2,245.81,3,3,1,331,Potential Loyalist,491.62
11,2,173.45,5,3,1,531,Recent Customers,346.9
97,4,1213.73,2,4,4,244,Loyal Customers,4854.92
255,1,56.4,1,2,1,121,At Risk,56.4
25,3,647.56,4,4,3,443,Champions,1942.6799999999998
21,3,650.32,4,4,3,443,Champions,1950.96
159,2,188.02,2,3,1,231,At Risk,376.04
72,2,283.47,3,3,2,332,Potential Loyalist,566.94
53,1,131.94,3,2,1,321,Potential Loyalist,131.94
85,2,266.85,2,3,2,232,At Risk,533.7
153,4,1817.54,2,4,4,244,Loyal Customers,7270.16
74,2,1117.9,2,3,4,234,At Risk,2235.8
281,1,225.9,1,2,1,121,At Risk,225.9
27,14,1964.3,4,5,4,454,Champions,27500.2
30,1,106.1,4,2,1,421,Recent Customers,106.1
25,1,300.34,4,2,2,422,Recent Customers,300.34
180,2,342.83,1,3,2,132,At Risk,685.66
40,4,690.0,3,4,3,343,Loyal Customers,2760.0
22,3,780.43,4,4,3,443,Champions,2341.29
22,10,3039.17,4,5,5,455,Champions,30391.7
37,9,1187.21,3,5,4,354,Loyal Customers,10684.89
82,3,1285.04,2,4,4,244,Loyal Customers,3855.12
74,1,512.31,2,2,3,223,At Risk,512.31
11,1,546.04,5,2,3,523,Recent Customers,546.04
16,12,5411.91,4,5,5,455,Champions,64942.92
4,39,7761.82,5,5,5,555,Champions,302710.98
13,4,699.81,5,4,3,543,Champions,2799.24
14,5,1698.07,4,4,4,444,Champions,8490.35
37,4,36.56,3,4,1,341,Loyal Customers,146.24
4,3,387.68,5,4,2,542,Champions,1163.04
72,7,3704.87,3,5,5,355,Loyal Customers,25934.09
51,1,298.4,3,2,2,322,Potential Loyalist,298.4
5,5,1987.33,5,4,4,544,Champions,9936.65
23,4,1820.09,4,4,4,444,Champions,7280.36
299,1,889.24,1,2,3,123,At Risk,889.24
2,3,398.7,5,4,2,542,Champions,1196.1
33,1,35.400000000000006,4,2,1,421,Recent Customers,35.400000000000006
50,1,155.37,3,2,1,321,Potential Loyalist,155.37
3,3,342.24,5,4,2,542,Champions,1026.72
47,1,110.21000000000001,3,2,1,321,Potential Loyalist,110.21000000000001
42,8,1541.23,3,5,4,354,Loyal Customers,12329.84
27,5,2720.8,4,4,5,445,Champions,13604.0
42,1,318.15,3,2,2,322,Potential Loyalist,318.15
2,124,40519.84,5,5,5,555,Champions,5024460.159999999
303,1,205.48,1,2,1,121,At Risk,205.48
107,1,51.559999999999995,2,2,1,221,At Risk,51.559999999999995
85,1,2033.1,2,2,4,224,At Risk,2033.1
81,9,901.1999999999999,2,5,3,253,Loyal Customers,8110.799999999999
218,4,605.8000000000001,1,4,3,143,Loyal Customers,2423.2000000000003
372,34,5391.21,1,5,5,155,Loyal Customers,183301.14
12,2,114.34,5,3,1,531,Recent Customers,228.68
185,2,311.26,1,3,2,132,At Risk,622.52
373,1,208.97,1,2,1,121,At Risk,208.97
2,4,1418.03,5,4,4,544,Champions,5672.12
4,23,26879.04,5,5,5,555,Champions,618217.92
6,12,5140.66,5,5,5,555,Champions,61687.92
305,1,141.92000000000002,1,2,1,121,At Risk,141.92000000000002
369,1,226.45000000000002,1,2,1,121,At Risk,226.45000000000002
3,8,2097.88,5,5,5,555,Champions,16783.04
324,1,330.9,1,2,2,122,At Risk,330.9
59,6,3160.0,3,5,5,355,Loyal Customers,18960.0
13,3,554.85,5,4,3,543,Champions,1664.5500000000002
31,20,10526.32,4,5,5,455,Champions,210526.4
143,1,329.65,2,2,2,222,At Risk,329.65
30,6,1157.8700000000001,4,5,4,454,Champions,6947.220000000001
107,5,428.18,2,4,2,242,Loyal Customers,2140.9
2,12,1865.89,5,5,4,554,Champions,22390.68
205,1,155.9,1,2,1,121,At Risk,155.9
80,5,1848.96,2,4,4,244,Loyal Customers,9244.8
185,6,683.46,1,5,3,153,Loyal Customers,4100.76
170,1,237.61,2,2,1,221,At Risk,237.61
44,1,379.45,3,2,2,322,Potential Loyalist,379.45
174,1,178.51999999999998,2,2,1,221,At Risk,178.51999999999998
365,1,458.92,1,2,2,122,At Risk,458.92
304,1,133.35000000000002,1,2,1,121,At Risk,133.35000000000002
3,4,664.34,5,4,3,543,Champions,2657.36
4,4,695.0699999999999,5,4,3,543,Champions,2780.2799999999997
12,1,156.34,5,2,1,521,Recent Customers,156.34
32,3,869.28,4,4,3,443,Champions,2607.84
129,1,111.35,2,2,1,221,At Risk,111.35
21,8,716.0,4,5,3,453,Champions,5728.0
212,2,201.37,1,3,1,131,At Risk,402.74
323,2,586.89,1,3,3,133,At Risk,1173.78
162,1,203.85999999999999,2,2,1,221,At Risk,203.85999999999999
56,3,244.1,3,4,1,341,Loyal Customers,732.3
225,1,107.21,1,2,1,121,At Risk,107.21
72,8,1118.96,3,5,4,354,Loyal Customers,8951.68
44,1,95.45,3,2,1,321,Potential Loyalist,95.45
23,1,256.32,4,2,2,422,Recent Customers,256.32
173,3,541.8100000000001,2,4,3,243,Loyal Customers,1625.4300000000003
85,2,152.06,2,3,1,231,At Risk,304.12
159,1,154.55,2,2,1,221,At Risk,154.55
190,2,112.19999999999999,1,3,1,131,At Risk,224.39999999999998
29,1,110.38,4,2,1,421,Recent Customers,110.38
21,1,181.07,4,2,1,421,Recent Customers,181.07
71,4,798.99,3,4,3,343,Loyal Customers,3195.96
247,1,72.9,1,2,1,121,At Risk,72.9
374,1,232.03,1,2,1,121,At Risk,232.03
9,1,366.23,5,2,2,522,Recent Customers,366.23
310,5,310.06,1,4,2,142,Loyal Customers,1550.3
59,2,408.65,3,3,2,332,Potential Loyalist,817.3
4,1,329.36,5,2,2,522,Recent Customers,329.36
45,3,335.03,3,4,2,342,Loyal Customers,1005.0899999999999
88,1,1304.04,2,2,4,224,At Risk,1304.04
4,17,4119.5,5,5,5,555,Champions,70031.5
64,4,820.23,3,4,3,343,Loyal Customers,3280.92
282,1,207.50000000000003,1,2,1,121,At Risk,207.50000000000003
12,7,2962.5,5,5,5,555,Champions,20737.5
373,1,244.08,1,2,1,121,At Risk,244.08
133,2,397.29,2,3,2,232,At Risk,794.58
45,2,212.54,3,3,1,331,Potential Loyalist,425.08
11,4,843.0,5,4,3,543,Champions,3372.0
36,5,1740.48,3,4,4,344,Loyal Customers,8702.4
134,2,408.36,2,3,2,232,At Risk,816.72
29,3,1331.57,4,4,4,444,Champions,3994.71
52,2,704.25,3,3,3,333,Potential Loyalist,1408.5
138,2,145.79,2,3,1,231,At Risk,291.58
5,1,380.13,5,2,2,522,Recent Customers,380.13
9,7,4301.22,5,5,5,555,Champions,30108.54
160,1,99.14,2,2,1,221,At Risk,99.14
49,10,4020.04,3,5,5,355,Loyal Customers,40200.4
131,1,304.56,2,2,2,222,At Risk,304.56
8,1,77.50000000000001,5,2,1,521,Recent Customers,77.50000000000001
233,2,149.57999999999998,1,3,1,131,At Risk,299.15999999999997
37,1,176.68,3,2,1,321,Potential Loyalist,176.68
147,1,358.56000000000006,2,2,2,222,At Risk,358.56000000000006
1,45,58510.48,5,5,5,555,Champions,2632971.6
72,3,482.2,3,4,2,342,Loyal Customers,1446.6
40,3,1008.5400000000001,3,4,4,344,Loyal Customers,3025.6200000000003
5,12,2314.13,5,5,5,555,Champions,27769.56
199,4,557.3,1,4,3,143,Loyal Customers,2229.2
249,1,12.75,1,2,1,121,At Risk,12.75
66,1,111.68,3,2,1,321,Potential Loyalist,111.68
117,1,508.4599999999999,2,2,3,223,At Risk,508.4599999999999
171,1,73.78,2,2,1,221,At Risk,73.78
21,39,1296.44,4,5,4,454,Champions,50561.16
142,1,102.41,2,2,1,221,At Risk,102.41
32,2,463.21,4,3,2,432,Recent Customers,926.42
38,14,2599.19,3,5,5,355,Loyal Customers,36388.66
38,5,1098.43,3,4,4,344,Loyal Customers,5492.150000000001
372,1,112.27,1,2,1,121,At Risk,112.27
374,1,265.1,1,2,2,122,At Risk,265.1
166,2,228.2,2,3,1,231,At Risk,456.4
211,1,562.79,1,2,3,123,At Risk,562.79
242,1,135.19,1,2,1,121,At Risk,135.19
52,1,337.04,3,2,2,322,Potential Loyalist,337.04
25,3,703.99,4,4,3,443,Champions,2111.9700000000003
15,13,4483.26,4,5,5,455,Champions,58282.380000000005
372,1,321.79,1,2,2,122,At Risk,321.79
29,1,288.14,4,2,2,422,Recent Customers,288.14
365,1,300.91999999999996,1,2,2,122,At Risk,300.91999999999996
36,4,732.41,3,4,3,343,Loyal Customers,2929.64
166,3,811.45,2,4,3,243,Loyal Customers,2434.3500000000004
145,1,152.68,2,2,1,221,At Risk,152.68
22,1,631.35,4,2,3,423,Recent Customers,631.35
56,1,20.8,3,2,1,321,Potential Loyalist,20.8
185,1,198.57,1,2,1,121,At Risk,198.57
12,7,201.12,5,5,1,551,Champions,1407.8400000000001
237,3,630.84,1,4,3,143,Loyal Customers,1892.52
225,2,93.35,1,3,1,131,At Risk,186.7
122,4,674.89,2,4,3,243,Loyal Customers,2699.56
282,1,76.1,1,2,1,121,At Risk,76.1
74,8,1962.46,2,5,4,254,Loyal Customers,15699.68
37,2,380.39,3,3,2,332,Potential Loyalist,760.78
12,2,415.13,5,3,2,532,Recent Customers,830.26
362,1,157.92,1,2,1,121,At Risk,157.92
4,2,226.47,5,3,1,531,Recent Customers,452.94
23,1,444.68,4,2,2,422,Recent Customers,444.68
70,9,2116.19,3,5,5,355,Loyal Customers,19045.71
235,1,247.39,1,2,1,121,At Risk,247.39
257,1,174.8,1,2,1,121,At Risk,174.8
373,1,102.78999999999999,1,2,1,121,At Risk,102.78999999999999
155,2,187.29,2,3,1,231,At Risk,374.58
28,1,162.22,4,2,1,421,Recent Customers,162.22
4,1,120.03,5,2,1,521,Recent Customers,120.03
32,5,1477.66,4,4,4,444,Champions,7388.3
81,3,523.0,2,4,3,243,Loyal Customers,1569.0
108,2,122.14,2,3,1,231,At Risk,244.28
52,1,38.45,3,2,1,321,Potential Loyalist,38.45
36,1,612.72,3,2,3,323,Potential Loyalist,612.72
153,2,389.78,2,3,2,232,At Risk,779.56
99,1,115.31,2,2,1,221,At Risk,115.31
4,2,230.64999999999998,5,3,1,531,Recent Customers,461.29999999999995
334,1,73.5,1,2,1,121,At Risk,73.5
65,1,93.82000000000001,3,2,1,321,Potential Loyalist,93.82000000000001
22,2,418.68,4,3,2,432,Recent Customers,837.36
36,3,713.89,3,4,3,343,Loyal Customers,2141.67
32,3,403.12,4,4,2,442,Champions,1209.3600000000001
154,6,70.02,2,5,1,251,Loyal Customers,420.12
19,2,357.20000000000005,4,3,2,432,Recent Customers,714.4000000000001
12,21,4097.37,5,5,5,555,Champions,86044.77
54,1,165.04999999999998,3,2,1,321,Potential Loyalist,165.04999999999998
25,3,529.29,4,4,3,443,Champions,1587.87
4,10,2088.6,5,5,5,555,Champions,20886.0
45,1,178.34,3,2,1,321,Potential Loyalist,178.34
203,2,172.29000000000002,1,3,1,131,At Risk,344.58000000000004
359,1,74.4,1,2,1,121,At Risk,74.4
71,1,300.02,3,2,2,322,Potential Loyalist,300.02
7,10,6761.34,5,5,5,555,Champions,67613.4
288,1,363.65,1,2,2,122,At Risk,363.65
10,1,170.16,5,2,1,521,Recent Customers,170.16
23,3,306.46,4,4,2,442,Champions,919.3799999999999
22,10,2119.41,4,5,5,455,Champions,21194.1
173,3,720.52,2,4,3,243,Loyal Customers,2161.56
133,2,814.0,2,3,3,233,At Risk,1628.0
6,14,2392.83,5,5,5,555,Champions,33499.619999999995
75,1,318.0,2,2,2,222,At Risk,318.0
40,1,396.33,3,2,2,322,Potential Loyalist,396.33
289,1,101.69999999999999,1,2,1,121,At Risk,101.69999999999999
26,5,2009.24,4,4,4,444,Champions,10046.2
258,2,453.0,1,3,2,132,At Risk,906.0
186,1,247.44,1,2,1,121,At Risk,247.44
114,12,3859.82,2,5,5,255,Loyal Customers,46317.840000000004
374,1,489.6,1,2,3,123,At Risk,489.6
23,10,2611.75,4,5,5,455,Champions,26117.5
8,11,2584.41,5,5,5,555,Champions,28428.51
217,2,336.13,1,3,2,132,At Risk,672.26
45,4,3613.15,3,4,5,345,Loyal Customers,14452.6
19,2,1231.5,4,3,4,434,Recent Customers,2463.0
36,3,343.45,3,4,2,342,Loyal Customers,1030.35
26,1,680.84,4,2,3,423,Recent Customers,680.84
16,1,90.47999999999999,4,2,1,421,Recent Customers,90.47999999999999
330,2,689.95,1,3,3,133,At Risk,1379.9
274,1,101.34,1,2,1,121,At Risk,101.34
98,2,4055.7199999999993,2,3,5,235,At Risk,8111.439999999999
61,1,166.03,3,2,1,321,Potential Loyalist,166.03
2,11,9068.26,5,5,5,555,Champions,99750.86
93,4,2106.52,2,4,5,245,Loyal Customers,8426.08
82,7,3017.3,2,5,5,255,Loyal Customers,21121.100000000002
313,2,580.0500000000001,1,3,3,133,At Risk,1160.1000000000001
12,3,849.06,5,4,3,543,Champions,2547.18
8,6,2662.4,5,5,5,555,Champions,15974.400000000001
127,1,168.31,2,2,1,221,At Risk,168.31
11,2,222.4,5,3,1,531,Recent Customers,444.8
1,60,259657.3,5,5,5,555,Champions,15579438.0
37,1,754.64,3,2,3,323,Potential Loyalist,754.64
38,1,113.48000000000002,3,2,1,321,Potential Loyalist,113.48000000000002
330,1,421.9,1,2,2,122,At Risk,421.9
254,1,271.0,1,2,2,122,At Risk,271.0
2,26,8004.92,5,5,5,555,Champions,208127.92
20,1,198.8,4,2,1,421,Recent Customers,198.8
12,2,352.69,5,3,2,532,Recent Customers,705.38
369,1,76.32000000000001,1,2,1,121,At Risk,76.32000000000001
290,1,220.1,1,2,1,121,At Risk,220.1
68,8,1403.1100000000001,3,5,4,354,Loyal Customers,11224.880000000001
26,1,315.65,4,2,2,422,Recent Customers,315.65
11,26,5625.08,5,5,5,555,Champions,146252.08
368,1,180.7,1,2,1,121,At Risk,180.7
214,1,111.15,1,2,1,121,At Risk,111.15
149,2,653.3,2,3,3,233,At Risk,1306.6
8,6,1793.06,5,5,4,554,Champions,10758.36
24,2,574.4399999999999,4,3,3,433,Recent Customers,1148.8799999999999
30,4,1131.75,4,4,4,444,Champions,4527.0
61,1,200.92000000000002,3,2,1,321,Potential Loyalist,200.92000000000002
19,3,347.08,4,4,2,442,Champions,1041.24
243,1,112.55000000000001,1,2,1,121,At Risk,112.55000000000001
15,3,1059.39,4,4,4,444,Champions,3178.17
212,1,931.4999999999999,1,2,3,123,At Risk,931.4999999999999
29,5,681.9100000000001,4,4,3,443,Champions,3409.55
63,3,784.33,3,4,3,343,Loyal Customers,2352.9900000000002
295,1,152.65,1,2,1,121,At Risk,152.65
18,6,8438.34,4,5,5,455,Champions,50630.04
157,2,1019.52,2,3,4,234,At Risk,2039.04
117,2,1000.16,2,3,4,234,At Risk,2000.32
8,12,2888.75,5,5,5,555,Champions,34665.0
13,4,2861.55,5,4,5,545,Champions,11446.2
141,2,160.35000000000002,2,3,1,231,At Risk,320.70000000000005
46,2,179.33999999999997,3,3,1,331,Potential Loyalist,358.67999999999995
51,3,612.0799999999999,3,4,3,343,Loyal Customers,1836.2399999999998
32,3,566.58,4,4,3,443,Champions,1699.7400000000002
135,2,653.35,2,3,3,233,At Risk,1306.7
3,2,399.19,5,3,2,532,Recent Customers,798.38
75,3,371.62,2,4,2,242,Loyal Customers,1114.8600000000001
13,2,675.64,5,3,3,533,Recent Customers,1351.28
9,2,453.4,5,3,2,532,Recent Customers,906.8
301,1,530.15,1,2,3,123,At Risk,530.15
57,2,638.0600000000001,3,3,3,333,Potential Loyalist,1276.1200000000001
15,5,1618.69,4,4,4,444,Champions,8093.450000000001
37,1,399.65000000000003,3,2,2,322,Potential Loyalist,399.65000000000003
177,1,302.46000000000004,2,2,2,222,At Risk,302.46000000000004
23,3,1384.8600000000001,4,4,4,444,Champions,4154.58
176,6,1160.04,2,5,4,254,Loyal Customers,6960.24
61,1,202.65,3,2,1,321,Potential Loyalist,202.65
33,3,980.31,4,4,4,444,Champions,2940.93
59,5,1231.31,3,4,4,344,Loyal Customers,6156.549999999999
15,20,7561.68,4,5,5,455,Champions,151233.6
87,4,2106.84,2,4,5,245,Loyal Customers,8427.36
7,1,104.0,5,2,1,521,Recent Customers,104.0
358,1,476.35,1,2,2,122,At Risk,476.35
31,6,1340.8700000000001,4,5,4,454,Champions,8045.220000000001
129,4,1590.81,2,4,4,244,Loyal Customers,6363.24
9,6,1793.17,5,5,4,554,Champions,10759.02
5,6,1843.75,5,5,4,554,Champions,11062.5
24,1,366.85,4,2,2,422,Recent Customers,366.85
227,2,632.07,1,3,3,133,At Risk,1264.14
15,1,49.8,4,2,1,421,Recent Customers,49.8
249,1,304.25,1,2,2,122,At Risk,304.25
15,3,2001.04,4,4,4,444,Champions,6003.12
78,2,1090.24,2,3,4,234,At Risk,2180.48
192,2,284.46000000000004,1,3,2,132,At Risk,568.9200000000001
262,1,207.79999999999998,1,2,1,121,At Risk,207.79999999999998
72,1,957.97,3,2,4,324,Potential Loyalist,957.97
165,1,243.76,2,2,1,221,At Risk,243.76
82,1,973.8399999999999,2,2,4,224,At Risk,973.8399999999999
95,2,686.63,2,3,3,233,At Risk,1373.26
4,17,5425.56,5,5,5,555,Champions,92234.52
106,1,150.35,2,2,1,221,At Risk,150.35
200,3,1396.99,1,4,4,144,Loyal Customers,4190.97
157,1,160.42000000000002,2,2,1,221,At Risk,160.42000000000002
71,3,1975.35,3,4,4,344,Loyal Customers,5926.049999999999
36,2,517.36,3,3,3,333,Potential Loyalist,1034.72
29,1,139.10000000000002,4,2,1,421,Recent Customers,139.10000000000002
2,6,2621.38,5,5,5,555,Champions,15728.28
26,5,600.07,4,4,3,443,Champions,3000.3500000000004
326,1,216.07,1,2,1,121,At Risk,216.07
237,1,232.48000000000002,1,2,1,121,At Risk,232.48000000000002
89,1,299.34000000000003,2,2,2,222,At Risk,299.34000000000003
31,1,481.75,4,2,2,422,Recent Customers,481.75
29,2,621.75,4,3,3,433,Recent Customers,1243.5
211,2,641.92,1,3,3,133,At Risk,1283.84
3,10,2069.77,5,5,5,555,Champions,20697.7
227,1,305.28000000000003,1,2,2,122,At Risk,305.28000000000003
22,5,1041.61,4,4,4,444,Champions,5208.049999999999
93,1,443.0,2,2,2,222,At Risk,443.0
5,14,6484.54,5,5,5,555,Champions,90783.56
264,1,158.95000000000002,1,2,1,121,At Risk,158.95000000000002
3,12,5504.96,5,5,5,555,Champions,66059.52
44,11,5228.05,3,5,5,355,Loyal Customers,57508.55
218,1,93.75,1,2,1,121,At Risk,93.75
57,2,779.9,3,3,3,333,Potential Loyalist,1559.8
12,20,7276.900000000001,5,5,5,555,Champions,145538.0
9,7,2810.2000000000003,5,5,5,555,Champions,19671.4
192,5,2071.77,1,4,5,145,Loyal Customers,10358.85
82,4,592.97,2,4,3,243,Loyal Customers,2371.88
326,1,440.0,1,2,2,122,At Risk,440.0
72,3,1796.48,3,4,4,344,Loyal Customers,5389.4400000000005
30,6,882.24,4,5,3,453,Champions,5293.4400000000005
3,5,987.1,5,4,4,544,Champions,4935.5
219,5,1561.6100000000001,1,4,4,144,Loyal Customers,7808.050000000001
46,1,422.58,3,2,2,322,Potential Loyalist,422.58
10,17,2073.09,5,5,5,555,Champions,35242.53
72,4,2232.4900000000002,3,4,5,345,Loyal Customers,8929.960000000001
7,7,2567.06,5,5,5,555,Champions,17969.42
24,2,596.1,4,3,3,433,Recent Customers,1192.2
123,2,804.02,2,3,3,233,At Risk,1608.04
17,1,95.34,4,2,1,421,Recent Customers,95.34
310,1,349.27,1,2,2,122,At Risk,349.27
87,1,4314.72,2,2,5,225,At Risk,4314.72
51,2,518.27,3,3,3,333,Potential Loyalist,1036.54
89,1,103.3,2,2,1,221,At Risk,103.3
39,8,2337.63,3,5,5,355,Loyal Customers,18701.04
25,3,2338.6000000000004,4,4,5,445,Champions,7015.800000000001
173,6,2628.35,2,5,5,255,Loyal Customers,15770.099999999999
43,2,324.24,3,3,2,332,Potential Loyalist,648.48
140,1,149.48,2,2,1,221,At Risk,149.48
26,3,1213.1599999999999,4,4,4,444,Champions,3639.4799999999996
72,2,801.51,3,3,3,333,Potential Loyalist,1603.02
134,1,25.5,2,2,1,221,At Risk,25.5
366,1,168.6,1,2,1,121,At Risk,168.6
38,2,283.15,3,3,2,332,Potential Loyalist,566.3
3,6,3078.58,5,5,5,555,Champions,18471.48
2,3,204.0,5,4,1,541,Champions,612.0
30,1,175.92,4,2,1,421,Recent Customers,175.92
44,1,335.86,3,2,2,322,Potential Loyalist,335.86
58,1,110.38,3,2,1,321,Potential Loyalist,110.38
74,1,173.9,2,2,1,221,At Risk,173.9
278,1,180.60000000000002,1,2,1,121,At Risk,180.60000000000002
181,1,80.82,1,2,1,121,At Risk,80.82
8,2,178.05,5,3,1,531,Recent Customers,356.1
4,16,2045.53,5,5,4,554,Champions,32728.48
43,3,1837.28,3,4,4,344,Loyal Customers,5511.84
